pmid,title,year,journal,doi,pubtypes,authors,queries,title_pass,stage,MI,TREE_KNN,DEEP_GEN,SEQ_TS,MNAR_SENS,INDICATOR,DEPLOY,OUTCOME_IN_IMP,FAIRNESS,REPORTING,REVIEW
25170740,A 'missing not at random' (MNAR) and 'missing at random' (MAR) growth model comparison with a buprenorphine/naloxone clinical trial.,2015,Addiction,10.1111/add.12714,"Comparative Study;Journal Article;Research Support, N.I.H., Extramural;Research Support, Non-U.S. Gov't",McPherson S; Barbosa-Leiker C; Mamey MR; McDonell M; Enders CK; Roll J,Q3_MNAR_informative,True,included,False,False,False,False,True,False,False,False,False,False,False
25185878,"A case study of normalization, missing data and variable selection methods in lipidomics.",2015,Stat Med,10.1002/sim.6296,"Journal Article;Research Support, Non-U.S. Gov't",Kujala M; Nevalainen J,Q3_MNAR_informative,True,included,True,False,False,False,True,False,False,False,False,False,False
25411324,Treatment comparison in randomized clinical trials with nonignorable missingness: A reverse regression approach.,2017,Stat Methods Med Res,10.1177/0962280214558865,"Journal Article;Research Support, N.I.H., Intramural",Zhang Z; Cheon K,Q3_MNAR_informative,True,included,False,False,False,True,False,False,False,False,False,False,False
25627429,Missing not at random models for masked clinical trials with dropouts.,2015,Clin Trials,10.1177/1740774514566662,Journal Article,Kang S; Little RJ; Kaciroti N,Q3_MNAR_informative,True,included,False,False,False,False,True,False,False,False,False,False,False
25630926,The estimation and use of predictions for the assessment of model performance using large samples with multiply imputed data.,2015,Biom J,10.1002/bimj.201400004,Journal Article,Wood AM; Royston P; White IR,Q2_MI_prediction_models,True,included,True,False,False,False,False,False,False,False,False,False,False
25725446,Missing data imputation on the 5-year survival prediction of breast cancer patients with unknown discrete values.,2015,Comput Biol Med,10.1016/j.compbiomed.2015.02.006,"Journal Article;Research Support, Non-U.S. Gov't",García-Laencina PJ; Abreu PH; Abreu MH; Afonoso N,Q1_ml_imputation_clinical,True,included,False,True,False,False,False,False,False,False,False,False,False
25740592,Addressing Missing Data in Patient-Reported Outcome Measures (PROMS): Implications for the Use of PROMS for Comparing Provider Performance.,2016,Health Econ,10.1002/hec.3173,Journal Article,Gomes M; Gutacker N; Bojke C; Street A,Q3_MNAR_informative,True,included,True,False,False,False,False,False,False,False,False,False,False
25962444,"A holistic comparative analysis of diagnostic tests for urothelial carcinoma: a study of Cxbladder Detect, UroVysion® FISH, NMP22® and cytology based on imputation of multiple datasets.",2015,BMC Med Res Methodol,10.1073/pnas.1409432111,Comparative Study;Journal Article,Breen V; Kasabov N; Kamat AM; Jacobson E; Suttie JM; O'Sullivan PJ; Kavalieris L; Darling DG,Q1_ml_imputation_clinical,True,included,False,True,True,False,False,False,False,False,False,False,False
26095614,Combining fractional polynomial model building with multiple imputation.,2015,Stat Med,10.1177/0962280214526216,"Journal Article;Research Support, Non-U.S. Gov't",Morris TP; White IR; Carpenter JR; Stanworth SJ; Royston P,Q2_MI_prediction_models,True,included,True,False,True,False,False,False,False,False,False,False,False
26283989,Sensitivity analysis in multiple imputation in effectiveness studies of psychotherapy.,2015,Front Psychol,10.1191/1740774504cn032oa,Journal Article,Crameri A; von Wyl A; Koemeda M; Schulthess P; Tschuschke V,Q3_MNAR_informative,True,included,True,False,True,True,True,False,False,False,False,False,False
26406594,Effects of Different Missing Data Imputation Techniques on the Performance of Undiagnosed Diabetes Risk Prediction Models in a Mixed-Ancestry Population of South Africa.,2015,PLoS One,10.1136/heartjnl-2011-301246,"Journal Article;Research Support, Non-U.S. Gov't",Masconi KL; Matsha TE; Erasmus RT; Kengne AP,Q2_MI_prediction_models,True,included,True,False,False,False,False,False,True,False,False,False,True
26536149,A Bayesian missing data framework for generalized multiple outcome mixed treatment comparisons.,2016,Res Synth Methods,10.1002/jrsm.1153,"Journal Article;Research Support, N.I.H., Extramural;Research Support, Non-U.S. Gov't",Hong H; Chu H; Zhang J; Carlin BP,Q3_MNAR_informative,True,included,False,False,False,False,True,False,False,False,False,False,False
26893215,A multiple imputation approach for MNAR mechanisms compatible with Heckman's model.,2016,Stat Med,10.1002/sim.6902,Journal Article,Galimard JE; Chevret S; Protopopescu C; Resche-Rigon M,Q3_MNAR_informative,True,included,True,False,False,False,True,False,True,False,False,False,False
27430559,How to deal with missing longitudinal data in cost of illness analysis in Alzheimer's disease-suggestions from the GERAS observational study.,2016,BMC Med Res Methodol,10.1016/j.jalz.2015.02.005,"Journal Article;Research Support, Non-U.S. Gov't",Belger M; Haro JM; Reed C; Happich M; Kahle-Wrobleski K; Argimon JM; Bruno G; Dodel R; Jones RW; Vellas B; Wimo A,Q3_MNAR_informative,True,included,True,False,False,True,True,False,False,False,False,False,False
27527368,Analysis of multiple-variable missing-not-at-random survey data for child lead surveillance using NHANES.,2016,Stat Med,10.1002/sim.7067,Journal Article,Roberts EM; English PB,Q3_MNAR_informative,True,included,False,False,False,False,True,False,False,False,True,False,False
27546595,Missing Value Imputation Improves Mortality Risk Prediction Following Cardiac Surgery: An Investigation of an Australian Patient Cohort.,2017,Heart Lung Circ,10.1016/j.hlc.2016.06.1214,Journal Article,Karim MN; Reid CM; Tran L; Cochrane A; Billah B,Q2_MI_prediction_models,True,included,True,False,False,False,False,False,False,False,False,False,False
27630143,Methods for Handling Missing Variables in Risk Prediction Models.,2016,Am J Epidemiol,10.1093/aje/kwv346,Journal Article,Held U; Kessels A; Garcia Aymerich J; Basagaña X; Ter Riet G; Moons KG; Puhan MA;  ,Q2_MI_prediction_models,True,included,True,False,False,False,False,False,True,False,False,False,False
27787616,Evaluation of methods to estimate missing days' supply within pharmacy data of the Clinical Practice Research Datalink (CPRD) and The Health Improvement Network (THIN).,2017,Eur J Clin Pharmacol,10.1007/s00228-016-2148-4,Journal Article,Lum KJ; Newcomb CW; Roy JA; Carbonari DM; Saine ME; Cardillo S; Bhullar H; Gallagher AM; Lo Re V,Q1_ml_imputation_clinical,True,included,False,False,False,False,False,False,False,False,False,False,False
27804147,Treatment of nonignorable missing data when modeling unobserved heterogeneity with finite mixture models.,2017,Biom J,10.1002/bimj.201500037,Journal Article,Lehmann T; Schlattmann P,Q3_MNAR_informative,True,included,True,False,False,False,True,False,False,False,False,False,False
27896976,MISSING DATA IMPUTATION IN THE ELECTRONIC HEALTH RECORD USING DEEPLY LEARNED AUTOENCODERS.,2017,Pac Symp Biocomput,10.1136/jnnp.2005.072660,"Journal Article;Research Support, Non-U.S. Gov't",Beaulieu-Jones BK; Moore JH,Q1_ml_imputation_clinical;Q3_MNAR_informative,True,included,True,False,True,False,True,False,False,False,False,False,False
28068910,Outcome-sensitive multiple imputation: a simulation study.,2017,BMC Med Res Methodol,10.1093/aje/kwv100,"Journal Article;Research Support, Non-U.S. Gov't",Kontopantelis E; White IR; Sperrin M; Buchan I,Q3_MNAR_informative,True,included,True,False,True,False,True,False,False,True,False,False,False
28095905,Imputing HIV treatment start dates from routine laboratory data in South Africa: a validation study.,2017,BMC Health Serv Res,10.1093/ije/dys029,Journal Article;Validation Study,Maskew M; Bor J; Hendrickson C; MacLeod W; Bärnighausen T; Pillay D; Sanne I; Carmona S; Stevens W; Fox MP,Q4_missing_indicator_deployment,True,included,False,False,False,False,False,False,True,False,False,False,False
28137672,Multiple imputation was a valid approach to estimate absolute risk from a prediction model based on case-cohort data.,2017,J Clin Epidemiol,10.1016/j.jclinepi.2016.12.019,Journal Article,Mühlenbruch K; Kuxhaus O; di Giuseppe R; Boeing H; Weikert C; Schulze MB,Q2_MI_prediction_models,True,included,True,False,False,False,False,False,False,False,False,False,False
28166735,What impact do assumptions about missing data have on conclusions? A practical sensitivity analysis for a cancer survival registry.,2017,BMC Med Res Methodol,10.1177/1740774507077849,Journal Article,Smuk M; Carpenter JR; Morris TP,Q3_MNAR_informative,True,included,True,False,False,False,True,False,False,False,False,False,False
28230909,A general instrumental variable framework for regression analysis with outcome missing not at random.,2017,Biometrics,10.1111/biom.12670,Journal Article,Tchetgen Tchetgen EJ; Wirth KE,Q3_MNAR_informative,True,included,False,False,False,False,True,False,False,False,False,False,False
28243594,An Overview and Evaluation of Recent Machine Learning Imputation Methods Using Cardiac Imaging Data.,2017,Data (Basel),10.3390/data2010008,Journal Article,Liu Y; Gopalakrishnan V,Q1_ml_imputation_clinical,True,included,False,True,False,False,False,False,False,False,False,False,False
28281937,Sensitivity analysis for missing dichotomous outcome data in multi-visit randomized clinical trial with randomization-based covariance adjustment.,2017,J Biopharm Stat,10.1080/10543406.2017.1289955,Journal Article,Li S; Koch GG; Preisser JS; Lam D; Sanchez-Kam M,Q3_MNAR_informative,True,included,False,False,False,False,True,False,False,False,False,False,False
28407203,On the multiple imputation variance estimator for control-based and delta-adjusted pattern mixture models.,2017,Biometrics,10.1111/biom.12702,Journal Article,Tang Y,Q3_MNAR_informative,True,included,True,False,False,True,True,False,False,False,False,False,False
28441139,Empirical Likelihood in Nonignorable Covariate-Missing Data Problems.,2017,Int J Biostat,10.1515/ijb-2016-0053,Journal Article,Xie Y; Zhang B,Q3_MNAR_informative,True,included,False,False,False,False,True,False,False,False,False,False,False
28671033,Regularized approach for data missing not at random.,2019,Stat Methods Med Res,10.1177/0962280217717760,"Journal Article;Research Support, N.I.H., Extramural;Research Support, Non-U.S. Gov't",Tseng CH; Chen YH,Q3_MNAR_informative,True,included,False,False,False,True,True,False,False,False,False,False,False
28783880,Identifiability and estimation of causal mediation effects with missing data.,2017,Stat Med,10.1002/sim.7413,Journal Article,Li W; Zhou XH,Q3_MNAR_informative,True,included,False,False,False,False,True,False,False,False,False,False,False
29192869,Predictors of clinical outcome in pediatric oligodendroglioma: meta-analysis of individual patient data and multiple imputation.,2018,J Neurosurg Pediatr,10.3171/2017.7.PEDS17133,Journal Article;Meta-Analysis;Review,Wang KY; Vankov ER; Lin DDM,Q3_MNAR_informative,True,included,True,False,False,False,False,False,False,False,False,False,False
29202205,3D-MICE: integration of cross-sectional and longitudinal imputation for multi-analyte longitudinal clinical data.,2018,J Am Med Inform Assoc,10.1093/jamia/ocx133,"Journal Article;Research Support, Non-U.S. Gov't",Luo Y; Szolovits P; Dighe AS; Baron JM,Q1_ml_imputation_clinical,True,included,True,False,False,True,False,False,False,False,False,False,False
29246883,Causes and Consequences of Missing Health-Related Quality of Life Assessments in Patients Who Undergo Mechanical Circulatory Support Implantation: Insights From INTERMACS (Interagency Registry for Mechanically Assisted Circulatory Support).,2017,Circ Cardiovasc Qual Outcomes,10.1161/CIRCOUTCOMES.116.003268,Comparative Study;Journal Article;Multicenter Study,Grady KL; Jones PG; Cristian-Andrei A; Naftel DC; Myers S; Dew MA; Idrissi K; Weidner G; Wissman SA; Kirklin JK; Spertus JA,Q3_MNAR_informative,True,included,False,False,False,True,True,False,False,False,False,False,False
29255599,The effect of imputing missing clinical attribute values on training lung cancer survival prediction model performance.,2017,Health Inf Sci Syst,10.1007/s10182-008-0053-6,Journal Article,Barakat MS; Field M; Ghose A; Stirling D; Holloway L; Vinod S; Dekker A; Thwaites D,Q1_ml_imputation_clinical,True,included,False,False,False,False,False,False,False,False,False,False,False
29333672,Controlled pattern imputation for sensitivity analysis of longitudinal binary and ordinal outcomes with nonignorable dropout.,2018,Stat Med,10.1002/sim.7583,Journal Article,Tang Y,Q3_MNAR_informative,True,included,True,False,False,True,True,False,False,False,False,False,False
29475824,Characterizing and Managing Missing Structured Data in Electronic Health Records: Data Analysis.,2018,JMIR Med Inform,10.1177/0962280206075303,Journal Article,Beaulieu-Jones BK; Lavage DR; Snyder JW; Moore JH; Pendergrass SA; Bauer CR,Q3_MNAR_informative,True,included,True,False,False,False,True,False,False,False,False,False,False
29557705,Global sensitivity analysis of clinical trials with missing patient-reported outcomes.,2019,Stat Methods Med Res,10.1177/0962280218759565,"Journal Article;Research Support, N.I.H., Extramural;Research Support, Non-U.S. Gov't;Research Support, U.S. Gov't, P.H.S.",Scharfstein DO; McDermott A,Q3_MNAR_informative,True,included,False,False,False,False,True,False,False,False,False,True,False
29655778,Self-reported weight and predictors of missing responses in youth.,2018,Nutrition,10.1016/j.nut.2018.01.003,Journal Article,Aceves-Martins M; Whitehead R; Inchley J; Giralt M; Currie C; Solà R,Q3_MNAR_informative,True,included,False,False,False,False,True,False,False,False,False,False,False
29666385,Recurrent Neural Networks for Multivariate Time Series with Missing Values.,2018,Sci Rep,10.1093/bioinformatics/btr597,Journal Article,Che Z; Purushotham S; Cho K; Sontag D; Liu Y,Q1_ml_imputation_clinical;Q3_MNAR_informative,True,included,False,False,False,True,True,False,False,False,False,False,False
29679317,Sensitivity Analysis for Not-at-Random Missing Data in Trial-Based Cost-Effectiveness Analysis: A Tutorial.,2018,Pharmacoeconomics,10.1002/sim.4067,"Journal Article;Research Support, Non-U.S. Gov't",Leurent B; Gomes M; Faria R; Morris S; Grieve R; Carpenter JR,Q3_MNAR_informative,True,included,False,False,False,False,True,False,True,False,False,False,False
29698408,RIDDLE: Race and ethnicity Imputation from Disease history with Deep LEarning.,2018,PLoS Comput Biol,10.1145/2939672.2939785,"Journal Article;Research Support, N.I.H., Extramural;Research Support, Non-U.S. Gov't",Kim JS; Gao X; Rzhetsky A,Q1_ml_imputation_clinical,True,included,False,False,False,False,True,False,False,False,False,False,False
29726427,Cleansing and Imputation of Body Mass Index Data and Its Impact on a Machine Learning Based Prediction Model.,2018,Stud Health Technol Inform,,Journal Article,Jauk S; Kramer D; Leodolter W,Q1_ml_imputation_clinical,True,included,False,False,False,False,False,False,False,False,False,False,False
29969834,A Bayesian framework for health economic evaluation in studies with missing data.,2018,Health Econ,10.1177/1740774517711442,Journal Article,Mason AJ; Gomes M; Grieve R; Carpenter JR,Q3_MNAR_informative,True,included,True,False,False,False,True,False,False,False,False,False,False
30298525,Copula selection models for non-Gaussian outcomes that are missing not at random.,2019,Stat Med,10.1002/sim.7988,Journal Article,Gomes M; Radice R; Camarena Brenes J; Marra G,Q3_MNAR_informative,True,included,True,False,False,False,True,False,False,False,False,False,False
30311246,Constrained empirical-likelihood confidence regions in nonignorable covariate-missing data problems.,2019,Stat Med,10.1002/sim.7987,Journal Article,Xie Y; Zhang B,Q3_MNAR_informative,True,included,False,False,False,False,False,False,False,False,False,False,False
30328123,Population-calibrated multiple imputation for a binary/categorical covariate in categorical regression models.,2019,Stat Med,10.1136/bmjopen-2015-010210,"Journal Article;Research Support, Non-U.S. Gov't",Pham TM; Carpenter JR; Morris TP; Wood AM; Petersen I,Q3_MNAR_informative,True,included,True,False,False,False,True,False,True,False,False,False,False
30347460,Allowing for uncertainty due to missing and LOCF imputed outcomes in meta-analysis.,2019,Stat Med,10.1007/978-3-319-21416-0,"Journal Article;Research Support, Non-U.S. Gov't",Mavridis D; Salanti G; Furukawa TA; Cipriani A; Chaimani A; White IR,Q3_MNAR_informative,True,included,False,False,False,False,True,False,False,False,False,True,False
30354572,Impact of Missing Stroke Severity Data on the Accuracy of Hospital Ischemic Stroke Mortality Profiling.,2018,Circ Cardiovasc Qual Outcomes,10.1161/CIRCOUTCOMES.118.004951,Comparative Study;Journal Article,Thompson MP; Luo Z; Gardiner J; Burke JF; Nickles A; Reeves MJ,Q3_MNAR_informative,True,included,False,False,False,False,True,False,False,False,False,False,False
30371748,A graphical model for skewed matrix-variate non-randomly missing data.,2020,Biostatistics,10.1093/biostatistics/kxy056,"Journal Article;Research Support, N.I.H., Extramural",Zhang L; Bandyopadhyay D,Q4_missing_indicator_deployment,True,included,False,False,False,False,True,True,False,False,False,False,False
30502784,Performance of a Bayesian Approach for Imputing Missing Data on the SF-12 Health-Related Quality-of-Life Measure.,2018,Value Health,10.1016/j.jval.2018.06.007,"Comparative Study;Evaluation Study;Journal Article;Research Support, Non-U.S. Gov't",Halme AS; Tannenbaum C,Q3_MNAR_informative,True,included,False,False,False,False,True,False,False,False,False,False,False
30563473,Analysis of self-report and biochemically verified tobacco abstinence outcomes with missing data: a sensitivity analysis using two-stage imputation.,2018,BMC Med Res Methodol,10.1016/j.drugalcdep.2004.08.018,"Journal Article;Research Support, N.I.H., Extramural",Zhang Y; Luo X; Le CT; Ahluwalia JS; Thomas JL,Q3_MNAR_informative,True,included,False,False,False,False,True,False,False,False,False,False,False
30622091,A New Insight Into Missing Data in Intensive Care Unit Patient Profiles: Observational Study.,2019,JMIR Med Inform,10.1371/journal.pone.0156381,Journal Article,Sharafoddini A; Dubin JA; Maslove DM; Lee J,Q1_ml_imputation_clinical;Q4_missing_indicator_deployment,True,included,False,False,False,False,True,True,False,False,False,False,False
30682584,Training recurrent neural networks robust to incomplete data: Application to Alzheimer's disease progression modeling.,2019,Med Image Anal,10.1016/j.media.2019.01.004,"Journal Article;Research Support, N.I.H., Extramural;Research Support, Non-U.S. Gov't;Research Support, U.S. Gov't, Non-P.H.S.",Mehdipour Ghazi M; Nielsen M; Pai A; Cardoso MJ; Modat M; Ourselin S; Sørensen L;  ,Q1_ml_imputation_clinical,True,included,False,False,False,True,False,False,False,False,False,False,False
31018836,An empirical comparison of Bayesian modelling strategies for missing binary outcome data in network meta-analysis.,2019,BMC Med Res Methodol,10.1186/s13643-015-0083-6,"Comparative Study;Journal Article;Research Support, Non-U.S. Gov't",Spineli LM,Q3_MNAR_informative,True,included,False,False,False,False,True,False,False,False,False,False,True
31054960,A hybrid of whale optimization and late acceptance hill climbing based imputation to enhance classification performance in electronic health records.,2019,J Biomed Inform,10.1016/j.jbi.2019.103190,Journal Article,Nagarajan G; Dhinesh Babu LD,Q1_ml_imputation_clinical,True,included,False,True,False,False,False,False,False,False,False,False,False
31099433,Missing data strategies for time-varying confounders in comparative effectiveness studies of non-missing time-varying exposures and right-censored outcomes.,2019,Stat Med,10.1002/sim.8174,"Journal Article;Research Support, Non-U.S. Gov't",Desai M; Montez-Rath ME; Kapphahn K; Joyce VR; Mathur MB; Garcia A; Purington N; Owens DK,Q4_missing_indicator_deployment,True,included,True,False,False,False,True,True,False,False,False,False,False
31328221,Case Fatality Ratio Estimates for the 2013-2016 West African Ebola Epidemic: Application of Boosted Regression Trees for Imputation.,2020,Clin Infect Dis,10.1093/cid/ciz678,"Journal Article;Research Support, Non-U.S. Gov't",Forna A; Nouvellet P; Dorigatti I; Donnelly CA,Q1_ml_imputation_clinical,True,included,False,False,False,False,False,False,False,False,False,True,False
31531896,SMARTp: A SMART design for nonsurgical treatments of chronic periodontitis with spatially referenced and nonrandomly missing skewed outcomes.,2020,Biom J,10.1093/biostatistics/kxy064,"Journal Article;Research Support, N.I.H., Extramural;Research Support, Non-U.S. Gov't",Xu J; Bandyopadhyay D; Salehabadi SM; Michalowicz B; Chakraborty B,Q4_missing_indicator_deployment,True,included,False,False,False,False,False,True,False,False,False,False,False
31549744,Cox regression with survival-time-dependent missing covariate values.,2020,Biometrics,10.1111/biom.13155,"Journal Article;Research Support, N.I.H., Extramural;Research Support, Non-U.S. Gov't",Yi Y; Ye T; Yu M; Shao J,Q3_MNAR_informative,True,included,False,False,False,False,True,False,False,False,False,False,False
31595842,Two-level approaches to missing data in longitudinal trials with daily patient-reported outcomes.,2020,Stat Methods Med Res,10.1177/0962280219880432,Journal Article,Jin M; Feng D; Liu G; Wan S,Q3_MNAR_informative,True,included,True,False,False,True,False,False,False,False,False,False,False
31651956,Imputation and characterization of uncoded self-harm in major mental illness using machine learning.,2020,J Am Med Inform Assoc,10.1093/jamia/ocz173,"Journal Article;Research Support, Non-U.S. Gov't",Kumar P; Nestsiarovich A; Nelson SJ; Kerner B; Perkins DJ; Lambert CG,Q1_ml_imputation_clinical,True,included,False,False,False,False,False,False,False,False,False,False,False
31656592,Imputation techniques on missing values in breast cancer treatment and fertility data.,2019,Health Inf Sci Syst,10.1613/jair.346,Journal Article,Wu X; Akbarzadeh Khorshidi H; Aickelin U; Edib Z; Peate M,Q1_ml_imputation_clinical,True,included,False,False,True,False,False,False,False,False,False,False,False
31718298,Effect of Variable Selection Strategy on the Performance of Prognostic Models When Using Multiple Imputation.,2019,Circ Cardiovasc Qual Outcomes,10.1161/CIRCOUTCOMES.119.005927,"Comparative Study;Journal Article;Research Support, Non-U.S. Gov't",Austin PC; Lee DS; Ko DT; White IR,Q2_MI_prediction_models,True,included,True,False,False,False,False,False,False,False,False,False,False
31730697,Deep learning for clustering of multivariate clinical patient trajectories with missing values.,2019,Gigascience,10.5524/100662,"Journal Article;Research Support, N.I.H., Extramural;Research Support, Non-U.S. Gov't;Research Support, U.S. Gov't, Non-P.H.S.",de Jong J; Emon MA; Wu P; Karki R; Sood M; Godard P; Ahmad A; Vrooman H; Hofmann-Apitius M; Fröhlich H,Q1_ml_imputation_clinical,True,included,False,False,True,True,True,False,False,False,True,False,False
31994239,Estimating treatment effects with partially observed covariates using outcome regression with missing indicators.,2020,Biom J,10.1002/bimj.201900041,"Journal Article;Research Support, Non-U.S. Gov't",Blake HA; Leyrat C; Mansfield KE; Tomlinson LA; Carpenter J; Williamson EJ,Q4_missing_indicator_deployment,True,included,False,False,False,False,False,True,False,False,False,False,False
32059073,Estimating treatment effects under untestable assumptions with nonignorable missing data.,2020,Stat Med,10.1002/sim.8504,Journal Article,Gomes M; Kenward MG; Grieve R; Carpenter J,Q3_MNAR_informative,True,included,True,False,False,False,True,False,False,False,False,False,False
32171301,Methods to improve the quality of smoking records in a primary care EMR database: exploring multiple imputation and pattern-matching algorithms.,2020,BMC Med Inform Decis Mak,10.1136/bmj.h1885,"Journal Article;Research Support, Non-U.S. Gov't",Garies S; Cummings M; Quan H; McBrien K; Drummond N; Manca D; Williamson T,Q3_MNAR_informative,True,included,True,False,False,False,False,False,False,False,False,False,False
32183708,A framework for extending trial design to facilitate missing data sensitivity analyses.,2020,BMC Med Res Methodol,10.1111/rssa.12423,"Journal Article;Research Support, Non-U.S. Gov't",Mason AJ; Grieve RD; Richards-Belle A; Mouncey PR; Harrison DA; Carpenter JR,Q3_MNAR_informative,True,included,False,False,False,False,True,False,False,False,False,False,False
32390503,Handling missing data in modelling quality of clinician-prescribed routine care: Sensitivity analysis of departure from missing at random assumption.,2020,Stat Methods Med Res,10.1177/0962280220918279,"Journal Article;Research Support, Non-U.S. Gov't",Gachau S; Quartagno M; Njagi EN; Owuor N; English M; Ayieko P,Q3_MNAR_informative,True,included,True,False,False,False,True,False,False,False,False,False,False
32402974,Imputation methods for addressing missing data in short-term monitoring of air pollutants.,2020,Sci Total Environ,10.1111/add.12714,Journal Article,Hadeed SJ; O'Rourke MK; Burgess JL; Harris RB; Canales RA,Q4_missing_indicator_deployment,True,included,False,False,False,True,False,False,True,False,False,False,False
32426549,Incomplete data analysis of non-inferiority clinical trials: Difference between binomial proportions case.,2020,Contemp Clin Trials Commun,10.1016/j.conctc.2020.100567,Journal Article,Sidi Y; Harel O,Q3_MNAR_informative,True,included,True,False,False,False,True,False,False,False,False,False,False
32500449,"An Empirical Comparison of Statistical Methods for Missing Data in Randomized, Double-Blind, Placebo-Controlled, Phase 3 Clinical Trials for Chronic Pain and Lipid-Lowering Products.",2020,Ther Innov Regul Sci,10.1007/s43441-020-00168-6,"Comparative Study;Journal Article;Research Support, Non-U.S. Gov't",Gnang J; Kim Y; Ren Y; Travis J; Kim Y,Q3_MNAR_informative,True,included,False,False,False,True,True,False,False,False,False,False,False
32540389,Missing data should be handled differently for prediction than for description or causal explanation.,2020,J Clin Epidemiol,10.1016/j.jclinepi.2020.03.028,"Journal Article;Research Support, Non-U.S. Gov't",Sperrin M; Martin GP; Sisk R; Peek N,Q2_MI_prediction_models;Q4_missing_indicator_deployment,True,included,False,False,False,False,False,False,True,False,False,False,False
32584425,"A multistate joint model for interval-censored event-history data subject to within-unit clustering and informative missingness, with application to neurocysticercosis research.",2020,Stat Med,10.1002/sim.8663,"Journal Article;Research Support, Non-U.S. Gov't;Research Support, U.S. Gov't, Non-P.H.S.",Zhang H; Kelvin EA; Carpio A; Allen Hauser W,Q3_MNAR_informative,True,included,False,False,False,False,True,False,False,False,False,False,False
32628678,Addressing missing data in randomized clinical trials: A causal inference perspective.,2020,PLoS One,10.1146/annurev.psych.58.110405.085530,Journal Article,Cornelisz I; Cuijpers P; Donker T; van Klaveren C,Q3_MNAR_informative,True,included,False,False,False,False,True,False,False,False,False,False,False
32640992,Multiple imputation with missing indicators as proxies for unmeasured variables: simulation study.,2020,BMC Med Res Methodol,10.1002/sim.8086,"Journal Article;Research Support, Non-U.S. Gov't",Sperrin M; Martin GP,Q3_MNAR_informative;Q4_missing_indicator_deployment,True,included,True,False,False,False,True,True,False,False,False,False,False
32687233,Handling missing predictor values when validating and applying a prediction model to new patients.,2020,Stat Med,10.1093/biomet/ast044,"Journal Article;Research Support, Non-U.S. Gov't",Hoogland J; van Barreveld M; Debray TPA; Reitsma JB; Verstraelen TE; Dijkgraaf MGW; Zwinderman AH,Q2_MI_prediction_models,True,included,True,False,False,False,False,False,False,False,False,False,False
32699824,Informative missingness in electronic health record systems: the curse of knowing.,2020,Diagn Progn Res,10.1175/1520-0493(1950)078<0001:VOFEIT>2.0.CO;2,Journal Article,Groenwold RHH,Q3_MNAR_informative,True,included,False,False,False,False,True,False,True,False,False,False,False
32717095,A multiple imputation-based sensitivity analysis approach for data subject to missing not at random.,2020,Stat Med,10.1002/sim.8691,"Journal Article;Research Support, N.I.H., Extramural",Hsu CH; He Y; Hu C; Zhou W,Q3_MNAR_informative,True,included,True,False,True,False,True,False,False,False,False,False,False
32733929,Effect of Missing Data Imputation on Deep Learning Prediction Performance for Vesicoureteral Reflux and Recurrent Urinary Tract Infection Clinical Study.,2020,Biomed Res Int,10.5244/C.22.68,Journal Article,Köse T; Özgür S; Coşgun E; Keskinoğlu A; Keskinoğlu P,Q1_ml_imputation_clinical,True,included,True,False,False,True,False,False,False,False,False,False,False
32787782,A four-step strategy for handling missing outcome data in randomised trials affected by a pandemic.,2020,BMC Med Res Methodol,10.1002/(SICI)1097-0258(19991015)18:19<2617::AID-SIM187>3.0.CO;2-E,"Journal Article;Research Support, Non-U.S. Gov't",Cro S; Morris TP; Kahan BC; Cornelius VR; Carpenter JR,Q3_MNAR_informative,True,included,True,False,False,False,True,False,False,False,False,False,False
32795506,Demonstrating the consequences of learning missingness patterns in early warning systems for preventative health care: A novel simulation and solution.,2020,J Biomed Inform,10.1016/j.jbi.2020.103528,Journal Article,Gillies CE; Taylor DF; Cummings BC; Ansari S; Islim F; Kronick SL; Medlin RP; Ward KR,Q1_ml_imputation_clinical,True,included,False,False,True,False,False,False,False,False,False,False,False
32819346,Exploiting mutual information for the imputation of static and dynamic mixed-type clinical data with an adaptive k-nearest neighbours approach.,2020,BMC Med Inform Decis Mak,10.1186/s12911-020-01166-2,"Journal Article;Research Support, Non-U.S. Gov't",Tavazzi E; Daberdaku S; Vasta R; Calvo A; Chiò A; Di Camillo B,Q1_ml_imputation_clinical,True,included,False,True,False,False,False,False,False,False,False,False,False
32828436,Missing data imputation and synthetic data simulation through modeling graphical probabilistic dependencies between variables (ModGraProDep): An application to breast cancer survival.,2020,Artif Intell Med,10.1016/j.artmed.2020.101875,"Journal Article;Research Support, Non-U.S. Gov't",Vilardell M; Buxó M; Clèries R; Martínez JM; Garcia G; Ameijide A; Font R; Civit S;  ; Marcos-Gragera R; Vilardell ML; Carulla M; Espinàs JA; Galceran J; Izquierdo A; Borràs JM,Q1_ml_imputation_clinical;Q3_MNAR_informative,True,included,False,False,False,False,True,False,False,False,False,False,False
32847800,Potential impact of missing outcome data on treatment effects in systematic reviews: imputation study.,2020,BMJ,10.1136/bmjopen-2015-008431,"Journal Article;Research Support, Non-U.S. Gov't;Review",Kahale LA; Khamis AM; Diab B; Chang Y; Lopes LC; Agarwal A; Li L; Mustafa RA; Koujanian S; Waziry R; Busse JW; Dakik A; Schünemann HJ; Hooft L; Scholten RJ; Guyatt GH; Akl EA,Q3_MNAR_informative,True,included,False,False,False,False,True,False,False,False,False,True,True
32947466,Graph Convolutional Networks-Based Noisy Data Imputation in Electronic Health Record.,2020,Crit Care Med,10.1097/CCM.0000000000004583,Journal Article;Multicenter Study,Lee BT; Kwon OY; Park H; Cho KJ; Kwon JM; Lee Y,Q1_ml_imputation_clinical,True,included,False,False,False,False,False,False,False,False,False,False,False
33010424,"A deep learning-based, unsupervised method to impute missing values in electronic health records for improved patient management.",2020,J Biomed Inform,10.1016/j.jbi.2020.103576,"Journal Article;Research Support, Non-U.S. Gov't",Xu D; Hu PJ; Huang TS; Fang X; Hsu CC,Q1_ml_imputation_clinical,True,included,False,False,True,False,False,False,False,False,False,False,False
33095720,A Deep Learning-Based Unsupervised Method to Impute Missing Values in Patient Records for Improved Management of Cardiovascular Patients.,2021,IEEE J Biomed Health Inform,10.1109/JBHI.2020.3033323,"Journal Article;Research Support, Non-U.S. Gov't",Xu D; Sheng JQ; Hu PJ; Huang TS; Hsu CC,Q1_ml_imputation_clinical,True,included,False,False,True,False,False,False,False,False,False,False,False
33116899,Handling Missing Values in Interrupted Time Series Analysis of Longitudinal Individual-Level Data.,2020,Clin Epidemiol,10.1111/rssa.12423,Journal Article,Bazo-Alvarez JC; Morris TP; Pham TM; Carpenter JR; Petersen I,Q3_MNAR_informative,True,included,True,False,True,True,True,False,False,False,False,False,False
33156121,Two-Step Imputation and AdaBoost-Based Classification for Early Prediction of Sepsis on Imbalanced Clinical Data.,2021,Crit Care Med,10.1097/CCM.0000000000004705,Journal Article,Baniasadi A; Rezaeirad S; Zare H; Ghassemi MM,Q1_ml_imputation_clinical,True,included,False,False,True,False,False,False,False,False,False,False,False
33164082,Informative presence and observation in routine health data: A review of methodology for clinical risk prediction.,2021,J Am Med Inform Assoc,10.1093/jamia/ocaa242,"Journal Article;Research Support, Non-U.S. Gov't;Systematic Review",Sisk R; Lin L; Sperrin M; Barrett JK; Tom B; Diaz-Ordaz K; Peek N; Martin GP,Q3_MNAR_informative;Q4_missing_indicator_deployment,True,included,False,False,False,True,True,True,False,False,False,False,True
33238200,A hybrid approach of handling missing data under different missing data mechanisms: VISIBLE 1 and VARSITY trials for ulcerative colitis.,2021,Contemp Clin Trials,10.1016/j.cct.2020.106226,Journal Article,Chen J; Hunter S; Kisfalvi K; Lirio RA,Q3_MNAR_informative,True,included,True,False,False,False,True,False,False,False,False,False,False
33260202,"Development of a ""meta-model"" to address missing data, predict patient-specific cancer survival and provide a foundation for clinical decision support.",2021,J Am Med Inform Assoc,10.1093/jamia/ocaa254,"Journal Article;Research Support, Non-U.S. Gov't",Baron JM; Paranjape K; Love T; Sharma V; Heaney D; Prime M,Q1_ml_imputation_clinical,True,included,False,False,False,False,False,False,False,False,False,False,False
33283143,Predicting Missing Values in Medical Data via XGBoost Regression.,2020,J Healthc Inform Res,10.1002/sam.11348,Journal Article,Zhang X; Yan C; Gao C; Malin BA; Chen Y,Q1_ml_imputation_clinical,True,included,False,False,False,True,False,False,False,False,False,False,False
33286923,A Nuisance-Free Inference Procedure Accounting for the Unknown Missingness with Application to Electronic Health Records.,2020,Entropy (Basel),10.4064/am-22-1-55-67,Journal Article,Zhao J; Chen C,Q3_MNAR_informative,True,included,False,False,False,False,True,False,False,False,False,False,False
33335381,Semiparametric Estimation with Data Missing Not at Random Using an Instrumental Variable.,2018,Stat Sin,10.1177/0962280213490014,Journal Article,Sun B; Liu L; Miao W; Wirth K; Robins J; Tchetgen Tchetgen EJ,Q3_MNAR_informative,True,included,False,False,False,False,True,False,False,False,False,False,False
33422019,Missing not at random in end of life care studies: multiple imputation and sensitivity analysis on data from the ACTION study.,2021,BMC Med Res Methodol,10.1093/biostatistics/kxx045,"Journal Article;Multicenter Study;Randomized Controlled Trial;Research Support, Non-U.S. Gov't",Carreras G; Miccinesi G; Wilcock A; Preston N; Nieboer D; Deliens L; Groenvold M; Lunder U; van der Heide A; Baccini M;  ,Q3_MNAR_informative,True,included,True,False,False,False,True,False,False,False,False,False,False
33469974,Multiple imputation strategies for a bounded outcome variable in a competing risks analysis.,2021,Stat Med,10.1002/sim.8879,"Journal Article;Research Support, Non-U.S. Gov't",Curnow E; Hughes RA; Birnie K; Crowther MJ; May MT; Tilling K,Q3_MNAR_informative,True,included,True,False,False,False,True,False,False,False,False,False,False
33470157,"Missing Data in Prediction Research: A Five-Step Approach for Multiple Imputation, Illustrated in the CENTER-TBI Study.",2021,J Neurotrauma,10.1089/neu.2020.7218,Journal Article;Multicenter Study,Gravesteijn BY; Sewalt CA; Venema E; Nieboer D; Steyerberg EW;  ,Q2_MI_prediction_models,True,included,True,False,False,False,False,False,False,False,False,False,False
33482294,Real-time imputation of missing predictor values improved the application of prediction models in daily practice.,2021,J Clin Epidemiol,10.1016/j.jclinepi.2021.01.003,"Journal Article;Research Support, Non-U.S. Gov't",Nijman SWJ; Groenhof TKJ; Hoogland J; Bots ML; Brandjes M; Jacobs JJL; Asselbergs FW; Moons KGM; Debray TPA,Q4_missing_indicator_deployment,True,included,True,False,False,False,False,False,True,False,False,False,False
33661746,Uncertainty-Aware Variational-Recurrent Imputation Network for Clinical Time Series.,2022,IEEE Trans Cybern,10.1109/TCYB.2021.3053599,Journal Article,Mulyadi AW; Jun E; Suk HI,Q1_ml_imputation_clinical,True,included,False,False,False,True,False,False,False,False,False,True,False
33728637,Global sensitivity analysis of randomized trials with nonmonotone missing binary outcomes: Application to studies of substance use disorders.,2022,Biometrics,10.1111/biom.13455,"Journal Article;Research Support, N.I.H., Extramural",Scharfstein DO; Steingrimsson J; McDermott A; Wang C; Ray S; Campbell A; Nunes E; Matthews A,Q3_MNAR_informative,True,included,False,False,False,False,True,False,False,False,False,False,False
33835717,Clinical research associates experience with missing patient reported outcomes data in cancer randomized controlled trials.,2021,Cancer Med,10.1002/cam4.3826,"Journal Article;Research Support, Non-U.S. Gov't",Palmer MJ; Krupa T; Richardson H; Brundage MD,Q3_MNAR_informative,True,included,False,False,False,False,True,False,False,False,False,False,False
33843085,Evaluation of predictive model performance of an existing model in the presence of missing data.,2021,Stat Med,10.1002/sim.8978,"Journal Article;Research Support, N.I.H., Extramural",Li P; Taylor JMG; Spratt DE; Karnes RJ; Schipper MJ,Q2_MI_prediction_models,True,included,True,False,False,False,True,False,False,False,False,False,False
33875162,Data imputation and compression for Parkinson's disease clinical questionnaires.,2021,Artif Intell Med,10.1016/j.artmed.2021.102051,"Journal Article;Research Support, Non-U.S. Gov't",Peralta M; Jannin P; Haegelen C; Baxter JSH,Q1_ml_imputation_clinical,True,included,False,False,True,False,False,False,False,False,False,False,False
33879090,Generative adversarial networks for imputing missing data for big data clinical research.,2021,BMC Med Res Methodol,10.1093/ije/dyz032,"Journal Article;Research Support, Non-U.S. Gov't;Observational Study",Dong W; Fong DYT; Yoon JS; Wan EYF; Bedford LE; Tang EHM; Lam CLK,Q1_ml_imputation_clinical,True,included,True,True,True,False,False,False,False,False,False,False,False
33988275,Sensitivity analyses of unmeasured and partially-measured confounders using multiple imputation in a vaccine safety study.,2021,Pharmacoepidemiol Drug Saf,10.1002/pds.5294,Journal Article,Xu S; Clarke CL; Newcomer SR; Daley MF; Glanz JM,Q2_MI_prediction_models,True,included,True,False,False,False,True,False,False,False,False,False,False
33994754,Discrete Choice Models for Nonmonotone Nonignorable Missing Data: Identification and Inference.,2018,Stat Sin,10.1080/01621459.2016.1256814,Journal Article,Tchetgen EJT; Wang L; Sun B,Q3_MNAR_informative,True,included,False,False,False,False,True,False,False,False,False,False,False
34127236,Simultaneous imputation and classification using Multigraph Geometric Matrix Completion (MGMC): Application to neurodegenerative disease classification.,2021,Artif Intell Med,10.1016/j.artmed.2021.102097,"Journal Article;Research Support, N.I.H., Extramural;Research Support, Non-U.S. Gov't;Research Support, U.S. Gov't, Non-P.H.S.",Vivar G; Kazi A; Burwinkel H; Zwergal A; Navab N; Ahmadi SA;  ,Q1_ml_imputation_clinical,True,included,False,False,False,True,False,False,False,False,False,False,False
34128810,Data Missing Not at Random in Mobile Health Research: Assessment of the Problem and a Case for Sensitivity Analyses.,2021,J Med Internet Res,10.1056/NEJMsr1203730,"Journal Article;Research Support, N.I.H., Extramural;Systematic Review",Goldberg SB; Bolt DM; Davidson RJ,Q3_MNAR_informative,True,included,True,False,False,False,True,False,False,False,False,False,True
34149235,Statistical Modeling of Longitudinal Data with Non-ignorable Non-monotone Missingness with Semiparametric Bayesian and Machine Learning Components.,2021,Sankhya B (2008),10.1007/s13571-019-00222-w,Journal Article,Cao Y; Mukhopadhyay ND,Q1_ml_imputation_clinical,True,included,False,False,False,True,True,False,False,False,False,False,False
34169641,Identifying treatment effects using trimmed means when data are missing not at random.,2021,Pharm Stat,10.1002/pst.2147,"Journal Article;Research Support, N.I.H., Extramural",Ocampo A; Schmidli H; Quarg P; Callegari F; Pagano M,Q3_MNAR_informative,True,included,True,False,False,False,True,False,False,False,False,False,False
34178808,Prediction of Breast Cancer Survival by Machine Learning Methods: An Application of Multiple Imputation.,2021,Iran J Public Health,10.18502/ijph.v50i3.5606,Journal Article,Lotfnezhad Afshar H; Jabbari N; Khalkhali HR; Esnaashari O,Q1_ml_imputation_clinical,True,included,True,False,False,False,False,False,False,False,False,False,False
34344934,Imputation of the continuous arterial line blood pressure waveform from non-invasive measurements using deep learning.,2021,Sci Rep,10.1016/S0140-6736(86)90837-8,"Journal Article;Research Support, N.I.H., Extramural;Research Support, U.S. Gov't, Non-P.H.S.",Hill BL; Rakocz N; Rudas Á; Chiang JN; Wang S; Hofer I; Cannesson M; Halperin E,Q1_ml_imputation_clinical,True,included,False,False,False,False,False,False,False,False,False,False,False
34405912,Bayesian sensitivity analyses for longitudinal data with dropouts that are potentially missing not at random: A high dimensional pattern-mixture model.,2021,Stat Med,10.1002/sim.9083,Journal Article,Kaciroti NA; Little RJA,Q3_MNAR_informative,True,included,False,False,False,True,True,False,False,False,False,False,False
34477276,Impact of missing outcome data in meta-analyses of lifestyle interventions during pregnancy to reduce postpartum weight retention: An overview of systematic reviews with meta-analyses and additional sensitivity analyses.,2021,Obes Rev,10.1111/obr.13318,Journal Article,Harris RG; Batterham M; Neale EP; Ferreira I,Q3_MNAR_informative,True,included,False,False,False,False,True,False,False,False,False,True,True
34517728,Improving Outcome Predictions for Patients Receiving Mechanical Circulatory Support by Optimizing Imputation of Missing Values.,2021,Circ Cardiovasc Qual Outcomes,10.1109/IJCNN.2007.4371139,"Journal Article;Research Support, N.I.H., Extramural;Research Support, Non-U.S. Gov't;Research Support, U.S. Gov't, P.H.S.",Jaeger BC; Cantor R; Sthanam V; Xie R; Kirklin JK; Rudraraju R,Q1_ml_imputation_clinical;Q2_MI_prediction_models,True,included,True,False,False,False,False,False,False,False,False,False,False
34520847,Missing data was handled inconsistently in UK prediction models: a review of method used.,2021,J Clin Epidemiol,10.1016/j.jclinepi.2021.09.008,"Journal Article;Research Support, Non-U.S. Gov't;Review",Tsvetanova A; Sperrin M; Peek N; Buchan I; Hyland S; Martin GP,Q2_MI_prediction_models,True,included,True,True,False,False,False,False,True,False,False,False,True
34560774,Prediction Model Performance With Different Imputation Strategies: A Simulation Study Using a North American ICU Registry.,2022,Pediatr Crit Care Med,10.1097/PCC.0000000000002835,Journal Article,Steif J; Brant R; Sreepada RS; West N; Murthy S; Görges M,Q2_MI_prediction_models,True,included,True,False,False,False,False,False,True,False,False,False,False
34562295,Flexible Bayesian longitudinal models for cost-effectiveness analyses with informative missing data.,2021,Health Econ,10.1016/j.jval.2020.10.002,"Journal Article;Research Support, Non-U.S. Gov't",Mason AJ; Gomes M; Carpenter J; Grieve R,Q3_MNAR_informative,True,included,False,False,False,True,True,False,False,False,False,False,False
34597836,Modified reference based imputation and tipping point analysis in the presence of missing data due to COVID-19.,2021,Contemp Clin Trials,10.1016/j.cct.2020.106093,Journal Article,Jin M; Liu R; Robieson W,Q3_MNAR_informative,True,included,True,False,False,True,True,False,False,False,False,False,False
34604866,Concurrent Imputation and Prediction on EHR data using Bi-Directional GANs: Bi-GANs for EHR imputation and prediction.,2021,ACM BCB,10.1145/3394486.3403129,Journal Article,Gupta M; Bunnell HT; Phan TT; Beheshti R,Q1_ml_imputation_clinical,True,included,False,False,True,True,False,False,True,False,False,False,False
34636158,"Imputing cognitive impairment in SPARK, a large autism cohort.",2022,Autism Res,10.1002/aur.2622,"Journal Article;Research Support, Non-U.S. Gov't",Shu C; Green Snyder L; Shen Y; Chung WK;  ,Q1_ml_imputation_clinical,True,included,False,False,True,False,False,False,False,False,False,False,False
34643539,Self-Training With Quantile Errors for Multivariate Missing Data Imputation for Regression Problems in Electronic Medical Records: Algorithm Development Study.,2021,JMIR Public Health Surveill,10.2307/2669499,"Journal Article;Research Support, Non-U.S. Gov't",Gwon H; Ahn I; Kim Y; Kang HJ; Seo H; Cho HN; Choi H; Jun TJ; Kim YH,Q1_ml_imputation_clinical,True,included,True,True,False,False,False,False,False,False,False,False,False
34686163,Applying artificial neural network for early detection of sepsis with intentionally preserved highly missing real-world data for simulating clinical situation.,2021,BMC Med Inform Decis Mak,10.1097/CCM.0000000000003799,"Journal Article;Research Support, Non-U.S. Gov't",Kuo YY; Huang ST; Chiu HW,Q1_ml_imputation_clinical,True,included,False,False,False,False,False,False,False,False,False,False,False
34711733,On the Nature of Informative Presence Bias in Analyses of Electronic Health Records.,2022,Epidemiology,10.13063/2327-9214.1203,"Journal Article;Research Support, N.I.H., Extramural",McGee G; Haneuse S; Coull BA; Weisskopf MG; Rotem RS,Q3_MNAR_informative,True,included,False,False,False,False,True,True,False,False,False,False,False
34786739,A doubly robust method to handle missing multilevel outcome data with application to the China Health and Nutrition Survey.,2022,Stat Med,10.1002/sim.9260,"Journal Article;Research Support, N.I.H., Extramural;Research Support, Non-U.S. Gov't",Butera NM; Zeng D; Green Howard A; Gordon-Larsen P; Cai J,Q3_MNAR_informative,True,included,False,False,False,True,True,False,False,False,False,False,False
34798287,Missing data is poorly handled and reported in prediction model studies using machine learning: a literature review.,2022,J Clin Epidemiol,10.1016/j.jclinepi.2021.11.023,"Journal Article;Research Support, Non-U.S. Gov't;Review",Nijman S; Leeuwenberg AM; Beekers I; Verkouter I; Jacobs J; Bots ML; Asselbergs FW; Moons K; Debray T,Q1_ml_imputation_clinical;Q2_MI_prediction_models,True,included,True,False,True,False,False,False,True,False,False,False,False
34823834,Cardio-ML: Detection of malicious clinical programmings aimed at cardiac implantable electronic devices based on machine learning and a missing values resemblance framework.,2021,Artif Intell Med,10.1016/j.artmed.2021.102200,"Journal Article;Research Support, Non-U.S. Gov't",Levy-Loboda T; Rav-Acha M; Katz A; Nissim N,Q1_ml_imputation_clinical,True,included,False,False,False,False,False,False,False,False,False,False,False
34882223,Evaluating the state of the art in missing data imputation for clinical data.,2022,Brief Bioinform,10.1007/s41666-020-00073-5,"Journal Article;Research Support, N.I.H., Extramural",Luo Y,Q1_ml_imputation_clinical,True,included,True,False,False,True,False,False,False,False,False,False,False
34889756,On Missingness Features in Machine Learning Models for Critical Care: Observational Study.,2021,JMIR Med Inform,10.1097/00003246-198905000-00008,Journal Article,Singh J; Sato M; Ohkuma T,Q1_ml_imputation_clinical;Q3_MNAR_informative,True,included,False,False,False,True,True,False,True,False,True,False,False
34891747,Autopopulus: A Novel Framework for Autoencoder Imputation on Large Clinical Datasets.,2021,Annu Int Conf IEEE Eng Med Biol Soc,10.1109/EMBC46164.2021.9630135,"Journal Article;Research Support, N.I.H., Extramural",Zamanzadeh DJ; Petousis P; Davis TA; Nicholas SB; Norris KC; Tuttle KR; Bui AAT; Sarrafzadeh M,Q1_ml_imputation_clinical,True,included,False,False,True,False,False,False,False,False,False,False,False
34893624,Using imputation to provide harmonized longitudinal measures of cognition across AIBL and ADNI.,2021,Sci Rep,10.1093/aje/kww098,"Journal Article;Research Support, N.I.H., Extramural;Research Support, Non-U.S. Gov't",Shishegar R; Cox T; Rolls D; Bourgeat P; Doré V; Lamb F; Robertson J; Laws SM; Porter T; Fripp J; Tosun D; Maruff P; Savage G; Rowe CC; Masters CL; Weiner MW; Villemagne VL; Burnham SC,Q1_ml_imputation_clinical,True,included,False,True,False,True,False,False,False,False,True,False,False
34945827,Imputing Biomarker Status from RWE Datasets-A Comparative Study.,2021,J Pers Med,10.1207/S15328007SEM1001_4,Journal Article,Traynor C; Sahota T; Tomkinson H; Gonzalez-Garcia I; Evans N; Chappell M,Q1_ml_imputation_clinical,True,included,False,False,True,False,False,False,False,False,False,False,False
34954098,Considerations to address missing data when deriving clinical trial endpoints from digital health technologies.,2022,Contemp Clin Trials,10.1016/j.cct.2021.106661,Journal Article,Di J; Demanuele C; Kettermann A; Karahanoglu FI; Cappelleri JC; Potter A; Bury D; Cedarbaum JM; Byrom B,Q1_ml_imputation_clinical;Q4_missing_indicator_deployment,True,included,False,False,False,True,False,False,True,False,False,False,False
35027065,Application of machine learning missing data imputation techniques in clinical decision making: taking the discharge assessment of patients with spontaneous supratentorial intracerebral hemorrhage as an example.,2022,BMC Med Inform Decis Mak,10.1002/(SICI)1097-0258(19990330)18:6<681::AID-SIM71>3.0.CO;2-R,"Journal Article;Research Support, Non-U.S. Gov't",Wang H; Tang J; Wu M; Wang X; Zhang T,Q1_ml_imputation_clinical,True,included,False,False,False,False,False,False,False,False,False,False,False
35041565,"Imputation of Missing Covariates in Randomized Controlled Trials with Continuous Outcomes: Simple, Unbiased and Efficient Methods.",2022,J Biopharm Stat,10.1080/10543406.2021.2011898,"Journal Article;Research Support, Non-U.S. Gov't",Kayembe MT; Jolani S; Tan FES; van Breukelen GJP,Q4_missing_indicator_deployment,True,included,True,False,False,False,False,True,True,False,False,False,False
35069761,The Fitting Optimization Path Analysis on Scale Missing Data: Based on the 507 Patients of Poststroke Depression Measured by SDS.,2022,Evid Based Complement Alternat Med,10.1016/j.psychres.2004.08.001,Journal Article,Lv X; Zhao R; Su T; He L; Song R; Wang Q; Yu X; Zhu Y,Q3_MNAR_informative,True,included,False,False,False,False,True,False,False,False,False,False,False
35075671,Sequential modeling for a class of reference-based imputation methods in clinical trials with quantitative or binary outcomes.,2022,Stat Med,10.1002/sim.9303,"Journal Article;Randomized Controlled Trial;Research Support, Non-U.S. Gov't",Fang Y; Jin M,Q3_MNAR_informative,True,included,False,False,False,True,True,False,False,False,False,False,False
35098576,Sensitivity to missing not at random dropout in clinical trials: Use and interpretation of the trimmed means estimator.,2022,Stat Med,10.1111/biom.12702,"Journal Article;Research Support, Non-U.S. Gov't",Hazewinkel AD; Bowden J; Wade KH; Palmer T; Wiles NJ; Tilling K,Q3_MNAR_informative,True,included,True,False,False,False,True,False,False,False,False,False,False
35104644,MedGCN: Medication recommendation and lab test imputation via graph convolutional networks.,2022,J Biomed Inform,10.1016/j.jbi.2022.104000,"Journal Article;Research Support, N.I.H., Extramural",Mao C; Yao L; Luo Y,Q1_ml_imputation_clinical,True,included,False,False,False,False,False,False,False,False,False,False,False
35132587,Modeling of correlated cognitive function and functional disability outcomes with bounded and missing data in a longitudinal aging study.,2022,Behav Res Methods,10.1177/0164027519841016,Journal Article,Agogo GO; Mwambi H; Shi X; Liu Z,Q3_MNAR_informative,True,included,False,False,False,True,True,False,False,False,False,False,False
35162331,Strategies for Imputation of High-Resolution Environmental Data in Clinical Randomized Controlled Trials.,2022,Int J Environ Res Public Health,10.1111/roiw.12303,Journal Article,Kim Y; Kelly S; Krishnan D; Falletta J; Wilmot K,Q1_ml_imputation_clinical,True,included,False,False,False,True,False,False,False,False,False,False,False
35177096,A multi-step approach to managing missing data in time and patient variant electronic health records.,2022,BMC Res Notes,10.11604/pamj.2016.23.125.8936,Journal Article,Cesare N; Were LPO,Q3_MNAR_informative,True,included,False,False,False,False,True,False,False,False,False,False,False
35266565,Missing data imputation in clinical trials using recurrent neural network facilitated by clustering and oversampling.,2022,Biom J,10.1002/bimj.202000393,Journal Article,Haliduola HN; Bretz F; Mansmann U,Q1_ml_imputation_clinical;Q3_MNAR_informative,True,included,False,False,False,True,True,False,False,False,False,False,False
35350976,Impute the missing data using retrieved dropouts.,2022,BMC Med Res Methodol,10.1016/j.ahj.2016.05.010,Journal Article,Wang S; Hu H,Q3_MNAR_informative,True,included,True,False,False,False,True,False,False,False,False,False,False
35356492,PARTITIONING AROUND MEDOIDS CLUSTERING AND RANDOM FOREST CLASSIFICATION FOR GIS-INFORMED IMPUTATION OF FLUORIDE CONCENTRATION DATA.,2022,Ann Appl Stat,10.1214/21-aoas1516,Journal Article,Gu Y; Preisser JS; Zeng D; Shrestha P; Shah M; Simancas-Pallares MA; Ginnis J; Divaris K,Q1_ml_imputation_clinical,True,included,False,True,True,False,False,False,False,False,False,False,False
35381453,Handling missing values in machine learning to predict patient-specific risk of adverse cardiac events: Insights from REFINE SPECT registry.,2022,Comput Biol Med,10.1007/s10844-010-0121-8,"Journal Article;Multicenter Study;Research Support, N.I.H., Extramural;Research Support, Non-U.S. Gov't",Rios R; Miller RJH; Manral N; Sharir T; Einstein AJ; Fish MB; Ruddy TD; Kaufmann PA; Sinusas AJ; Miller EJ; Bateman TM; Dorbala S; Di Carli M; Van Kriekinge SD; Kavanagh PB; Parekh T; Liang JX; Dey D; Berman DS; Slomka PJ,Q1_ml_imputation_clinical;Q2_MI_prediction_models,True,included,True,False,False,False,False,False,False,False,False,False,False
35415441,A Combined Interpolation and Weighted K-Nearest Neighbours Approach for the Imputation of Longitudinal ICU Laboratory Data.,2020,J Healthc Inform Res,10.1093/jamia/ocx071,Journal Article,Daberdaku S; Tavazzi E; Di Camillo B,Q1_ml_imputation_clinical,True,included,True,True,False,True,False,False,False,False,False,False,False
35415446,Imputation of Missing Data in Electronic Health Records Based on Patients' Similarities.,2020,J Healthc Inform Res,10.18637/jss.v014.i06,Journal Article,Jazayeri A; Liang OS; Yang CC,Q1_ml_imputation_clinical,True,included,True,False,False,True,False,False,False,False,False,False,False
35426912,Benchmarking missing-values approaches for predictive models on health databases.,2022,Gigascience,10.5524/100981,"Journal Article;Research Support, Non-U.S. Gov't;Research Support, N.I.H., Extramural",Perez-Lebel A; Varoquaux G; Le Morvan M; Josse J; Poline JB,Q1_ml_imputation_clinical;Q3_MNAR_informative,True,included,False,False,False,False,True,False,False,False,False,False,False
35438796,Informative presence bias in analyses of electronic health records-derived data: a cautionary note.,2022,J Am Med Inform Assoc,10.1093/jamia/ocac050,"Journal Article;Research Support, N.I.H., Extramural",Harton J; Mitra N; Hubbard RA,Q3_MNAR_informative,True,included,False,False,False,False,True,True,False,False,True,False,False
35511840,Partial Multiple Imputation With Variational Autoencoders: Tackling Not at Randomness in Healthcare Data.,2022,IEEE J Biomed Health Inform,10.1109/JBHI.2022.3172656,"Journal Article;Research Support, Non-U.S. Gov't",Pereira RC; Abreu PH; Rodrigues PP,Q1_ml_imputation_clinical;Q3_MNAR_informative,True,included,True,False,True,False,True,False,False,False,False,False,False
35581469,Machine learning based algorithms to impute PaO2 from SpO2 values and development of an online calculator.,2022,Sci Rep,10.1097/cce.0000000000000546,"Journal Article;Research Support, N.I.H., Extramural;Research Support, Non-U.S. Gov't",Ren S; Zupetic JA; Tabary M; DeSensi R; Nouraie M; Lu X; Boyce RD; Lee JS,Q1_ml_imputation_clinical,True,included,False,False,False,False,True,False,False,False,False,False,False
35597908,Inference following multiple imputation for generalized additive models: an investigation of the median p-value rule with applications to the Pulmonary Hypertension Association Registry and Colorado COVID-19 hospitalization data.,2022,BMC Med Res Methodol,10.2478/jccm-2021-0035,"Journal Article;Research Support, N.I.H., Extramural",Bolt MA; MaWhinney S; Pattee JW; Erlandson KM; Badesch DB; Peterson RA,Q3_MNAR_informative,True,included,True,False,False,False,True,False,False,False,False,True,False
35649295,Kernel machine learning methods to handle missing responses with complex predictors. Application in modelling five-year glucose changes using distributional representations.,2022,Comput Methods Programs Biomed,10.1016/j.cmpb.2022.106905,Journal Article,Matabuena M; Félix P; García-Meixide C; Gude F,Q1_ml_imputation_clinical,True,included,False,False,False,True,False,False,False,False,False,False,False
35707210,Time-varying coefficient cumulative gap time models for intensive longitudinal ecological momentary assessment data with missingness.,2022,J Appl Stat,10.1111/j.1467-9469.2004.00369.x,Journal Article,Li X; Anderson SJ; Shiffman S; Zhang B,Q4_missing_indicator_deployment,True,included,False,False,False,True,False,False,False,False,False,False,False
35723051,"Multivariate linear mixed models with censored and nonignorable missing outcomes, with application to AIDS studies.",2022,Biom J,10.1002/bimj.202100233,"Journal Article;Research Support, Non-U.S. Gov't",Lin TI; Wang WL,Q3_MNAR_informative,True,included,False,False,False,True,False,False,False,False,False,False,False
35737282,Non-linear missing data imputation for healthcare data via index-aware autoencoders.,2022,Health Care Manag Sci,10.17576/jsm-2015-4403-17,Journal Article,Kabir S; Farrokhvar L,Q1_ml_imputation_clinical,True,included,False,False,True,False,False,False,False,False,False,False,False
35872135,A hybrid return to baseline imputation method to incorporate MAR and MNAR dropout missingness.,2022,Contemp Clin Trials,10.1016/j.cct.2022.106859,"Journal Article;Research Support, Non-U.S. Gov't",Jin M,Q3_MNAR_informative,True,included,True,False,False,True,True,False,False,False,False,False,False
35927610,A simple pooling method for variable selection in multiply imputed datasets outperformed complex methods.,2022,BMC Med Res Methodol,10.1002/bimj.201700232,Journal Article,Panken AM; Heymans MW,Q2_MI_prediction_models,True,included,True,False,False,False,False,False,False,False,False,False,False
35971088,"Evaluation of data imputation strategies in complex, deeply-phenotyped data sets: the case of the EU-AIMS Longitudinal European Autism Project.",2022,BMC Med Res Methodol,10.1093/biomet/63.3.581,"Journal Article;Research Support, Non-U.S. Gov't",Llera A; Brammer M; Oakley B; Tillmann J; Zabihi M; Amelink JS; Mei T; Charman T; Ecker C; Dell'Acqua F; Banaschewski T; Moessnang C; Baron-Cohen S; Holt R; Durston S; Murphy D; Loth E; Buitelaar JK; Floris DL; Beckmann CF,Q1_ml_imputation_clinical,True,included,False,False,False,True,False,False,False,False,False,False,False
35993595,Predicting Total Drug Clearance and Volumes of Distribution Using the Machine Learning-Mediated Multimodal Method through the Imputation of Various Nonclinical Data.,2022,J Chem Inf Model,10.1080/00498254.2016.1265160,"Journal Article;Research Support, Non-U.S. Gov't",Iwata H; Matsuo T; Mamada H; Motomura T; Matsushita M; Fujiwara T; Maeda K; Handa K,Q1_ml_imputation_clinical,True,included,False,False,False,False,False,False,False,False,False,False,False
36153489,Sensitivity analyses for data missing at random versus missing not at random using latent growth modelling: a practical guide for randomised controlled trials.,2022,BMC Med Res Methodol,10.1002/sim.9083,"Journal Article;Research Support, Non-U.S. Gov't",Staudt A; Freyer-Adam J; Ittermann T; Meyer C; Bischof G; John U; Baumann S,Q3_MNAR_informative,True,included,False,False,True,False,True,False,False,False,False,False,False
36156743,Non-invasive Hemoglobin Measurement Predictive Analytics with Missing Data and Accuracy Improvement Using Gaussian Process and Functional Regression Model.,2022,J Med Syst,10.1198/016214504000001745,Journal Article,Man J; Zielinski MD; Das D; Sir MY; Wutthisirisart P; Camazine M; Pasupathy KS,Q4_missing_indicator_deployment,True,included,False,False,False,False,False,False,True,False,False,False,False
36260971,Missing data imputation using utility-based regression and sampling approaches.,2022,Comput Methods Programs Biomed,10.1016/j.cmpb.2022.107172,Journal Article,Haliduola HN; Bretz F; Mansmann U,Q1_ml_imputation_clinical;Q3_MNAR_informative,True,included,True,False,False,False,True,False,False,False,False,False,False
36346135,Evaluation of machine learning methods for covariate data imputation in pharmacometrics.,2022,CPT Pharmacometrics Syst Pharmacol,10.5705/ss.202016.0324,Journal Article,Bräm DS; Nahum U; Atkinson A; Koch G; Pfister M,Q1_ml_imputation_clinical,True,included,True,False,False,False,False,False,False,False,False,False,False
36411940,Implementing Multiple Imputation for Missing Data in Longitudinal Studies When Models are Not Feasible: An Example Using the Random Hot Deck Approach.,2022,Clin Epidemiol,10.1007/s11121-007-0070-9,Journal Article,Wang C; Stokes T; Steele RJ; Wedderkopp N; Shrier I,Q2_MI_prediction_models,True,included,True,False,False,True,False,False,False,False,False,False,False
36601036,Imputation Strategies Under Clinical Presence: Impact on Algorithmic Fairness.,2022,Proc Mach Learn Res,,Journal Article,Jeanselme V; De-Arteaga M; Zhang Z; Barrett J; Tom B,Q1_ml_imputation_clinical,True,included,False,False,False,False,False,False,False,False,True,False,False
36624626,Flexible modeling of multiple nonlinear longitudinal trajectories with censored and non-ignorable missing outcomes.,2023,Stat Methods Med Res,10.1177/09622802221146312,"Journal Article;Research Support, Non-U.S. Gov't",Lin TI; Wang WL,Q3_MNAR_informative,True,included,False,False,False,True,True,False,False,False,False,False,False
36646446,Group testing regression analysis with covariates and specimens subject to missingness.,2023,Stat Med,10.1002/sim.9640,Journal Article,Delaigle A; Tan R,Q3_MNAR_informative,True,included,False,False,False,False,True,False,False,False,False,False,False
36647625,The impact of correlated exposures and missing data on multiple informant models used to identify critical exposure windows.,2023,Stat Med,10.1007/s11336-013-9335-3,"Journal Article;Research Support, N.I.H., Extramural",Bather JR; Horton NJ; Coull BA; Williams PL,Q3_MNAR_informative,True,included,False,False,False,False,True,False,False,False,False,False,False
36662548,"Dealing With Missing, Imbalanced, and Sparse Features During the Development of a Prediction Model for Sudden Death Using Emergency Medicine Data: Machine Learning Approach.",2023,JMIR Med Inform,10.1214/aos/1176343061,Journal Article,Chen X; Chen H; Nan S; Kong X; Duan H; Zhu H,Q1_ml_imputation_clinical,True,included,False,False,False,False,False,False,False,False,False,False,False
36711167,Real-time imputation of missing predictor values in clinical practice.,2021,Eur Heart J Digit Health,10.1093/ehjdh/ztaa016,Journal Article,Nijman SWJ; Hoogland J; Groenhof TKJ; Brandjes M; Jacobs JJL; Bots ML; Asselbergs FW; Moons KGM; Debray TPA,Q4_missing_indicator_deployment,True,included,False,False,False,False,False,False,True,False,False,False,False
36722803,Performance of Multiple Imputation Using Modern Machine Learning Methods in Electronic Health Records Data.,2023,Epidemiology,10.1097/EDE.0000000000001578,"Journal Article;Research Support, N.I.H., Extramural",Getz K; Hubbard RA; Linn KA,Q1_ml_imputation_clinical;Q3_MNAR_informative,True,included,True,False,True,False,True,False,False,False,False,False,False
36725096,Handling of missing data with multiple imputation in observational studies that address causal questions: protocol for a scoping review.,2023,BMJ Open,10.7326/M18-0850,"Journal Article;Research Support, Non-U.S. Gov't",Mainzer R; Moreno-Betancur M; Nguyen C; Simpson J; Carlin J; Lee K,Q3_MNAR_informative,True,included,True,False,False,False,True,False,True,False,False,False,True
36755407,Developing prediction models when there are systematically missing predictors in individual patient data meta-analysis.,2023,Res Synth Methods,10.1002/jrsm.1625,Journal Article,Seo M; Furukawa TA; Karyotaki E; Efthimiou O,Q2_MI_prediction_models,True,included,True,False,False,False,False,False,False,False,False,False,False
36823165,Predictive models in emergency medicine and their missing data strategies: a systematic review.,2023,NPJ Digit Med,10.7326/M18-1376,Journal Article;Review,Arnaud E; Elbattah M; Ammirati C; Dequen G; Ghazali DA,Q5_reporting_guidance,True,included,False,False,False,False,False,False,False,False,False,True,True
36928508,Identifying the mechanism of missingness for unspecified diabetic retinopathy disease severity in the electronic health record: an IRIS® Registry analysis.,2023,J Am Med Inform Assoc,10.1093/jamia/ocad037,Journal Article,Hatfield M; Nguyen TH; Chapman R; Myrick AC; Leng T; Mbagwu M; Baxi S; Torres AZ; Borkar DS,Q3_MNAR_informative,True,included,False,False,False,False,True,False,False,False,False,False,False
36997162,A multiple imputation-based sensitivity analysis approach for regression analysis with a missing not at random covariate.,2023,Stat Med,10.1186/1471-2288-14-11,"Journal Article;Research Support, N.I.H., Extramural",Hsu CH; He Y; Hu C; Zhou W,Q3_MNAR_informative,True,included,True,False,True,False,True,False,False,False,False,False,False
37105540,Imputation and missing indicators for handling missing data in the development and deployment of clinical prediction models: A simulation study.,2023,Stat Methods Med Res,10.48550/ARXIV.2211.01061,"Journal Article;Research Support, Non-U.S. Gov't",Sisk R; Sperrin M; Peek N; van Smeden M; Martin GP,Q2_MI_prediction_models;Q3_MNAR_informative;Q4_missing_indicator_deployment,True,included,True,False,False,False,True,True,True,False,False,False,False
37155612,Inverse Probability of Treatment Weighting and Confounder Missingness in Electronic Health Record-based Analyses: A Comparison of Approaches Using Plasmode Simulation.,2023,Epidemiology,10.1097/EDE.0000000000001618,Comparative Study;Journal Article,Vader DT; Mamtani R; Li Y; Griffith SD; Calip GS; Hubbard RA,Q3_MNAR_informative,True,included,True,False,False,False,True,False,False,False,False,False,False
37158137,Longitudinal self-learning of individualized treatment rules in a nutrient supplementation trial with missing data.,2023,Stat Med,10.1002/sim.9766,Randomized Controlled Trial;Journal Article,Zhou Y; Song PXK,Q1_ml_imputation_clinical,True,included,False,False,False,True,False,False,False,False,False,False,False
37179744,Neural networks based on attention architecture are robust to data missingness for early predicting hospital mortality in intensive care unit patients.,2023,Digit Health,10.1177/20552076231171482,Journal Article,Zeng Z; Liu Y; Yao S; Liu J; Xiao B; Liu C; Gong X,Q1_ml_imputation_clinical;Q2_MI_prediction_models;Q4_missing_indicator_deployment,True,included,True,False,False,False,False,True,True,False,False,False,False
37225066,A self-supervised learning-based approach to clustering multivariate time-series data with missing values (SLAC-Time): An application to TBI phenotyping.,2023,J Biomed Inform,10.1007/S12028-014-0042-4,"Journal Article;Research Support, U.S. Gov't, Non-P.H.S.;Research Support, N.I.H., Extramural",Ghaderi H; Foreman B; Nayebi A; Tipirneni S; Reddy CK; Subbian V,Q1_ml_imputation_clinical,True,included,False,False,False,True,False,False,False,False,False,False,False
37272826,[How to deal with missing data? Multiple imputation by chained equations: recommendations and explanations for clinical practice].,2023,Nephrol Ther,10.1684/ndt.2023.24,Journal Article,Legendre B; Cerasuolo D; Dejardin O; Boyer A,Q3_MNAR_informative,True,included,True,False,False,False,True,False,False,False,False,False,False
37285863,A unified hybrid transformer for joint MRI sequences super-resolution and missing data imputation.,2023,Phys Med Biol,10.1088/1361-6560/acdc80,"Journal Article;Research Support, Non-U.S. Gov't",Wang Y; Hu H; Yu S; Yang Y; Guo Y; Song X; Chen F; Liu Q,Q1_ml_imputation_clinical,True,included,False,False,True,True,False,False,False,False,False,False,False
37306629,Does the Presence of Missing Data Affect the Performance of the SORG Machine-learning Algorithm for Patients With Spinal Metastasis? Development of an Internet Application Algorithm.,2024,Clin Orthop Relat Res,10.1097/CORR.0000000000002706,"Journal Article;Multicenter Study;Research Support, Non-U.S. Gov't",Huang CC; Peng KP; Hsieh HC; Groot OQ; Yen HK; Tsai CC; Karhade AV; Lin YP; Kao YT; Yang JJ; Dai SH; Huang CC; Chen CW; Yen MH; Xiao FR; Lin WH; Verlaan JJ; Schwab JH; Hsu FM; Wong T; Yang RS; Yang SH; Hu MH,Q1_ml_imputation_clinical;Q4_missing_indicator_deployment,True,included,False,True,False,True,False,False,True,False,True,False,False
37316097,Handling missing values in healthcare data: A systematic review of deep learning-based imputation techniques.,2023,Artif Intell Med,10.1016/j.artmed.2023.102587,Systematic Review;Journal Article,Liu M; Li S; Yuan H; Ong MEH; Ning Y; Xie F; Saffari SE; Shang Y; Volovici V; Chakraborty B; Liu N,Q1_ml_imputation_clinical,True,included,False,False,True,True,False,False,False,False,True,False,True
37322818,A systematic approach towards missing lab data in electronic health records: A case study in non-small cell lung cancer and multiple myeloma.,2023,CPT Pharmacometrics Syst Pharmacol,10.1002/psp4.12998,"Journal Article;Research Support, Non-U.S. Gov't",Sondhi A; Weberpals J; Yerram P; Jiang C; Taylor M; Samant M; Cherng S,Q3_MNAR_informative,True,included,True,False,True,False,True,False,False,False,False,False,False
37338987,Comparison of Imputation Strategies for Incomplete Longitudinal Data in Life-Course Epidemiology.,2023,Am J Epidemiol,10.1093/aje/kwad139,"Journal Article;Research Support, N.I.H., Extramural",Shaw C; Wu Y; Zimmerman SC; Hayes-Larson E; Belin TR; Power MC; Glymour MM; Mayeda ER,Q3_MNAR_informative,True,included,True,False,False,True,True,False,True,False,False,False,False
37384608,Increasing efficiency of SVMp+ for handling missing values in healthcare prediction.,2023,PLOS Digit Health,10.1161/JAHA.114.001566,Journal Article,Zhang Y; Gao Z; Wittrup E; Gryak J; Najarian K,Q1_ml_imputation_clinical,True,included,False,False,False,False,False,False,True,False,False,False,False
37393785,A novel missing data imputation approach based on clinical conditional Generative Adversarial Networks applied to EHR datasets.,2023,Comput Biol Med,10.1016/j.compbiomed.2023.107188,Journal Article,Bernardini M; Doinychko A; Romeo L; Frontoni E; Amini MR,Q1_ml_imputation_clinical,True,included,False,False,True,False,False,False,False,False,False,False,False
37394874,Covariate adjustment in randomized clinical trials with missing covariate and outcome data.,2023,Stat Med,10.1002/sim.9840,"Journal Article;Research Support, Non-U.S. Gov't;Research Support, N.I.H., Extramural",Chang CR; Song Y; Li F; Wang R,Q4_missing_indicator_deployment,True,included,False,False,False,False,False,True,False,False,False,False,False
37422279,Cascaded Multi-Modal Mixing Transformers for Alzheimer's Disease Classification with Incomplete Data.,2023,Neuroimage,10.1016/j.neuroimage.2023.120267,"Journal Article;Research Support, U.S. Gov't, Non-P.H.S.;Research Support, N.I.H., Extramural;Research Support, Non-U.S. Gov't",Liu L; Liu S; Zhang L; To XV; Nasrallah F; Chandra SS,Q1_ml_imputation_clinical,True,included,False,False,False,True,False,False,False,False,False,False,False
37429511,Deep imputation of missing values in time series health data: A review with benchmarking.,2023,J Biomed Inform,10.1016/j.eswa.2021.115945,"Journal Article;Review;Research Support, N.I.H., Extramural",Kazijevs M; Samad MD,Q1_ml_imputation_clinical,True,included,False,False,False,True,False,False,False,False,False,False,False
37544038,Methods for handling missing binary data in substance use disorder trials.,2023,Drug Alcohol Depend,10.1093/biomet/asm070,"Journal Article;Review;Research Support, N.I.H., Extramural",Ren B; Lipsitz SR; Weiss RD; Fitzmaurice GM,Q3_MNAR_informative,True,included,False,False,False,True,True,False,False,False,False,True,False
37647237,Multiple imputation for non-monotone missing not at random data using the no self-censoring model.,2023,Stat Methods Med Res,10.1177/09622802231188520,"Journal Article;Research Support, N.I.H., Extramural",Ren B; Lipsitz SR; Weiss RD; Fitzmaurice GM,Q3_MNAR_informative;Q4_missing_indicator_deployment,True,included,True,False,False,True,True,True,False,False,False,False,False
37648995,Updating mortality risk estimation in intensive care units from high-dimensional electronic health records with incomplete data.,2023,BMC Med Inform Decis Mak,10.1038/s41746-019-0155-4,Journal Article,Bouvarel B; Carrat F; Lapidus N,Q1_ml_imputation_clinical,True,included,True,False,False,True,False,False,True,False,False,False,False
37657203,MVIRA: A model based on Missing Value Imputation and Reliability Assessment for mortality risk prediction.,2023,Int J Med Inform,10.1016/j.ijmedinf.2023.105191,"Journal Article;Research Support, Non-U.S. Gov't",Li B; Jin Y; Yu X; Song L; Zhang J; Sun H; Liu H; Shi Y; Kong F,Q1_ml_imputation_clinical,True,included,False,False,True,True,False,False,False,False,False,False,False
37662259,ReMiND: Recovery of Missing Neuroimaging using Diffusion Models with Application to Alzheimer's Disease.,2023,medRxiv,10.1101/2023.08.16.23294169,Preprint,Yuan C; Duan J; Tustison NJ; Xu K; Hubbard RA; Linn KA,Q1_ml_imputation_clinical,True,included,False,False,True,True,False,False,False,False,False,False,False
37703700,Extremely missing numerical data in Electronic Health Records for machine learning can be managed through simple imputation methods considering informative missingness: A comparative of solutions in a COVID-19 mortality case study.,2023,Comput Methods Programs Biomed,10.1016/j.cmpb.2023.107803,Journal Article,Ferri P; Romero-Garcia N; Badenes R; Lora-Pablos D; Morales TG; Gómez de la Cámara A; García-Gómez JM; Sáez C,Q1_ml_imputation_clinical;Q3_MNAR_informative,True,included,False,True,True,False,True,False,False,False,False,False,False
37727079,Trial arm outcome variance difference after dropout as an indicator of missing-not-at-random bias in randomized controlled trials.,2023,Biom J,10.1016/j.jclinepi.2017.05.017,"Journal Article;Research Support, Non-U.S. Gov't",Hazewinkel AD; Tilling K; Wade KH; Palmer T,Q3_MNAR_informative,True,included,True,False,False,True,True,False,False,False,False,False,False
37734955,Handling missing values in the analysis of between-hospital differences in ordinal and dichotomous outcomes: a simulation study.,2023,BMJ Qual Saf,10.1136/bmjqs-2023-016387,"Randomized Controlled Trial;Multicenter Study;Journal Article;Research Support, Non-U.S. Gov't",van Linschoten RCA; Amini M; van Leeuwen N; Eijkenaar F; den Hartog SJ; Nederkoorn PJ; Hofmeijer J; Emmer BJ; Postma AA; van Zwam W; Roozenbeek B; Dippel D; Lingsma HF;  ,Q3_MNAR_informative,True,included,True,False,False,False,True,False,False,False,False,False,False
37752860,A longitudinal transition imputation model for categorical data applied to a large registry dataset.,2023,Stat Med,10.1002/sim.9919,Journal Article,Mamouris P; Nassiri V; Verbeke G; Janssens A; Vaes B; Molenberghs G,Q3_MNAR_informative,True,included,True,False,False,True,True,False,True,False,False,False,False
37803172,The impact of imputation quality on machine learning classifiers for datasets with missing values.,2023,Commun Med (Lond),10.1162/neco.1995.7.1.108,Journal Article,Shadbahr T; Roberts M; Stanczuk J; Gilbey J; Teare P; Dittmer S; Thorpe M; Torné RV; Sala E; Lió P; Patel M; Preller J;  ; Rudd JHF; Mirtti T; Rannikko AS; Aston JAD; Tang J; Schönlieb CB,Q1_ml_imputation_clinical,True,included,False,False,False,False,False,False,False,False,False,False,False
37932660,"Missing data imputation, prediction, and feature selection in diagnosis of vaginal prolapse.",2023,BMC Med Res Methodol,10.1007/s00192-015-2695-8,"Journal Article;Research Support, Non-U.S. Gov't",Fan M; Peng X; Niu X; Cui T; He Q,Q1_ml_imputation_clinical,True,included,False,True,True,False,False,False,False,False,False,False,False
37976614,A probabilistic generative model to discover the treatments of coexisting diseases with missing data.,2024,Comput Methods Programs Biomed,10.1016/j.cmpb.2023.107870,Journal Article,Zaballa O; Pérez A; Gómez-Inhiesto E; Acaiturri-Ayesta T; Lozano JA,Q1_ml_imputation_clinical,True,included,False,False,False,False,False,False,False,False,False,False,False
38202043,In-Advance Prediction of Pressure Ulcers via Deep-Learning-Based Robust Missing Value Imputation on Real-Time Intensive Care Variables.,2023,J Clin Med,10.1016/j.ins.2020.11.035,Journal Article,Kim M; Kim TH; Kim D; Lee D; Kim D; Heo J; Kang S; Ha T; Kim J; Moon DH; Heo Y; Kim WJ; Lee SJ; Kim Y; Park SW; Han SS; Choi HS,Q1_ml_imputation_clinical,True,included,False,False,False,True,False,False,True,False,False,False,False
38202948,Dynamic Tensor Modeling for Missing Data Completion in Electronic Toll Collection Gantry Systems.,2023,Sensors (Basel),10.1109/TITS.2019.2950416,Journal Article,Rui Y; Zhao Y; Lu W; Wang C,Q4_missing_indicator_deployment,True,included,False,False,False,False,False,False,True,False,False,False,False
38222354,Real-world Application of Racial and Ethnic Imputation and Cohort Balancing Techniques to Deliver Equitable Clinical Trial Recruitment.,2023,AMIA Annu Symp Proc,,Journal Article,Craig KJ; Ji YJ; Zhang YC; Berk A; Zaleski A; Abdelsamad O; Coetzer H; Verbrugge DJ; Hua G,Q1_ml_imputation_clinical,True,included,False,False,False,False,False,False,False,False,False,False,False
38277246,Active Learning for Handling Missing Data.,2025,IEEE Trans Neural Netw Learn Syst,10.1109/TNNLS.2024.3352279,Journal Article,Tharwat A; Schenck W,Q2_MI_prediction_models,True,included,True,False,False,False,True,False,False,False,False,False,False
38346291,Missing Data Analysis.,2024,Annu Rev Clin Psychol,10.1146/annurev-clinpsy-080822-051727,Journal Article;Review,Little RJ,Q3_MNAR_informative,True,included,True,False,False,False,True,False,False,False,False,False,False
38365610,Comparison of the effects of imputation methods for missing data in predictive modelling of cohort study datasets.,2024,BMC Med Res Methodol,10.1111/1756-185X.14203,"Journal Article;Research Support, Non-U.S. Gov't",Li J; Guo S; Ma R; He J; Zhang X; Rui D; Ding Y; Li Y; Jian L; Cheng J; Guo H,Q2_MI_prediction_models,True,included,True,True,False,False,False,False,False,False,False,False,False
38400653,Handling missing data when estimating causal effects with targeted maximum likelihood estimation.,2024,Am J Epidemiol,10.48550/arXiv.2007.10393,"Journal Article;Research Support, Non-U.S. Gov't",Dashti SG; Lee KJ; Simpson JA; White IR; Carlin JB; Moreno-Betancur M,Q4_missing_indicator_deployment,True,included,True,False,False,False,False,True,False,False,False,False,False
38475061,Missing Data Statistics Provide Causal Insights into Data Loss in Diabetes Health Monitoring by Wearable Sensors.,2024,Sensors (Basel),10.4103/ijem.IJEM_156_17,Journal Article,Braem CIR; Yavuz US; Hermens HJ; Veltink PH,Q3_MNAR_informative,True,included,False,False,False,False,True,False,False,False,False,False,False
38487797,FRAMM: Fair ranking with missing modalities for clinical trial site selection.,2024,Patterns (N Y),10.5281/zenodo.10499129,Journal Article,Theodorou B; Glass L; Xiao C; Sun J,Q1_ml_imputation_clinical,True,included,False,False,False,False,False,False,False,False,True,False,False
38488632,Electronic Medical Record Data Missingness and Interruption in Antiretroviral Therapy Among Adults and Children Living With HIV in Haiti: Retrospective Longitudinal Study.,2024,JMIR Pediatr Parent,10.1111/tmi.12434,Journal Article,Secor AM; Célestin K; Jasmin M; Honoré JG; Wagner AD; Beima-Sofie K; Pintye J; Puttkammer N,Q4_missing_indicator_deployment,True,included,False,False,False,True,False,True,False,False,False,False,False
38630509,A Quantitative Bias Analysis Approach to Informative Presence Bias in Electronic Health Records.,2024,Epidemiology,10.48550/ARXIV.2001.09765,Journal Article,Zhang H; Clark AS; Hubbard RA,Q3_MNAR_informative,True,included,False,False,False,False,True,True,False,False,False,False,False
38637322,Recoverability and estimation of causal effects under typical multivariable missingness mechanisms.,2024,Biom J,10.1002/bimj.202200326,"Journal Article;Research Support, Non-U.S. Gov't",Zhang J; Dashti SG; Carlin JB; Lee KJ; Moreno-Betancur M,Q4_missing_indicator_deployment,True,included,True,False,False,False,True,True,True,False,False,False,False
38638298,Exploring the impact of missingness on racial disparities in predictive performance of a machine learning model for emergency department triage.,2023,JAMIA Open,10.1007/s13178-021-00541-6,Journal Article,Teeple S; Smith A; Toerper M; Levin S; Halpern S; Badaki-Makun O; Hinson J,Q1_ml_imputation_clinical,True,included,False,False,False,False,False,False,True,False,True,False,False
38684331,Distributional imputation for the analysis of censored recurrent events.,2024,Stat Med,10.1080/10543406.2017.1333999,"Journal Article;Research Support, N.I.H., Extramural;Research Support, U.S. Gov't, Non-P.H.S.",Fairfax SR; Yang S,Q3_MNAR_informative,True,included,True,False,False,True,True,False,False,False,False,False,False
38722146,Improved clinical data imputation via classical and quantum determinantal point processes.,2024,Elife,10.1016/j.jbi.2017.11.003,"Journal Article;Research Support, Non-U.S. Gov't",Kazdaghli S; Kerenidis I; Kieckbusch J; Teare P,Q1_ml_imputation_clinical,True,included,True,True,False,False,False,False,False,False,False,False,False
38879861,Relationship between reasons for intermittent missing patient-reported outcomes data and missing data mechanisms.,2024,Qual Life Res,10.1186/s12874-020-01180-y,Journal Article,Nielsen LK; Mercieca-Bebber R; Möller S; Redder L; Jarden M; Andersen CL; Frederiksen H; Svirskaite A; Silkjær T; Steffensen MS; Pedersen PT; Hinge M; Frederiksen M; Jensen BA; Helleberg C; Mylin AK; Abildgaard N; King MT,Q3_MNAR_informative,True,included,False,False,False,False,True,False,False,False,False,False,False
38883261,Testing unit root non-stationarity in the presence of missing data in univariate time series of mobile health studies.,2024,J R Stat Soc Ser C Appl Stat,10.1080/17437199.2017.1343680,Journal Article,Fowler C; Cai X; Baker JT; Onnela JP; Valeri L,Q3_MNAR_informative,True,included,True,False,False,True,True,False,False,False,False,False,False
38886744,The impact of different imputation methods on estimates and model performance: an example using a risk prediction model for premature mortality.,2024,Popul Health Metr,10.1177/0962280210394469,Journal Article,Hurst M; O'Neill M; Pagalan L; Diemert LM; Rosella LC,Q2_MI_prediction_models,True,included,True,False,False,False,False,False,False,False,False,False,False
38897921,Nonparametric empirical Bayes biomarker imputation and estimation.,2024,Stat Med,10.1002/sim.10150,Journal Article,Barbehenn A; Zhao SD,Q3_MNAR_informative,True,included,False,False,False,False,True,False,False,False,False,False,False
38976465,Unified Multi-Modal Image Synthesis for Missing Modality Imputation.,2025,IEEE Trans Med Imaging,10.1109/TMI.2024.3424785,"Journal Article;Research Support, Non-U.S. Gov't",Zhang Y; Peng C; Wang Q; Song D; Li K; Kevin Zhou S,Q1_ml_imputation_clinical,True,included,False,False,True,False,False,False,False,False,False,False,False
39011102,IRTCI: Item Response Theory for Categorical Imputation.,2024,Res Sq,10.1145/3269206.3272005,Journal Article;Preprint,Kline A; Luo Y,Q1_ml_imputation_clinical,True,included,True,True,True,False,False,False,False,False,False,False,False
39046616,The FACT-GP5 as a global tolerability measure: responsiveness and robustness to missing assessments.,2024,Qual Life Res,10.1080/15248371003699969,Journal Article;Randomized Controlled Trial,Arizmendi C; Zhu Y; Khan M; Gable J; Reeve BB; King-Kallimanis B; Bell J,Q3_MNAR_informative,True,included,False,False,False,True,True,False,False,False,False,True,False
39166944,Abdominal perfusion pressure is critical for survival analysis in patients with intra-abdominal hypertension: mortality prediction using incomplete data.,2025,Int J Surg,10.1097/JS9.0000000000002026,Journal Article,Xu L; Zhao W; He J; Hou S; He J; Zhuang Y; Wang Y; Yang H; Xiao J; Qiu Y,Q1_ml_imputation_clinical,True,included,False,False,True,False,False,False,False,False,False,False,False
39176827,"Continuous, Learned Imputation of Missing Values in Parkinson's Disease.",2024,Stud Health Technol Inform,10.3233/SHTI240499,"Journal Article;Research Support, Non-U.S. Gov't",Gundler C; Pötter-Nerger M,Q1_ml_imputation_clinical,True,included,True,True,True,False,False,False,False,False,False,False,False
39176840,Comparison of Imputation Methods for Categorical Real-World Prostate Cancer Data with Natural Order.,2024,Stud Health Technol Inform,10.3233/SHTI240780,Journal Article;Comparative Study,Schmitt S; Rothlauf F,Q2_MI_prediction_models,True,included,True,True,False,False,False,False,False,False,False,False,False
39198744,Identify the most appropriate imputation method for handling missing values in clinical structured datasets: a systematic review.,2024,BMC Med Res Methodol,10.1108/DTA-12-2020-0298,Journal Article;Systematic Review,Afkanpour M; Hosseinzadeh E; Tabesh H,Q1_ml_imputation_clinical,True,included,False,False,False,False,False,False,False,False,False,False,True
39199698,A Comparative Study on Imputation Techniques: Introducing a Transformer Model for Robust and Efficient Handling of Missing EEG Amplitude Data.,2024,Bioengineering (Basel),10.1109/JBHI.2021.3073632,Journal Article,Khan MA,Q1_ml_imputation_clinical,True,included,False,True,False,True,False,False,False,False,False,False,False
39215245,Multi-metric comparison of machine learning imputation methods with application to breast cancer survival.,2024,BMC Med Res Methodol,10.1093/aje/kwab271,Journal Article;Comparative Study,El Badisy I; Graffeo N; Khalis M; Giorgi R,Q1_ml_imputation_clinical,True,included,True,True,False,False,False,False,False,False,False,False,False
39243025,Handling missing data and measurement error for early-onset myopia risk prediction models.,2024,BMC Med Res Methodol,10.1097/00006324-200401000-00007,Journal Article,Lai H; Gao K; Li M; Li T; Zhou X; Zhou X; Guo H; Fu B,Q2_MI_prediction_models,True,included,True,False,False,False,True,False,False,False,False,False,False
39248704,Functional Principal Component Analysis as an Alternative to Mixed-Effect Models for Describing Sparse Repeated Measures in Presence of Missing Data.,2024,Stat Med,10.1002/sim.10214,"Journal Article;Research Support, Non-U.S. Gov't",Ségalas C; Helmer C; Genuer R; Proust-Lima C,Q3_MNAR_informative,True,included,False,False,False,True,True,False,False,False,False,False,False
39267895,SADI: Similarity-Aware Diffusion Model-Based Imputation for Incomplete Temporal EHR Data.,2024,Proc Mach Learn Res,,Journal Article,Dai Z; Getzen E; Long Q,Q3_MNAR_informative,True,included,False,False,True,True,True,False,False,False,False,False,False
39326470,The performance of prognostic models depended on the choice of missing value imputation algorithm: a simulation study.,2024,J Clin Epidemiol,10.1016/j.jclinepi.2024.111539,"Journal Article;Research Support, Non-U.S. Gov't",Deforth M; Heinze G; Held U,Q1_ml_imputation_clinical;Q2_MI_prediction_models,True,included,True,True,False,False,False,False,False,False,False,False,False
39371143,Federated Multiple Imputation for Variables that Are Missing Not At Random in Distributed Electronic Health Records.,2024,medRxiv,10.1101/2024.09.15.24313479,Journal Article;Preprint,Lian Y; Jiang X; Long Q,Q1_ml_imputation_clinical;Q3_MNAR_informative,True,included,True,False,False,False,True,False,False,False,True,False,False
39375597,Multiple imputation using auxiliary imputation variables that only predict missingness can increase bias due to data missing not at random.,2024,BMC Med Res Methodol,10.1093/biomet/asx009,Journal Article,Curnow E; Cornish RP; Heron JE; Carpenter JR; Tilling K,Q3_MNAR_informative,True,included,True,False,False,False,True,False,False,False,False,False,False
39387063,Attention-based Imputation of Missing Values in Electronic Health Records Tabular Data.,2024,Proc (IEEE Int Conf Healthc Inform),10.1016/j.jbi.2023.104440,Journal Article,Kowsar I; Rabbani SB; Samad MD,Q1_ml_imputation_clinical,True,included,False,False,False,False,False,False,False,False,False,False,False
39521197,A systematic review of reporting and handling of missing data in observational studies using the UNOS database.,2025,J Heart Lung Transplant,10.1016/j.healun.2024.10.023,Journal Article;Systematic Review,Baker WL; Moore TE; Baron E; Kittleson M; Parker WF; Jaiswal A,Q4_missing_indicator_deployment,True,included,True,False,False,False,False,True,False,False,False,True,True
39538117,Accounting for bias due to outcome data missing not at random: comparison and illustration of two approaches to probabilistic bias analysis: a simulation study.,2024,BMC Med Res Methodol,10.1101/2023.10.17.23297137v1,Journal Article;Comparative Study,Kawabata E; Major-Smith D; Clayton GL; Shapland CY; Morris TP; Carter AR; Fernández-Sanlés A; Borges MC; Tilling K; Griffith GJ; Millard LAC; Smith GD; Lawlor DA; Hughes RA,Q3_MNAR_informative,True,included,True,False,False,False,True,False,False,False,False,False,False
39552060,Recoverability of causal effects under presence of missing data: a longitudinal case study.,2025,Biostatistics,10.18637/jss.v076.i12,"Journal Article;Research Support, Non-U.S. Gov't",Holovchak A; McIlleron H; Denti P; Schomaker M,Q3_MNAR_informative,True,included,True,False,False,True,True,False,False,False,False,False,False
39562681,Interpretable machine learning model for digital lung cancer prescreening in Chinese populations with missing data.,2024,NPJ Digit Med,10.1038/s41746-023-00887-8,Journal Article,Zhang S; Wang Q; Hu X; Zhang B; Sun S; Yuan Y; Jia X; Yu Y; Xue F,Q1_ml_imputation_clinical,True,included,False,False,False,False,False,False,True,False,False,False,False
39635227,Moving Beyond Medical Statistics: A Systematic Review on Missing Data Handling in Electronic Health Records.,2024,Health Data Sci,10.34133/hds.0176,Journal Article;Review,Ren W; Liu Z; Wu Y; Zhang Z; Hong S; Liu H;  ,Q1_ml_imputation_clinical;Q3_MNAR_informative,True,included,True,True,True,True,True,False,False,False,False,False,True
39638313,Double Sampling for Informatively Missing Data in Electronic Health Record-Based Comparative Effectiveness Research.,2024,Stat Med,10.1002/sim.10298,"Journal Article;Research Support, N.I.H., Extramural",Levis AW; Mukherjee R; Wang R; Fischer H; Haneuse S,Q3_MNAR_informative,True,included,False,False,False,False,True,False,False,False,False,False,False
39656746,Estimating marginal treatment effect in cluster randomized trials with multi-level missing outcomes.,2024,Biometrics,10.1093/biomtc/ujae135,Journal Article,Chang CR; Wang R,Q3_MNAR_informative,True,included,False,False,False,False,True,False,False,False,False,False,False
39707925,Applying machine learning-based multiple imputation methods to nonparametric multiple comparisons in longitudinal clinical studies.,2026,J Biopharm Stat,10.1080/10543406.2024.2444243,Journal Article;Comparative Study,Yanarateş T; Karabulut E,Q1_ml_imputation_clinical,True,included,True,False,False,True,False,False,False,False,False,False,False
39720752,Autoencoder imputation of missing heterogeneous data for Alzheimer's disease classification.,2024,Healthc Technol Lett,10.3389/fgene.2019.00233,Journal Article,Haridas NT; Sanchez-Bornot JM; McClean PL; Wong-Lin K;  ,Q1_ml_imputation_clinical,True,included,False,False,True,False,False,False,False,False,False,False,False
39839962,Comparative study of imputation strategies to improve the sarcopenia prediction task.,2025,Digit Health,10.1177/20552076241301960,Journal Article,Karimov S; Turimov D; Kim W; Kim J,Q1_ml_imputation_clinical,True,included,True,True,False,False,False,False,False,False,False,False,False
39928467,Missing not at random intensive longitudinal data with dynamic structural equation models.,2025,Psychol Methods,10.1037/met0000742,Journal Article,McNeish D,Q3_MNAR_informative,True,included,True,False,False,True,True,False,False,False,False,True,False
39943253,Addressing Missing Data Challenges in Geriatric Health Monitoring: A Study of Statistical and Machine Learning Imputation Methods.,2025,Sensors (Basel),10.7717/peerj-cs.623,Journal Article,Sasu GV; Ciubotaru BI; Goga N; Vasilățeanu A,Q3_MNAR_informative,True,included,False,True,True,True,True,False,False,False,False,False,False
39978430,Imputation of missing aggregate EHR audit log data across individual and multiple organizations.,2025,J Biomed Inform,10.1016/j.jbi.2025.104805,"Journal Article;Research Support, Non-U.S. Gov't",Li H; Apathy NC; Holmgren AJ; Melnick ER; McDougal RA,Q1_ml_imputation_clinical,True,included,False,False,False,True,False,False,True,False,True,False,False
39984843,Comprehensive implementations of multiple imputation using retrieved dropouts for continuous endpoints.,2025,BMC Med Res Methodol,10.1056/NEJMoa2302392,Journal Article,Wang S; Schwartz PF; Mancuso JP,Q3_MNAR_informative,True,included,True,False,True,True,True,False,True,False,False,True,False
40014930,Antimicrobial minimum inhibitory concentrations can be imputed from phenotypic data using a random forest approach.,2025,Am J Vet Res,10.1089/fpd.2010.0673,Journal Article,Anil G; Glass J; Mosaddegh A; Cazer CL,Q1_ml_imputation_clinical,True,included,False,False,False,False,False,False,False,False,False,False,False
40039068,Deep STI: Deep Stochastic Time-series Imputation on Electronic Health Records.,2024,Annu Int Conf IEEE Eng Med Biol Soc,10.1109/EMBC53108.2024.10782239,Journal Article,Cheng MC; Hsieh YH; Hsu TC; Su TH; Lin C,Q1_ml_imputation_clinical,True,included,False,False,False,True,False,False,False,False,False,False,False
40079649,Pattern Mixture Sensitivity Analyses via Multiple Imputations for Non-Ignorable Dropout in Joint Modeling of Cognition and Risk of Dementia.,2025,Stat Med,10.1002/sim.2712,Journal Article,Gorbach T; Carpenter JR; Frost C; Josefsson M; Nicholas J; Nyberg L,Q3_MNAR_informative,True,included,True,False,False,True,True,False,False,False,False,False,False
40080075,Imputation and Missing Indicators for Handling Missing Longitudinal Data: Data Simulation Analysis Based on Electronic Health Record Data.,2025,JMIR Med Inform,10.1186/s12874-020-01068-x,"Journal Article;Research Support, N.I.H., Extramural",Ehrig M; Bullock GS; Leng XI; Pajewski NM; Speiser JL,Q3_MNAR_informative;Q4_missing_indicator_deployment,True,included,True,False,False,True,True,True,False,False,False,False,False
40083604,Causal Inference With Outcome-Dependent Missingness And Self-Censoring.,2023,Proc Mach Learn Res,,Journal Article,Chen JM; Malinsky D; Bhattacharya R,Q4_missing_indicator_deployment,True,included,False,False,False,False,False,True,False,False,False,True,False
40086749,Handling non-ignorable missing intimal hyperplasia data - Lessons from the VEST trial.,2025,Contemp Clin Trials,10.1016/j.cct.2025.107878,"Journal Article;Research Support, Non-U.S. Gov't",Overbey JR; Raymond S; Chang H; Bagiella E,Q3_MNAR_informative,True,included,True,False,True,False,True,False,False,False,False,False,False
40188085,Comparison of different approaches in handling missing data in longitudinal multiple-item patient-reported outcomes: a simulation study.,2025,Health Qual Life Outcomes,10.1002/pst.2058,Journal Article;Comparative Study,Yan M; Zhou L; Zhao C; Shi C; Ou C,Q3_MNAR_informative,True,included,True,False,False,True,True,False,False,False,False,False,False
40192015,Estimating weighted quantile treatment effects with missing outcome data by double sampling.,2025,Biometrics,10.1093/biomtc/ujaf038,Journal Article,Sun S; Haneuse S; Levis AW; Lee C; Arterburn DE; Fischer H; Shortreed S; Mukherjee R,Q3_MNAR_informative,True,included,False,False,False,False,True,False,False,False,False,False,False
40198303,Illuminating the Path to Enhanced Resilience of Machine Learning Models Against the Shadows of Missing Labels.,2025,IEEE J Biomed Health Inform,10.1109/JBHI.2025.3558846,"Journal Article;Research Support, Non-U.S. Gov't",Nikolay S; Rachid T; Sebastien M; Helene S,Q1_ml_imputation_clinical,True,included,False,False,True,False,False,False,False,False,False,False,False
40217663,Preserving Informative Presence: How Missing Data and Imputation Strategies Affect the Performance of an AI-Based Early Warning Score.,2025,J Clin Med,10.1186/s12911-022-01752-6,Journal Article,Sim T; Hahn S; Kim KJ; Cho EY; Jeong Y; Kim JH; Ha EY; Kim IC; Park SH; Cho CH; Yu GI; Cho H; Lee KB,Q3_MNAR_informative,True,included,True,False,False,False,True,True,False,False,False,False,False
40314701,A fast and robust geometric point cloud registration model for orthopedic surgery with noisy and incomplete data.,2025,Int J Comput Assist Radiol Surg,10.1515/bmt-2024-0396,Journal Article,Zhao J; Xu Z; He F; Liu J; Jiang Z,Q1_ml_imputation_clinical,True,included,False,False,False,True,False,False,False,False,False,False,False
40343821,How Deep is Your Guess? A Fresh Perspective on Deep Learning for Medical Time-Series Imputation.,2025,IEEE J Biomed Health Inform,10.1109/JBHI.2025.3568778,"Journal Article;Research Support, Non-U.S. Gov't",Qian L; Ellis HL; Wang T; Wang J; Mitra R; Dobson R; Ibrahim Z,Q1_ml_imputation_clinical,True,included,False,False,False,True,False,False,True,False,False,False,False
40344756,Assessing and validating machine learning-enhanced imputation of admission American Spinal Injury Association Impairment Scale grades for spinal cord injury.,2025,J Neurosurg Spine,10.3171/2025.1.SPINE241135,Journal Article;Validation Study,Jillala RR; Aude CA; Vattipally VN; Ran KR; Jiang K; Weber-Levine C; Davidar AD; Hersh AM; Jo J; Lubelski D; Bydon A; Witham T; Theodore N; Azad TD,Q1_ml_imputation_clinical,True,included,False,True,False,True,False,False,False,False,False,False,False
40380492,GRU-D Characterizes Age-Specific Temporal Missingness in MIMIC-IV.,2025,Stud Health Technol Inform,10.3233/SHTI250382,Journal Article,Giesa N; Akguel M; Boie SD; Balzer F,Q1_ml_imputation_clinical,True,included,False,False,False,True,False,False,False,False,False,False,False
40382465,Flexible imputation toolkit for electronic health records.,2025,Sci Rep,10.32614/RJ-2018-014,Journal Article,Vafaei Sadr A; Li J; Hwang W; Yeasin M; Wang M; Lehmann H; Zand R; Abedi V,Q1_ml_imputation_clinical,True,included,False,False,True,False,False,False,False,False,False,False,False
40384521,Causal Inference With Outcomes Truncated by Death and Missing Not at Random.,2025,Stat Med,10.1002/sim.70126,Journal Article,Li W; Liu Y; Luo S; Geng Z,Q3_MNAR_informative,True,included,False,False,False,False,True,False,False,False,False,False,False
40417515,Federated Multiple Imputation for Variables that Are Missing Not At Random in Distributed Electronic Health Records.,2024,AMIA Annu Symp Proc,,Journal Article,Lian Y; Jiang X; Long Q,Q1_ml_imputation_clinical;Q3_MNAR_informative,True,included,True,False,False,False,True,False,False,False,True,False,False
40421571,Evaluating Methods for Imputing Race and Ethnicity in Electronic Health Record Data.,2025,Health Serv Res,10.1016/j.jbi.2016.10.016,Journal Article,Conderino S; Divers J; Dodson JA; Thorpe LE; Weiner MG; Adhikari S,Q3_MNAR_informative,True,included,True,True,False,False,True,False,False,False,False,False,False
40440333,Impute the missing data by combining retrieved dropouts and return to baseline method.,2025,PLoS One,10.1007/s43441-024-00691-w,Journal Article,Li X; Yang Z; Yuan C; Liu J; Li Z,Q3_MNAR_informative,True,included,True,False,False,False,True,False,False,False,False,False,False
40448035,Deep learning-driven modality imputation and subregion segmentation to enhance high-grade glioma grading.,2025,BMC Med Inform Decis Mak,10.1158/2159-8290.CD-20-1474,Journal Article,Yu J; Liu Q; Xu C; Zhou Q; Xu J; Zhu L; Chen C; Zhou Y; Xiao B; Zheng L; Zhou X; Zhang F; Ye Y; Mi H; Zhang D; Yang L; Wu Z; Wang J; Chen M; Zhou Z; Wang H; Wang VY; Wang E; Xu D,Q1_ml_imputation_clinical,True,included,False,False,False,True,False,False,False,False,False,False,False
40501856,Machine Learning for Missing Data Imputation in Alzheimer's Research: Predicting Medial Temporal Lobe Flexibility.,2025,bioRxiv,10.1101/2025.05.22.655574,Journal Article;Preprint,Moallemian S; Saghafi A; Deshpande R; Perez JM; Budak M; Fausto BA; Elahi F; Gluck MA,Q1_ml_imputation_clinical,True,included,True,True,True,False,False,False,False,False,False,False,False
40514039,Predicting time to live birth with deep learning embryo ranking: a novel multiple imputation approach.,2025,Hum Reprod,10.1093/humrep/deaf102,"Journal Article;Research Support, Non-U.S. Gov't",Bori L; Johansen MN; Berntsen J; Parner ET; Meseguer M,Q1_ml_imputation_clinical,True,included,True,False,False,False,False,False,False,False,False,False,False
40526536,DiffM4RI: A Latent Diffusion Model With Modality Inpainting for Synthesizing Missing Modalities in MRI Analysis.,2026,IEEE J Biomed Health Inform,10.1109/JBHI.2025.3580510,Journal Article,Ye W; Guo Z; Ren Y; Tian Y; Shen Y; Chen Z; He J; Ke J; Shen Y,Q1_ml_imputation_clinical,True,included,False,False,True,False,False,False,False,False,False,False,False
40534499,Incorporation of missing indicator with multiple imputation in propensity score analysis with partially observed covariates: A simulation study.,2025,Stat Methods Med Res,10.1177/09622802251338365,Journal Article,Yucel Karakaya SP; Unal I,Q4_missing_indicator_deployment,True,included,True,False,False,False,True,True,False,False,True,False,False
40563810,Bridging the Gap: Missing Data Imputation Methods and Their Effect on Dementia Classification Performance.,2025,Brain Sci,10.1016/j.patcog.2022.109240,Journal Article,Aracri F; Bianco MG; Quattrone A; Sarica A,Q1_ml_imputation_clinical,True,included,True,True,False,False,False,False,False,False,False,False,False
40598240,Implicit bias in ICU electronic health record data: measurement frequencies and missing data rates of clinical variables.,2025,BMC Med Inform Decis Mak,10.1016/j.knosys.2022.108968,Journal Article,Shi J; Hubbard AE; Fong N; Pirracchio R,Q1_ml_imputation_clinical,True,included,False,False,False,False,False,False,False,False,True,False,False
40621507,Unsupervised Imputation of Non-ignorably Missing Data Using Importance-Weighted Autoencoders.,2025,Stat Biopharm Res,10.1080/19466315.2024.2368787,Journal Article,Lim DK; Rashid NU; Oliva JB; Ibrahim JG,Q1_ml_imputation_clinical;Q3_MNAR_informative,True,included,True,False,True,False,False,False,False,False,False,False,False
40706946,Federated causal discovery with missing data in a multicentric study on endometrial cancer.,2025,J Biomed Inform,10.1016/j.jbi.2025.104877,"Journal Article;Research Support, Non-U.S. Gov't",Zanga A; Bernasconi A; Lucas PJF; Pijnenborg H; Reijnen C; Scutari M; Constantinou AC,Q3_MNAR_informative,True,included,False,False,False,False,False,False,False,False,False,False,False
40754039,Combining multiple imputation with internal model validation in clinical prediction modeling: a systematic methodological review.,2025,J Clin Epidemiol,10.1016/j.jclinepi.2025.111916,"Journal Article;Systematic Review;Research Support, Non-U.S. Gov't",Awounvo S; Kieser M; Feißt M,Q2_MI_prediction_models,True,included,True,False,False,False,False,False,True,False,False,False,False
40755962,Enhancing early gestational diabetes mellitus prediction with imputation-based machine learning framework: A comparative study on real-world clinical records.,2025,Digit Health,10.48550/arXiv.2103.09316,Journal Article,Ma L; Yang L; Wang Y; Hao J; Li Y; Ma L; Wang Z; Li Y; Zhang S; Hu M; Li J; Sun Y,Q1_ml_imputation_clinical,True,included,True,False,False,False,False,False,False,False,True,False,False
40772740,Combining Missing Data Imputation and Internal Validation in Clinical Risk Prediction Models.,2025,Stat Med,10.1245/s10434-018-6370-4,Journal Article,Mi J; Tendulkar RD; Sittenfeld SMC; Patil S; Zabor EC,Q2_MI_prediction_models,True,included,True,False,False,False,False,False,False,False,False,False,False
40785964,The status of Saudi measures of deprivation: A review with policy recommendations on a missing indicator in Saudi epidemiologic research.,2025,J Family Community Med,10.4103/jfcm.jfcm_331_24,Journal Article;Review,AlOmar RS,Q4_missing_indicator_deployment,True,included,False,False,False,False,False,True,False,False,False,False,True
40787210,Robust causal inference for point exposures with missing confounders.,2025,Can J Stat,10.2202/1544-6115.1309,Journal Article,Levis AW; Mukherjee R; Wang R; Haneuse S,Q1_ml_imputation_clinical,True,included,False,False,True,False,False,False,False,False,False,False,False
40802824,Image Imputation with conditional generative adversarial networks captures clinically relevant imaging features on computed tomography.,2025,PLOS Digit Health,10.1016/j.jacr.2014.12.012,Journal Article,Rich J; Le J; Raad R; Tejura T; Rastegarpour A; Gill I; Duddalwar V; Oberai A,Q1_ml_imputation_clinical,True,included,False,False,True,False,False,False,False,False,False,False,False
40811016,Cumulative Logit Ordinal Regression With Proportional Odds Under Nonignorable Missing Responses-Application to Phase III Trial.,2025,Stat Med,10.1002/sim.70114,Journal Article,Maity AK; Tan H; Pradhan V; Bandyopadhyay S,Q3_MNAR_informative,True,included,False,False,False,False,True,False,False,False,False,False,False
40854951,A novel machine learning framework for stroke type identification in resource constrained settings with robustness to missing data.,2025,Sci Rep,10.1038/s41598-025-16660-8,Journal Article,Bhardwaj A; Antil Y; Srivastava MVP; Vinny PW; Vishnu VY; Garg R,Q1_ml_imputation_clinical,True,included,True,False,False,False,False,False,False,False,False,False,False
40859427,Machine-Learning Models With Multiple Imputation With Sequential Nearest Neighbors Imputation for Predicting the Prognosis of Idiopathic Sudden Sensorineural Hearing Loss Patients.,2026,Ear Hear,10.1097/AUD.0000000000001711,Journal Article,Jin Y; Li M; Li M; Fan H; Gong H; Chen W; Zhang M; Yu Y; Luo W; Zhang X,Q1_ml_imputation_clinical,True,included,True,False,False,False,False,False,False,False,False,False,False
40879452,Implementing response-adaptive designs when responses are missing: Impute or ignore?,2025,Stat Methods Med Res,10.1177/09622802251366843,Journal Article,Tackney MS; Villar SS,Q3_MNAR_informative,True,included,False,False,False,False,True,False,False,False,False,False,False
40886713,Prediction of postoperative infections by strategic data imputation and explainable machine learning.,2025,J Am Med Inform Assoc,10.1093/bjsopen/zrac031,Journal Article,Guillen-Ramirez H; Sanchez-Taltavull D; Perrodin S; Peisl S; Triep K; Gaudet-Blavignac C; Endrich O; Beldi G,Q1_ml_imputation_clinical,True,included,False,False,False,True,True,False,False,False,False,False,False
40929733,The effects of missing data due to study dropout on longitudinal analysis inference using outcome-dependent sampling.,2025,Int J Epidemiol,10.1093/ije/dyaf150,Journal Article,Wilson MP; Erlandson KM; Moore CM; MaWhinney S,Q3_MNAR_informative,True,included,False,False,False,True,True,False,False,False,False,False,False
40944104,Missing Data in OHCA Registries: How Imputation Methods Affect Research Conclusions-Paper I.,2025,J Clin Med,10.18637/jss.v074.i07,Journal Article,Zhan SJ; Saffari SE; Ong MEH; Siddiqui FJ,Q1_ml_imputation_clinical,True,included,False,True,False,False,False,False,True,False,False,False,False
40990498,Data imputation and domain-adaptive prediction of 1-year postoperative mortality in geriatric hip fracture patients following arthroplasty from multi-center study.,2026,Int J Surg,10.1097/JS9.0000000000003427,Journal Article;Multicenter Study,Lu X; Zeng C; Gong Z; Jin R; Zhang Z; Liu K; Hu N; Xiao J; Xiong Y,Q1_ml_imputation_clinical,True,included,False,True,False,False,False,False,False,False,False,False,False
41063002,Exploring the impact of missing data on maternal tobacco program results: an analysis of self-efficacy on smoking cessation.,2025,BMC Public Health,10.1002/sim.9299,Journal Article,Zhao M; Langworthy B,Q3_MNAR_informative,True,included,True,False,False,False,True,False,False,False,False,False,False
41094997,Med-Diffusion: Diffusion Model-Based Imputation of Multimodal Sensor Data for Surgical Patients.,2025,Sensors (Basel),10.18637/jss.v045.i04,Journal Article,Cheng Z; Zhang B; Hu Y; Du Y; Liu T; Zhang Z; Lu C; Zhou S; Cui Z,Q1_ml_imputation_clinical,True,included,False,False,True,False,False,False,False,False,False,False,False
41103673,Comparison of missing data handling methods for variant pathogenicity predictors.,2025,NAR Genom Bioinform,10.5281/zenodo.6656616,Journal Article;Comparative Study,Särkkä M; Myöhänen S; Marinov K; Saarinen I; Lahti L; Fortino V; Paananen J,Q1_ml_imputation_clinical,True,included,False,False,False,False,False,False,False,False,False,False,False
41134947,An Alignment and Imputation Network (AINet) for Breast Cancer Diagnosis With Multimodal Multi-View Ultrasound Images.,2026,IEEE Trans Med Imaging,10.1109/TMI.2025.3625254,Journal Article,Chen H; Li Y; Zhang J; Yang L; Sun Y; Chen Y; Zhou S; Li Z; Qian X; Xu Q; Shen D,Q1_ml_imputation_clinical,True,included,False,False,False,False,False,False,False,False,False,False,False
41167252,Within- and Between-Individual Compliance in Mobile Health: Joint Modeling Approach to Nonrandom Missingness in an Intensive Longitudinal Observational Study.,2025,JMIR Mhealth Uhealth,10.1037/hea0000292,"Journal Article;Observational Study;Research Support, N.I.H., Extramural",Cho YW; Chow SM; Li J; Wang WL; Wang S; Ji L; Chinchilli VM; Intille SS; Dunton GF,Q3_MNAR_informative,True,included,False,False,False,True,True,False,False,False,False,False,False
41171661,Gaussian Mixture Conditional Variational Recurrent Neural Network for Unified Trajectory Imputation and Prediction.,2026,IEEE Trans Pattern Anal Mach Intell,10.1109/TPAMI.2025.3627470,Journal Article,Xu Y; Fu Y,Q4_missing_indicator_deployment,True,included,False,False,False,True,False,False,True,False,False,False,False
41193533,Using item response theory as a methodology to impute categorical missing values.,2025,Sci Rep,10.1007/s10462-019-09709-4,Journal Article,Kline A; Luo Y,Q1_ml_imputation_clinical,True,included,True,True,True,False,False,False,False,False,False,False,False
41237368,Methods for Addressing Missingness in Electronic Health Record Data for Clinical Prediction Models: Comparative Evaluation.,2025,JMIR Med Inform,10.2202/1544-6115.1309,"Journal Article;Comparative Study;Research Support, N.I.H., Extramural",Digitale J; Franzon D; Pletcher MJ; McCulloch CE; Gennatas ED,Q1_ml_imputation_clinical;Q2_MI_prediction_models;Q4_missing_indicator_deployment,True,included,True,True,False,False,False,False,True,False,False,False,False
41257183,A practical approach to handling missing sputum samples in airway disease research.,2025,ERJ Open Res,10.1016/j.jclinepi.2006.01.014,Journal Article,Frøssing L; Hansen S; Hvidtfeldt M; Sverrild A; Porsbjerg C,Q2_MI_prediction_models,True,included,True,False,False,False,False,False,False,False,False,False,False
41257449,A Bayesian Two-Step Multiple Imputation Approach Based on Mixed Models for Missing EMA Data.,2025,Stat Med,10.18637/jss.v067.i01,Journal Article,Wei Y; Siddique J; Spring B; Hedeker D,Q4_missing_indicator_deployment,True,included,True,False,False,True,False,False,True,False,False,False,False
41258357,Robust missing data reconstruction in schizophrenia using tracking-removed autoencoder with fuzzy confidence integration.,2025,Sci Rep,10.1371/journal.pbio.3000966,Journal Article,Mateen M; Fatima U,Q1_ml_imputation_clinical,True,included,False,False,True,False,False,False,False,False,False,True,False
41291471,How to manage missing covariates in randomized controlled trials: a comparison of strategies.,2025,BMC Med Res Methodol,10.1056/NEJMsr1203730,Journal Article;Comparative Study,Zhang S; Si Y; Dziak JJ,Q4_missing_indicator_deployment,True,included,True,False,False,False,False,True,False,False,True,False,False
41332389,Clustering-Informed Shared-Structure Variational Autoencoder for Missing Data Imputation in Large-Scale Healthcare Data.,2025,Stat Med,10.1093/jamiaopen/ooae008,Journal Article,Khadem Charvadeh Y; Seier K; Panageas KS; Vaithilingam D; Gönen M; Chen Y,Q1_ml_imputation_clinical;Q3_MNAR_informative,True,included,False,False,True,False,True,False,False,False,False,False,False
41335883,Advancing Survival Analysis with Large Language Models: A Solution to Data Scarcity and Missing Information in Healthcare.,2025,Annu Int Conf IEEE Eng Med Biol Soc,10.1109/EMBC58623.2025.11254763,Journal Article,Vestengen A; Qadir HA; Fretland AA; Von Gohren Edwin B; Balasingham I,Q1_ml_imputation_clinical,True,included,False,False,False,False,False,False,False,False,False,False,False
41336779,MTID-TS: Multimodal Training with Incomplete Data using Teacher-Student-Based Strategy on Medical Domain.,2025,Annu Int Conf IEEE Eng Med Biol Soc,10.1109/EMBC58623.2025.11254421,Journal Article,Chen OT; Li IH; Jong YJ; Yang YH; Hsieh HM; Chou MC; Tseng VS,Q4_missing_indicator_deployment,True,included,False,False,False,False,False,True,False,False,False,False,False
41352488,"A modern AI framework integrating deep imputation, synthetic data balancing, and explainable modeling for survival prediction in horse colic.",2026,Ann Anat,10.1016/j.aanat.2025.152767,Journal Article,Ozger ZB; Cihan P; Ozaydin I,Q1_ml_imputation_clinical,True,included,False,False,True,True,False,False,False,False,False,False,False
41374569,Self-Attention-Based Deep Learning for Missing Sensor Data Imputation in Real-Time Probe Card Monitoring.,2025,Sensors (Basel),10.1016/j.atmosenv.2014.11.049,Journal Article,Bejani M; Mauri M; Mariani S,Q4_missing_indicator_deployment,True,included,False,False,True,True,False,False,True,False,False,False,False
41379846,DynamicSeq2SeqXGB for PM2.5 imputation in extremely sparse environmental monitoring networks.,2025,PLoS One,10.1371/journal.pone.0334252,Journal Article,Safarov R; Shomanova Z; Nossenko Y; Kopishev E; Bexeitova Z; Atasoy E,Q4_missing_indicator_deployment,True,included,False,False,True,True,False,False,True,False,False,False,False
41407102,Evaluating missing outcome data methods for the analysis of the MEL-SELF trial of patient-led surveillance for early-stage melanoma: A simulation study.,2026,Contemp Clin Trials,10.1016/j.cct.2025.108186,Journal Article,Medcalf E; Turner RM; Espinoza D; Zhu L; Bell KJL,Q3_MNAR_informative,True,included,True,False,False,False,True,False,False,False,False,False,False
41408835,Missing Values in Empirical Research: Theory and Practice. Part 39 of a Series on the Evaluation of Scientific Publications.,2026,Dtsch Arztebl Int,10.3238/arztebl.m2025.0213,Journal Article;Review,Schaefer E; Lang A; Piedboeuf-Potyka K; Kuss O,Q3_MNAR_informative,True,included,True,False,False,False,True,False,False,False,False,False,False
41422132,HMLA: A hybrid machine learning approach for enhancing stroke prediction models with missing data imputation techniques.,2025,Sci Rep,10.1038/d41586-019-03013-5,Journal Article,Singh MS; Thongam K; Kumar K; Choudhary P,Q1_ml_imputation_clinical,True,included,False,True,True,False,False,False,False,False,False,False,False
41442289,CSAI: Conditional Self-Attention Imputation for Healthcare Time-Series.,2026,IEEE J Biomed Health Inform,10.1109/JBHI.2025.3648181,Journal Article,Qian L; Raj JA; Logan-Ellis H; Zhang A; Zhang Y; Wang T; Dobson RJ; Ibrahim Z,Q1_ml_imputation_clinical,True,included,False,False,False,True,False,False,False,False,False,False,False
41450719,Lung Cancer Risk Estimation with Incomplete Data: A Joint Missing Imputation Perspective.,2021,Med Image Comput Comput Assist Interv,10.1016/j.patrec.2005.10.010,Journal Article,Gao R; Tang Y; Xu K; Lee HH; Deppen S; Sandler K; Massion P; Lasko TA; Huo Y; Landman BA,Q1_ml_imputation_clinical,True,included,False,False,True,False,False,False,False,False,False,False,False
41475375,Patient-reported outcomes may be 'missing not at random' in hip and knee arthroplasty.,2026,Bone Joint J,10.1302/0301-620X.108B1.BJJ-2025-0683.R1,Journal Article;Multicenter Study,Kornvig S; Jakobsen TH; Gromov K; Timm S; Varnum C,Q3_MNAR_informative,True,included,True,False,False,False,True,False,False,False,False,True,False
41512677,"Real world deployment of a pancreatic cancer risk model: impact of refitting, imputation, and computational burden.",2026,EBioMedicine,10.1016/j.ebiom.2025.106118,Journal Article,Chen W; Zhou B; Luong TQ; Xie F; Wu BU,Q2_MI_prediction_models;Q4_missing_indicator_deployment,True,included,True,False,False,False,False,False,True,False,False,False,False
41542066,A Framework for Locally Imputing and Predicting Biomarker Trajectories Under Irregular Monitoring: Application to Chronic Myeloid Leukemia.,2026,Res Sq,10.1200/CCI-2500003,Journal Article;Preprint,Montano-Campos F; Heagerty P; Haupt E; Hahn E; Radich J; Bansal A,Q1_ml_imputation_clinical,True,included,True,False,False,True,False,False,False,False,False,False,False
41595302,Predictive Models for Early Infection Detection in Nursing Home Residents: Evaluation of Imputation Techniques and Complementary Data Sources.,2026,Healthcare (Basel),10.1016/j.ipm.2020.102213,Journal Article,Granda M; Santamera-Lastras M; Garcés-Jiménez A; Bueno-Guillén FJ; Rodríguez-Puyol DM; Gómez-Pulido JM,Q1_ml_imputation_clinical,True,included,False,False,False,False,False,False,False,False,False,False,False
41616740,A comparative evaluation of handling missing data points and modalities in electronic health records.,2026,Int J Med Inform,10.1016/j.ijmedinf.2026.106302,Journal Article;Comparative Study;Review,Bhandari A; Tyagi S,Q1_ml_imputation_clinical;Q3_MNAR_informative,True,included,False,False,True,True,True,False,False,False,False,False,False
41620021,Handling missing data in longitudinal randomized clinical trials within the framework of targeted learning under MAR and MNAR.,2026,Contemp Clin Trials,10.1016/j.cct.2026.108245,Journal Article,Jin M,Q3_MNAR_informative,True,included,False,False,False,True,True,False,False,False,False,False,False
41640879,Coronary heart disease risk prediction based on GAIN imputation and interpretable machine learning.,2025,Front Genet,10.3389/fmed.2023.1291352,Journal Article,Zhao S; Nan B; Guo J; Xu W; Li Z,Q1_ml_imputation_clinical,True,included,False,False,True,False,False,False,True,False,False,False,False
41645114,Multiple imputation for missing values in ordinal variables from cancer registry data when performing Cox proportional hazards regression.,2026,BMC Med Res Methodol,10.1177/0962280218772592,Journal Article,Kästner A; Hoffmann W; Hüsing J; Stang A; Hüsing A,Q3_MNAR_informative,True,included,True,False,False,False,True,False,False,False,True,False,False
41646733,Time-series ECG Imputation Using a Pattern-Based Masking Framework.,2026,medRxiv,10.1007/s41666-020-00077-1,Journal Article;Preprint,Suba S; Novak A; Xia X; Al-Zaiti SS; Pelter MM,Q1_ml_imputation_clinical;Q4_missing_indicator_deployment,True,included,True,True,False,True,False,False,True,False,False,False,False
41662302,Early Prediction of Adverse Stroke Outcomes Using Nonclinical Factors and Missing Data: A Machine Learning Study.,2026,Cerebrovasc Dis,10.1159/000550930,Journal Article,Tvrda L; Mavromati K; Lamprou S; Cisek K; Zihni E; Kelleher JD; Quinn TJ,Q1_ml_imputation_clinical,True,included,False,False,False,False,False,False,False,False,False,False,False
41667568,Benchmarking imputation strategies for missing time-series data in critical care using real-world-inspired scenarios.,2026,Sci Rep,10.1101/2022.05.09.22274680v1,Journal Article,Poette M; Mouysset S; Ruiz D; Pey V; Alliot JM; Minville V,Q1_ml_imputation_clinical,True,included,True,True,True,True,False,False,False,False,False,False,False
41680206,A novel approach to preeclampsia early prediction addressing predictive uncertainty due to missing data in clinical dataset.,2026,Sci Rep,10.1038/s41746-021-00521-5,Journal Article,Kim JW; Kim N; Kim JY; Han HJ; Yang SJ; Han YJ; Park HJ; Boo HY; Kwak DW; Lee HJ; Jung SH; Ahn EH; Lim JH; Ryu HM,Q1_ml_imputation_clinical,True,included,False,False,False,False,False,False,True,False,False,False,False
41723323,AI-based imputation of anti-Müllerian hormone enables robust prediction of oocyte retrieval during controlled ovarian stimulation.,2026,J Assist Reprod Genet,10.1016/j.rbmo.2024.104451,Journal Article,Lee J; Park HJ; Yang SG; Kim KY,Q1_ml_imputation_clinical,True,included,False,False,False,False,False,False,False,False,False,False,False
41832549,Anticipating incomplete patient-reported outcomes in schizophrenia: a machine learning approach to predict the occurrence of missing data.,2026,Health Qual Life Outcomes,10.1186/s12913-024-12103-8,Journal Article,Barbalat G; Plasse J; Chéreau-Boudet I; Gouache B; Legros-Lafarge E; Guillard-Bouhet N; Franck N,Q1_ml_imputation_clinical,True,included,False,False,False,False,False,False,False,False,False,False,False
41886728,SGA-DT: An adaptive fusion framework for missing data imputation and interpretable healthcare classification.,2026,PLoS One,10.1016/j.health.2022.100130,Journal Article,Jena M; Dehuri S; Cho SB,Q1_ml_imputation_clinical,True,included,False,True,False,False,False,False,False,False,False,False,False
41900421,Handling Missing Race and Ethnicity in an EHR-Based Study Through Integration of Individual Measures and Neighborhood Sociodemographic and Socioeconomic Measures.,2026,Microorganisms,10.3390/app14219863,Journal Article,Li C; Mosaddegh A; Immergluck L; Owusu S; Chowdhury SF; Baltrus P,Q1_ml_imputation_clinical,True,included,True,True,False,False,False,False,False,False,True,False,False
41905724,Handling missing patient-reported outcomes in longitudinal clinical trials: a simulation study.,2026,J Clin Epidemiol,10.1016/j.jclinepi.2026.112254,Journal Article,Khan H,Q1_ml_imputation_clinical;Q3_MNAR_informative,True,included,True,True,False,True,True,False,False,False,False,False,False
41918802,Denoising autoencoder framework for reconstructing missing periodontal clinical records.,2026,Front Dent Med,10.1016/j.cmpb.2024.108523,Journal Article,Mathew A; Yadalam PK,Q1_ml_imputation_clinical,True,included,False,False,True,False,False,False,False,False,False,False,False
41930364,MUSE-Net: Missingness-aware mUlti-branching Self-attention Encoder for Irregular Longitudinal Electronic Health Records.,2026,IEEE Trans Autom Sci Eng,10.1109/tase.2026.3672337,Journal Article,Wang Z; Liu T; Yao B,Q1_ml_imputation_clinical,True,included,False,False,False,True,False,False,False,False,False,False,False
41946890,The future of power forecasting: neuromorphic-axolotl hybrid intelligence revolutionizing grid operations through bio-inspired missing data mastery.,2026,Sci Rep,10.1016/j.eswa.2008.02.066,Journal Article,Alhag SK; Elbaz M; Moghanm FS; Al-Shuraym LA; El-Mesery HS; Mahdi AA; Draz MM,Q4_missing_indicator_deployment,True,included,False,False,False,True,True,False,True,False,False,False,False
41964891,Missing data considerations for patient reported outcome measures in randomized controlled trials.,2026,J Patient Rep Outcomes,10.1177/0962280216654511,Journal Article,Wang F; Deng S; Sun J; Lin C; Jiang S; Norquist JM; Golm GT; Xie J; Guan Y; Wang WWB; Xu L; Mei H; Li Y,Q3_MNAR_informative,True,included,True,False,False,False,True,False,False,False,False,False,True
41975401,"Multimodal deep learning with missing data robustness for enhanced early diagnosis of coronary artery disease using CCTA, clinical, and ECG data.",2026,BMC Med Inform Decis Mak,10.1038/s41467-023-38125-0,Journal Article,Tu Y; Yang X; Liu F; Ai R; Luo Y; ChunYan R; Yang G; Zhang T; Jiang L,Q1_ml_imputation_clinical,True,included,False,False,False,False,False,False,True,False,False,False,False
41986823,"Evaluating Homoscedastic Uncertainty Weighting and Generative Tau Imputation in a Multimodal, Multitask Deep Learning Framework for Alzheimer's Disease.",2026,Neuroinformatics,10.3390/app13158953,Journal Article,Caposova R; Blackwell T,Q1_ml_imputation_clinical,True,included,False,False,True,True,False,False,False,False,False,False,False
42015033,Comparing methods for handling missing data in electronic health records for dynamic risk prediction of central-line associated bloodstream infection.,2026,BMC Med Res Methodol,10.3390/bdcc9120321,Journal Article;Comparative Study,Gao S; Albu E; Stijnen P; Rademakers F; Cossey V; Debaveye Y; Janssens C; Van Calster B; Wynants L,Q2_MI_prediction_models;Q4_missing_indicator_deployment,True,included,True,True,False,True,False,True,False,False,False,False,False
42063297,Imputation of Missing Continuous Glucose Monitor Data.,2026,J Diabetes Sci Technol,10.2337/dc23-S007,"Journal Article;Research Support, U.S. Gov't, P.H.S.;Research Support, N.I.H., Extramural",Kuang A; Yu Y; Siddique J; Scholtens D,Q1_ml_imputation_clinical,True,included,False,False,False,False,False,False,False,False,False,False,False
42076541,Missing Data Gap Imputation Methods in Electroencephalogram (EEG) Signals: A Systematic Scoping Review.,2026,Sensors (Basel),10.3390/bioengineering11080740,Journal Article;Scoping Review,Bergmann T; Movshovich M; Shao Y; Ryznar J; Nemoga-Stout X; Marquez I; Herath I; Sainbhi AS; Vakitbilir N; Silvaggio N; Hasan R; Stein KY; Shaheen H; Moon J; Zeiler FA,Q1_ml_imputation_clinical;Q4_missing_indicator_deployment,True,included,False,False,False,False,False,False,True,False,False,True,True
42110656,Imputation Free Deep Survival Prediction with Conditional Variational Autoencoders.,2026,J Healthc Inform Res,10.1002/sim.2427,Journal Article,Hong N; Acharya A; Gokhale K; Cooper J; Gadd C; Crowe F; Nirantharakumar K; Yau C,Q1_ml_imputation_clinical;Q4_missing_indicator_deployment,True,included,False,False,True,False,True,False,True,False,False,False,False
42121053,A comparative analysis in a clinical cohort: multiple imputation by chained equations and a novel super learner-based imputation approach.,2026,BMC Med Res Methodol,10.1007/s10462-019-09709-4,Journal Article;Comparative Study,Zbysinski T; Wu L; Dale J; Coates J; Sapiah K; Reuben J; Markson F; Kulkarni U; Islam N,Q1_ml_imputation_clinical,True,included,True,False,False,False,False,False,False,False,False,False,False
42133887,Mode Effects Between Mobile Web and Telephone Surveys on Patient Experience Scores in South Korea: Secondary Analysis of a Randomized Controlled Trial Under Various Missingness Scenarios.,2026,J Med Internet Res,10.1002/pst.2348,Journal Article;Randomized Controlled Trial,Choi YG; Koo BM; Song Y; Do YK,Q3_MNAR_informative,True,included,True,False,False,False,True,False,False,False,True,False,False
42141903,Missing Data Essentials Part 1: Detecting and Evaluating Patterns of Missingness in Longitudinal Cardiovascular Studies.,2026,Eur J Cardiovasc Nurs,10.1093/eurjcn/zvag130,Journal Article,Denfeld QE; Hiatt SO; Dieckmann N; Lee CS,Q3_MNAR_informative,True,included,False,False,False,True,True,False,False,False,False,False,False
42144942,Missing Data Sensitivity Analyses for Alcohol Research.,2026,Alcohol Clin Exp Res (Hoboken),10.1037/met0000826,Journal Article,Enders CK; Ray LA,Q3_MNAR_informative,True,included,False,False,False,False,True,False,True,False,False,True,False
42159665,Incorporating Auxiliary Information into Assessment of Accuracy and Discrimination of Risk Models When Some Predictors are Missing.,2026,Stat Med,10.1002/sim.70587,Journal Article,Pfeiffer RM; Loeb TR; Shin YE,Q2_MI_prediction_models,True,included,True,False,False,False,False,False,False,False,False,False,False
42174923,Qualifying Missingness in Real-World Clinical Data for Secondary Use.,2026,Stud Health Technol Inform,10.3233/SHTI260248,Journal Article,Fracasso P; Pierre-Jean M; Coatrieux G; Cuggia M; Cabon S,Q3_MNAR_informative,True,included,False,False,False,False,False,False,False,False,False,False,True
42175357,A Novel Approach for Handling Missing Data in Multivariate Time Series Clustering: Case Study on Predicting Delayed Graft Function.,2026,Stud Health Technol Inform,10.3233/SHTI260690,Journal Article,Momaya M; Simon G; Duarte S; Pruinelli L,Q1_ml_imputation_clinical;Q3_MNAR_informative,True,included,True,False,False,True,True,False,False,False,False,False,False
42194254,Prediction Pipeline Selection for Incomplete Clinical Data via Missingness Fingerprints and Instance Augmentation.,2026,Bioengineering (Basel),10.13026/KPB9-MT58,Journal Article,Li R; Shen Z; Wu C; Li J; Tian Y,Q1_ml_imputation_clinical;Q3_MNAR_informative;Q4_missing_indicator_deployment,True,included,False,True,False,False,True,False,True,False,False,False,False
42230868,Missing-data-aware machine learning prediction of in-hospital major adverse cardiovascular events after primary percutaneous coronary intervention for ST-segment elevation myocardial infarction.,2026,Sci Rep,10.1007/s10557-018-6783-0,Journal Article,Mirzohreh ST; Roshanravan N; Suleymanov T; Makarov DM; Zargarzadeh A; Javanshir E; Separham A; Ghaffari A; Motlagh PM; Ghaffari S; Jouyban A,Q1_ml_imputation_clinical,True,included,False,False,False,True,True,False,True,False,False,False,False
42271239,Predictive averaging and Rubin's rule-based model pooling to predict survival risk with imputations in the presence of missing patient data: methodology and verification using two case studies and simulations.,2026,BMC Med Res Methodol,10.1080/01621459.1965.10480817,Journal Article,Mertens BJA; van der Burg LLJ; Donal E; Ajmone Marsan N; de Wreede LC,Q2_MI_prediction_models,True,included,True,False,False,False,False,False,False,False,False,False,False
42276103,Transformer imputation in CTG: a length-dependent evaluation of reconstruction methods.,2026,Biomed Phys Eng Express,10.1088/2057-1976/ae7c08,Journal Article,Hirono Y; Kai C; Ishizuka S; Kasai S,Q1_ml_imputation_clinical,True,included,False,False,False,True,False,False,True,False,False,False,False
42350989,"The hidden bias of missing data: multiple imputation reveals geographic disparities and nutrition-WASH synergy as drivers of childhood diarrhea in Nigeria- a cross-sectional analysis of 33,924 children.",2026,BMC Pediatr,10.1016/S0140-6736(21)00394-9,Journal Article,Ashaolu JO; Kaisi LA; Alabi GO; Esther OA; Sylvain YM,Q3_MNAR_informative,True,included,True,False,False,False,True,False,False,False,True,False,False
42351512,Bridging Machine Learning and Clinical Endpoints: A METABRIC-Informed Simulation Study of Missing Data Imputation for RECIST-Based Best Overall Response.,2026,Diagnostics (Basel),10.1001/jama.2016.18305,Journal Article,Tan F; Long B,Q1_ml_imputation_clinical;Q3_MNAR_informative,True,included,True,True,False,True,False,False,False,False,False,False,False
42384514,Explanation-Guided Reconstruction of Missing Clinical Features for Survival Prediction in Pancreatic Cancer.,2026,IEEE J Biomed Health Inform,10.1109/JBHI.2026.3708916,Journal Article,Karimzadeh R; Kollbeck S; Brandt EGS; Andersen MB; Muller CF; Rodell AB; Sillesen M; Ibragimov B,Q1_ml_imputation_clinical,True,included,False,False,True,False,False,False,False,False,False,False,False
42453694,MANNERS: A strategy for representation learning in multivariate datasets with high proportions of missing data.,2026,Patterns (N Y),10.5281/zenodo.19111199,Journal Article,Bellmann L; Nielsen M; Breitfeld P,Q1_ml_imputation_clinical,True,included,False,False,False,True,False,False,False,False,False,False,False
42455044,A comparison of missing data approaches for linear regression with missing not at random outcome and predictors.,2026,Stat Methods Med Res,10.32614/CRAN.package.ui,Journal Article;Comparative Study,Gorbach T; Morris TP; Carpenter JR,Q3_MNAR_informative,True,included,True,False,False,True,True,False,False,False,False,False,False
42461742,Enhancing Medical Data Imputation Using a Denoising Autoencoder with Missing-Neighborhood Perturbation.,2026,IEEE Trans Nanobioscience,10.1109/TNB.2026.3714127,Journal Article,Qi H; Cao C; Yang W; Deng L,Q1_ml_imputation_clinical,True,included,True,False,True,False,False,False,False,False,False,False,False
42465886,Robust Longitudinal Dementia Prediction under Systemic Missingness via Hierarchical Fusion and Test-Time Adaptation.,2026,medRxiv,10.1002/hbm.70280,Journal Article;Preprint,Zhang C; Li H; Tian F; Sina ML; Orban C; Chen C; Zhou JH; Yeo BTT;  ;  ,Q1_ml_imputation_clinical,True,included,False,False,True,True,False,False,False,False,False,False,False
42486195,Missing lactate values in critical care registries: a multiple imputation framework for cardiogenic shock research.,2026,J Clin Epidemiol,10.1016/j.jclinepi.2026.112426,Journal Article,Thiesmeier R; Park JG; Patel SM; Murphy SA; Orsini N; Morrow DA; Bellavia A,Q2_MI_prediction_models,True,included,True,False,False,False,True,False,False,False,False,False,False
42489787,Continuous imputation of blood gas and metabolic panel laboratory values in the intensive care unit using machine learning.,2026,J Clin Monit Comput,10.1001/jamainternmed.2016.6834,Journal Article,Mamandipoor B; Krause M; Korti P; Hsu CN; Gabriel RA,Q1_ml_imputation_clinical,True,included,False,False,False,True,False,False,True,False,False,False,False
42507705,Mission imputable: Effects of missing data processing on infectious disease detection and prognosis.,2026,PLoS One,10.1109/mcse.2007.55,Journal Article,Roy SS; Nguyen NT; Zuniga A; Sarhaddi F; Lagerspetz E; Flores H; Nurmi P,Q3_MNAR_informative,True,included,True,False,False,False,True,False,False,False,False,False,False
42523517,Imputation-free transformer learning enables robust Alzheimer's disease prediction and calibrated uncertainty quantification across heterogeneous clinical cohorts.,2026,ArXiv,10.48550/arXiv.2504.14610,Journal Article;Preprint,Diaz CS; Baghirova N; Vũ DT; Can DC; Allali G; Ryvlin P; Chén OY,Q1_ml_imputation_clinical;Q4_missing_indicator_deployment,True,included,False,False,False,True,False,False,True,False,False,False,False
42539221,Bayesian Factor Analysis for Binary and Ordinal Phenotypes with Missingness.,2026,bioRxiv,10.1038/s41562-024-02061-w,Journal Article;Preprint,Shashaank N; Knowles DA,Q3_MNAR_informative,True,included,False,False,False,False,True,False,False,False,False,False,False
42577821,Bounding causal effects with an unknown mixture of informative and non-informative missingness.,2026,J Causal Inference,10.1515/jci-2025-0028,Journal Article,Rubinstein M; Agniel D; Han L; Horvitz-Lennon M; Normand SL,Q3_MNAR_informative,True,included,False,False,False,False,True,False,False,False,False,False,False
42622853,Within-person reliability of composite scores or single-item responses with missing intensive longitudinal data.,2026,Psychol Methods,10.1037/met0000865,Journal Article,McNeish D,Q3_MNAR_informative,True,included,False,False,False,True,True,False,False,False,False,False,False
42630411,"Quantifying the imputation paradox and XAI inconsistency in multi-source diabetes prediction: a 353,680-record leakage-free stacking ensemble with dynamic routing architecture.",2026,Front Artif Intell,10.3389/fgene.2018.00515,Journal Article,Nanda Kishore M; Navaneethan C,Q1_ml_imputation_clinical;Q3_MNAR_informative,True,included,False,False,False,False,True,False,False,False,False,False,False
42639652,Decision-Support Framework for Nutritional Risk in Small Cell Lung Cancer: A Time-Series Model Using Imputation Strategies for Incomplete Clinical Data.,2026,Thorac Cancer,10.1002/jcsm.12383,Journal Article,Pan R; Zhao Y; Wang M; Liu W; Ji S; Liu Y; Zhang Y; Ma C; Chen M; Xu Y,Q1_ml_imputation_clinical,True,included,True,True,False,True,False,False,False,False,False,False,False
42743616,Scalable multiple imputation for national-scale healthcare registries and EHR pipelines.,2026,Int J Med Inform,10.1016/j.ijmedinf.2026.106717,Journal Article,Morvan H; Agholme J; Eliasson B; Olofsson K; Grote L; Iredahl F; Sysoev O,Q1_ml_imputation_clinical,True,included,True,False,True,False,False,False,True,False,False,False,False
42756335,SSR-stacking: a hybrid GNN-ensemble framework for high-myopia classification under simulated baseline-SE missingness.,2026,Front Public Health,10.1038/s41746-025-02308-4,Journal Article,Zhao N; Zheng R; Huang Z; Li C; Lu J; Dai C; Tang Z; Wang J,Q1_ml_imputation_clinical;Q4_missing_indicator_deployment,True,included,False,False,False,True,True,False,True,False,False,False,False
42809583,"Evaluating the Cyclical Hybrid Imputation Technique (CHIT) under MCAR, MAR, and MNAR missing data mechanisms: Evidence from health datasets.",2026,PLoS One,10.3390/su17041536,Journal Article,Kotan K; Kırışoğlu S,Q1_ml_imputation_clinical;Q3_MNAR_informative,True,included,True,True,False,False,True,False,False,False,False,False,False
42813619,MADE: leveraging informative missingness and temporal evaluation for electronic health record-based deterioration prediction in general wards.,2026,J Am Med Inform Assoc,10.1093/jamia/ocag124,Journal Article,Mun Y; Ahn JH; Lee CY; Ahn B; Huh JW; Chung KS,Q1_ml_imputation_clinical;Q3_MNAR_informative,True,included,True,False,True,True,True,False,False,False,False,False,False
