pmid,title,year,journal,doi,pubtypes,authors,queries,title_pass,stage
24905193,A pattern-mixture model with nonfuture dependence and shift in current missing values.,2015,J Biopharm Stat,10.1080/10543406.2014.920852,Journal Article,Lu K; Chen C; Li D,Q3_MNAR_informative,True,S2_ex_E1
24985535,The Abdominal Aortic Aneurysm Statistically Corrected Operative Risk Evaluation (AAA SCORE) for predicting mortality after open and endovascular interventions.,2015,J Vasc Surg,10.1016/j.jvs.2014.06.002,"Comparative Study;Journal Article;Research Support, Non-U.S. Gov't;Validation Study",Ambler GK; Gohel MS; Mitchell DC; Loftus IM; Boyle JR;  ,Q2_MI_prediction_models,False,S1_excluded_title
25170740,A 'missing not at random' (MNAR) and 'missing at random' (MAR) growth model comparison with a buprenorphine/naloxone clinical trial.,2015,Addiction,10.1111/add.12714,"Comparative Study;Journal Article;Research Support, N.I.H., Extramural;Research Support, Non-U.S. Gov't",McPherson S; Barbosa-Leiker C; Mamey MR; McDonell M; Enders CK; Roll J,Q3_MNAR_informative,True,included
25185878,"A case study of normalization, missing data and variable selection methods in lipidomics.",2015,Stat Med,10.1002/sim.6296,"Journal Article;Research Support, Non-U.S. Gov't",Kujala M; Nevalainen J,Q3_MNAR_informative,True,included
25393385,Power and sample size calculations for the Wilcoxon-Mann-Whitney test in the presence of death-censored observations.,2015,Stat Med,10.1002/sim.6355,"Journal Article;Research Support, N.I.H., Extramural",Matsouaka RA; Betensky RA,Q3_MNAR_informative,False,S1_excluded_title
25411324,Treatment comparison in randomized clinical trials with nonignorable missingness: A reverse regression approach.,2017,Stat Methods Med Res,10.1177/0962280214558865,"Journal Article;Research Support, N.I.H., Intramural",Zhang Z; Cheon K,Q3_MNAR_informative,True,included
25460205,Incorporating temporal EHR data in predictive models for risk stratification of renal function deterioration.,2015,J Biomed Inform,10.1056/NEJMra0809139,"Journal Article;Research Support, N.I.H., Extramural;Research Support, Non-U.S. Gov't;Research Support, U.S. Gov't, Non-P.H.S.",Singh A; Nadkarni G; Gottesman O; Ellis SB; Bottinger EP; Guttag JV,Q1_ml_imputation_clinical,False,S1_excluded_title
25627429,Missing not at random models for masked clinical trials with dropouts.,2015,Clin Trials,10.1177/1740774514566662,Journal Article,Kang S; Little RJ; Kaciroti N,Q3_MNAR_informative,True,included
25630926,The estimation and use of predictions for the assessment of model performance using large samples with multiply imputed data.,2015,Biom J,10.1002/bimj.201400004,Journal Article,Wood AM; Royston P; White IR,Q2_MI_prediction_models,True,included
25637143,Prognostic survival model for people diagnosed with invasive cutaneous melanoma.,2015,BMC Cancer,10.1002/sim.6300,"Journal Article;Research Support, Non-U.S. Gov't",Baade PD; Royston P; Youl PH; Weinstock MA; Geller A; Aitken JF,Q2_MI_prediction_models,False,S1_excluded_title
25663182,Imputation of systematically missing predictors in an individual participant data meta-analysis: a generalized approach using MICE.,2015,Stat Med,10.1002/sim.6451,"Journal Article;Research Support, Non-U.S. Gov't",Jolani S; Debray TP; Koffijberg H; van Buuren S; Moons KG,Q2_MI_prediction_models,True,S2_ex_E2
25710907,"From data to optimal decision making: a data-driven, probabilistic machine learning approach to decision support for patients with sepsis.",2015,JMIR Med Inform,10.1109/72.991427,Journal Article,Tsoukalas A; Albertson T; Tagkopoulos I,Q1_ml_imputation_clinical,False,S1_excluded_title
25725446,Missing data imputation on the 5-year survival prediction of breast cancer patients with unknown discrete values.,2015,Comput Biol Med,10.1016/j.compbiomed.2015.02.006,"Journal Article;Research Support, Non-U.S. Gov't",García-Laencina PJ; Abreu PH; Abreu MH; Afonoso N,Q1_ml_imputation_clinical,True,included
25740592,Addressing Missing Data in Patient-Reported Outcome Measures (PROMS): Implications for the Use of PROMS for Comparing Provider Performance.,2016,Health Econ,10.1002/hec.3173,Journal Article,Gomes M; Gutacker N; Bojke C; Street A,Q3_MNAR_informative,True,included
25758841,Missing laboratory test data in electronic general practice records: analysis of rheumatoid factor recording in the clinical practice research datalink.,2015,Pharmacoepidemiol Drug Saf,10.1002/pds.3750,"Journal Article;Research Support, Non-U.S. Gov't",Sammon CJ; Miller A; Mahtani KR; Holt TA; McHugh NJ; Luqmani RA; Nightingale AL,Q3_MNAR_informative,True,S2_ex_E1
25821508,Knowledge mining from clinical datasets using rough sets and backpropagation neural network.,2015,Comput Math Methods Med,10.1016/j.eswa.2013.08.044,Journal Article,Nahato KB; Harichandran KN; Arputharaj K,Q1_ml_imputation_clinical,False,S1_excluded_title
25872503,SMS-based smoking cessation intervention among university students: study protocol for a randomised controlled trial (NEXit trial).,2015,Trials,10.1080/14622200210123581,"Journal Article;Randomized Controlled Trial;Research Support, Non-U.S. Gov't",Müssener U; Bendtsen M; Karlsson N; White IR; McCambridge J; Bendtsen P,Q3_MNAR_informative,False,S1_excluded_title
25904607,Risk scores to facilitate preoperative prediction of transfusion and large volume blood transfusion associated with adult cardiac surgery.,2015,Br J Anaesth,10.1093/bja/aeu483,"Journal Article;Multicenter Study;Research Support, Non-U.S. Gov't",Goudie R; Sterne JA; Verheyden V; Bhabra M; Ranucci M; Murphy GJ,Q2_MI_prediction_models,False,S1_excluded_title
25953402,Realization of a service for the long-term risk assessment of diabetes-related complications.,2015,J Diabetes Complications,10.1016/j.jdiacomp.2015.03.011,"Journal Article;Research Support, Non-U.S. Gov't;Validation Study",Lagani V; Chiarugi F; Manousos D; Verma V; Fursse J; Marias K; Tsamardinos I,Q1_ml_imputation_clinical,False,S1_excluded_title
25962444,"A holistic comparative analysis of diagnostic tests for urothelial carcinoma: a study of Cxbladder Detect, UroVysion® FISH, NMP22® and cytology based on imputation of multiple datasets.",2015,BMC Med Res Methodol,10.1073/pnas.1409432111,Comparative Study;Journal Article,Breen V; Kasabov N; Kamat AM; Jacobson E; Suttie JM; O'Sullivan PJ; Kavalieris L; Darling DG,Q1_ml_imputation_clinical,True,included
25976869,Assessing treatment effects with surrogate survival outcomes using an internal validation subsample.,2015,Clin Trials,10.1177/1740774515583488,"Journal Article;Research Support, N.I.H., Extramural;Research Support, U.S. Gov't, Non-P.H.S.",Zee J; Xie SX;  ,Q4_missing_indicator_deployment,False,S1_excluded_title
25980520,"A Naive Bayes machine learning approach to risk prediction using censored, time-to-event data.",2015,Stat Med,10.1161/01.cir.0000437741.48606.98,"Journal Article;Research Support, N.I.H., Extramural;Research Support, U.S. Gov't, P.H.S.",Wolfson J; Bandyopadhyay S; Elidrisi M; Vazquez-Benitez G; Vock DM; Musgrove D; Adomavicius G; Johnson PE; O'Connor PJ,Q1_ml_imputation_clinical,False,S1_excluded_title
26005884,On scene injury severity prediction (OSISP) algorithm for car occupants.,2015,Accid Anal Prev,10.1016/j.aap.2015.04.032,Journal Article;Validation Study,Buendia R; Candefjord S; Fagerlind H; Bálint A; Sjöqvist BA,Q4_missing_indicator_deployment,False,S1_excluded_title
26054062,Biomechanically Constrained Surface Registration: Application to MR-TRUS Fusion for Prostate Interventions.,2015,IEEE Trans Med Imaging,10.1109/TMI.2015.2440253,"Journal Article;Research Support, Non-U.S. Gov't",Khallaghi S; Sánchez CA; Rasoulian A; Sun Y; Imani F; Khojaste A; Goksel O; Romagnoli C; Abdi H; Chang S; Mousavi P; Fenster A; Ward A; Fels S; Abolmaesumi P,Q4_missing_indicator_deployment,False,S1_excluded_title
26095614,Combining fractional polynomial model building with multiple imputation.,2015,Stat Med,10.1177/0962280214526216,"Journal Article;Research Support, Non-U.S. Gov't",Morris TP; White IR; Carpenter JR; Stanworth SJ; Royston P,Q2_MI_prediction_models,True,included
26216332,Validation of a Prediction Tool for Abusive Head Trauma.,2015,Pediatrics,10.1542/peds.2014-3993,Journal Article;Multicenter Study;Validation Study,Cowley LE; Morris CB; Maguire SA; Farewell DM; Kemp AM,Q2_MI_prediction_models,False,S1_excluded_title
26283989,Sensitivity analysis in multiple imputation in effectiveness studies of psychotherapy.,2015,Front Psychol,10.1191/1740774504cn032oa,Journal Article,Crameri A; von Wyl A; Koemeda M; Schulthess P; Tschuschke V,Q3_MNAR_informative,True,included
26358759,Bioinformatics approaches to single-cell analysis in developmental biology.,2016,Mol Hum Reprod,10.1093/molehr/gav050,Journal Article;Review,Yalcin D; Hakguder ZM; Otu HH,Q1_ml_imputation_clinical,False,S1_excluded_title
26406283,Improved Mortality Prediction in Dialysis Patients Using Specific Clinical and Laboratory Data.,2015,Am J Nephrol,10.1159/000439181,Journal Article,Hemke AC; Heemskerk MB; van Diepen M; Dekker FW; Hoitsma AJ,Q2_MI_prediction_models,False,S1_excluded_title
26406594,Effects of Different Missing Data Imputation Techniques on the Performance of Undiagnosed Diabetes Risk Prediction Models in a Mixed-Ancestry Population of South Africa.,2015,PLoS One,10.1136/heartjnl-2011-301246,"Journal Article;Research Support, Non-U.S. Gov't",Masconi KL; Matsha TE; Erasmus RT; Kengne AP,Q2_MI_prediction_models,True,included
26423562,A new cluster-based oversampling method for improving survival prediction of hepatocellular carcinoma patients.,2015,J Biomed Inform,10.1016/j.jbi.2015.09.012,"Journal Article;Research Support, Non-U.S. Gov't",Santos MS; Abreu PH; García-Laencina PJ; Simão A; Carvalho A,Q1_ml_imputation_clinical,False,S1_excluded_title
26500682,Five Years Survival of Patients After Liver Transplantation and Its Effective Factors by Neural Network and Cox Poroportional Hazard Regression Models.,2015,Hepat Mon,10.1016/j.jhep.2007.12.013,Journal Article,Khosravi B; Pourahmad S; Bahreini A; Nikeghbalian S; Mehrdad G,Q1_ml_imputation_clinical,False,S1_excluded_title
26536149,A Bayesian missing data framework for generalized multiple outcome mixed treatment comparisons.,2016,Res Synth Methods,10.1002/jrsm.1153,"Journal Article;Research Support, N.I.H., Extramural;Research Support, Non-U.S. Gov't",Hong H; Chu H; Zhang J; Carlin BP,Q3_MNAR_informative,True,included
26578347,"Antenatal blood pressure for prediction of pre-eclampsia, preterm birth, and small for gestational age babies: development and validation in two general population cohorts.",2015,BMJ,10.1016/j.ajog.2015.06.013,"Journal Article;Research Support, N.I.H., Extramural;Research Support, Non-U.S. Gov't;Validation Study",Macdonald-Wallis C; Silverwood RJ; de Stavola BL; Inskip H; Cooper C; Godfrey KM; Crozier S; Fraser A; Nelson SM; Lawlor DA; Tilling K,Q2_MI_prediction_models,False,S1_excluded_title
26710886,Single-cell analysis of targeted transcriptome predicts drug sensitivity of single cells within human myeloma tumors.,2016,Leukemia,10.1038/leu.2015.361,"Journal Article;Research Support, Non-U.S. Gov't",Mitra AK; Mukherjee UK; Harding T; Jang JS; Stessman H; Li Y; Abyzov A; Jen J; Kumar S; Rajkumar V; Van Ness B,Q1_ml_imputation_clinical;Q4_missing_indicator_deployment,False,S1_excluded_title
26776181,DISCOVERING PATIENT PHENOTYPES USING GENERALIZED LOW RANK MODELS.,2016,Pac Symp Biocomput,10.1038/clpt.2013.47,Journal Article,Schuler A; Liu V; Wan J; Callahan A; Udell M; Stark DE; Shah NH,Q1_ml_imputation_clinical,False,S1_excluded_title
26809812,Multiple imputation of multiple multi-item scales when a full imputation model is infeasible.,2016,BMC Res Notes,10.1080/00223980.2011.555431,Journal Article,Plumpton CO; Morris T; Hughes DA; White IR,Q2_MI_prediction_models,True,S2_ex_E2
26893215,A multiple imputation approach for MNAR mechanisms compatible with Heckman's model.,2016,Stat Med,10.1002/sim.6902,Journal Article,Galimard JE; Chevret S; Protopopescu C; Resche-Rigon M,Q3_MNAR_informative,True,included
26897512,Multivariable model development and internal validation for prostate cancer specific survival and overall survival after whole-gland salvage Iodine-125 prostate brachytherapy.,2016,Radiother Oncol,10.1016/j.radonc.2016.02.002,Journal Article;Validation Study,Peters M; van der Voort van Zyp JR; Moerland MA; Hoekstra CJ; van de Pol S; Westendorp H; Maenhout M; Kattevilder R; Verkooijen HM; van Rossum PS; Ahmed HU; Shah TT; Emberton M; van Vulpen M,Q2_MI_prediction_models,False,S1_excluded_title
26905408,Validation of a novel prediction model for early mortality in adult trauma patients in three public university hospitals in urban India.,2016,BMC Emerg Med,10.1017/S1049023X00007883,"Journal Article;Multicenter Study;Observational Study;Research Support, Non-U.S. Gov't;Validation Study",Gerdin M; Roy N; Khajanchi M; Kumar V; Felländer-Tsai L; Petzold M; Tomson G; von Schreeb J;  ,Q2_MI_prediction_models,False,S1_excluded_title
26948662,Development and internal validation of a multivariable prediction model for biochemical failure after whole-gland salvage iodine-125 prostate brachytherapy for recurrent prostate cancer.,2016,Brachytherapy,10.1016/j.brachy.2016.01.004,Journal Article;Validation Study,Peters M; van der Voort van Zyp JRN; Moerland MA; Hoekstra CJ; van de Pol S; Westendorp H; Maenhout M; Kattevilder R; Verkooijen HM; van Rossum PSN; Ahmed HU; Shah TT; Emberton M; van Vulpen M,Q2_MI_prediction_models;Q5_reporting_guidance,False,S1_excluded_title
26958256,Data-driven Temporal Prediction of Surgical Site Infection.,2015,AMIA Annu Symp Proc,,Journal Article,Soguero-Ruiz C; Fei WM; Jenssen R; Augestad KM; Álvarez JL; Jiménez IM; Lindsetmo RO; Skrøvseth SO,Q1_ml_imputation_clinical,False,S1_excluded_title
26990830,Biased and unbiased estimation in longitudinal studies with informative visit processes.,2016,Biometrics,10.1111/biom.12501,"Journal Article;Research Support, N.I.H., Extramural;Research Support, Non-U.S. Gov't",McCulloch CE; Neuhaus JM; Olin RL,Q3_MNAR_informative,False,S1_excluded_title
26991501,Transforming Clinical Data into Actionable Prognosis Models: Machine-Learning Framework and Field-Deployable App to Predict Outcome of Ebola Patients.,2016,PLoS Negl Trop Dis,10.1198/000313007X172556,"Journal Article;Research Support, N.I.H., Extramural",Colubri A; Silver T; Fradet T; Retzepi K; Fry B; Sabeti P,Q1_ml_imputation_clinical;Q2_MI_prediction_models,False,S1_excluded_title
27030544,An epilogue to the review series on modern statistical methods in respiratory medicine.,2016,Respirology,10.1111/resp.12785,Editorial,Wolfe R; Abramson MJ,Q2_MI_prediction_models,False,S1_excluded_title
27152513,Repeated measures analysis of patient-reported outcomes in prostate cancer after abiraterone acetate.,2016,J Community Support Oncol,10.12788/jcso.0246,Journal Article,Cella D; Li S; Li T; Kheoh T; Todd MB; Basch E,Q3_MNAR_informative,False,S1_excluded_title
27168661,The Hepatitis Testing and Linkage-to-Care Data Review Process: An Approach to Ensuring the Quality of Program Data.,2016,Public Health Rep,10.1177/00333549161310S208,Journal Article,Mezzo JL; Lamia TL; Danelski LL; Schipani AM; Stokes SA; Jacobs-Ware ED,Q4_missing_indicator_deployment,False,S1_excluded_title
27169874,Testing treatment effect in schizophrenia clinical trials with heavy patient dropout using latent class growth mixture models.,2016,Pharm Stat,10.1002/pst.1750,"Journal Article;Research Support, Non-U.S. Gov't",Kong F; Chen YF,Q3_MNAR_informative,False,S1_excluded_title
27199552,Machine Learning Data Imputation and Classification in a Multicohort Hypertension Clinical Study.,2015,Bioinform Biol Insights,10.4137/BBI.S29473,Journal Article,Seffens W; Evans C;  ; Taylor H,Q1_ml_imputation_clinical,True,S2_ex_E4
27213023,VARIABLE SELECTION AND PREDICTION WITH INCOMPLETE HIGH-DIMENSIONAL DATA.,2016,Ann Appl Stat,10.1214/15-AOAS899,Journal Article,Liu Y; Wang Y; Feng Y; Wall MM,Q2_MI_prediction_models,False,S1_excluded_title
27258946,Utilizing the eigenvectors of freeway loop data spatiotemporal schematic for real time crash prediction.,2016,Accid Anal Prev,10.1016/j.aap.2016.05.013,Journal Article,Fang S; Xie W; Wang J; Ragland DR,Q4_missing_indicator_deployment,False,S1_excluded_title
27279670,Calibrated propensity score method for survey nonresponse in cluster sampling.,2016,Biometrika,10.1093/biomet/asw004,Journal Article,Kim JK; Kwon Y; Paik MC,Q4_missing_indicator_deployment,False,S1_excluded_title
27303124,Developing Risk Prediction Models for Postoperative Pancreatic Fistula: a Systematic Review of Methodology and Reporting Quality.,2016,Indian J Surg,10.7326/0003-4819-144-3-200602070-00009,Journal Article;Review,Wen Z; Guo Y; Xu B; Xiao K; Peng T; Peng M,Q5_reporting_guidance,False,S1_excluded_title
27329638,Using Machine Learning to Predict Laboratory Test Results.,2016,Am J Clin Pathol,10.1093/ajcp/aqw064,Journal Article,Luo Y; Szolovits P; Dighe AS; Baron JM,Q1_ml_imputation_clinical,False,S1_excluded_title
27362387,Machine Learning Techniques in Clinical Vision Sciences.,2017,Curr Eye Res,10.1080/02713683.2016.1175019,Journal Article;Review,Caixinha M; Nunes S,Q1_ml_imputation_clinical,False,S1_excluded_title
27406289,"Machine learning, statistical learning and the future of biological research in psychiatry.",2016,Psychol Med,10.1017/S0033291716001367,"Journal Article;Review;Research Support, Non-U.S. Gov't",Iniesta R; Stahl D; McGuffin P,Q1_ml_imputation_clinical,False,S1_excluded_title
27414408,Accuracy and Calibration of Computational Approaches for Inpatient Mortality Predictive Modeling.,2016,PLoS One,10.1016/S0140-6736(04)16015-7,Journal Article,Nakas CT; Schütz N; Werners M; Leichtle AB,Q1_ml_imputation_clinical,False,S1_excluded_title
27430559,How to deal with missing longitudinal data in cost of illness analysis in Alzheimer's disease-suggestions from the GERAS observational study.,2016,BMC Med Res Methodol,10.1016/j.jalz.2015.02.005,"Journal Article;Research Support, Non-U.S. Gov't",Belger M; Haro JM; Reed C; Happich M; Kahle-Wrobleski K; Argimon JM; Bruno G; Dodel R; Jones RW; Vellas B; Wimo A,Q3_MNAR_informative,True,included
27436868,Moving beyond regression techniques in cardiovascular risk prediction: applying machine learning to address analytic challenges.,2017,Eur Heart J,10.1093/eurheartj/ehw302,Journal Article;Review,Goldstein BA; Navar AM; Carter RE,Q1_ml_imputation_clinical,False,S1_excluded_title
27492629,"Predictors of short-term mortality, cognitive and physical decline in older adults in northwest Russia: a population-based prospective cohort study.",2017,Aging Clin Exp Res,10.1007/s40520-016-0613-7,Journal Article,Turusheva A; Frolova E; Hegendoerfer E; Degryse JM,Q2_MI_prediction_models,False,S1_excluded_title
27500865,Longitudinal clinical score prediction in Alzheimer's disease with soft-split sparse regression based random forest.,2016,Neurobiol Aging,10.1007/s00429-015-1140-6,"Journal Article;Research Support, N.I.H., Extramural",Huang L; Jin Y; Gao Y; Thung KH; Shen D;  ,Q1_ml_imputation_clinical,False,S1_excluded_title
27527368,Analysis of multiple-variable missing-not-at-random survey data for child lead surveillance using NHANES.,2016,Stat Med,10.1002/sim.7067,Journal Article,Roberts EM; English PB,Q3_MNAR_informative,True,included
27538898,Development of a Prognostic Model for Patients With Shoulder Complaints in Physical Therapist Practice.,2017,Phys Ther,10.2522/ptj.20150649,"Journal Article;Research Support, Non-U.S. Gov't",Karel YHJM; Verhagen AP; Thoomes-de Graaf M; Duijn E; van den Borne MPJ; Beumer A; Ottenheijm RPG; Dinant GJ; Koes BW; Scholten-Peeters GGM,Q2_MI_prediction_models,False,S1_excluded_title
27546595,Missing Value Imputation Improves Mortality Risk Prediction Following Cardiac Surgery: An Investigation of an Australian Patient Cohort.,2017,Heart Lung Circ,10.1016/j.hlc.2016.06.1214,Journal Article,Karim MN; Reid CM; Tran L; Cochrane A; Billah B,Q2_MI_prediction_models,True,included
27548645,A Bayesian hierarchical model for prediction of latent health states from multiple data sources with application to active surveillance of prostate cancer.,2017,Biometrics,10.1111/biom.12577,Journal Article,Coley RY; Fisher AJ; Mamawala M; Carter HB; Pienta KJ; Zeger SL,Q3_MNAR_informative,False,S1_excluded_title
27570366,Semi-physical Identification and State Estimation of Energy Intake for Interventions to Manage Gestational Weight Gain.,2016,Proc Am Control Conf,10.1109/ACC.2016.7525092,Journal Article,Guo P; Rivera DE; Downs DS; Savage JS,Q4_missing_indicator_deployment,False,S1_excluded_title
27592848,Bayesian quantile regression-based nonlinear mixed-effects joint models for time-to-event and longitudinal data with multiple features.,2016,Stat Med,10.1002/sim.7092,Journal Article,Huang Y; Chen J,Q3_MNAR_informative,False,S1_excluded_title
27630143,Methods for Handling Missing Variables in Risk Prediction Models.,2016,Am J Epidemiol,10.1093/aje/kwv346,Journal Article,Held U; Kessels A; Garcia Aymerich J; Basagaña X; Ter Riet G; Moons KG; Puhan MA;  ,Q2_MI_prediction_models,True,included
27636203,Latent Patient Cluster Discovery for Robust Future Forecasting and New-Patient Generalization.,2016,PLoS One,10.1198/016214506000000302,Journal Article,Qian T; Masino AJ,Q1_ml_imputation_clinical,False,S1_excluded_title
27658505,Implementation of pattern-mixture models in randomized clinical trials.,2016,Pharm Stat,10.1002/pst.1780,Journal Article,Bunouf P; Molenberghs G,Q3_MNAR_informative,False,S1_excluded_title
27694098,Prediction of Sepsis in the Intensive Care Unit With Minimal Electronic Health Record Data: A Machine Learning Approach.,2016,JMIR Med Inform,10.1126/scitranslmed.aab3719,Journal Article,Desautels T; Calvert J; Hoffman J; Jay M; Kerem Y; Shieh L; Shimabukuro D; Chettipally U; Feldman MD; Barton C; Wales DJ; Das R,Q1_ml_imputation_clinical,False,S1_excluded_title
27773828,Pooled individual patient data from five countries were used to derive a clinical prediction rule for coronary artery disease in primary care.,2017,J Clin Epidemiol,10.1016/j.jclinepi.2016.09.011,"Journal Article;Meta-Analysis;Research Support, Non-U.S. Gov't", ; Aerts M; Minalu G; Bösner S; Buntinx F; Burnand B; Haasenritter J; Herzig L; Knottnerus JA; Nilsson S; Renier W; Sox C; Sox H; Donner-Banzhoff N,Q2_MI_prediction_models,False,S1_excluded_title
27782817,Assessment of predictive performance in incomplete data by combining internal validation and multiple imputation.,2016,BMC Med Res Methodol,10.1002/bimj.201400246,"Journal Article;Research Support, Non-U.S. Gov't",Wahl S; Boulesteix AL; Zierer A; Thorand B; van de Wiel MA,Q2_MI_prediction_models,True,S2_ex_E2
27787616,Evaluation of methods to estimate missing days' supply within pharmacy data of the Clinical Practice Research Datalink (CPRD) and The Health Improvement Network (THIN).,2017,Eur J Clin Pharmacol,10.1007/s00228-016-2148-4,Journal Article,Lum KJ; Newcomb CW; Roy JA; Carbonari DM; Saine ME; Cardillo S; Bhullar H; Gallagher AM; Lo Re V,Q1_ml_imputation_clinical,True,included
27804147,Treatment of nonignorable missing data when modeling unobserved heterogeneity with finite mixture models.,2017,Biom J,10.1002/bimj.201500037,Journal Article,Lehmann T; Schlattmann P,Q3_MNAR_informative,True,included
27814738,Evaluating the effectiveness of organisational-level strategies with or without an activity tracker to reduce office workers' sitting time: a cluster-randomised trial.,2016,Int J Behav Nutr Phys Act,10.2165/00007256-200434010-00001,Journal Article;Randomized Controlled Trial,Brakenridge CL; Fjeldsoe BS; Young DC; Winkler EA; Dunstan DW; Straker LM; Healy GN,Q4_missing_indicator_deployment,False,S1_excluded_title
27825798,Prognostics of surgical site infections using dynamic health data.,2017,J Biomed Inform,10.1016/j.jbi.2016.10.021,Journal Article,Ke C; Jin Y; Evans H; Lober B; Qian X; Liu J; Huang S,Q1_ml_imputation_clinical,False,S1_excluded_title
27830251,Biomechanisms of Comorbidity: Reviewing Integrative Analyses of Multi-omics Datasets and Electronic Health Records.,2016,Yearb Med Inform,10.15265/IY-2016-040,Journal Article;Review,Pouladi N; Achour I; Li H; Berghout J; Kenost C; Gonzalez-Garay ML; Lussier YA,Q1_ml_imputation_clinical,False,S1_excluded_title
27896976,MISSING DATA IMPUTATION IN THE ELECTRONIC HEALTH RECORD USING DEEPLY LEARNED AUTOENCODERS.,2017,Pac Symp Biocomput,10.1136/jnnp.2005.072660,"Journal Article;Research Support, Non-U.S. Gov't",Beaulieu-Jones BK; Moore JH,Q1_ml_imputation_clinical;Q3_MNAR_informative,True,included
27896984,METHODS FOR CLUSTERING TIME SERIES DATA ACQUIRED FROM MOBILE HEALTH APPS.,2017,Pac Symp Biocomput,10.1142/9789813207813_0029,Journal Article,Tignor N; Wang P; Genes N; Rogers L; Hershman SG; Scott ER; Zweig M; Yvonne Chan YF; Schadt EE,Q4_missing_indicator_deployment,False,S1_excluded_title
28011072,Mortality prediction models in the general trauma population: A systematic review.,2017,Injury,10.1016/j.injury.2016.12.009,Journal Article;Systematic Review,de Munter L; Polinder S; Lansink KW; Cnossen MC; Steyerberg EW; de Jongh MA,Q2_MI_prediction_models,False,S1_excluded_title
28061760,Development of an Australian cardiovascular disease mortality risk score using multiple imputation and recalibration from national statistics.,2017,BMC Cardiovasc Disord,10.7326/0003-4819-150-9-200905050-00006,"Journal Article;Multicenter Study;Research Support, Non-U.S. Gov't",Backholer K; Hirakawa Y; Tonkin A; Giles G; Magliano DJ; Colagiuri S; Harris M; Mitchell P; Nelson M; Shaw JE; Simmons D; Simons L; Taylor A; Harding J; Gopinath B; Woodward M,Q2_MI_prediction_models,True,S2_ex_E1
28068910,Outcome-sensitive multiple imputation: a simulation study.,2017,BMC Med Res Methodol,10.1093/aje/kwv100,"Journal Article;Research Support, Non-U.S. Gov't",Kontopantelis E; White IR; Sperrin M; Buchan I,Q3_MNAR_informative,True,included
28082257,Analyzing mHealth Engagement: Joint Models for Intensively Collected User Engagement Data.,2017,JMIR Mhealth Uhealth,10.1002/sim.5635,Journal Article,Scherer EA; Ben-Zeev D; Li Z; Kane JM,Q3_MNAR_informative,False,S1_excluded_title
28095905,Imputing HIV treatment start dates from routine laboratory data in South Africa: a validation study.,2017,BMC Health Serv Res,10.1093/ije/dys029,Journal Article;Validation Study,Maskew M; Bor J; Hendrickson C; MacLeod W; Bärnighausen T; Pillay D; Sanne I; Carmona S; Stevens W; Fox MP,Q4_missing_indicator_deployment,True,included
28137672,Multiple imputation was a valid approach to estimate absolute risk from a prediction model based on case-cohort data.,2017,J Clin Epidemiol,10.1016/j.jclinepi.2016.12.019,Journal Article,Mühlenbruch K; Kuxhaus O; di Giuseppe R; Boeing H; Weikert C; Schulze MB,Q2_MI_prediction_models,True,included
28166735,What impact do assumptions about missing data have on conclusions? A practical sensitivity analysis for a cancer survival registry.,2017,BMC Med Res Methodol,10.1177/1740774507077849,Journal Article,Smuk M; Carpenter JR; Morris TP,Q3_MNAR_informative,True,included
28230909,A general instrumental variable framework for regression analysis with outcome missing not at random.,2017,Biometrics,10.1111/biom.12670,Journal Article,Tchetgen Tchetgen EJ; Wirth KE,Q3_MNAR_informative,True,included
28243594,An Overview and Evaluation of Recent Machine Learning Imputation Methods Using Cardiac Imaging Data.,2017,Data (Basel),10.3390/data2010008,Journal Article,Liu Y; Gopalakrishnan V,Q1_ml_imputation_clinical,True,included
28279999,Simplified Mortality Score for the Intensive Care Unit (SMS-ICU): protocol for the development and validation of a bedside clinical prediction rule.,2017,BMJ Open,10.1097/EJA.0000000000000118,Journal Article;Multicenter Study;Observational Study;Validation Study,Granholm A; Perner A; Krag M; Hjortrup PB; Haase N; Holst LB; Marker S; Collet MO; Jensen AK; Møller MH,Q5_reporting_guidance,False,S1_excluded_title
28281937,Sensitivity analysis for missing dichotomous outcome data in multi-visit randomized clinical trial with randomization-based covariance adjustment.,2017,J Biopharm Stat,10.1080/10543406.2017.1289955,Journal Article,Li S; Koch GG; Preisser JS; Lam D; Sanchez-Kam M,Q3_MNAR_informative,True,included
28325604,Early prediction of radiotherapy-induced parotid shrinkage and toxicity based on CT radiomics and fuzzy classification.,2017,Artif Intell Med,10.1016/j.artmed.2017.03.004,Comparative Study;Journal Article,Pota M; Scalco E; Sanguineti G; Farneti A; Cattaneo GM; Rizzo G; Esposito M,Q1_ml_imputation_clinical,False,S1_excluded_title
28352203,Missing data and multiple imputation in clinical epidemiological research.,2017,Clin Epidemiol,10.2147/CLEP.S129785,Journal Article,Pedersen AB; Mikkelsen EM; Cronin-Fenton D; Kristensen NR; Pham TM; Pedersen L; Petersen I,Q3_MNAR_informative,True,S2_ex_E1
28381208,Variation in and risk factors for paediatric inpatient all-cause mortality in a low income setting: data from an emerging clinical information network.,2017,BMC Pediatr,10.1037/1082-989X.7.2.147,"Journal Article;Research Support, Non-U.S. Gov't",Gathara D; Malla L; Ayieko P; Karuri S; Nyamai R; Irimu G; van Hensbroek MB; Allen E; English M;  ,Q3_MNAR_informative,False,S1_excluded_title
28407203,On the multiple imputation variance estimator for control-based and delta-adjusted pattern mixture models.,2017,Biometrics,10.1111/biom.12702,Journal Article,Tang Y,Q3_MNAR_informative,True,included
28441139,Empirical Likelihood in Nonignorable Covariate-Missing Data Problems.,2017,Int J Biostat,10.1515/ijb-2016-0053,Journal Article,Xie Y; Zhang B,Q3_MNAR_informative,True,included
28470952,"Coping with missing data in phase III pivotal registration trials: Tolvaptan in subjects with kidney disease, a case study.",2017,Pharm Stat,10.1002/pst.1808,"Clinical Trial, Phase III;Journal Article;Randomized Controlled Trial",Ouyang J; Carroll KJ; Koch G; Li J,Q3_MNAR_informative,True,S2_ex_E1
28494618,Machine Learning Methods to Predict Diabetes Complications.,2018,J Diabetes Sci Technol,10.1177/1932296817706375,"Journal Article;Research Support, Non-U.S. Gov't",Dagliati A; Marini S; Sacchi L; Cogni G; Teliti M; Tibollo V; De Cata P; Chiovato L; Bellazzi R,Q1_ml_imputation_clinical,False,S1_excluded_title
28497663,Mortality risk prediction models for coronary artery bypass graft surgery: current scenario and future direction.,2017,J Cardiovasc Surg (Torino),10.23736/S0021-9509.17.09965-7,Journal Article;Review,Karim MN; Reid CM; Cochrane A; Tran L; Alramadan M; Hossain MN; Billah B,Q1_ml_imputation_clinical,False,S1_excluded_title
28502419,The performance of the GAP model in patients with rheumatoid arthritis associated interstitial lung disease.,2017,Respir Med,10.1016/j.rmed.2017.04.012,"Journal Article;Research Support, N.I.H., Extramural;Research Support, Non-U.S. Gov't",Morisset J; Vittinghoff E; Lee BY; Tonelli R; Hu X; Elicker BM; Ryu JH; Jones KD; Cerri S; Manfredi A; Sebastiani M; Gross AJ; Ley B; Wolters PJ; King TE; Kim DS; Collard HR; Lee JS,Q2_MI_prediction_models,False,S1_excluded_title
28529606,Comparison of prognostic nomograms based on different nodal staging systems in patients with resected gastric cancer.,2017,J Cancer,10.7150/jca.17370,Journal Article,Wang ZX; Qiu MZ; Jiang YM; Zhou ZW; Li GX; Xu RH,Q2_MI_prediction_models,False,S1_excluded_title
28535192,Learning Through Chain Event Graphs: The Role of Maternal Factors in Childhood Type 1 Diabetes.,2017,Am J Epidemiol,10.1093/aje/kwx171,Journal Article,Keeble C; Thwaites PA; Baxter PD; Barber S; Parslow RC; Law GR,Q3_MNAR_informative,False,S1_excluded_title
28671033,Regularized approach for data missing not at random.,2019,Stat Methods Med Res,10.1177/0962280217717760,"Journal Article;Research Support, N.I.H., Extramural;Research Support, Non-U.S. Gov't",Tseng CH; Chen YH,Q3_MNAR_informative,True,included
28690054,Fuzzy Evidential Network and Its Application as Medical Prognosis and Diagnosis Models.,2017,J Biomed Inform,10.1016/j.jbi.2017.07.004,Journal Article,Janghorbani A; Moradi MH,Q1_ml_imputation_clinical,False,S1_excluded_title
28755619,Applicability of the APACHE II model to a lower middle income country.,2017,J Crit Care,10.1016/j.jcrc.2017.07.022,Journal Article;Multicenter Study,Haniffa R; Pubudu De Silva A; Weerathunga P; Mukaka M; Athapattu P; Munasinghe S; Mahesh B; Mahipala P; De Silva T; Abayadeera A; Jayasinghe S; de Keizer N; Dondorp AM,Q2_MI_prediction_models,False,S1_excluded_title
28783880,Identifiability and estimation of causal mediation effects with missing data.,2017,Stat Med,10.1002/sim.7413,Journal Article,Li W; Zhou XH,Q3_MNAR_informative,True,included
28840258,Individualised variable-interval risk-based screening for sight-threatening diabetic retinopathy: the Liverpool Risk Calculation Engine.,2017,Diabetologia,10.1136/heartjnl-2011-301247,Journal Article,Eleuteri A; Fisher AC; Broadbent DM; García-Fiñana M; Cheyne CP; Wang A; Stratton IM; Gabbay M; Seddon D; Harding SP;  ,Q4_missing_indicator_deployment,False,S1_excluded_title
28916238,Association of midlife lipids with 20-year cognitive change: A cohort study.,2018,Alzheimers Dement,10.1016/j.jalz.2017.07.757,"Journal Article;Research Support, N.I.H., Extramural",Power MC; Rawlings A; Sharrett AR; Bandeen-Roche K; Coresh J; Ballantyne CM; Pokharel Y; Michos ED; Penman A; Alonso A; Knopman D; Mosley TH; Gottesman RF,Q3_MNAR_informative,False,S1_excluded_title
28917197,Adolescent socioeconomic status and depressive symptoms in later life: Evidence from structural equation models.,2018,J Affect Disord,10.1016/j.jad.2017.09.005,Journal Article,Pino EC; Damus K; Jack B; Henderson D; Milanovic S; Kalesan B,Q3_MNAR_informative,False,S1_excluded_title
28919820,Prediction models for the mortality risk in chronic dialysis patients: a systematic review and independent external validation study.,2017,Clin Epidemiol,10.2147/CLEP.S139748,Journal Article,Ramspek CL; Voskamp PW; van Ittersum FJ; Krediet RT; Dekker FW; van Diepen M,Q2_MI_prediction_models,False,S1_excluded_title
28941748,Impact of Triggering Events on Outcomes of Acute Heart Failure.,2018,Am J Med,10.1016/j.amjmed.2017.09.008,Journal Article;Multicenter Study,Shiraishi Y; Kohsaka S; Abe T; Harada K; Miyazaki T; Miyamoto T; Iida K; Tanimoto S; Yagawa M; Takei M; Nagatomo Y; Hosoda T; Yamamoto T; Nagao K; Takayama M;  ,Q2_MI_prediction_models,False,S1_excluded_title
28943779,Accounting for misclassification in electronic health records-derived exposures using generalized linear finite mixture models.,2017,Health Serv Outcomes Res Methodol,10.1007/s10742-016-0149-5,Journal Article,Hubbard RA; Johnson E; Chubak J; Wernli KJ; Kamineni A; Bogart A; Rutter CM,Q2_MI_prediction_models,False,S1_excluded_title
28956226,Evolutionary and Neural Computing Based Decision Support System for Disease Diagnosis from Clinical Data Sets in Medical Practice.,2017,J Med Syst,10.1007/s10916-017-0823-3,Journal Article,Sudha M,Q1_ml_imputation_clinical,False,S1_excluded_title
28963291,Systematic review of prognostic prediction models for acute kidney injury (AKI) in general hospital populations.,2017,BMJ Open,10.1681/ASN.2014060535,Journal Article;Systematic Review,Hodgson LE; Sarnowski A; Roderick PJ; Dimitrov BD; Venn RM; Forni LG,Q5_reporting_guidance,False,S1_excluded_title
29036886,Model-Based Real-Time Non-Rigid Tracking.,2017,Sensors (Basel),10.1109/TPAMI.2011.196,Journal Article,Bronte S; Bergasa LM; Pizarro D; Barea R,Q4_missing_indicator_deployment,False,S1_excluded_title
29063851,Development and Internal Validation of a Clinical Risk Score to Predict Pain Response After Palliative Radiation Therapy in Patients With Bone Metastases.,2017,Int J Radiat Oncol Biol Phys,10.1016/j.ijrobp.2017.07.029,Journal Article;Validation Study,van der Velden JM; Peters M; Verlaan JJ; Versteeg AL; Zhang L; Tsao M; Danjoux C; Barnes E; van Vulpen M; Chow E; Verkooijen HM,Q2_MI_prediction_models,False,S1_excluded_title
29104333,Bayesian methods for nonignorable dropout in joint models in smoking cessation studies.,2016,J Am Stat Assoc,10.1080/01621459.2016.1167693,Journal Article,Gaskins JT; Daniels MJ; Marcus BH,Q3_MNAR_informative,False,S1_excluded_title
29123324,Three decades of Landsat-derived spring surface water dynamics in an agricultural wetland mosaic; Implications for migratory shorebirds.,2017,Remote Sens Environ,10.1016/j.rse.2011.10.028,Journal Article,Schaffer-Smith D; Swenson JJ; Barbaree B; Reiter ME,Q4_missing_indicator_deployment,False,S1_excluded_title
29192869,Predictors of clinical outcome in pediatric oligodendroglioma: meta-analysis of individual patient data and multiple imputation.,2018,J Neurosurg Pediatr,10.3171/2017.7.PEDS17133,Journal Article;Meta-Analysis;Review,Wang KY; Vankov ER; Lin DDM,Q3_MNAR_informative,True,included
29200816,Multivariable prediction model for suspected giant cell arteritis: development and validation.,2017,Clin Ophthalmol,10.2147/OPTH.S151385,Journal Article,Ing EB; Lahaie Luna G; Toren A; Ing R; Chen JJ; Arora N; Torun N; Jakpor OA; Fraser JA; Tyndel FJ; Sundaram AN; Liu X; Lam CT; Patel V; Weis E; Jordan D; Gilberg S; Pagnoux C; Ten Hove M,Q2_MI_prediction_models,False,S1_excluded_title
29202205,3D-MICE: integration of cross-sectional and longitudinal imputation for multi-analyte longitudinal clinical data.,2018,J Am Med Inform Assoc,10.1093/jamia/ocx133,"Journal Article;Research Support, Non-U.S. Gov't",Luo Y; Szolovits P; Dighe AS; Baron JM,Q1_ml_imputation_clinical,True,included
29207304,Evaluating statistical model performance in water quality prediction.,2018,J Environ Manage,10.1016/j.jenvman.2017.11.049,Journal Article,Avila R; Horn B; Moriarty E; Hodson R; Moltchanova E,Q4_missing_indicator_deployment,False,S1_excluded_title
29246883,Causes and Consequences of Missing Health-Related Quality of Life Assessments in Patients Who Undergo Mechanical Circulatory Support Implantation: Insights From INTERMACS (Interagency Registry for Mechanically Assisted Circulatory Support).,2017,Circ Cardiovasc Qual Outcomes,10.1161/CIRCOUTCOMES.116.003268,Comparative Study;Journal Article;Multicenter Study,Grady KL; Jones PG; Cristian-Andrei A; Naftel DC; Myers S; Dew MA; Idrissi K; Weidner G; Wissman SA; Kirklin JK; Spertus JA,Q3_MNAR_informative,True,included
29255599,The effect of imputing missing clinical attribute values on training lung cancer survival prediction model performance.,2017,Health Inf Sci Syst,10.1007/s10182-008-0053-6,Journal Article,Barakat MS; Field M; Ghose A; Stirling D; Holloway L; Vinod S; Dekker A; Thwaites D,Q1_ml_imputation_clinical,True,included
29266702,Predicting childhood overweight and obesity using maternal and early life risk factors: a systematic review.,2018,Obes Rev,10.1111/obr.12640,"Journal Article;Research Support, Non-U.S. Gov't;Systematic Review",Ziauddeen N; Roderick PJ; Macklon NS; Alwan NA,Q2_MI_prediction_models,False,S1_excluded_title
29270283,Sparsifying machine learning models identify stable subsets of predictive features for behavioral detection of autism.,2017,Mol Autism,10.1371/journal.pone.0093533,"Journal Article;Research Support, N.I.H., Extramural;Research Support, Non-U.S. Gov't",Levy S; Duda M; Haber N; Wall DP,Q1_ml_imputation_clinical,False,S1_excluded_title
29298600,An ad hoc method for dual adjusting for measurement errors and nonresponse bias for estimating prevalence in survey data: Application to Iranian mental health survey on any illicit drug use.,2018,Stat Methods Med Res,10.1177/0962280217690939,"Journal Article;Research Support, Non-U.S. Gov't",Khalagi K; Mansournia MA; Motevalian SA; Nourijelyani K; Rahimi-Movaghar A; Bakhtiyari M,Q3_MNAR_informative,False,S1_excluded_title
29298612,Leveraging electronic health records for predictive modeling of post-surgical complications.,2018,Stat Methods Med Res,10.1177/0962280217696115,Journal Article,Weller GB; Lovely J; Larson DW; Earnshaw BA; Huebner M,Q1_ml_imputation_clinical,False,S1_excluded_title
29333672,Controlled pattern imputation for sensitivity analysis of longitudinal binary and ordinal outcomes with nonignorable dropout.,2018,Stat Med,10.1002/sim.7583,Journal Article,Tang Y,Q3_MNAR_informative,True,included
29338546,Estimation of the volume under the receiver-operating characteristic surface adjusting for non-ignorable verification bias.,2018,Stat Methods Med Res,10.1177/0962280217742541,"Journal Article;Research Support, N.I.H., Extramural;Research Support, Non-U.S. Gov't;Research Support, U.S. Gov't, Non-P.H.S.",Zhang Y; Alonzo TA;  ,Q3_MNAR_informative,False,S1_excluded_title
29373996,Performance of critical care prognostic scoring systems in low and middle-income countries: a systematic review.,2018,Crit Care,10.4103/1658-354X.152839,Journal Article;Systematic Review,Haniffa R; Isaam I; De Silva AP; Dondorp AM; De Keizer NF,Q5_reporting_guidance,False,S1_excluded_title
29374661,"Multicentre validation of a sepsis prediction algorithm using only vital sign data in the emergency department, general ward and ICU.",2018,BMJ Open,10.1371/journal.pone.0174708,"Journal Article;Multicenter Study;Research Support, N.I.H., Extramural;Research Support, U.S. Gov't, Non-P.H.S.;Validation Study",Mao Q; Jay M; Hoffman JL; Calvert J; Barton C; Shimabukuro D; Shieh L; Chettipally U; Fletcher G; Kerem Y; Zhou Y; Das R,Q1_ml_imputation_clinical,False,S1_excluded_title
29394191,Implementation of Instrumental Variable Bounds for Data Missing Not at Random.,2018,Epidemiology,10.1111/biom.12670,"Journal Article;Research Support, N.I.H., Extramural",Marden JR; Wang L; Tchetgen EJT; Walter S; Glymour MM; Wirth KE,Q3_MNAR_informative,True,S2_ex_E1
29425640,Prediction models to identify individuals at risk of metabolic syndrome who are unlikely to participate in a health intervention program.,2018,Int J Med Inform,10.1016/j.ijmedinf.2017.12.009,Journal Article,Shimoda A; Ichikawa D; Oyama H,Q2_MI_prediction_models,False,S1_excluded_title
29431517,Informatics and machine learning to define the phenotype.,2018,Expert Rev Mol Diagn,10.1007/978-3-642-25364-5_2,"Journal Article;Research Support, N.I.H., Extramural;Research Support, Non-U.S. Gov't;Review",Basile AO; Ritchie MD,Q1_ml_imputation_clinical,False,S1_excluded_title
29475824,Characterizing and Managing Missing Structured Data in Electronic Health Records: Data Analysis.,2018,JMIR Med Inform,10.1177/0962280206075303,Journal Article,Beaulieu-Jones BK; Lavage DR; Snyder JW; Moore JH; Pendergrass SA; Bauer CR,Q3_MNAR_informative,True,included
29541000,Global health worker salary estimates: an econometric analysis of global earnings data.,2018,Cost Eff Resour Alloc,10.1016/S0140-6736(08)60306-2,Journal Article,Serje J; Bertram MY; Brindley C; Lauer JA,Q3_MNAR_informative,False,S1_excluded_title
29557705,Global sensitivity analysis of clinical trials with missing patient-reported outcomes.,2019,Stat Methods Med Res,10.1177/0962280218759565,"Journal Article;Research Support, N.I.H., Extramural;Research Support, Non-U.S. Gov't;Research Support, U.S. Gov't, P.H.S.",Scharfstein DO; McDermott A,Q3_MNAR_informative,True,included
29611205,On the use of the not-at-random fully conditional specification (NARFCS) procedure in practice.,2018,Stat Med,10.1002/sim.7643,"Journal Article;Research Support, Non-U.S. Gov't",Tompsett DM; Leacy F; Moreno-Betancur M; Heron J; White IR,Q4_missing_indicator_deployment,False,S1_excluded_title
29627128,Performance of the modified TRISS for evaluating trauma care in subpopulations: A cohort study.,2018,Injury,10.1016/j.injury.2018.03.036,Journal Article,de Munter L; Polinder S; Nieboer D; Lansink KWW; Steyerberg EW; de Jongh MAC,Q2_MI_prediction_models,False,S1_excluded_title
29652217,Forecasting air quality time series using deep learning.,2018,J Air Waste Manag Assoc,10.1080/10962247.2018.1459956,"Journal Article;Research Support, Non-U.S. Gov't",Freeman BS; Taylor G; Gharabaghi B; Thé J,Q4_missing_indicator_deployment,False,S1_excluded_title
29655778,Self-reported weight and predictors of missing responses in youth.,2018,Nutrition,10.1016/j.nut.2018.01.003,Journal Article,Aceves-Martins M; Whitehead R; Inchley J; Giralt M; Currie C; Solà R,Q3_MNAR_informative,True,included
29664928,A Kriging based spatiotemporal approach for traffic volume data imputation.,2018,PLoS One,10.1080/03081060.2016.1266168,Journal Article,Yang H; Yang J; Han LD; Liu X; Pu L; Chin SM; Hwang HL,Q4_missing_indicator_deployment,True,S2_ex_E2
29666385,Recurrent Neural Networks for Multivariate Time Series with Missing Values.,2018,Sci Rep,10.1093/bioinformatics/btr597,Journal Article,Che Z; Purushotham S; Cho K; Sontag D; Liu Y,Q1_ml_imputation_clinical;Q3_MNAR_informative,True,included
29678673,A Validated Clinical Risk Prediction Model for Lung Cancer in Smokers of All Ages and Exposure Types: A HUNT Study.,2018,EBioMedicine,10.1016/j.ebiom.2018.03.027,Clinical Trial;Journal Article;Multicenter Study;Validation Study,Markaki M; Tsamardinos I; Langhammer A; Lagani V; Hveem K; Røe OD,Q2_MI_prediction_models,False,S1_excluded_title
29679317,Sensitivity Analysis for Not-at-Random Missing Data in Trial-Based Cost-Effectiveness Analysis: A Tutorial.,2018,Pharmacoeconomics,10.1002/sim.4067,"Journal Article;Research Support, Non-U.S. Gov't",Leurent B; Gomes M; Faria R; Morris S; Grieve R; Carpenter JR,Q3_MNAR_informative,True,included
29698408,RIDDLE: Race and ethnicity Imputation from Disease history with Deep LEarning.,2018,PLoS Comput Biol,10.1145/2939672.2939785,"Journal Article;Research Support, N.I.H., Extramural;Research Support, Non-U.S. Gov't",Kim JS; Gao X; Rzhetsky A,Q1_ml_imputation_clinical,True,included
29726427,Cleansing and Imputation of Body Mass Index Data and Its Impact on a Machine Learning Based Prediction Model.,2018,Stud Health Technol Inform,,Journal Article,Jauk S; Kramer D; Leodolter W,Q1_ml_imputation_clinical,True,included
29895652,Development and internal validation of a multivariable prediction model for tinnitus recovery following unilateral cochlear implantation: a cross-sectional retrospective study.,2018,BMJ Open,10.1017/S1481803500013336,Journal Article;Validation Study,Ramakers GGJ; van Zanten GA; Thomeer HGXM; Stokroos RJ; Heymans MW; Stegeman I,Q2_MI_prediction_models,False,S1_excluded_title
29909114,Predicting Survival From Large Echocardiography and Electronic Health Record Datasets: Optimization With Machine Learning.,2019,JACC Cardiovasc Imaging,10.1016/j.jacc.2017.08.010,"Journal Article;Research Support, N.I.H., Extramural",Samad MD; Ulloa A; Wehner GJ; Jing L; Hartzel D; Good CW; Williams BA; Haggerty CM; Fornwalt BK,Q1_ml_imputation_clinical,False,S1_excluded_title
29920506,Does Sample Attrition Affect the Assessment of Frailty Trajectories Among Older Adults? A Joint Model Approach.,2018,Gerontology,10.1159/000489335,Journal Article,Stolz E; Mayerl H; Rásky É; Freidl W,Q3_MNAR_informative,False,S1_excluded_title
29939200,Using multivariate mixed-effects selection models for analyzing batch-processed proteomics data with non-ignorable missingness.,2019,Biostatistics,10.1093/biostatistics/kxy022,"Journal Article;Research Support, N.I.H., Extramural",Wang J; Wang P; Hedeker D; Chen LS,Q3_MNAR_informative,True,S2_ex_E4
29964127,"Predictive Analytics and Modeling Employing Machine Learning Technology: The Next Step in Data Sharing, Analysis, and Individualized Counseling Explored With a Large, Prospective Prenatal Hydronephrosis Database.",2019,Urology,10.1016/j.urology.2018.05.041,Journal Article,Lorenzo AJ; Rickard M; Braga LH; Guo Y; Oliveria JP,Q1_ml_imputation_clinical,False,S1_excluded_title
29969834,A Bayesian framework for health economic evaluation in studies with missing data.,2018,Health Econ,10.1177/1740774517711442,Journal Article,Mason AJ; Gomes M; Grieve R; Carpenter JR,Q3_MNAR_informative,True,included
29975401,Predictive factors of survival in a surgical series of metastatic epidural spinal cord compression and complete external validation of 8 multivariate models of survival in a prospective North American multicenter study.,2018,Cancer,10.1002/cncr.31585,"Journal Article;Multicenter Study;Observational Study;Research Support, N.I.H., Extramural;Research Support, Non-U.S. Gov't;Validation Study",Nater A; Tetreault LA; Kopjar B; Arnold PM; Dekutoski MB; Finkelstein JA; Fisher CG; France JC; Gokaslan ZL; Rhines LD; Rose PS; Sahgal A; Schuster JM; Vaccaro AR; Fehlings MG,Q5_reporting_guidance,False,S1_excluded_title
29993736,Online Data Thinning via Multi-Subspace Tracking.,2019,IEEE Trans Pattern Anal Mach Intell,10.1109/TPAMI.2018.2829189,Journal Article,Hunt XJ; Willett R,Q4_missing_indicator_deployment,False,S1_excluded_title
29993994,7-Point Checklist and Skin Lesion Classification using Multi-Task Multi-Modal Neural Nets.,2018,IEEE J Biomed Health Inform,10.1109/JBHI.2018.2824327,Journal Article,Kawahara J; Daneshvar S; Argenziano G; Hamarneh G,Q1_ml_imputation_clinical,False,S1_excluded_title
29994340,Unsupervised Bayesian Inference to Fuse Biosignal Sensory Estimates for Personalizing Care.,2019,IEEE J Biomed Health Inform,10.1109/JBHI.2018.2820054,"Journal Article;Research Support, Non-U.S. Gov't",Zhu T; Pimentel MAF; Clifford GD; Clifton DA,Q1_ml_imputation_clinical,False,S1_excluded_title
30002858,Derivation and external validation of a clinical version of the German Diabetes Risk Score (GDRS) including measures of HbA1c.,2018,BMJ Open Diabetes Res Care,10.1007/s00125-011-2101-0,Journal Article,Mühlenbruch K; Paprott R; Joost HG; Boeing H; Heidemann C; Schulze MB,Q2_MI_prediction_models,False,S1_excluded_title
30050169,Prognostication and Risk Factors for Cystic Fibrosis via Automated Machine Learning.,2018,Sci Rep,10.1016/j.chest.2017.01.019,"Journal Article;Research Support, Non-U.S. Gov't",Alaa AM; van der Schaar M,Q1_ml_imputation_clinical,False,S1_excluded_title
30096849,High-Dimensional Probabilistic Fingerprinting in Wireless Sensor Networks Based on a Multivariate Gaussian Mixture Model.,2018,Sensors (Basel),10.1007/BF01413858,Journal Article,Li Y; Williams S; Moran B; Kealy A; Retscher G,Q4_missing_indicator_deployment,False,S1_excluded_title
30128552,Potential Biases in Machine Learning Algorithms Using Electronic Health Record Data.,2018,JAMA Intern Med,10.1001/jama.2017.19198,"Journal Article;Research Support, N.I.H., Extramural;Research Support, Non-U.S. Gov't;Research Support, U.S. Gov't, P.H.S.",Gianfrancesco MA; Tamang S; Yazdany J; Schmajuk G,Q1_ml_imputation_clinical,False,S1_excluded_title
30136936,Medical Image Imputation from Image Collections.,2018,IEEE Trans Med Imaging,10.1109/TMI.2018.2866692,Journal Article,Dalca AV; Bouman KL; Freeman WT; Rost NS; Sabuncu MR; Golland P,Q1_ml_imputation_clinical,True,S2_ex_E1
30169498,Machine learning models in electronic health records can outperform conventional survival models for predicting patient mortality in coronary artery disease.,2018,PLoS One,10.1080/02664763.2011.578621,"Comparative Study;Journal Article;Research Support, Non-U.S. Gov't",Steele AJ; Denaxas SC; Shah AD; Hemingway H; Luscombe NM,Q1_ml_imputation_clinical,False,S1_excluded_title
30179954,Can Machine-learning Techniques Be Used for 5-year Survival Prediction of Patients With Chondrosarcoma?,2018,Clin Orthop Relat Res,10.1097/CORR.0000000000000433,Journal Article,Thio QCBS; Karhade AV; Ogink PT; Raskin KA; De Amorim Bernstein K; Lozano Calderon SA; Schwab JH,Q1_ml_imputation_clinical,False,S1_excluded_title
30203058,Missing data and prediction: the pattern submodel.,2020,Biostatistics,10.1093/biostatistics/kxy040,"Journal Article;Research Support, N.I.H., Extramural;Research Support, U.S. Gov't, P.H.S.",Fletcher Mercaldo S; Blume JD,Q2_MI_prediction_models;Q4_missing_indicator_deployment,True,S2_ex_E2
30252148,A Bayesian latent class approach for EHR-based phenotyping.,2019,Stat Med,10.1002/sim.7953,"Journal Article;Research Support, Non-U.S. Gov't",Hubbard RA; Huang J; Harton J; Oganisian A; Choi G; Utidjian L; Eneli I; Bailey LC; Chen Y,Q3_MNAR_informative,False,S1_excluded_title
30273261,Comparison Between Non-High-Density Lipoprotein Cholesterol and Low-Density Lipoprotein Cholesterol to Estimate Cardiovascular Risk Using a Multivariate Model.,2018,J Cardiovasc Nurs,10.1097/JCN.0000000000000534,"Comparative Study;Journal Article;Research Support, Non-U.S. Gov't",Palazón-Bru A; Carbayo-Herencia JA; Simarro-Rueda M; Artigao-Ródenas LM; Divisón-Garrote JA; Molina-Escribano F; Ponce-García I; Gil-Guillén VF;  ,Q2_MI_prediction_models,False,S1_excluded_title
30278339,Prognostication of metastatic death in uveal melanoma patients: A Markov multi-state model.,2018,Comput Biol Med,10.1016/j.compbiomed.2018.09.024,"Journal Article;Research Support, Non-U.S. Gov't",Eleuteri A; Taktak AFG; Coupland SE; Heimann H; Kalirai H; Damato B,Q2_MI_prediction_models,False,S1_excluded_title
30298525,Copula selection models for non-Gaussian outcomes that are missing not at random.,2019,Stat Med,10.1002/sim.7988,Journal Article,Gomes M; Radice R; Camarena Brenes J; Marra G,Q3_MNAR_informative,True,included
30311246,Constrained empirical-likelihood confidence regions in nonignorable covariate-missing data problems.,2019,Stat Med,10.1002/sim.7987,Journal Article,Xie Y; Zhang B,Q3_MNAR_informative,True,included
30327908,Clinical course and prognostic models for the conservative management of cervical radiculopathy: a prospective cohort study.,2018,Eur Spine J,10.1007/s00586-018-5777-8,"Journal Article;Research Support, Non-U.S. Gov't",Sleijser-Koehorst MLS; Coppieters MW; Heymans MW; Rooker S; Verhagen AP; Scholten-Peeters GGM,Q2_MI_prediction_models,False,S1_excluded_title
30328123,Population-calibrated multiple imputation for a binary/categorical covariate in categorical regression models.,2019,Stat Med,10.1136/bmjopen-2015-010210,"Journal Article;Research Support, Non-U.S. Gov't",Pham TM; Carpenter JR; Morris TP; Wood AM; Petersen I,Q3_MNAR_informative,True,included
30341708,A comparison of different methods to handle missing data in the context of propensity score analysis.,2019,Eur J Epidemiol,10.2217/cer-2017-0071,Comparative Study;Journal Article,Choi J; Dekkers OM; le Cessie S,Q4_missing_indicator_deployment,True,S2_ex_E2
30347460,Allowing for uncertainty due to missing and LOCF imputed outcomes in meta-analysis.,2019,Stat Med,10.1007/978-3-319-21416-0,"Journal Article;Research Support, Non-U.S. Gov't",Mavridis D; Salanti G; Furukawa TA; Cipriani A; Chaimani A; White IR,Q3_MNAR_informative,True,included
30354572,Impact of Missing Stroke Severity Data on the Accuracy of Hospital Ischemic Stroke Mortality Profiling.,2018,Circ Cardiovasc Qual Outcomes,10.1161/CIRCOUTCOMES.118.004951,Comparative Study;Journal Article,Thompson MP; Luo Z; Gardiner J; Burke JF; Nickles A; Reeves MJ,Q3_MNAR_informative,True,included
30371748,A graphical model for skewed matrix-variate non-randomly missing data.,2020,Biostatistics,10.1093/biostatistics/kxy056,"Journal Article;Research Support, N.I.H., Extramural",Zhang L; Bandyopadhyay D,Q4_missing_indicator_deployment,True,included
30371961,Development of type 2 diabetes mellitus in people with intermediate hyperglycaemia.,2018,Cochrane Database Syst Rev,10.1371/journal.pmed.1000100,Journal Article;Meta-Analysis;Systematic Review,Richter B; Hemmingsen B; Metzendorf MI; Takwoingi Y,Q5_reporting_guidance,False,S1_excluded_title
30373675,Development and internal validation of the multivariable CIPHER (Collaborative Integrated Pregnancy High-dependency Estimate of Risk) clinical risk prediction model.,2018,Crit Care,10.1186/s13054-014-0593-y,Journal Article;Observational Study,Payne BA; Ryan H; Bone J; Magee LA; Aarvold AB; Mark Ansermino J; Bhutta ZA; Bowen M; Guilherme Cecatti J; Chazotte C; Crozier T; de Pont AJM; Demirkiran O; Duan T; Kallen M; Ganzevoort W; Geary M; Goffman D; Hutcheon JA; Joseph KS; Lapinsky SE; Lataifeh I; Li J; Liskonova S; Hamel EM; McAuliffe FM; O'Herlihy C; Mol BWJ; Seaward PGR; Tadros R; Togal T; Qureshi R; Vivian Ukah U; Vasquez D; Wallace E; Yong P; Zhou V; Walley KR; von Dadelszen P;  ,Q2_MI_prediction_models,False,S1_excluded_title
30410601,"Multiple Machine Learnings Revealed Similar Predictive Accuracy for Prognosis of PNETs from the Surveillance, Epidemiology, and End Result Database.",2018,J Cancer,10.7150/jca.26649,Journal Article,Song Y; Gao S; Tan W; Qiu Z; Zhou H; Zhao Y,Q1_ml_imputation_clinical,False,S1_excluded_title
30413210,A prediction model for good neurological outcome in successfully resuscitated out-of-hospital cardiac arrest patients.,2018,Scand J Trauma Resusc Emerg Med,10.1016/S0895-4356(01)00341-9,Journal Article,Eertmans W; Tran TMP; Genbrugge C; Peene L; Mesotten D; Dens J; Jans F; De Deyne C,Q2_MI_prediction_models,False,S1_excluded_title
30445490,Diagnostic methods for uncovering outcome dependent visit processes.,2020,Biostatistics,10.1093/biostatistics/kxy068,"Journal Article;Research Support, Non-U.S. Gov't",McCulloch CE; Neuhaus JM,Q3_MNAR_informative,False,S1_excluded_title
30457997,Feature selection for the accurate prediction of septic and cardiogenic shock ICU mortality in the acute phase.,2018,PLoS One,10.1002/ejhf.260,"Journal Article;Research Support, Non-U.S. Gov't",Aushev A; Ripoll VR; Vellido A; Aletti F; Pinto BB; Herpain A; Post EH; Medina ER; Ferrer R; Baselli G; Bendjelid K,Q1_ml_imputation_clinical,False,S1_excluded_title
30458029,Feature selection and prediction of treatment failure in tuberculosis.,2018,PLoS One,10.1016/j.tube.2017.08.004,Journal Article,Sauer CM; Sasson D; Paik KE; McCague N; Celi LA; Sánchez Fernández I; Illigens BMW,Q1_ml_imputation_clinical,False,S1_excluded_title
30458727,Prognostic models for intracerebral hemorrhage: systematic review and meta-analysis.,2018,BMC Med Res Methodol,10.1002/(SICI)1097-0258(20000229)19:4<453::AID-SIM350>3.0.CO;2-5,"Journal Article;Meta-Analysis;Research Support, Non-U.S. Gov't;Systematic Review",Gregório T; Pipa S; Cavaleiro P; Atanásio G; Albuquerque I; Chaves PC; Azevedo L,Q1_ml_imputation_clinical,False,S1_excluded_title
30474592,Prognostic models for identifying risk of poor outcome in people with acute ankle sprains: the SPRAINED development and external validation study.,2018,Health Technol Assess,10.3310/hta22640,"Journal Article;Multicenter Study;Research Support, Non-U.S. Gov't;Validation Study",Keene DJ; Schlüssel MM; Thompson J; Hagan DA; Williams MA; Byrne C; Goodacre S; Cooke M; Gwilym S; Hormbrey P; Bostock J; Haywood K; Wilson D; Collins GS; Lamb SE,Q2_MI_prediction_models,False,S1_excluded_title
30502784,Performance of a Bayesian Approach for Imputing Missing Data on the SF-12 Health-Related Quality-of-Life Measure.,2018,Value Health,10.1016/j.jval.2018.06.007,"Comparative Study;Evaluation Study;Journal Article;Research Support, Non-U.S. Gov't",Halme AS; Tannenbaum C,Q3_MNAR_informative,True,included
30562347,Effectiveness and treatment moderators of internet interventions for adult problem drinking: An individual patient data meta-analysis of 19 randomised controlled trials.,2018,PLoS Med,10.3389/fpsyt.2014.00108,Journal Article;Meta-Analysis,Riper H; Hoogendoorn A; Cuijpers P; Karyotaki E; Boumparis N; Mira A; Andersson G; Berman AH; Bertholet N; Bischof G; Blankers M; Boon B; Boß L; Brendryen H; Cunningham J; Ebert D; Hansen A; Hester R; Khadjesari Z; Kramer J; Murray E; Postel M; Schulz D; Sinadinovic K; Suffoletto B; Sundström C; de Vries H; Wallace P; Wiers RW; Smit JH,Q3_MNAR_informative,False,S1_excluded_title
30563473,Analysis of self-report and biochemically verified tobacco abstinence outcomes with missing data: a sensitivity analysis using two-stage imputation.,2018,BMC Med Res Methodol,10.1016/j.drugalcdep.2004.08.018,"Journal Article;Research Support, N.I.H., Extramural",Zhang Y; Luo X; Le CT; Ahluwalia JS; Thomas JL,Q3_MNAR_informative,True,included
30590870,Combining biomarker trajectories to improve diagnostic accuracy in prospective cohort studies with verification bias.,2019,Stat Med,10.1002/sim.8079,"Journal Article;Research Support, N.I.H., Extramural",Li H; Gatsonis C,Q3_MNAR_informative,False,S1_excluded_title
30597279,Predicting Survival of Patients with Spinal Ependymoma Using Machine Learning Algorithms with the SEER Database.,2019,World Neurosurg,10.1016/j.wneu.2018.12.091,Journal Article,Ryu SM; Lee SH; Kim ES; Eoh W,Q1_ml_imputation_clinical,False,S1_excluded_title
30605864,Informatics tools to assess the success of procedural harmonization in preclinical multicenter biomarker discovery study on post-traumatic epileptogenesis.,2019,Epilepsy Res,10.1016/j.eplepsyres.2018.12.010,"Journal Article;Multicenter Study;Research Support, N.I.H., Extramural",Ciszek R; Ndode-Ekane XE; Gomez CS; Casillas-Espinosa PM; Ali I; Smith G; Puhakka N; Lapinlampi N; Andrade P; Kamnaksh A; Immonen R; Paananen T; Hudson MR; Brady RD; Shultz SR; O'Brien TJ; Staba RJ; Tohka J; Pitkänen A,Q1_ml_imputation_clinical,False,S1_excluded_title
30622091,A New Insight Into Missing Data in Intensive Care Unit Patient Profiles: Observational Study.,2019,JMIR Med Inform,10.1371/journal.pone.0156381,Journal Article,Sharafoddini A; Dubin JA; Maslove DM; Lee J,Q1_ml_imputation_clinical;Q4_missing_indicator_deployment,True,included
30629635,"Accurate, fast, data efficient and interpretable glaucoma diagnosis with automated spatial analysis of the whole cup to disc profile.",2019,PLoS One,10.1038/eye.2001.155,"Journal Article;Research Support, Non-U.S. Gov't;Validation Study",MacCormick IJC; Williams BM; Zheng Y; Li K; Al-Bander B; Czanner S; Cheeseman R; Willoughby CE; Brown EN; Spaeth GL; Czanner G,Q1_ml_imputation_clinical,False,S1_excluded_title
30651592,Prognostic prediction models for diabetic retinopathy progression: a systematic review.,2019,Eye (Lond),10.1136/bjophthalmol-2014-305938,Journal Article;Systematic Review,Haider S; Sadiq SN; Moore D; Price MJ; Nirantharakumar K,Q5_reporting_guidance,False,S1_excluded_title
30682584,Training recurrent neural networks robust to incomplete data: Application to Alzheimer's disease progression modeling.,2019,Med Image Anal,10.1016/j.media.2019.01.004,"Journal Article;Research Support, N.I.H., Extramural;Research Support, Non-U.S. Gov't;Research Support, U.S. Gov't, Non-P.H.S.",Mehdipour Ghazi M; Nielsen M; Pai A; Cardoso MJ; Modat M; Ourselin S; Sørensen L;  ,Q1_ml_imputation_clinical,True,included
30683464,A comparison between discrete and continuous time Bayesian networks in learning from clinical time series data with irregularity.,2019,Artif Intell Med,10.1016/j.artmed.2018.10.002,"Comparative Study;Journal Article;Research Support, Non-U.S. Gov't",Liu M; Stella F; Hommersom A; Lucas PJF; Boer L; Bischoff E,Q1_ml_imputation_clinical,False,S1_excluded_title
30696086,Machine Learning and Integrative Analysis of Biomedical Big Data.,2019,Genes (Basel),10.1186/s13040-017-0154-4,"Journal Article;Research Support, N.I.H., Extramural;Review",Mirza B; Wang W; Wang J; Choi H; Chung NC; Ping P,Q1_ml_imputation_clinical,False,S1_excluded_title
30738834,A clinical prediction model for outcome and therapy delivery in transplant-ineligible patients with myeloma (UK Myeloma Research Alliance Risk Profile): a development and validation study.,2019,Lancet Haematol,10.1016/S2352-3026(18)30220-5,"Clinical Trial, Phase III;Journal Article;Validation Study",Cook G; Royle KL; Pawlyn C; Hockaday A; Shah V; Kaiser MF; Brown SR; Gregory WM; Child JA; Davies FE; Morgan GJ; Cairns DA; Jackson GH,Q2_MI_prediction_models,False,S1_excluded_title
30777059,Importance of medical data preprocessing in predictive modeling and risk factor discovery for the frailty syndrome.,2019,BMC Med Inform Decis Mak,10.1201/b11826,"Journal Article;Research Support, Non-U.S. Gov't",Hassler AP; Menasalvas E; García-García FJ; Rodríguez-Mañas L; Holzinger A,Q1_ml_imputation_clinical,False,S1_excluded_title
30807909,Outcome prediction with serial neuron-specific enolase and machine learning in anoxic-ischaemic disorders of consciousness.,2019,Comput Biol Med,10.1016/j.compbiomed.2019.02.006,"Journal Article;Research Support, Non-U.S. Gov't",Muller E; Shock JP; Bender A; Kleeberger J; Högen T; Rosenfelder M; Bah B; Lopez-Rolon A,Q1_ml_imputation_clinical,False,S1_excluded_title
30863010,Neural network and logistic regression diagnostic prediction models for giant cell arteritis: development and validation.,2019,Clin Ophthalmol,10.2147/OPTH.S193460,Journal Article,Ing EB; Miller NR; Nguyen A; Su W; Bursztyn LLCD; Poole M; Kansal V; Toren A; Albreki D; Mouhanna JG; Muladzanov A; Bernier M; Gans M; Lee D; Wendel C; Sheldon C; Shields M; Bellan L; Lee-Wing M; Mohadjer Y; Nijhawan N; Tyndel F; Sundaram ANE; Ten Hove MW; Chen JJ; Rodriguez AR; Hu A; Khalidi N; Ing R; Wong SWK; Torun N,Q1_ml_imputation_clinical,False,S1_excluded_title
30884437,Reliability of reported peri-ictal behavior to identify psychogenic nonepileptic seizures.,2019,Seizure,10.1016/j.seizure.2019.02.021,Journal Article,Kerr WT; Chau AM; Janio EA; Braesch CT; Le JM; Hori JM; Patel AB; Gallardo NL; Bauirjan J; Allas CH; Karimi AH; Hwang ES; Davis EC; Buchard A; Torres-Barba D; D'Ambrosio S; Al Banna M; Cho AY; Engel J; Cohen MS; Stern JM,Q1_ml_imputation_clinical,False,S1_excluded_title
30901004,Is Bone Loss or Devascularization Associated With Recurrence of Osteomyelitis in Wartime Open Tibia Fractures?,2019,Clin Orthop Relat Res,10.1097/CORR.0000000000000411,Journal Article,Petfield JL; Tribble DR; Potter BK; Lewandowski LR; Weintrob AC; Krauss M; Murray CK; Stinner DJ;  ,Q4_missing_indicator_deployment,False,S1_excluded_title
30904559,Long-term (10-year) dental implant survival: A systematic review and sensitivity meta-analysis.,2019,J Dent,10.1016/j.jdent.2019.03.008,Meta-Analysis;Systematic Review;Journal Article,Howe MS; Keys W; Richards D,Q5_reporting_guidance,False,S1_excluded_title
30940478,Socio-demographic predictors of prepulse inhibition: A prospective study in children and adolescents from Mexico City.,2019,Biol Psychol,10.1016/0165-0173(96)00004-5,"Journal Article;Research Support, N.I.H., Extramural;Research Support, Non-U.S. Gov't;Research Support, U.S. Gov't, Non-P.H.S.",Kponee-Shovein KZ; Grashow R; Coull BA; Téllez-Rojo MM; Schnaas L; Del Carmen Hernández-Chávez M; Sánchez B; Peterson K; Hu H; Hernandez-Avila M; Weisskopf MG,Q2_MI_prediction_models,False,S1_excluded_title
30942761,Analysis of Primary Care Computerised Medical Records with Deep Learning.,2019,Stud Health Technol Inform,,Journal Article,de Lusignan S; Smith N; Livina V; Yonova I; Webb R; Thomas SA,Q1_ml_imputation_clinical,False,S1_excluded_title
30955160,Machine learning applied to multi-sensor information to reduce false alarm rate in the ICU.,2020,J Clin Monit Comput,10.1093/bjaceaccp/mkn041,Journal Article,Hever G; Cohen L; O'Connor MF; Matot I; Lerner B; Bitan Y,Q1_ml_imputation_clinical,False,S1_excluded_title
31018836,An empirical comparison of Bayesian modelling strategies for missing binary outcome data in network meta-analysis.,2019,BMC Med Res Methodol,10.1186/s13643-015-0083-6,"Comparative Study;Journal Article;Research Support, Non-U.S. Gov't",Spineli LM,Q3_MNAR_informative,True,included
31043469,"ApoB, small-dense LDL-C, Lp(a), LpPLA2 activity, and cognitive change.",2019,Neurology,10.1212/WNL.0000000000007574,"Journal Article;Research Support, N.I.H., Extramural;Research Support, Non-U.S. Gov't",Pokharel Y; Mouhanna F; Nambi V; Virani SS; Hoogeveen R; Alonso A; Heiss G; Coresh J; Mosley T; Gottesman RF; Ballantyne CM; Power MC,Q3_MNAR_informative,False,S1_excluded_title
31054960,A hybrid of whale optimization and late acceptance hill climbing based imputation to enhance classification performance in electronic health records.,2019,J Biomed Inform,10.1016/j.jbi.2019.103190,Journal Article,Nagarajan G; Dhinesh Babu LD,Q1_ml_imputation_clinical,True,included
31075453,Toward Optimizing Risk Adjustment in the Dutch Surgical Aneurysm Audit.,2019,Ann Vasc Surg,10.1016/j.avsg.2019.02.032,Journal Article;Observational Study;Validation Study,Lijftogt N; Vahl A; van der Willik EM; Leijdekkers VJ; Wouters MWJM; Hamming JF;  ,Q2_MI_prediction_models,False,S1_excluded_title
31088492,-Omics biomarker identification pipeline for translational medicine.,2019,J Transl Med,10.1186/s13059-016-0945-9,"Journal Article;Research Support, N.I.H., Extramural;Research Support, Non-U.S. Gov't",Bravo-Merodio L; Williams JA; Gkoutos GV; Acharjee A,Q1_ml_imputation_clinical,False,S1_excluded_title
31091238,"Cardiovascular disease risk prediction using automated machine learning: A prospective study of 423,604 UK Biobank participants.",2019,PLoS One,10.1016/S2213-8587(16)30196-6,"Journal Article;Research Support, Non-U.S. Gov't;Research Support, U.S. Gov't, Non-P.H.S.",Alaa AM; Bolton T; Di Angelantonio E; Rudd JHF; van der Schaar M,Q1_ml_imputation_clinical,False,S1_excluded_title
31099433,Missing data strategies for time-varying confounders in comparative effectiveness studies of non-missing time-varying exposures and right-censored outcomes.,2019,Stat Med,10.1002/sim.8174,"Journal Article;Research Support, Non-U.S. Gov't",Desai M; Montez-Rath ME; Kapphahn K; Joyce VR; Mathur MB; Garcia A; Purington N; Owens DK,Q4_missing_indicator_deployment,True,included
31118320,Information Adapted Machine Learning Models for Prediction in Clinical Workflow.,2019,Stud Health Technol Inform,,Journal Article,Jauk S; Kramer D; Quehenberger F; Veeranki SPK; Hayn D; Schreier G; Leodolter W,Q1_ml_imputation_clinical;Q4_missing_indicator_deployment,False,S1_excluded_title
31119388,Metaheuristic approaches in biopharmaceutical process development data analysis.,2019,Bioprocess Biosyst Eng,10.1007/s00449-019-02147-0,Journal Article;Review,Gangadharan N; Turner R; Field R; Oliver SG; Slater N; Dikicioglu D,Q4_missing_indicator_deployment,False,S1_excluded_title
31143842,A nested randomised trial of the effect of tranexamic acid on intracranial haemorrhage and infarction in traumatic brain injury (CRASH-3 trial intracranial bleeding mechanistic study): Statistical analysis plan.,2018,Wellcome Open Res,10.12688/wellcomeopenres.13262.2,Journal Article,Mahmood A; Roberts I; Shakur-Still H,Q3_MNAR_informative,False,S1_excluded_title
31174185,Can machine learning algorithms accurately predict discharge to nonhome facility and early unplanned readmissions following spinal fusion? Analysis of a national surgical registry.,2019,J Neurosurg Spine,10.3171/2019.3.SPINE181367,Journal Article,Goyal A; Ngufor C; Kerezoudis P; McCutcheon B; Storlie C; Bydon M,Q1_ml_imputation_clinical,False,S1_excluded_title
31184280,"Correcting for non-participation bias in health surveys using record-linkage, synthetic observations and pattern mixture modelling.",2020,Stat Methods Med Res,10.1177/0962280219854482,"Journal Article;Research Support, Non-U.S. Gov't",Gray L; Gorman E; White IR; Katikireddi SV; McCartney G; Rutherford L; Leyland AH,Q3_MNAR_informative,False,S1_excluded_title
31195874,Clinical decision support system to assess the risk of sepsis using Tree Augmented Bayesian networks and electronic medical record data.,2020,Health Informatics J,10.1177/1460458219852872,Journal Article,Gupta A; Liu T; Shepherd S,Q1_ml_imputation_clinical,False,S1_excluded_title
31195998,Preventing bias from selective non-response in population-based survey studies: findings from a Monte Carlo simulation study.,2019,BMC Med Res Methodol,10.1186/s12874-019-0757-1,Journal Article,Gustavson K; Røysamb E; Borren I,Q3_MNAR_informative,False,S1_excluded_title
31201239,"SIMON, an Automated Machine Learning System, Reveals Immune Signatures of Influenza Vaccine Responses.",2019,J Immunol,10.5281/zenodo.1328286,"Journal Article;Research Support, N.I.H., Extramural;Research Support, Non-U.S. Gov't",Tomic A; Tomic I; Rosenberg-Hasson Y; Dekker CL; Maecker HT; Davis MM,Q1_ml_imputation_clinical,False,S1_excluded_title
31208324,"Machine learning with the TCGA-HNSC dataset: improving usability by addressing inconsistency, sparsity, and high-dimensionality.",2019,BMC Bioinformatics,10.1038/srep21689,Journal Article,Rendleman MC; Buatti JM; Braun TA; Smith BJ; Nwakama C; Beichel RR; Brown B; Casavant TL,Q1_ml_imputation_clinical,False,S1_excluded_title
31230029,Models predicting survival to guide treatment decision-making in newly diagnosed primary non-metastatic prostate cancer: a systematic review.,2019,BMJ Open,10.1016/j.ucl.2017.07.003,"Journal Article;Research Support, Non-U.S. Gov't;Systematic Review",Thurtle D; Rossi SH; Berry B; Pharoah P; Gnanapragasam VJ,Q5_reporting_guidance,False,S1_excluded_title
31261982,DNN-MVL: DNN-Multi-View-Learning-Based Recover Block Missing Data in a Dam Safety Monitoring System.,2019,Sensors (Basel),10.3390/s17030524,Journal Article,Mao Y; Zhang J; Qi H; Wang L,Q4_missing_indicator_deployment,True,S2_ex_E2
31306724,Computer algorithms show potential for improving dermatologists' accuracy to diagnose cutaneous melanoma: Results of the International Skin Imaging Collaboration 2017.,2020,J Am Acad Dermatol,10.1016/j.jaad.2019.07.016,Journal Article,Marchetti MA; Liopyris K; Dusza SW; Codella NCF; Gutman DA; Helba B; Kalloo A; Halpern AC;  ,Q1_ml_imputation_clinical,False,S1_excluded_title
31309730,Reference-based sensitivity analysis for time-to-event data.,2019,Pharm Stat,10.1002/pst.1954,"Journal Article;Research Support, Non-U.S. Gov't",Atkinson A; Kenward MG; Clayton T; Carpenter JR,Q3_MNAR_informative,False,S1_excluded_title
31328221,Case Fatality Ratio Estimates for the 2013-2016 West African Ebola Epidemic: Application of Boosted Regression Trees for Imputation.,2020,Clin Infect Dis,10.1093/cid/ciz678,"Journal Article;Research Support, Non-U.S. Gov't",Forna A; Nouvellet P; Dorigatti I; Donnelly CA,Q1_ml_imputation_clinical,True,included
31336327,TyG-er: An ensemble Regression Forest approach for identification of clinical factors related to insulin resistance condition using Electronic Health Records.,2019,Comput Biol Med,10.1016/j.compbiomed.2019.103358,"Journal Article;Research Support, Non-U.S. Gov't",Bernardini M; Morettini M; Romeo L; Frontoni E; Burattini L,Q1_ml_imputation_clinical,False,S1_excluded_title
31347428,Predicting hospital mortality for intensive care unit patients: Time-series analysis.,2020,Health Informatics J,10.1177/1460458219850323,"Journal Article;Research Support, Non-U.S. Gov't",Awad A; Bader-El-Den M; McNicholas J; Briggs J; El-Sonbaty Y,Q1_ml_imputation_clinical,False,S1_excluded_title
31350588,Quality of science and reporting of radiomics in oncologic studies: room for improvement according to radiomics quality score and TRIPOD statement.,2020,Eur Radiol,10.1148/radiol.14141160,Journal Article,Park JE; Kim D; Kim HS; Park SY; Kim JY; Cho SJ; Shin JH; Kim JH,Q1_ml_imputation_clinical;Q5_reporting_guidance,False,S1_excluded_title
31388665,Using Machine Learning to Classify Individuals With Alcohol Use Disorder Based on Treatment Seeking Status.,2019,EClinicalMedicine,10.1016/j.eclinm.2019.05.008,Journal Article,Lee MR; Sankar V; Hammer A; Kennedy WG; Barb JJ; McQueen PG; Leggio L,Q1_ml_imputation_clinical,False,S1_excluded_title
31393001,Improving estimation efficiency for regression with MNAR covariates.,2020,Biometrics,10.1111/biom.13131,"Journal Article;Research Support, Non-U.S. Gov't",Che M; Han P; Lawless JF,Q3_MNAR_informative,False,S1_excluded_title
31401599,Identifying psychosocial characteristics that predict outcome to the UPLIFT programme for people with persistent back pain: protocol for a prospective cohort study.,2019,BMJ Open,10.7717/peerj.4301,"Journal Article;Research Support, Non-U.S. Gov't",Thomson H; Evans K; Dearness J; Kelley J; Conway K; Morris C; Bisset L; Scholten-Peeters G; Cuijpers P; Coppieters MW,Q2_MI_prediction_models,False,S1_excluded_title
31416562,An intelligent warning model for early prediction of cardiac arrest in sepsis patients.,2019,Comput Methods Programs Biomed,10.1016/j.cmpb.2019.06.010,Journal Article,Layeghian Javan S; Sepehri MM; Layeghian Javan M; Khatibi T,Q1_ml_imputation_clinical,False,S1_excluded_title
31420533,DeepCC: a novel deep learning-based framework for cancer molecular subtype classification.,2019,Oncogenesis,10.1016/0377-0427(87)90125-7,Journal Article,Gao F; Wang W; Tan M; Zhu L; Zhang Y; Fessler E; Vermeulen L; Wang X,Q1_ml_imputation_clinical,False,S1_excluded_title
31437937,Improving Mechanical Ventilator Clinical Decision Support Systems with a Machine Learning Classifier for Determining Ventilator Mode.,2019,Stud Health Technol Inform,10.3233/SHTI190235,Journal Article,Rehm GB; Kuhn BT; Nguyen J; Anderson NR; Chuah CN; Adams JY,Q1_ml_imputation_clinical,False,S1_excluded_title
31450546,Comparison of Machine Learning Techniques for Prediction of Hospitalization in Heart Failure Patients.,2019,J Clin Med,10.1001/jama.2013.393,Journal Article,Lorenzoni G; Sabato SS; Lanera C; Bottigliengo D; Minto C; Ocagli H; De Paolis P; Gregori D; Iliceto S; Pisanò F,Q1_ml_imputation_clinical,False,S1_excluded_title
31510656,Deep learning with multimodal representation for pancancer prognosis prediction.,2019,Bioinformatics,10.1093/bioinformatics/btz342,"Journal Article;Research Support, N.I.H., Extramural",Cheerla A; Gevaert O,Q1_ml_imputation_clinical,False,S1_excluded_title
31519694,Machine Learning to Predict the Risk of Incident Heart Failure Hospitalization Among Patients With Diabetes: The WATCH-DM Risk Score.,2019,Diabetes Care,10.2337/dc19-0587,"Evaluation Study;Journal Article;Research Support, N.I.H., Extramural;Research Support, Non-U.S. Gov't",Segar MW; Vaduganathan M; Patel KV; McGuire DK; Butler J; Fonarow GC; Basit M; Kannan V; Grodin JL; Everett B; Willett D; Berry J; Pandey A,Q1_ml_imputation_clinical,False,S1_excluded_title
31531896,SMARTp: A SMART design for nonsurgical treatments of chronic periodontitis with spatially referenced and nonrandomly missing skewed outcomes.,2020,Biom J,10.1093/biostatistics/kxy064,"Journal Article;Research Support, N.I.H., Extramural;Research Support, Non-U.S. Gov't",Xu J; Bandyopadhyay D; Salehabadi SM; Michalowicz B; Chakraborty B,Q4_missing_indicator_deployment,True,included
31549744,Cox regression with survival-time-dependent missing covariate values.,2020,Biometrics,10.1111/biom.13155,"Journal Article;Research Support, N.I.H., Extramural;Research Support, Non-U.S. Gov't",Yi Y; Ye T; Yu M; Shao J,Q3_MNAR_informative,True,included
31595842,Two-level approaches to missing data in longitudinal trials with daily patient-reported outcomes.,2020,Stat Methods Med Res,10.1177/0962280219880432,Journal Article,Jin M; Feng D; Liu G; Wan S,Q3_MNAR_informative,True,included
31601916,Choosing Clinical Variables for Risk Stratification Post-Acute Coronary Syndrome.,2019,Sci Rep,10.21037/atm.2016.03.35,Journal Article;Multicenter Study;Observational Study;Validation Study,Myers PD; Huang W; Anderson F; Stultz CM,Q1_ml_imputation_clinical,False,S1_excluded_title
31604136,An automated workflow based on hip shape improves personalized risk prediction for hip osteoarthritis in the CHECK study.,2020,Osteoarthritis Cartilage,10.1016/j.joca.2019.09.005,"Journal Article;Research Support, Non-U.S. Gov't",Gielis WP; Weinans H; Welsing PMJ; van Spil WE; Agricola R; Cootes TF; de Jong PA; Lindner C,Q2_MI_prediction_models,False,S1_excluded_title
31604610,The missing indicator approach for censored covariates subject to limit of detection in logistic regression models.,2019,Ann Epidemiol,10.1016/j.annepidem.2019.07.014,"Journal Article;Research Support, N.I.H., Extramural",Chiou SH; Betensky RA; Balasubramanian R,Q4_missing_indicator_deployment,True,S2_ex_E4
31605488,Derivation and validation of a machine learning record linkage algorithm between emergency medical services and the emergency department.,2020,J Am Med Inform Assoc,10.1093/jamia/ocz176,Journal Article;Validation Study,Redfield C; Tlimat A; Halpern Y; Schoenfeld DW; Ullman E; Sontag DA; Nathanson LA; Horng S,Q4_missing_indicator_deployment,False,S1_excluded_title
31615970,Genomic Prediction of Tendinopathy Risk in Elite Team Sports.,2020,Int J Sports Physiol Perform,10.1123/ijspp.2019-0431,Journal Article,Rodas G; Osaba L; Arteta D; Pruna R; Fernández D; Lucia A,Q1_ml_imputation_clinical,False,S1_excluded_title
31634625,Investigating Risk Factors and Predicting Complications in Deep Brain Stimulation Surgery with Machine Learning Algorithms.,2020,World Neurosurg,10.1016/j.wneu.2019.10.063,Journal Article;Multicenter Study,Farrokhi F; Buchlak QD; Sikora M; Esmaili N; Marsans M; McLeod P; Mark J; Cox E; Bennett C; Carlson J,Q1_ml_imputation_clinical,False,S1_excluded_title
31651068,Identifying predictors of antimicrobial exposure in hospitalized patients using a machine learning approach.,2020,J Appl Microbiol,10.1111/jam.14499,Journal Article,Chowdhury AS; Lofgren ET; Moehring RW; Broschat SL,Q1_ml_imputation_clinical,False,S1_excluded_title
31651589,Development and Internal Validation of Machine Learning Algorithms for Preoperative Survival Prediction of Extremity Metastatic Disease.,2020,Clin Orthop Relat Res,10.1097/CORR.0000000000000748,Comparative Study;Journal Article;Multicenter Study;Validation Study,Thio QCBS; Karhade AV; Bindels BJJ; Ogink PT; Bramer JAM; Ferrone ML; Calderón SL; Raskin KA; Schwab JH,Q1_ml_imputation_clinical,False,S1_excluded_title
31651956,Imputation and characterization of uncoded self-harm in major mental illness using machine learning.,2020,J Am Med Inform Assoc,10.1093/jamia/ocz173,"Journal Article;Research Support, Non-U.S. Gov't",Kumar P; Nestsiarovich A; Nelson SJ; Kerner B; Perkins DJ; Lambert CG,Q1_ml_imputation_clinical,True,included
31656592,Imputation techniques on missing values in breast cancer treatment and fertility data.,2019,Health Inf Sci Syst,10.1613/jair.346,Journal Article,Wu X; Akbarzadeh Khorshidi H; Aickelin U; Edib Z; Peate M,Q1_ml_imputation_clinical,True,included
31659787,Prediction model of postnatal renal function in fetuses with lower urinary tract obstruction (LUTO)-Development and internal validation.,2019,Prenat Diagn,10.1002/pd.5573,Journal Article;Multicenter Study;Validation Study,Duin LK; Fontanella F; Groen H; Adama van Scheltema PN; Cohen-Overbeek TE; Pajkrt E; Bekker M; Willekes C; Bax CJ; Oepkes D; Bilardo CM,Q2_MI_prediction_models,False,S1_excluded_title
31662787,Correlation-Based Ensemble Feature Selection Using Bioinspired Algorithms and Classification Using Backpropagation Neural Network.,2019,Comput Math Methods Med,10.1109/titb.2008.920634,Journal Article,Elgin Christo VR; Khanna Nehemiah H; Minu B; Kannan A,Q1_ml_imputation_clinical,False,S1_excluded_title
31673711,A Note on Proposed Estimation Procedures for Claims-Based Frailty Indexes.,2020,Am J Epidemiol,10.1093/aje/kwz247,"Journal Article;Research Support, N.I.H., Extramural",R Van Domelen D; Bandeen-Roche K,Q2_MI_prediction_models,False,S1_excluded_title
31712594,DeePathology: Deep Multi-Task Learning for Inferring Molecular Pathology from Cancer Transcriptome.,2019,Sci Rep,10.1038/s41551-018-0304-0,Journal Article,Azarkhalili B; Saberi A; Chitsaz H; Sharifi-Zarchi A,Q1_ml_imputation_clinical,False,S1_excluded_title
31718298,Effect of Variable Selection Strategy on the Performance of Prognostic Models When Using Multiple Imputation.,2019,Circ Cardiovasc Qual Outcomes,10.1161/CIRCOUTCOMES.119.005927,"Comparative Study;Journal Article;Research Support, Non-U.S. Gov't",Austin PC; Lee DS; Ko DT; White IR,Q2_MI_prediction_models,True,included
31720897,Application of Item Response Theory to Model Disease Progression and Agomelatine Effect in Patients with Major Depressive Disorder.,2019,AAPS J,10.1208/s12248-019-0379-x,"Clinical Trial, Phase III;Journal Article;Multicenter Study;Research Support, Non-U.S. Gov't",Cerou M; Peigné S; Comets E; Chenel M,Q3_MNAR_informative,False,S1_excluded_title
31730697,Deep learning for clustering of multivariate clinical patient trajectories with missing values.,2019,Gigascience,10.5524/100662,"Journal Article;Research Support, N.I.H., Extramural;Research Support, Non-U.S. Gov't;Research Support, U.S. Gov't, Non-P.H.S.",de Jong J; Emon MA; Wu P; Karki R; Sood M; Godard P; Ahmad A; Vrooman H; Hofmann-Apitius M; Fröhlich H,Q1_ml_imputation_clinical,True,included
31779359,Cross-predicting the dynamics of an optically injected single-mode semiconductor laser using reservoir computing.,2019,Chaos,10.1063/1.5120822,Journal Article,Cunillera A; Soriano MC; Fischer I,Q4_missing_indicator_deployment,False,S1_excluded_title
31797590,Monitoring ICU Mortality Risk with A Long Short-Term Memory Recurrent Neural Network.,2020,Pac Symp Biocomput,,"Journal Article;Research Support, N.I.H., Extramural",Yu K; Zhang M; Cui T; Hauskrecht M,Q1_ml_imputation_clinical,False,S1_excluded_title
31813482,A hybrid machine learning approach to cerebral stroke prediction based on imbalanced medical dataset.,2019,Artif Intell Med,10.1016/j.artmed.2019.101723,Journal Article,Liu T; Fan W; Wu C,Q1_ml_imputation_clinical,False,S1_excluded_title
31824670,Evidence-based Clinical Decision Support Systems for the prediction and detection of three disease states in critical care: A systematic literature review.,2019,F1000Res,10.6084/m9.figshare.9894107.v1,"Journal Article;Research Support, Non-U.S. Gov't;Systematic Review",Medic G; Kosaner Kließ M; Atallah L; Weichert J; Panda S; Postma M; El-Kerdi A,Q1_ml_imputation_clinical,False,S1_excluded_title
31872067,Preventing inpatient falls with injuries using integrative machine learning prediction: a cohort study.,2019,NPJ Digit Med,10.2307/2531595,Journal Article,Wang L; Xue Z; Ezeana CF; Puppala M; Chen S; Danforth RL; Yu X; He T; Vassallo ML; Wong STC,Q1_ml_imputation_clinical,False,S1_excluded_title
31875182,Multidimensional screening for predicting pain problems in adults: a systematic review of screening tools and validation studies.,2019,Pain Rep,10.1097/PR9.0000000000000775,Journal Article;Review,Veirman E; Van Ryckeghem DML; De Paepe A; Kirtley OJ; Crombez G,Q5_reporting_guidance,False,S1_excluded_title
31888507,"Clinical risk prediction with random forests for survival, longitudinal, and multivariate (RF-SLAM) data analysis.",2019,BMC Med Res Methodol,10.1002/bimj.201600244,"Journal Article;Observational Study;Research Support, N.I.H., Extramural",Wongvibulsin S; Wu KC; Zeger SL,Q1_ml_imputation_clinical,False,S1_excluded_title
31897503,[Use of artificial intelligence for image reconstruction].,2020,Radiologe,10.1007/s00117-019-00630-z,Journal Article;Review,Hoeschen C,Q1_ml_imputation_clinical,False,S1_excluded_title
31940350,Evaluating risk prediction models for adults with heart failure: A systematic literature review.,2020,PLoS One,10.1161/JAHA.118.009594,Journal Article;Systematic Review,Di Tanna GL; Wirtz H; Burrows KL; Globe G,Q1_ml_imputation_clinical;Q5_reporting_guidance,False,S1_excluded_title
31941530,Validation of prediction models of severe disease course and non-achievement of remission in juvenile idiopathic arthritis part 2: results of the Nordic model in the Canadian cohort.,2020,Arthritis Res Ther,10.1136/annrheumdis-2016-210511,"Journal Article;Research Support, Non-U.S. Gov't;Validation Study",Henrey A; Rypdal V; Rypdal M; Loughin T; Nordal E; Guzman J;  ,Q2_MI_prediction_models,False,S1_excluded_title
31945959,Outlier Detection in Health Record Free-Text using Deep Learning.,2019,Annu Int Conf IEEE Eng Med Biol Soc,10.1109/EMBC.2019.8857491,"Journal Article;Research Support, Non-U.S. Gov't;Review",Wallace D; Kecahdi T,Q1_ml_imputation_clinical,False,S1_excluded_title
31969896,A Hybrid Approach for Modeling Type 2 Diabetes Mellitus Progression.,2019,Front Genet,10.3389/fgene.2018.00515,Journal Article,Perveen S; Shahbaz M; Ansari MS; Keshavjee K; Guergachi A,Q1_ml_imputation_clinical,False,S1_excluded_title
31994239,Estimating treatment effects with partially observed covariates using outcome regression with missing indicators.,2020,Biom J,10.1002/bimj.201900041,"Journal Article;Research Support, Non-U.S. Gov't",Blake HA; Leyrat C; Mansfield KE; Tomlinson LA; Carpenter J; Williamson EJ,Q4_missing_indicator_deployment,True,included
32021464,Ethnic Differences in the Prevalence of Type 2 Diabetes Diagnoses in the UK: Cross-Sectional Analysis of the Health Improvement Network Primary Care Database.,2019,Clin Epidemiol,10.1136/bmjopen-2013-002882,Journal Article,Pham TM; Carpenter JR; Morris TP; Sharma M; Petersen I,Q3_MNAR_informative,False,S1_excluded_title
32028825,Examining Bias and Reporting in Oral Health Prediction Modeling Studies.,2020,J Dent Res,10.1177/0022034520903725,"Journal Article;Research Support, Non-U.S. Gov't;Systematic Review",Du M; Haag D; Song Y; Lynch J; Mittinty M,Q5_reporting_guidance,False,S1_excluded_title
32039865,Ductus arteriosus and failed medical therapy.,2020,J Neonatal Perinatal Med,10.3233/NPM-180152,Journal Article,den Harink T; Clur SB; van der Lee R; van Deutekom AW,Q2_MI_prediction_models,False,S1_excluded_title
32058331,Identification of Normal Pressure Hydrocephalus by Disease-Specific Patterns of Brain Stiffness and Damping Ratio.,2020,Invest Radiol,10.1097/RLI.0000000000000630,"Journal Article;Research Support, N.I.H., Extramural;Research Support, Non-U.S. Gov't",Murphy MC; Cogswell PM; Trzasko JD; Manduca A; Senjem ML; Meyer FB; Ehman RL; Huston J,Q1_ml_imputation_clinical,False,S1_excluded_title
32059026,Severity Index for Suspected Arbovirus (SISA): Machine learning for accurate prediction of hospitalization in subjects suspected of arboviral infection.,2020,PLoS Negl Trop Dis,10.1001/jama.2017.7797,"Journal Article;Research Support, Non-U.S. Gov't;Research Support, U.S. Gov't, Non-P.H.S.",Sippy R; Farrell DF; Lichtenstein DA; Nightingale R; Harris MA; Toth J; Hantztidiamantis P; Usher N; Cueva Aponte C; Barzallo Aguilar J; Puthumana A; Lupone CD; Endy T; Ryan SJ; Stewart Ibarra AM,Q1_ml_imputation_clinical,False,S1_excluded_title
32059073,Estimating treatment effects under untestable assumptions with nonignorable missing data.,2020,Stat Med,10.1002/sim.8504,Journal Article,Gomes M; Kenward MG; Grieve R; Carpenter J,Q3_MNAR_informative,True,included
32079240,Genomic Prediction for Grain Yield and Yield-Related Traits in Chinese Winter Wheat.,2020,Int J Mol Sci,10.3835/plantgenome2016.09.0089,Journal Article,Ali M; Zhang Y; Rasheed A; Wang J; Zhang L,Q4_missing_indicator_deployment,False,S1_excluded_title
32101147,The application of unsupervised deep learning in predictive models using electronic health records.,2020,BMC Med Res Methodol,10.1093/eurheartj/ehu207,"Journal Article;Research Support, Non-U.S. Gov't",Wang L; Tong L; Davis D; Arnold T; Esposito T,Q1_ml_imputation_clinical,False,S1_excluded_title
32127627,Collective effects of long-range DNA methylations predict gene expressions and estimate phenotypes in cancer.,2020,Sci Rep,10.1038/s41588-018-0118-8,"Journal Article;Research Support, N.I.H., Extramural;Research Support, Non-U.S. Gov't",Kim S; Park HJ; Cui X; Zhi D,Q1_ml_imputation_clinical,False,S1_excluded_title
32139841,Genetic and phenotypic landscape of the mitochondrial genome in the Japanese population.,2020,Commun Biol,10.1038/s41562-019-0557-y,"Journal Article;Research Support, Non-U.S. Gov't",Yamamoto K; Sakaue S; Matsuda K; Murakami Y; Kamatani Y; Ozono K; Momozawa Y; Okada Y,Q1_ml_imputation_clinical,False,S1_excluded_title
32141923,"Development and Reporting of Prediction Models: Guidance for Authors From Editors of Respiratory, Sleep, and Critical Care Journals.",2020,Crit Care Med,10.1097/CCM.0000000000004246,"Journal Article;Research Support, N.I.H., Extramural;Research Support, Non-U.S. Gov't",Leisman DE; Harhay MO; Lederer DJ; Abramson M; Adjei AA; Bakker J; Ballas ZK; Barreiro E; Bell SC; Bellomo R; Bernstein JA; Branson RD; Brusasco V; Chalmers JD; Chokroverty S; Citerio G; Collop NA; Cooke CR; Crapo JD; Donaldson G; Fitzgerald DA; Grainger E; Hale L; Herth FJ; Kochanek PM; Marks G; Moorman JR; Ost DE; Schatz M; Sheikh A; Smyth AR; Stewart I; Stewart PW; Swenson ER; Szymusiak R; Teboul JL; Vincent JL; Wedzicha JA; Maslove DM,Q5_reporting_guidance,False,S1_excluded_title
32147404,A N0 Predicting Model for Sentinel Lymph Node Biopsy Omission in Early Breast Cancer Upstaged From Ductal Carcinoma in Situ.,2020,Clin Breast Cancer,10.1016/j.clbc.2019.11.011,"Journal Article;Research Support, Non-U.S. Gov't;Validation Study",Yoo TK; Kim SJ; Lee J; Lee SB; Lee SJ; Park HY; Park HK; Chae BJ; Eom YH; Kim HS; Song BJ,Q2_MI_prediction_models,False,S1_excluded_title
32171301,Methods to improve the quality of smoking records in a primary care EMR database: exploring multiple imputation and pattern-matching algorithms.,2020,BMC Med Inform Decis Mak,10.1136/bmj.h1885,"Journal Article;Research Support, Non-U.S. Gov't",Garies S; Cummings M; Quan H; McBrien K; Drummond N; Manca D; Williamson T,Q3_MNAR_informative,True,included
32183708,A framework for extending trial design to facilitate missing data sensitivity analyses.,2020,BMC Med Res Methodol,10.1111/rssa.12423,"Journal Article;Research Support, Non-U.S. Gov't",Mason AJ; Grieve RD; Richards-Belle A; Mouncey PR; Harrison DA; Carpenter JR,Q3_MNAR_informative,True,included
32193202,Development of a multivariable prediction model for plantar foot ulcer recurrence in high-risk people with diabetes.,2020,BMJ Open Diabetes Res Care,10.1002/dmrr.2696,Journal Article,Aan de Stegge WB; Abu-Hanna A; Bus SA,Q2_MI_prediction_models,False,S1_excluded_title
32196512,Considering patient clinical history impacts performance of machine learning models in predicting course of multiple sclerosis.,2020,PLoS One,10.1093/brain/aww173,"Journal Article;Research Support, Non-U.S. Gov't",Seccia R; Gammelli D; Dominici F; Romano S; Landi AC; Salvetti M; Tacchella A; Zaccaria A; Crisanti A; Grassi F; Palagi L,Q1_ml_imputation_clinical,False,S1_excluded_title
32236397,A Machine Learning Framework for Assessment of Cognitive and Functional Impairments in Alzheimer's Disease: Data Preprocessing and Analysis.,2020,J Prev Alzheimers Dis,10.14283/jpad.2020.7,Journal Article,Vinutha N; Pattar S; Sharma S; Shenoy PD; Venugopal KR,Q1_ml_imputation_clinical,False,S1_excluded_title
32252780,A LASSO-derived risk model for long-term mortality in Chinese patients with acute coronary syndrome.,2020,J Transl Med,10.1177/0272989X06295361,"Journal Article;Research Support, Non-U.S. Gov't",Li YM; Li ZL; Chen F; Liu Q; Peng Y; Chen M,Q1_ml_imputation_clinical,False,S1_excluded_title
32272118,A machine learning approach to explore cognitive signatures in patients with temporo-mesial epilepsy.,2020,Neuropsychologia,10.1016/j.neuropsychologia.2020.107455,"Journal Article;Research Support, Non-U.S. Gov't",Roger E; Torlay L; Gardette J; Mosca C; Banjac S; Minotti L; Kahane P; Baciu M,Q1_ml_imputation_clinical,False,S1_excluded_title
32301414,Predictors of attrition in a longitudinal population-based study of aging.,2021,Int Psychogeriatr,10.1111/j.1467-842x.2006.tb00849.x,"Journal Article;Research Support, N.I.H., Extramural",Jacobsen E; Ran X; Liu A; Chang CH; Ganguli M,Q1_ml_imputation_clinical,False,S1_excluded_title
32311276,Caries Risk Prediction Models in a Medical Health Care Setting.,2020,J Dent Res,10.1177/0022034520913476,"Journal Article;Research Support, Non-U.S. Gov't",Kalhan TA; Un Lam C; Karunakaran B; Chay PL; Chng CK; Nair R; Lee YS; Fong MCF; Chong YS; Kwek K; Saw SM; Shek L; Yap F; Tan KH; Godfrey KM; Huang J; Hsu CS,Q2_MI_prediction_models,False,S1_excluded_title
32362484,Third-line Life-prolonging Drug Treatment in a Real-world Metastatic Castration-resistant Prostate Cancer Population: Results from the Dutch Castration-resistant Prostate Cancer Registry.,2021,Eur Urol Focus,10.1016/j.euf.2020.03.009,"Journal Article;Research Support, Non-U.S. Gov't",Notohardjo JCL; Kuppen MCP; Westgeest HM; van Moorselaar RJA; Mehra N; Coenen JLLM; van Oort IM; de Vos AI; Vervenne WL; van den Bergh ACM; Aben KKH; Somford DM; Bergman AM; Uyl-de Groot CA; Gerritsen WR; van den Eertwegh AJM,Q2_MI_prediction_models,False,S1_excluded_title
32363701,Cerebroplacental ratio in predicting adverse perinatal outcome: a meta-analysis of individual participant data.,2021,BJOG,10.1111/1471-0528.16287,Journal Article;Meta-Analysis,Vollgraff Heidweiller-Schreurs CA; van Osch IR; Heymans MW; Ganzevoort W; Schoonmade LJ; Bax CJ; Mol B; de Groot C; Bossuyt P; de Boer MA;  ,Q2_MI_prediction_models,False,S1_excluded_title
32366491,Risk stratification in pulmonary arterial hypertension using Bayesian analysis.,2020,Eur Respir J,10.1183/13993003.00008-2020,"Journal Article;Research Support, N.I.H., Extramural",Kanwar MK; Gomberg-Maitland M; Hoeper M; Pausch C; Pittrow D; Strange G; Anderson JJ; Zhao C; Scott JV; Druzdzel MJ; Kraisangka J; Lohmueller L; Antaki J; Benza RL,Q1_ml_imputation_clinical,False,S1_excluded_title
32390503,Handling missing data in modelling quality of clinician-prescribed routine care: Sensitivity analysis of departure from missing at random assumption.,2020,Stat Methods Med Res,10.1177/0962280220918279,"Journal Article;Research Support, Non-U.S. Gov't",Gachau S; Quartagno M; Njagi EN; Owuor N; English M; Ayieko P,Q3_MNAR_informative,True,included
32402974,Imputation methods for addressing missing data in short-term monitoring of air pollutants.,2020,Sci Total Environ,10.1111/add.12714,Journal Article,Hadeed SJ; O'Rourke MK; Burgess JL; Harris RB; Canales RA,Q4_missing_indicator_deployment,True,included
32413043,Preoperative risk stratification in endometrial cancer (ENDORISK) by a Bayesian network model: A development and validation study.,2020,PLoS Med,10.1002/cncr.22185,"Journal Article;Multicenter Study;Research Support, Non-U.S. Gov't",Reijnen C; Gogou E; Visser NCM; Engerud H; Ramjith J; van der Putten LJM; van de Vijver K; Santacana M; Bronsert P; Bulten J; Hirschfeld M; Colas E; Gil-Moreno A; Reques A; Mancebo G; Krakstad C; Trovik J; Haldorsen IS; Huvila J; Koskas M; Weinberger V; Bednarikova M; Hausnerova J; van der Wurff AAM; Matias-Guiu X; Amant F;  ; Massuger LFAG; Snijders MPLM; Küsters-Vandevelde HVN; Lucas PJF; Pijnenborg JMA,Q1_ml_imputation_clinical,False,S1_excluded_title
32414410,Long-term sickness absence in a working population: development and validation of a risk prediction model in a large Dutch prospective cohort.,2020,BMC Public Health,10.1186/s12889-020-08843-x,Journal Article,van der Burg LRA; van Kuijk SMJ; Ter Wee MM; Heymans MW; de Rijk AE; Geuskens GA; Ottenheijm RPG; Dinant GJ; Boonen A,Q2_MI_prediction_models,False,S1_excluded_title
32426549,Incomplete data analysis of non-inferiority clinical trials: Difference between binomial proportions case.,2020,Contemp Clin Trials Commun,10.1016/j.conctc.2020.100567,Journal Article,Sidi Y; Harel O,Q3_MNAR_informative,True,included
32429370,A Novel LSTM for Multivariate Time Series with Massive Missingness.,2020,Sensors (Basel),10.1109/ACCESS.2019.2891360,Journal Article,Fouladgar N; Främling K,Q4_missing_indicator_deployment,True,S2_ex_E2
32434791,Early warning scores for detecting deterioration in adult hospital patients: systematic review and critical appraisal of methodology.,2020,BMJ,10.12788/jhm.3151,"Journal Article;Research Support, Non-U.S. Gov't;Systematic Review",Gerry S; Bonnici T; Birks J; Kirtley S; Virdee PS; Watkinson PJ; Collins GS,Q2_MI_prediction_models;Q5_reporting_guidance,False,S1_excluded_title
32439313,Performance of Pediatric Mortality Prediction Models in Low- and Middle-Income Countries: A Systematic Review and Meta-Analysis.,2020,J Pediatr,10.1016/j.jpeds.2020.05.016,Journal Article;Meta-Analysis;Systematic Review,Muttalib F; Clavel V; Yaeger LH; Shah V; Adhikari NKJ,Q5_reporting_guidance,False,S1_excluded_title
32460882,Practical issues encountered while determining Minimal Clinically Important Difference in Patient-Reported Outcomes.,2020,Health Qual Life Outcomes,10.1186/s12955-020-01398-w,Journal Article;Randomized Controlled Trial,Woaye-Hune P; Hardouin JB; Lehur PA; Meurette G; Vanier A,Q3_MNAR_informative,False,S1_excluded_title
32462372,The Value of Preseason Screening for Injury Prediction: The Development and Internal Validation of a Multivariable Prognostic Model to Predict Indirect Muscle Injury Risk in Elite Football (Soccer) Players.,2020,Sports Med Open,10.1186/s40798-020-00249-8,Journal Article,Hughes T; Riley RD; Callaghan MJ; Sergeant JC,Q2_MI_prediction_models,False,S1_excluded_title
32498999,Early detection of sepsis utilizing deep learning on electronic health record event sequences.,2020,Artif Intell Med,10.1016/j.artmed.2020.101820,"Journal Article;Multicenter Study;Research Support, Non-U.S. Gov't",Lauritsen SM; Kalør ME; Kongsgaard EL; Lauritsen KM; Jørgensen MJ; Lange J; Thiesson B,Q1_ml_imputation_clinical,False,S1_excluded_title
32500449,"An Empirical Comparison of Statistical Methods for Missing Data in Randomized, Double-Blind, Placebo-Controlled, Phase 3 Clinical Trials for Chronic Pain and Lipid-Lowering Products.",2020,Ther Innov Regul Sci,10.1007/s43441-020-00168-6,"Comparative Study;Journal Article;Research Support, Non-U.S. Gov't",Gnang J; Kim Y; Ren Y; Travis J; Kim Y,Q3_MNAR_informative,True,included
32505429,Mining incomplete clinical data for the early assessment of Kawasaki disease based on feature clustering and convolutional neural networks.,2020,Artif Intell Med,10.1016/j.artmed.2020.101859,"Journal Article;Research Support, Non-U.S. Gov't",Wang H; Tan X; Huang Z; Pan B; Tian J,Q1_ml_imputation_clinical,False,S1_excluded_title
32515746,Improving Clinical Translation of Machine Learning Approaches Through Clinician-Tailored Visual Displays of Black Box Algorithms: Development and Validation.,2020,JMIR Med Inform,10.1007/s10115-013-0679-x,Journal Article,Wongvibulsin S; Wu KC; Zeger SL,Q1_ml_imputation_clinical,False,S1_excluded_title
32518246,Deep Learning for Improved Risk Prediction in Surgical Outcomes.,2020,Sci Rep,10.1038/s41551-018-0324-9,Journal Article;Multicenter Study,Jalali A; Lonsdale H; Do N; Peck J; Gupta M; Kutty S; Ghazarian SR; Jacobs JP; Rehman M; Ahumada LM,Q1_ml_imputation_clinical,False,S1_excluded_title
32540389,Missing data should be handled differently for prediction than for description or causal explanation.,2020,J Clin Epidemiol,10.1016/j.jclinepi.2020.03.028,"Journal Article;Research Support, Non-U.S. Gov't",Sperrin M; Martin GP; Sisk R; Peek N,Q2_MI_prediction_models;Q4_missing_indicator_deployment,True,included
32545768,Machine Learning Applications for Mass Spectrometry-Based Metabolomics.,2020,Metabolites,10.1007/s11306-007-0070-6,Journal Article;Review,Liebal UW; Phan ANT; Sudhakar M; Raman K; Blank LM,Q1_ml_imputation_clinical,False,S1_excluded_title
32552702,Early warning score validation methodologies and performance metrics: a systematic review.,2020,BMC Med Inform Decis Mak,10.1186/s12916-019-1466-7,"Journal Article;Research Support, Non-U.S. Gov't;Systematic Review",Fang AHS; Lim WT; Balakrishnan T,Q1_ml_imputation_clinical,False,S1_excluded_title
32565213,A cautionary note on the use of the missing indicator method for handling missing data in prediction research.,2020,J Clin Epidemiol,10.1016/j.jclinepi.2020.06.007,Journal Article;Comment,van Smeden M; Groenwold RHH; Moons KG,Q4_missing_indicator_deployment,True,S2_ex_E3
32575159,Predicting risk of postpartum haemorrhage: a systematic review.,2021,BJOG,10.1111/1471-0528.16379,Journal Article;Systematic Review,Neary C; Naheed S; McLernon DJ; Black M,Q5_reporting_guidance,False,S1_excluded_title
32584425,"A multistate joint model for interval-censored event-history data subject to within-unit clustering and informative missingness, with application to neurocysticercosis research.",2020,Stat Med,10.1002/sim.8663,"Journal Article;Research Support, Non-U.S. Gov't;Research Support, U.S. Gov't, Non-P.H.S.",Zhang H; Kelvin EA; Carpio A; Allen Hauser W,Q3_MNAR_informative,True,included
32628678,Addressing missing data in randomized clinical trials: A causal inference perspective.,2020,PLoS One,10.1146/annurev.psych.58.110405.085530,Journal Article,Cornelisz I; Cuijpers P; Donker T; van Klaveren C,Q3_MNAR_informative,True,included
32637046,Machine learning approach to predict medication overuse in migraine patients.,2020,Comput Struct Biotechnol J,10.1080/03007995.2019.1657716,Journal Article,Ferroni P; Zanzotto FM; Scarpato N; Spila A; Fofi L; Egeo G; Rullo A; Palmirotta R; Barbanti P; Guadagni F,Q1_ml_imputation_clinical,False,S1_excluded_title
32640992,Multiple imputation with missing indicators as proxies for unmeasured variables: simulation study.,2020,BMC Med Res Methodol,10.1002/sim.8086,"Journal Article;Research Support, Non-U.S. Gov't",Sperrin M; Martin GP,Q3_MNAR_informative;Q4_missing_indicator_deployment,True,included
32652383,Data preprocessing for heart disease classification: A systematic literature review.,2020,Comput Methods Programs Biomed,10.1016/j.cmpb.2020.105635,Journal Article;Systematic Review,Benhar H; Idri A; Fernández-Alemán JL,Q4_missing_indicator_deployment,False,S1_excluded_title
32687233,Handling missing predictor values when validating and applying a prediction model to new patients.,2020,Stat Med,10.1093/biomet/ast044,"Journal Article;Research Support, Non-U.S. Gov't",Hoogland J; van Barreveld M; Debray TPA; Reitsma JB; Verstraelen TE; Dijkgraaf MGW; Zwinderman AH,Q2_MI_prediction_models,True,included
32694005,Usefulness of Restaging Pelvis Magnetic Resonance Imaging After Neoadjuvant Concurrent Chemoradiotherapy in Patients With Locally Advanced Rectal Cancer.,2020,Clin Colorectal Cancer,10.1016/j.clcc.2020.06.006,Journal Article,Fahmawi Y; Smith C; Grimm L; Khullar S; Rider P; Hunter J; Iliff G; Mneimneh W; Roveda K; Wang B; Prodduturvar P; Alkharabsheh O; McCormick B; Mizrahi M; Khushman M,Q3_MNAR_informative,False,S1_excluded_title
32699824,Informative missingness in electronic health record systems: the curse of knowing.,2020,Diagn Progn Res,10.1175/1520-0493(1950)078<0001:VOFEIT>2.0.CO;2,Journal Article,Groenwold RHH,Q3_MNAR_informative,True,included
32717095,A multiple imputation-based sensitivity analysis approach for data subject to missing not at random.,2020,Stat Med,10.1002/sim.8691,"Journal Article;Research Support, N.I.H., Extramural",Hsu CH; He Y; Hu C; Zhou W,Q3_MNAR_informative,True,included
32724862,Protocol for the derivation and validation of a clinical prediction model to support the diagnosis of asthma in children and young people in primary care.,2020,Wellcome Open Res,10.1016/j.jclinepi.2015.12.005,Journal Article,Daines L; Bonnett LJ; Boyd A; Turner S; Lewis S; Sheikh A; Pinnock H,Q2_MI_prediction_models;Q5_reporting_guidance,False,S1_excluded_title
32727815,Psychiatric comorbid disorders of cognition: a machine learning approach using 1175 UK Biobank participants.,2020,Evid Based Ment Health,10.1136/ebmental-2019-300113,Journal Article,Li C; Gheorghe DA; Gallacher JE; Bauermeister S,Q1_ml_imputation_clinical,False,S1_excluded_title
32732303,Validation of models to diagnose ovarian cancer in patients managed surgically or conservatively: multicentre cohort study.,2020,BMJ,10.1016/j.jacr.2018.07.004,"Journal Article;Multicenter Study;Research Support, Non-U.S. Gov't;Validation Study",Van Calster B; Valentin L; Froyman W; Landolfo C; Ceusters J; Testa AC; Wynants L; Sladkevicius P; Van Holsbeke C; Domali E; Fruscio R; Epstein E; Franchi D; Kudla MJ; Chiappa V; Alcazar JL; Leone FPG; Buonomo F; Coccia ME; Guerriero S; Deo N; Jokubkiene L; Savelli L; Fischerová D; Czekierdowski A; Kaijser J; Coosemans A; Scambia G; Vergote I; Bourne T; Timmerman D,Q2_MI_prediction_models,False,S1_excluded_title
32733929,Effect of Missing Data Imputation on Deep Learning Prediction Performance for Vesicoureteral Reflux and Recurrent Urinary Tract Infection Clinical Study.,2020,Biomed Res Int,10.5244/C.22.68,Journal Article,Köse T; Özgür S; Coşgun E; Keskinoğlu A; Keskinoğlu P,Q1_ml_imputation_clinical,True,included
32735048,Prognostic models for newly-diagnosed chronic lymphocytic leukaemia in adults: a systematic review and meta-analysis.,2020,Cochrane Database Syst Rev,10.1002/14651858.CD012022,"Journal Article;Meta-Analysis;Research Support, Non-U.S. Gov't;Systematic Review",Kreuzberger N; Damen JA; Trivella M; Estcourt LJ; Aldin A; Umlauff L; Vazquez-Montes MD; Wolff R; Moons KG; Monsef I; Foroutan F; Kreuzer KA; Skoetz N,Q5_reporting_guidance,False,S1_excluded_title
32743586,A deep learning framework for high-throughput mechanism-driven phenotype compound screening.,2020,bioRxiv,10.1101/2020.07.19.211235,Preprint;Journal Article,Pham TH; Qiu Y; Zeng J; Xie L; Zhang P,Q1_ml_imputation_clinical,False,S1_excluded_title
32755886,Using Machine Learning to Optimize the Quality of Survey Data: Protocol for a Use Case in India.,2020,JMIR Res Protoc,10.1596/1813-9450-8119,Journal Article,Shah N; Mohan D; Bashingwa JJH; Ummer O; Chakraborty A; LeFevre AE,Q4_missing_indicator_deployment,False,S1_excluded_title
32758295,The obesity paradox in critically ill patients: a causal learning approach to a casual finding.,2020,Crit Care,10.1186/s13054-020-03199-5,Journal Article,Decruyenaere A; Steen J; Colpaert K; Benoit DD; Decruyenaere J; Vansteelandt S,Q1_ml_imputation_clinical,False,S1_excluded_title
32763427,Predicting Alzheimer's disease progression using deep recurrent neural networks.,2020,Neuroimage,10.1016/j.neuroimage.2013.03.073,"Journal Article;Research Support, N.I.H., Extramural;Research Support, Non-U.S. Gov't;Research Support, U.S. Gov't, Non-P.H.S.",Nguyen M; He T; An L; Alexander DC; Feng J; Yeo BTT;  ,Q1_ml_imputation_clinical,False,S1_excluded_title
32773922,Synthetic data method to incorporate external information into a current study.,2019,Can J Stat,10.1007/s12561-018-9217-4,Journal Article,Gu T; Taylor JMG; Cheng W; Mukherjee B,Q2_MI_prediction_models,False,S1_excluded_title
32787782,A four-step strategy for handling missing outcome data in randomised trials affected by a pandemic.,2020,BMC Med Res Methodol,10.1002/(SICI)1097-0258(19991015)18:19<2617::AID-SIM187>3.0.CO;2-E,"Journal Article;Research Support, Non-U.S. Gov't",Cro S; Morris TP; Kahan BC; Cornelius VR; Carpenter JR,Q3_MNAR_informative,True,included
32795506,Demonstrating the consequences of learning missingness patterns in early warning systems for preventative health care: A novel simulation and solution.,2020,J Biomed Inform,10.1016/j.jbi.2020.103528,Journal Article,Gillies CE; Taylor DF; Cummings BC; Ansari S; Islim F; Kronick SL; Medlin RP; Ward KR,Q1_ml_imputation_clinical,True,included
32803417,Shape and texture-based radiomics signature on CT effectively discriminates benign from malignant renal masses.,2021,Eur Radiol,10.1016/j.eururo.2018.06.003,Journal Article,Yap FY; Varghese BA; Cen SY; Hwang DH; Lei X; Desai B; Lau C; Yang LL; Fullenkamp AJ; Hajian S; Rivas M; Gupta MN; Quinn BD; Aron M; Desai MM; Aron M; Oberai AA; Gill IS; Duddalwar VA,Q2_MI_prediction_models,False,S1_excluded_title
32819346,Exploiting mutual information for the imputation of static and dynamic mixed-type clinical data with an adaptive k-nearest neighbours approach.,2020,BMC Med Inform Decis Mak,10.1186/s12911-020-01166-2,"Journal Article;Research Support, Non-U.S. Gov't",Tavazzi E; Daberdaku S; Vasta R; Calvo A; Chiò A; Di Camillo B,Q1_ml_imputation_clinical,True,included
32828436,Missing data imputation and synthetic data simulation through modeling graphical probabilistic dependencies between variables (ModGraProDep): An application to breast cancer survival.,2020,Artif Intell Med,10.1016/j.artmed.2020.101875,"Journal Article;Research Support, Non-U.S. Gov't",Vilardell M; Buxó M; Clèries R; Martínez JM; Garcia G; Ameijide A; Font R; Civit S;  ; Marcos-Gragera R; Vilardell ML; Carulla M; Espinàs JA; Galceran J; Izquierdo A; Borràs JM,Q1_ml_imputation_clinical;Q3_MNAR_informative,True,included
32833755,Liver Resection for Early Hepatocellular Carcinoma: Preoperative Predictors of Non Transplantable Recurrence and Implications for Treatment Allocation.,2020,Ann Surg,10.1097/SLA.0000000000004259,Journal Article,Gelli M; Sebagh M; Porcher R; Romanelli E; Vibert E; Sa Cunha A; Castaing D; Rosmorduc O; Samuel D; Adam R; Cherqui D,Q2_MI_prediction_models,False,S1_excluded_title
32834926,Preventive healthcare policies in the US: solutions for disease management using Big Data Analytics.,2020,J Big Data,10.2307/2137284,Journal Article,Batarseh FA; Ghassib I; Chong DS; Su PH,Q1_ml_imputation_clinical,False,S1_excluded_title
32835888,The transfer of clinical prediction models for early trauma care had uncertain effects on mistriage.,2020,J Clin Epidemiol,10.1016/j.jclinepi.2020.08.014,"Journal Article;Research Support, Non-U.S. Gov't",Henriksson M; Saulnier DD; Berg J; Gerdin Wärnberg M,Q2_MI_prediction_models,False,S1_excluded_title
32847800,Potential impact of missing outcome data on treatment effects in systematic reviews: imputation study.,2020,BMJ,10.1136/bmjopen-2015-008431,"Journal Article;Research Support, Non-U.S. Gov't;Review",Kahale LA; Khamis AM; Diab B; Chang Y; Lopes LC; Agarwal A; Li L; Mustafa RA; Koujanian S; Waziry R; Busse JW; Dakik A; Schünemann HJ; Hooft L; Scholten RJ; Guyatt GH; Akl EA,Q3_MNAR_informative,True,included
32855083,Artificial Intelligence Trumps TAVI2-SCORE and CoreValve Score in Predicting 1-Year Mortality Post-Transcatheter Aortic Valve Replacement.,2021,Cardiovasc Revasc Med,10.1016/j.carrev.2020.08.010,Journal Article,Agasthi P; Ashraf H; Pujari SH; Girardo ME; Tseng A; Mookadam F; Venepally NR; Buras M; Khetarpal BK; Allam M; Eleid MF; Greason KL; Beohar N; Siegel RJ; Sweeney J; Fortuin FD; Holmes DR; Arsanjani R,Q1_ml_imputation_clinical,False,S1_excluded_title
32862509,Does including machine learning predictions in ALS clinical trial analysis improve statistical power?,2020,Ann Clin Transl Neurol,10.1002/acn3.51140,"Journal Article;Research Support, Non-U.S. Gov't",Zhou N; Manser P,Q1_ml_imputation_clinical,False,S1_excluded_title
32888873,"Prognostic importance of Kidney, Heart and Interstitial lung diseases (KHI triad) in PH: A machine learning study.",2020,Arch Cardiovasc Dis,10.1016/j.acvd.2020.05.011,Comparative Study;Journal Article,Fauvel C; Raitière O; Belkacem NS; Dominique S; Artaud-Macari E; Viacroze C; Schleifer D; Bauer F,Q1_ml_imputation_clinical,False,S1_excluded_title
32904363,Electricity consumption data of a student residence in Southern Africa.,2020,Data Brief,10.1016/j.dib.2020.106150,Journal Article,Masebinu SO; Holm-Nielsen JB; Mbohwa C; Padmanaban S; Nwulu N,Q4_missing_indicator_deployment,False,S1_excluded_title
32916042,Predictive factors of functional independence after optimal reperfusion in anterior circulation ischaemic stroke with indication for intravenous thrombolysis plus mechanical thrombectomy.,2021,Eur J Neurol,10.1111/ene.14509,Journal Article,Riou-Comte N; Guillemin F; Gory B; Lapergue B; Zhu F; Soudant M; Piotin M; Humbertjean L; Mione G; Lacour JC; Anxionnat R; Hossu G; Bracard S; Richard S;  ,Q2_MI_prediction_models,False,S1_excluded_title
32947466,Graph Convolutional Networks-Based Noisy Data Imputation in Electronic Health Record.,2020,Crit Care Med,10.1097/CCM.0000000000004583,Journal Article;Multicenter Study,Lee BT; Kwon OY; Park H; Cho KJ; Kwon JM; Lee Y,Q1_ml_imputation_clinical,True,included
32948578,TRIPOD statement: a preliminary pre-post analysis of reporting and methods of prediction models.,2020,BMJ Open,10.1016/j.jclinepi.2014.06.018,"Journal Article;Research Support, Non-U.S. Gov't",Zamanipoor Najafabadi AH; Ramspek CL; Dekker FW; Heus P; Hooft L; Moons KGM; Peul WC; Collins GS; Steyerberg EW; van Diepen M,Q2_MI_prediction_models;Q5_reporting_guidance,False,S1_excluded_title
33003533,Comparison of the Tree-Based Machine Learning Algorithms to Cox Regression in Predicting the Survival of Oral and Pharyngeal Cancers: Analyses Based on SEER Database.,2020,Cancers (Basel),10.1002/(SICI)1097-0258(19990915/30)18:17/18<2529::AID-SIM274>3.0.CO;2-5,Journal Article,Du M; Haag DG; Lynch JW; Mittinty MN,Q1_ml_imputation_clinical,False,S1_excluded_title
33010424,"A deep learning-based, unsupervised method to impute missing values in electronic health records for improved patient management.",2020,J Biomed Inform,10.1016/j.jbi.2020.103576,"Journal Article;Research Support, Non-U.S. Gov't",Xu D; Hu PJ; Huang TS; Fang X; Hsu CC,Q1_ml_imputation_clinical,True,included
33017933,Bi-Directional Gated Recurrent Unit Based Ensemble Model for the Early Detection of Sepsis.,2020,Annu Int Conf IEEE Eng Med Biol Soc,10.1109/EMBC44109.2020.9175223,Journal Article,Wickramaratne SD; Shaad Mahmud MD,Q1_ml_imputation_clinical,False,S1_excluded_title
33027251,Machine learning to predict mesenchymal stem cell efficacy for cartilage repair.,2020,PLoS Comput Biol,10.1089/ten.tec.2008.0487,"Journal Article;Research Support, Non-U.S. Gov't",Liu YYF; Lu Y; Oh S; Conduit GJ,Q1_ml_imputation_clinical,False,S1_excluded_title
33085088,Minimally invasive parathyroidectomy guided by intraoperative parathyroid hormone monitoring (IOPTH) and preoperative imaging versus bilateral neck exploration for primary hyperparathyroidism in adults.,2020,Cochrane Database Syst Rev,10.1002/14651858.CD010787,"Journal Article;Meta-Analysis;Research Support, Non-U.S. Gov't;Systematic Review",Ahmadieh H; Kreidieh O; Akl EA; El-Hajj Fuleihan G,Q5_reporting_guidance,False,S1_excluded_title
33085571,Challenges of Modeling Outcomes for Surgical Infections: A Word of Caution.,2021,Surg Infect (Larchmt),10.1089/sur.2020.208,Journal Article,Grass F; Storlie CB; Mathis KL; Bergquist JR; Asai S; Boughey JC; Habermann EB; Etzioni DA; Cima RR,Q2_MI_prediction_models,False,S1_excluded_title
33090707,Development of a model to predict vestibular schwannoma growth: An opportunity to introduce new wait and scan strategies.,2021,Clin Otolaryngol,10.1111/coa.13661,Journal Article,Hentschel MA; Hannink G; Steens SCA; Mulder JJS; Rovers MM; Kunst HPM,Q2_MI_prediction_models,False,S1_excluded_title
33095720,A Deep Learning-Based Unsupervised Method to Impute Missing Values in Patient Records for Improved Management of Cardiovascular Patients.,2021,IEEE J Biomed Health Inform,10.1109/JBHI.2020.3033323,"Journal Article;Research Support, Non-U.S. Gov't",Xu D; Sheng JQ; Hu PJ; Huang TS; Hsu CC,Q1_ml_imputation_clinical,True,included
33116899,Handling Missing Values in Interrupted Time Series Analysis of Longitudinal Individual-Level Data.,2020,Clin Epidemiol,10.1111/rssa.12423,Journal Article,Bazo-Alvarez JC; Morris TP; Pham TM; Carpenter JR; Petersen I,Q3_MNAR_informative,True,included
33130616,"Does state malpractice environment affect outcomes following spinal fusions? A robust statistical and machine learning analysis of 549,775 discharges following spinal fusion surgery in the United States.",2020,Neurosurg Focus,10.3171/2020.8.FOCUS20610,Journal Article,Chan AK; Santacatterina M; Pennicooke B; Shahrestani S; Ballatori AM; Orrico KO; Burke JF; Manley GT; Tarapore PE; Huang MC; Dhall SS; Chou D; Mummaneni PV; DiGiorgio AM,Q1_ml_imputation_clinical,False,S1_excluded_title
33156121,Two-Step Imputation and AdaBoost-Based Classification for Early Prediction of Sepsis on Imbalanced Clinical Data.,2021,Crit Care Med,10.1097/CCM.0000000000004705,Journal Article,Baniasadi A; Rezaeirad S; Zare H; Ghassemi MM,Q1_ml_imputation_clinical,True,included
33164082,Informative presence and observation in routine health data: A review of methodology for clinical risk prediction.,2021,J Am Med Inform Assoc,10.1093/jamia/ocaa242,"Journal Article;Research Support, Non-U.S. Gov't;Systematic Review",Sisk R; Lin L; Sperrin M; Barrett JK; Tom B; Diaz-Ordaz K; Peek N; Martin GP,Q3_MNAR_informative;Q4_missing_indicator_deployment,True,included
33164941,Effects of Pridopidine on Functional Capacity in Early-Stage Participants from the PRIDE-HD Study.,2020,J Huntingtons Dis,10.3233/JHD-200440,"Journal Article;Randomized Controlled Trial;Research Support, Non-U.S. Gov't",McGarry A; Leinonen M; Kieburtz K; Geva M; Olanow CW; Hayden M,Q3_MNAR_informative,False,S1_excluded_title
33177372,Predicting the Need For Vasopressors in the Intensive Care Unit Using an Attention Based Deep Learning Model.,2021,Shock,10.1097/SHK.0000000000001692,Journal Article;Multicenter Study,Kwak GH; Ling L; Hui P,Q1_ml_imputation_clinical,False,S1_excluded_title
33179286,Functional principal component analysis for longitudinal data with informative dropout.,2021,Stat Med,10.1002/sim.8798,"Journal Article;Research Support, Non-U.S. Gov't",Shi H; Dong J; Wang L; Cao J,Q3_MNAR_informative,False,S1_excluded_title
33211610,Prediction of Shoulder Pain in Youth Competitive Swimmers: The Development and Internal Validation of a Prognostic Prediction Model.,2021,Am J Sports Med,10.1177/0363546520969913,Journal Article,Feijen S; Struyf T; Kuppens K; Tate A; Struyf F,Q2_MI_prediction_models,False,S1_excluded_title
33228591,Evaluation of incomplete maternal smoking data using machine learning algorithms: a study from the Medical Birth Registry of Norway.,2020,BMC Pregnancy Childbirth,10.1186/s12884-019-2624-9,Journal Article,Grøtvedt L; Egeland GM; Kvalvik LG; Madsen C,Q3_MNAR_informative,False,S1_excluded_title
33238200,A hybrid approach of handling missing data under different missing data mechanisms: VISIBLE 1 and VARSITY trials for ulcerative colitis.,2021,Contemp Clin Trials,10.1016/j.cct.2020.106226,Journal Article,Chen J; Hunter S; Kisfalvi K; Lirio RA,Q3_MNAR_informative,True,included
33243147,Multiple imputation and direct estimation for qPCR data with non-detects.,2020,BMC Bioinformatics,10.1214/08-AOAS191,Journal Article,Sherina V; McMurray HR; Powers W; Land H; Love TMT; McCall MN,Q4_missing_indicator_deployment,True,S2_ex_E4
33249763,An application of the mixed-effects model and pattern mixture model to treatment groups with differential missingness suspected not-missing-at-random.,2021,Pharm Stat,10.1002/pst.2058,Journal Article,Gosho M; Maruo K,Q4_missing_indicator_deployment,True,S2_ex_E2
33260202,"Development of a ""meta-model"" to address missing data, predict patient-specific cancer survival and provide a foundation for clinical decision support.",2021,J Am Med Inform Assoc,10.1093/jamia/ocaa254,"Journal Article;Research Support, Non-U.S. Gov't",Baron JM; Paranjape K; Love T; Sharma V; Heaney D; Prime M,Q1_ml_imputation_clinical,True,included
33262391,Predicting the need for intubation in the first 24 h after critical care admission using machine learning approaches.,2020,Sci Rep,10.1183/09031936.00010206,Journal Article,Siu BMK; Kwak GH; Ling L; Hui P,Q1_ml_imputation_clinical;Q4_missing_indicator_deployment,False,S1_excluded_title
33268427,"Variation in model performance by data cleanliness and classification methods in the prediction of 30-day ICU mortality, a US nationwide retrospective cohort and simulation study.",2020,BMJ Open,10.1097/01.CCM.0000215112.84523.F0,"Journal Article;Research Support, U.S. Gov't, Non-P.H.S.",Iwashyna TJ; Ma C; Wang XQ; Seelye S; Zhu J; Waljee AK,Q1_ml_imputation_clinical,False,S1_excluded_title
33271340,Evaluating warfarin dosing models on multiple datasets with a novel software framework and evolutionary optimisation.,2021,J Biomed Inform,10.1016/j.jbi.2020.103634,Journal Article,Truda G; Marais P,Q1_ml_imputation_clinical,False,S1_excluded_title
33275165,Development and internal validation of a predictive risk model for anxiety after completion of treatment for early stage breast cancer.,2020,J Patient Rep Outcomes,10.1186/s41687-020-00267-w,Journal Article,Harris J; Purssell E; Cornelius V; Ream E; Jones A; Armes J,Q2_MI_prediction_models,False,S1_excluded_title
33283143,Predicting Missing Values in Medical Data via XGBoost Regression.,2020,J Healthc Inform Res,10.1002/sam.11348,Journal Article,Zhang X; Yan C; Gao C; Malin BA; Chen Y,Q1_ml_imputation_clinical,True,included
33286923,A Nuisance-Free Inference Procedure Accounting for the Unknown Missingness with Application to Electronic Health Records.,2020,Entropy (Basel),10.4064/am-22-1-55-67,Journal Article,Zhao J; Chen C,Q3_MNAR_informative,True,included
33328095,"A deep learning algorithm to detect anaemia with ECGs: a retrospective, multicentre study.",2020,Lancet Digit Health,10.1016/S2589-7500(20)30108-4,"Journal Article;Multicenter Study;Research Support, Non-U.S. Gov't",Kwon JM; Cho Y; Jeon KH; Cho S; Kim KH; Baek SD; Jeung S; Park J; Oh BH,Q1_ml_imputation_clinical,False,S1_excluded_title
33330661,A Random Shuffle Method to Expand a Narrow Dataset and Overcome the Associated Challenges in a Clinical Study: A Heart Failure Cohort Example.,2020,Front Cardiovasc Med,10.1109/MCI.2018.2866730,Journal Article,Fassina L; Faragli A; Lo Muzio FP; Kelle S; Campana C; Pieske B; Edelmann F; Alogna A,Q1_ml_imputation_clinical,False,S1_excluded_title
33335381,Semiparametric Estimation with Data Missing Not at Random Using an Instrumental Variable.,2018,Stat Sin,10.1177/0962280213490014,Journal Article,Sun B; Liu L; Miao W; Wirth K; Robins J; Tchetgen Tchetgen EJ,Q3_MNAR_informative,True,included
33338552,Incidence and predictors of type 1 diabetes among younger adults aged 20-45 years: The diabetes in young adults (DiYA) study.,2021,Diabetes Res Clin Pract,10.1016/j.diabres.2020.108624,Journal Article,Lawrence JM; Slezak JM; Quesenberry C; Li X; Yu L; Rewers M; Alexander JG; Takhar HS; Sridhar S; Albright A; Rolka DB; Saydah S; Imperatore G; Ferrara A,Q2_MI_prediction_models,False,S1_excluded_title
33359887,Assessing Glaucoma Progression Using Machine Learning Trained on Longitudinal Visual Field and Clinical Data.,2021,Ophthalmology,10.1016/j.neunet.2014.09.003,"Journal Article;Research Support, N.I.H., Extramural;Research Support, Non-U.S. Gov't",Dixit A; Yohannan J; Boland MV,Q1_ml_imputation_clinical,False,S1_excluded_title
33380322,An interpretable risk prediction model for healthcare with pattern attention.,2020,BMC Med Inform Decis Mak,10.1186/s12911-020-01331-7,"Journal Article;Research Support, Non-U.S. Gov't",Kamal SA; Yin C; Qian B; Zhang P,Q1_ml_imputation_clinical,False,S1_excluded_title
33396741,Increasing the Density of Laboratory Measures for Machine Learning Applications.,2020,J Clin Med,10.1161/CIRCOUTCOMES.116.002797,Journal Article,Abedi V; Li J; Shivakumar MK; Avula V; Chaudhary DP; Shellenberger MJ; Khara HS; Zhang Y; Lee MTM; Wolk DM; Yeasin M; Hontecillas R; Bassaganya-Riera J; Zand R,Q1_ml_imputation_clinical,False,S1_excluded_title
33399101,Efficient heart disease prediction-based on optimal feature selection using DFCSS and classification by improved Elman-SFO.,2020,IET Syst Biol,10.1049/iet-syb.2020.0041,Journal Article,Wankhede J; Kumar M; Sambandam P,Q1_ml_imputation_clinical,False,S1_excluded_title
33422019,Missing not at random in end of life care studies: multiple imputation and sensitivity analysis on data from the ACTION study.,2021,BMC Med Res Methodol,10.1093/biostatistics/kxx045,"Journal Article;Multicenter Study;Randomized Controlled Trial;Research Support, Non-U.S. Gov't",Carreras G; Miccinesi G; Wilcock A; Preston N; Nieboer D; Deliens L; Groenvold M; Lunder U; van der Heide A; Baccini M;  ,Q3_MNAR_informative,True,included
33455451,SARS-CoV-2 antigen rapid immunoassay for diagnosis of COVID-19 in the emergency department.,2021,Biomarkers,10.1017/ice.2020.1239,Journal Article,Möckel M; Corman VM; Stegemann MS; Hofmann J; Stein A; Jones TC; Gastmeier P; Seybold J; Offermann R; Bachmann U; Lindner T; Bauer W; Drosten C; Rosen A; Somasundaram R,Q4_missing_indicator_deployment,False,S1_excluded_title
33469974,Multiple imputation strategies for a bounded outcome variable in a competing risks analysis.,2021,Stat Med,10.1002/sim.8879,"Journal Article;Research Support, Non-U.S. Gov't",Curnow E; Hughes RA; Birnie K; Crowther MJ; May MT; Tilling K,Q3_MNAR_informative,True,included
33470157,"Missing Data in Prediction Research: A Five-Step Approach for Multiple Imputation, Illustrated in the CENTER-TBI Study.",2021,J Neurotrauma,10.1089/neu.2020.7218,Journal Article;Multicenter Study,Gravesteijn BY; Sewalt CA; Venema E; Nieboer D; Steyerberg EW;  ,Q2_MI_prediction_models,True,included
33482294,Real-time imputation of missing predictor values improved the application of prediction models in daily practice.,2021,J Clin Epidemiol,10.1016/j.jclinepi.2021.01.003,"Journal Article;Research Support, Non-U.S. Gov't",Nijman SWJ; Groenhof TKJ; Hoogland J; Bots ML; Brandjes M; Jacobs JJL; Asselbergs FW; Moons KGM; Debray TPA,Q4_missing_indicator_deployment,True,included
33492724,A critical appraisal of the prognostic predictive models for patients with sepsis: Which model can be applied in clinical practice?,2021,Int J Clin Pract,10.1111/ijcp.14044,Journal Article;Review,Beneyto-Ripoll C; Palazón-Bru A; Llópez-Espinós P; Martínez-Díaz AM; Gil-Guillén VF; de Los Ángeles Carbonell-Torregrosa M,Q5_reporting_guidance,False,S1_excluded_title
33548543,EHR2CCAS: A framework for mapping EHR to disease knowledge presenting causal chain of disorders - chronic kidney disease example.,2021,J Biomed Inform,10.1016/j.jbi.2021.103692,"Journal Article;Research Support, Non-U.S. Gov't",Ma X; Imai T; Shinohara E; Kasai S; Kato K; Kagawa R; Ohe K,Q1_ml_imputation_clinical,False,S1_excluded_title
33559881,EMBRACE: An EM-based bias reduction approach through Copas-model estimation for quantifying the evidence of selective publishing in network meta-analysis.,2022,Biometrics,10.1111/biom.13441,"Journal Article;Research Support, N.I.H., Extramural;Research Support, Non-U.S. Gov't;Network Meta-Analysis",Marks-Anglin A; Luo C; Piao J; Gibbons MBC; Schmid CH; Ning J; Chen Y,Q3_MNAR_informative,False,S1_excluded_title
33594578,A Machine Learning Approach for Postoperative Outcome Prediction: Surgical Data Science Application in a Thoracic Surgery Setting.,2021,World J Surg,10.1093/ejcts/ezx155,Journal Article,Salati M; Migliorelli L; Moccia S; Andolfi M; Roncon A; Guiducci GM; Xiumè F; Tiberi M; Frontoni E; Refai M,Q1_ml_imputation_clinical,False,S1_excluded_title
33628435,netDx: Software for building interpretable patient classifiers by multi-'omic data integration using patient similarity networks.,2020,F1000Res,10.1016/j.cell.2015.09.033,"Journal Article;Research Support, N.I.H., Extramural;Research Support, Non-U.S. Gov't",Pai S; Weber P; Isserlin R; Kaka H; Hui S; Shah MA; Giudice L; Giugno R; Nøhr AK; Baumbach J; Bader GD,Q1_ml_imputation_clinical,False,S1_excluded_title
33653759,Systematic review of prediction models for pulmonary tuberculosis treatment outcomes in adults.,2021,BMJ Open,10.1016/j.tube.2017.08.004,"Journal Article;Research Support, N.I.H., Extramural;Systematic Review",Peetluk LS; Ridolfi FM; Rebeiro PF; Liu D; Rolla VC; Sterling TR,Q5_reporting_guidance,False,S1_excluded_title
33661746,Uncertainty-Aware Variational-Recurrent Imputation Network for Clinical Time Series.,2022,IEEE Trans Cybern,10.1109/TCYB.2021.3053599,Journal Article,Mulyadi AW; Jun E; Suk HI,Q1_ml_imputation_clinical,True,included
33672646,Facilitating Drug Discovery in Breast Cancer by Virtually Screening Patients Using In Vitro Drug Response Modeling.,2021,Cancers (Basel),10.1016/j.neo.2018.03.003,Journal Article,Gruener RF; Ling A; Chang YF; Morrison G; Geeleher P; Greene GL; Huang RS,Q1_ml_imputation_clinical,False,S1_excluded_title
33692597,Bayesian semi-parametric G-computation for causal inference in a cohort study with MNAR dropout and death.,2021,J R Stat Soc Ser C Appl Stat,10.1002/sim.8347,Journal Article,Josefsson M; Daniels MJ,Q3_MNAR_informative,False,S1_excluded_title
33693390,Variational Autoencoder Modular Bayesian Networks for Simulation of Heterogeneous Clinical Study Data.,2020,Front Big Data,10.1038/srep45865,Journal Article,Gootjes-Dreesbach L; Sood M; Sahay A; Hofmann-Apitius M; Fröhlich H,Q1_ml_imputation_clinical,False,S1_excluded_title
33713506,i-PATHWAY: Development and validation of a prediction model for childhood obesity in an Australian prospective birth cohort.,2021,J Paediatr Child Health,10.1111/jpc.15436,"Journal Article;Research Support, Non-U.S. Gov't",Canfell OJ; Littlewood R; Wright ORL; Walker JL,Q2_MI_prediction_models;Q5_reporting_guidance,False,S1_excluded_title
33718787,Do Missing Values Influence Outcomes in a Cross-sectional Mail Survey?,2021,Mayo Clin Proc Innov Qual Outcomes,10.1016/j.mayocpiqo.2020.09.006,Journal Article,Novotny PJ; Schroeder D; Sloan JA; Mazza GL; Williams D; Bradley D; Haller IV; Bradley SM; Croghan I,Q3_MNAR_informative,True,S2_ex_E1
33728637,Global sensitivity analysis of randomized trials with nonmonotone missing binary outcomes: Application to studies of substance use disorders.,2022,Biometrics,10.1111/biom.13455,"Journal Article;Research Support, N.I.H., Extramural",Scharfstein DO; Steingrimsson J; McDermott A; Wang C; Ray S; Campbell A; Nunes E; Matthews A,Q3_MNAR_informative,True,included
33729926,Bayesian Temporal Factorization for Multidimensional Time Series Prediction.,2022,IEEE Trans Pattern Anal Mach Intell,10.1109/TPAMI.2021.3066551,"Journal Article;Research Support, Non-U.S. Gov't",Chen X; Sun L,Q4_missing_indicator_deployment,False,S1_excluded_title
33734466,Machine learning prediction models in orthopedic surgery: A systematic review in transparent reporting.,2022,J Orthop Res,10.1186/s12916-018-1099-2,Journal Article;Systematic Review,Groot OQ; Ogink PT; Lans A; Twining PK; Kapoor ND; DiGiovanni W; Bindels BJJ; Bongers MER; Oosterhoff JHF; Karhade AV; Oner FC; Verlaan JJ; Schwab JH,Q5_reporting_guidance,False,S1_excluded_title
33741950,Deep generative neural network for accurate drug response imputation.,2021,Nat Commun,10.1111/j.1467-9868.2005.00503.x,"Journal Article;Research Support, N.I.H., Extramural;Research Support, U.S. Gov't, Non-P.H.S.",Jia P; Hu R; Pei G; Dai Y; Wang YY; Zhao Z,Q1_ml_imputation_clinical,True,S2_ex_E4
33747672,MRI restoration using edge-guided adversarial learning.,2020,IEEE Access,10.1109/access.2020.2992204,Journal Article,Chai Y; Xu B; Zhang K; Lepore N; Wood J,Q1_ml_imputation_clinical,False,S1_excluded_title
33772663,Discrepancies in metabolomic biomarker identification from patient-derived lung cancer revealed by combined variation in data pre-treatment and imputation methods.,2021,Metabolomics,10.3978/j.issn.2305-5839.2015.12.63,"Journal Article;Research Support, N.I.H., Extramural",Miller HA; Emam R; Lynch CM; Bockhorst S; Frieboes HB,Q1_ml_imputation_clinical,True,S2_ex_E4
33778356,New insights into modeling exposure measurements below the limit of detection.,2021,Environ Epidemiol,10.1097/EE9.0000000000000116,Journal Article,Ortega-Villa AM; Liu D; Ward MH; Albert PS,Q4_missing_indicator_deployment,False,S1_excluded_title
33783520,Use of Machine Learning to Develop and Evaluate Models Using Preoperative and Intraoperative Data to Identify Risks of Postoperative Complications.,2021,JAMA Netw Open,10.1001/jamanetworkopen.2020.7750,"Journal Article;Research Support, Non-U.S. Gov't;Research Support, U.S. Gov't, P.H.S.",Xue B; Li D; Lu C; King CR; Wildes T; Avidan MS; Kannampallil T; Abraham J,Q1_ml_imputation_clinical;Q4_missing_indicator_deployment,False,S1_excluded_title
33821445,Sample Size Calculation When Planning Clinical Trials with Intercurrent Events.,2021,Ther Innov Regul Sci,10.1002/pst.1917,"Journal Article;Research Support, Non-U.S. Gov't",Fang Y; Jin M,Q3_MNAR_informative,False,S1_excluded_title
33828178,Development of machine learning model for diagnostic disease prediction based on laboratory tests.,2021,Sci Rep,10.1021/acs.jpca.9b04771,"Journal Article;Research Support, Non-U.S. Gov't",Park DJ; Park MW; Lee H; Kim YJ; Kim Y; Park YH,Q1_ml_imputation_clinical,False,S1_excluded_title
33835524,Systematic review of machine learning models for personalised dosing of heparin.,2021,Br J Clin Pharmacol,10.1111/bcp.14852,"Journal Article;Research Support, Non-U.S. Gov't;Systematic Review",Falconer N; Abdel-Hafez A; Scott IA; Marxen S; Canaris S; Barras M,Q1_ml_imputation_clinical;Q5_reporting_guidance,False,S1_excluded_title
33835717,Clinical research associates experience with missing patient reported outcomes data in cancer randomized controlled trials.,2021,Cancer Med,10.1002/cam4.3826,"Journal Article;Research Support, Non-U.S. Gov't",Palmer MJ; Krupa T; Richardson H; Brundage MD,Q3_MNAR_informative,True,included
33839851,DeepClean: Self-Supervised Artefact Rejection for Intensive Care Waveform Data Using Deep Generative Learning.,2021,Acta Neurochir Suppl,10.1093/bja/ael070,Journal Article,Edinburgh T; Smielewski P; Czosnyka M; Cabeleira M; Eglen SJ; Ercole A,Q1_ml_imputation_clinical,False,S1_excluded_title
33842642,Reporting of coronavirus disease 2019 prognostic models: the transparent reporting of a multivariable prediction model for individual prognosis or diagnosis statement.,2021,Ann Transl Med,10.37201/req/060.2020,Journal Article;Review,Yang L; Wang Q; Cui T; Huang J; Shi N; Jin H,Q5_reporting_guidance,False,S1_excluded_title
33843085,Evaluation of predictive model performance of an existing model in the presence of missing data.,2021,Stat Med,10.1002/sim.8978,"Journal Article;Research Support, N.I.H., Extramural",Li P; Taylor JMG; Spratt DE; Karnes RJ; Schipper MJ,Q2_MI_prediction_models,True,included
33861200,Real-Time Clinical Decision Support Based on Recurrent Neural Networks for In-Hospital Acute Kidney Injury: External Validation and Model Interpretation.,2021,J Med Internet Res,10.1016/j.jclinepi.2014.06.018,"Journal Article;Research Support, Non-U.S. Gov't",Kim K; Yang H; Yi J; Son HE; Ryu JY; Kim YC; Jeong JC; Chin HJ; Na KY; Chae DW; Han SS; Kim S,Q1_ml_imputation_clinical;Q4_missing_indicator_deployment,False,S1_excluded_title
33870598,A satellite-based mobile warning system to reduce interactions with an endangered species.,2021,Ecol Appl,10.5061/dryad.jsxksn08b,"Journal Article;Research Support, U.S. Gov't, Non-P.H.S.",Breece MW; Oliver MJ; Fox DA; Hale EA; Haulsee DE; Shatley M; Bograd SJ; Hazen EL; Welch H,Q4_missing_indicator_deployment,False,S1_excluded_title
33875162,Data imputation and compression for Parkinson's disease clinical questionnaires.,2021,Artif Intell Med,10.1016/j.artmed.2021.102051,"Journal Article;Research Support, Non-U.S. Gov't",Peralta M; Jannin P; Haegelen C; Baxter JSH,Q1_ml_imputation_clinical,True,included
33875163,A novel method for clinical risk prediction with low-quality data.,2021,Artif Intell Med,10.1016/j.artmed.2021.102052,Journal Article,Wang Z; Poon J; Wang S; Sun S; Poon S,Q1_ml_imputation_clinical,False,S1_excluded_title
33879090,Generative adversarial networks for imputing missing data for big data clinical research.,2021,BMC Med Res Methodol,10.1093/ije/dyz032,"Journal Article;Research Support, Non-U.S. Gov't;Observational Study",Dong W; Fong DYT; Yoon JS; Wan EYF; Bedford LE; Tang EHM; Lam CLK,Q1_ml_imputation_clinical,True,included
33883878,An Ensemble Model for Prediction of Vancomycin Trough Concentrations in Pediatric Patients.,2021,Drug Des Devel Ther,10.1186/s12859-018-2060-2,Journal Article,Huang X; Yu Z; Bu S; Lin Z; Hao X; He W; Yu P; Wang Z; Gao F; Zhang J; Chen J,Q1_ml_imputation_clinical,False,S1_excluded_title
33927746,Deep Learning Enables Fast and Accurate Imputation of Gene Expression.,2021,Front Genet,10.1038/s41588-020-0706-2,Journal Article,Viñas R; Azevedo T; Gamazon ER; Liò P,Q1_ml_imputation_clinical,True,S2_ex_E4
33935634,Bidirectional Mapping of Brain MRI and PET With 3D Reversible GAN for the Diagnosis of Alzheimer's Disease.,2021,Front Neurosci,10.1007/978-3-030-00937-3_82,Journal Article,Lin W; Lin W; Chen G; Zhang H; Gao Q; Huang Y; Tong T; Du M;  ,Q1_ml_imputation_clinical,False,S1_excluded_title
33942345,Measuring association among censored antibody titer data.,2021,Stat Med,10.1002/sim.8995,"Journal Article;Research Support, Non-U.S. Gov't",Tran TMP; Abrams S; Aerts M; Maertens K; Hens N,Q4_missing_indicator_deployment,False,S1_excluded_title
33947006,Artificial Intelligence Applications for COVID-19 in Intensive Care and Emergency Settings: A Systematic Review.,2021,Int J Environ Res Public Health,10.1016/S2589-7500(20)30223-5,"Journal Article;Research Support, Non-U.S. Gov't;Systematic Review",Chee ML; Ong MEH; Siddiqui FJ; Zhang Z; Lim SL; Ho AFW; Liu N,Q1_ml_imputation_clinical;Q4_missing_indicator_deployment;Q5_reporting_guidance,False,S1_excluded_title
33948250,Association between surgery with anesthesia and cognitive decline in older adults: Analysis using shared parameter models for informative dropout.,2020,J Clin Transl Sci,10.1017/cts.2020.519,Journal Article,Devick KL; Sprung J; Mielke M; Petersen RC; Schulte PJ,Q3_MNAR_informative,False,S1_excluded_title
33956992,Prognostic models for predicting relapse or recurrence of major depressive disorder in adults.,2021,Cochrane Database Syst Rev,10.1002/14651858.CD013491,"Journal Article;Research Support, Non-U.S. Gov't;Systematic Review",Moriarty AS; Meader N; Snell KI; Riley RD; Paton LW; Chew-Graham CA; Gilbody S; Churchill R; Phillips RS; Ali S; McMillan D,Q5_reporting_guidance,False,S1_excluded_title
33988081,"Presenting artificial intelligence, deep learning, and machine learning studies to clinicians and healthcare stakeholders: an introductory reference with a guideline and a Clinical AI Research (CAIR) checklist proposal.",2021,Acta Orthop,10.1038/s41746-020-0253-3,Journal Article,Olczak J; Pavlopoulos J; Prijs J; Ijpma FFA; Doornberg JN; Lundström C; Hedlund J; Gordon M,Q1_ml_imputation_clinical,False,S1_excluded_title
33988275,Sensitivity analyses of unmeasured and partially-measured confounders using multiple imputation in a vaccine safety study.,2021,Pharmacoepidemiol Drug Saf,10.1002/pds.5294,Journal Article,Xu S; Clarke CL; Newcomer SR; Daley MF; Glanz JM,Q2_MI_prediction_models,True,included
33991694,Deep recurrent model for individualized prediction of Alzheimer's disease progression.,2021,Neuroimage,10.1016/j.neuroimage.2021.118143,"Journal Article;Research Support, Non-U.S. Gov't",Jung W; Jun E; Suk HI;  ,Q1_ml_imputation_clinical,False,S1_excluded_title
33994754,Discrete Choice Models for Nonmonotone Nonignorable Missing Data: Identification and Inference.,2018,Stat Sin,10.1080/01621459.2016.1256814,Journal Article,Tchetgen EJT; Wang L; Sun B,Q3_MNAR_informative,True,included
34026714,Prediction Models for Prognosis of Cervical Cancer: Systematic Review and Critical Appraisal.,2021,Front Public Health,10.2196/jmir.5870,"Research Support, Non-U.S. Gov't;Systematic Review;Journal Article",He B; Chen W; Liu L; Hou Z; Zhu H; Cheng H; Zhang Y; Zhan S; Wang S,Q5_reporting_guidance,False,S1_excluded_title
34027424,Early Detection of Rhabdomyolysis-Induced Acute Kidney Injury through Machine Learning Approaches.,2021,Arch Acad Emerg Med,10.22037/aaem.v9i1.1059,Journal Article,Poorsarvi Tehrani P; Malek H,Q1_ml_imputation_clinical,False,S1_excluded_title
34090730,Predictive models of individual risk of elective caesarean section complications: a systematic review.,2021,Eur J Obstet Gynecol Reprod Biol,10.1016/j.ejogrb.2021.05.011,Journal Article;Systematic Review,Ahmeidat A; Kotts WJ; Wong J; McLernon DJ; Black M,Q5_reporting_guidance,False,S1_excluded_title
34108743,Nested g-computation: A causal approach to analysis of censored medical costs in the presence of time-varying treatment.,2020,J R Stat Soc Ser C Appl Stat,10.1111/rssc.12441,Journal Article,Spieker AJ; Ko EM; Roy JA; Mitra N,Q3_MNAR_informative,False,S1_excluded_title
34127236,Simultaneous imputation and classification using Multigraph Geometric Matrix Completion (MGMC): Application to neurodegenerative disease classification.,2021,Artif Intell Med,10.1016/j.artmed.2021.102097,"Journal Article;Research Support, N.I.H., Extramural;Research Support, Non-U.S. Gov't;Research Support, U.S. Gov't, Non-P.H.S.",Vivar G; Kazi A; Burwinkel H; Zwergal A; Navab N; Ahmadi SA;  ,Q1_ml_imputation_clinical,True,included
34128810,Data Missing Not at Random in Mobile Health Research: Assessment of the Problem and a Case for Sensitivity Analyses.,2021,J Med Internet Res,10.1056/NEJMsr1203730,"Journal Article;Research Support, N.I.H., Extramural;Systematic Review",Goldberg SB; Bolt DM; Davidson RJ,Q3_MNAR_informative,True,included
34129688,"Unraveling the interplay of image formation, data representation and learning in CT-based COPD phenotyping automation: The need for a meta-strategy.",2021,Med Phys,10.1002/mp.15049,Journal Article,Mühlberg A; Kärgel R; Katzmann A; Durlak F; Allard PE; Faivre JB; Sühling M; Rémy-Jardin M; Taubmann O,Q1_ml_imputation_clinical,False,S1_excluded_title
34134623,Machine learning-based prediction of survival prognosis in cervical cancer.,2021,BMC Bioinformatics,10.1093/nar/gkz757,Journal Article,Ding D; Lang T; Zou D; Tan J; Chen J; Zhou L; Wang D; Li R; Li Y; Liu J; Ma C; Zhou Q,Q1_ml_imputation_clinical,False,S1_excluded_title
34135744,Building an Open Source Classifier for the Neonatal EEG Background: A Systematic Feature-Based Approach From Expert Scoring to Clinical Visualization.,2021,Front Hum Neurosci,10.1111/epi.13661,Journal Article,Montazeri S; Pinchefsky E; Tse I; Marchi V; Kohonen J; Kauppila M; Airaksinen M; Tapani K; Nevalainen P; Hahn C; Tam EWY; Stevenson NJ; Vanhatalo S,Q1_ml_imputation_clinical,False,S1_excluded_title
34135939,Machine Intelligence in Single-Cell Data Analysis: Advances and New Challenges.,2021,Front Genet,10.1016/j.cell.2017.07.034,Journal Article;Review,Liu J; Fan Z; Zhao W; Zhou X,Q1_ml_imputation_clinical,False,S1_excluded_title
34149235,Statistical Modeling of Longitudinal Data with Non-ignorable Non-monotone Missingness with Semiparametric Bayesian and Machine Learning Components.,2021,Sankhya B (2008),10.1007/s13571-019-00222-w,Journal Article,Cao Y; Mukhopadhyay ND,Q1_ml_imputation_clinical,True,included
34157280,Subgroups of failure after surgery for pelvic organ prolapse and associations with quality of life outcomes: a longitudinal cluster analysis.,2021,Am J Obstet Gynecol,10.1016/j.ajog.2021.06.068,"Journal Article;Research Support, N.I.H., Extramural",Jelovsek JE; Gantz MG; Lukacz ES; Zyczynski HM; Sridhar A; Kery C; Chew R; Harvie HS; Dunivan G; Schaffer J; Sung V; Varner RE; Mazloomdoost D; Barber MD;  ,Q1_ml_imputation_clinical,False,S1_excluded_title
34162312,Estimands and estimators of two-level methods using return to baseline strategy for longitudinal clinical trials with incomplete daily patient reported outcomes.,2023,J Biopharm Stat,10.1080/10543406.2021.1934855,Journal Article,Jin M; Liu G,Q3_MNAR_informative,False,S1_excluded_title
34165150,"Pharmacoepidemiology, Machine Learning, and COVID-19: An Intent-to-Treat Analysis of Hydroxychloroquine, With or Without Azithromycin, and COVID-19 Outcomes Among Hospitalized US Veterans.",2021,Am J Epidemiol,10.1093/aje/kwab183,Journal Article,Gerlovin H; Posner DC; Ho YL; Rentsch CT; Tate JP; King JT; Kurgansky KE; Danciu I; Costa L; Linares FA; Goethert ID; Jacobson DA; Freiberg MS; Begoli E; Muralidhar S; Ramoni RB; Tourassi G; Gaziano JM; Justice AC; Gagnon DR; Cho K,Q1_ml_imputation_clinical,False,S1_excluded_title
34169641,Identifying treatment effects using trimmed means when data are missing not at random.,2021,Pharm Stat,10.1002/pst.2147,"Journal Article;Research Support, N.I.H., Extramural",Ocampo A; Schmidli H; Quarg P; Callegari F; Pagano M,Q3_MNAR_informative,True,included
34172999,Developing and Validating an Individualized Clinical Prediction Model to Forecast Psychotic Recurrence in Acute and Transient Psychotic Disorders: Electronic Health Record Cohort Study.,2021,Schizophr Bull,10.1093/schbul/sbab070,"Journal Article;Research Support, Non-U.S. Gov't;Validation Study",Damiani S; Rutigliano G; Fazia T; Merlino S; Berzuini C; Bernardinelli L; Politi P; Fusar-Poli P,Q5_reporting_guidance,False,S1_excluded_title
34178808,Prediction of Breast Cancer Survival by Machine Learning Methods: An Application of Multiple Imputation.,2021,Iran J Public Health,10.18502/ijph.v50i3.5606,Journal Article,Lotfnezhad Afshar H; Jabbari N; Khalkhali HR; Esnaashari O,Q1_ml_imputation_clinical,True,included
34182149,Development and internal validation of a humeral torsion prediction model in professional baseball pitchers.,2021,J Shoulder Elbow Surg,10.1016/j.jse.2021.05.022,Journal Article,Bullock GS; Shanley E; Collins GS; Arden NK; Noonan TK; Kissenberth MJ; Wyland DJ; Arnold A; Bailey LB; Thigpen CA,Q5_reporting_guidance,False,S1_excluded_title
34188098,Long-term cancer survival prediction using multimodal deep learning.,2021,Sci Rep,10.1038/s41592-019-0686-2,"Journal Article;Research Support, Non-U.S. Gov't",Vale-Silva LA; Rohr K,Q1_ml_imputation_clinical,False,S1_excluded_title
34233774,Predicting involuntary hospitalization in psychiatry: A machine learning investigation.,2021,Eur Psychiatry,10.3389/fpsyt.2019.00120,Journal Article,Silva B; Gholam M; Golay P; Bonsack C; Morandi S,Q1_ml_imputation_clinical,False,S1_excluded_title
34234498,External Validation of the Prognostic Prediction Model for 4-Year Risk of Metabolic Syndrome in Adults: A Retrospective Cohort Study.,2021,Diabetes Metab Syndr Obes,10.1371/journal.pmed.1001885,Journal Article,Zhang H; Chen D; Shao J; Zou P; Cui N; Tang L; Wang X; Wang D; Ye Z,Q2_MI_prediction_models,False,S1_excluded_title
34268100,"Early Detection of Alzheimer's Disease Based on Clinical Trials, Three-Dimensional Imaging Data, and Personal Information Using Autoencoders.",2021,J Med Signals Sens,10.4103/jmss.JMSS_11_20,Journal Article,Akramifard H; Balafar MA; Razavi SN; Ramli AR,Q1_ml_imputation_clinical,False,S1_excluded_title
34276792,ImputEHR: A Visualization Tool of Imputation for the Prediction of Biomedical Data.,2021,Front Genet,10.1111/j.1467-9868.2005.00503.x,Journal Article,Zhou YH; Saghapour E,Q1_ml_imputation_clinical,True,S2_ex_E1
34291058,"Early Prediction of Mortality, Severity, and Length of Stay in the Intensive Care Unit of Sepsis Patients Based on Sepsis 3.0 by Machine Learning Models.",2021,Front Med (Lausanne),10.1016/j.cmpb.2019.105224,Journal Article,Su L; Xu Z; Chang F; Ma Y; Liu S; Jiang H; Wang H; Li D; Chen H; Zhou X; Hong N; Zhu W; Long Y,Q1_ml_imputation_clinical,False,S1_excluded_title
34301678,Development of a prediction model for foot ulcer recurrence in people with diabetes using easy-to-obtain clinical variables.,2021,BMJ Open Diabetes Res Care,10.1007/s00125-019-05056-9,"Journal Article;Research Support, Non-U.S. Gov't",Aan de Stegge WB; Schut MC; Abu-Hanna A; van Baal JG; van Netten JJ; Bus SA,Q2_MI_prediction_models,False,S1_excluded_title
34330667,Development and validation of a prediction model for 1-year mortality among older adults with Hodgkin Lymphoma who receive dose-intense chemotherapy.,2021,J Geriatr Oncol,10.1016/j.jgo.2021.07.003,"Journal Article;Research Support, N.I.H., Extramural",Kumar AJ; Nelson J; Rodday AM; Evens AM; Friedberg JW; Wildes TM; Parsons SK,Q2_MI_prediction_models,False,S1_excluded_title
34337602,A Survey of Challenges and Opportunities in Sensing and Analytics for Risk Factors of Cardiovascular Disorders.,2021,ACM Trans Comput Healthc,10.1038/nrcardio.2016.25,Journal Article,Hurley NC; Spatz ES; Krumholz HM; Jafari R; Mortazavi BJ,Q1_ml_imputation_clinical,False,S1_excluded_title
34344484,The development and validation of prognostic models for overall survival in the presence of missing data in the training dataset: a strategy with a detailed example.,2021,Diagn Progn Res,10.1136/bmj.39261.471806.55,Journal Article,Royle KL; Cairns DA,Q2_MI_prediction_models,True,S2_ex_E1
34344934,Imputation of the continuous arterial line blood pressure waveform from non-invasive measurements using deep learning.,2021,Sci Rep,10.1016/S0140-6736(86)90837-8,"Journal Article;Research Support, N.I.H., Extramural;Research Support, U.S. Gov't, Non-P.H.S.",Hill BL; Rakocz N; Rudas Á; Chiang JN; Wang S; Hofer I; Cannesson M; Halperin E,Q1_ml_imputation_clinical,True,included
34404347,Two-stage sampling in the estimation of growth parameters and percentile norms: sample weights versus auxiliary variable estimation.,2021,BMC Med Res Methodol,10.1177/1536867X1001000305,"Journal Article;Research Support, Non-U.S. Gov't",Vamvakas G; Norbury C; Pickles A,Q4_missing_indicator_deployment,False,S1_excluded_title
34405896,MRI pulse sequence integration for deep-learning-based brain metastases segmentation.,2021,Med Phys,10.1002/mp.15136,Journal Article,Yi D; Grøvik E; Tong E; Iv M; Emblem KE; Nilsen LB; Saxhaug C; Latysheva A; Jacobsen KD; Helland Å; Zaharchuk G; Rubin D,Q1_ml_imputation_clinical,False,S1_excluded_title
34405912,Bayesian sensitivity analyses for longitudinal data with dropouts that are potentially missing not at random: A high dimensional pattern-mixture model.,2021,Stat Med,10.1002/sim.9083,Journal Article,Kaciroti NA; Little RJA,Q3_MNAR_informative,True,included
34411708,Longitudinal K-means approaches to clustering and analyzing EHR opioid use trajectories for clinical subtypes.,2021,J Biomed Inform,10.1016/j.jbi.2021.103889,"Journal Article;Research Support, Non-U.S. Gov't;Research Support, U.S. Gov't, Non-P.H.S.;Review",Mullin S; Zola J; Lee R; Hu J; MacKenzie B; Brickman A; Anaya G; Sinha S; Li A; Elkin PL,Q1_ml_imputation_clinical,False,S1_excluded_title
34437625,Systematic review of predictive models of microbial water quality at freshwater recreational beaches.,2021,PLoS One,10.2166/wh.2016.206,"Journal Article;Research Support, Non-U.S. Gov't;Systematic Review",Heasley C; Sanchez JJ; Tustin J; Young I,Q4_missing_indicator_deployment,False,S1_excluded_title
34449401,COVID-19 Mortality Prediction From Deep Learning in a Large Multistate Electronic Health Record and Laboratory Information System Data Set: Algorithm Development and Validation.,2021,J Med Internet Res,10.2196/24246,Journal Article,Sankaranarayanan S; Balan J; Walsh JR; Wu Y; Minnich S; Piazza A; Osborne C; Oliver GR; Lesko J; Bates KL; Khezeli K; Block DR; DiGuardo M; Kreuter J; O'Horo JC; Kalantari J; Klee EW; Salama ME; Kipp B; Morice WG; Jenkinson G,Q1_ml_imputation_clinical,False,S1_excluded_title
34460406,Data Pre-Processing Using Neural Processes for Modeling Personalized Vital-Sign Time-Series Data.,2022,IEEE J Biomed Health Inform,10.1109/JBHI.2021.3107518,"Journal Article;Research Support, Non-U.S. Gov't",Sharma P; Shamout FE; Abrol V; Clifton DA,Q1_ml_imputation_clinical,False,S1_excluded_title
34463636,An Artificial Neural Network-Based Pediatric Mortality Risk Score: Development and Performance Evaluation Using Data From a Large North American Registry.,2021,JMIR Med Inform,10.1177/0962280206075304,Journal Article,Ghanad Poor N; West NC; Sreepada RS; Murthy S; Görges M,Q1_ml_imputation_clinical,False,S1_excluded_title
34464403,Predicting mortality among patients with liver cirrhosis in electronic health records with machine learning.,2021,PLoS One,10.1097/MCG.0000000000000583,"Journal Article;Research Support, N.I.H., Extramural",Guo A; Mazumder NR; Ladner DP; Foraker RE,Q1_ml_imputation_clinical;Q2_MI_prediction_models,False,S1_excluded_title
34465179,Probabilistic Machine Learning for Healthcare.,2021,Annu Rev Biomed Data Sci,10.1146/annurev-biodatasci-092820-033938,"Journal Article;Research Support, N.I.H., Extramural;Research Support, Non-U.S. Gov't;Review",Chen IY; Joshi S; Ghassemi M; Ranganath R,Q1_ml_imputation_clinical,False,S1_excluded_title
34468322,An Early Warning Risk Prediction Tool (RECAP-V1) for Patients Diagnosed With COVID-19: Protocol for a Statistical Analysis Plan.,2021,JMIR Res Protoc,10.1136/bmj.g7594,Journal Article,Fiorentino F; Prociuk D; Espinosa Gonzalez AB; Neves AL; Husain L; Ramtale SC; Mi E; Mi E; Macartney J; Anand SN; Sherlock J; Saravanakumar K; Mayer E; de Lusignan S; Greenhalgh T; Delaney BC,Q1_ml_imputation_clinical;Q2_MI_prediction_models,False,S1_excluded_title
34477276,Impact of missing outcome data in meta-analyses of lifestyle interventions during pregnancy to reduce postpartum weight retention: An overview of systematic reviews with meta-analyses and additional sensitivity analyses.,2021,Obes Rev,10.1111/obr.13318,Journal Article,Harris RG; Batterham M; Neale EP; Ferreira I,Q3_MNAR_informative,True,included
34479914,Machine Learning Approaches on High Throughput NGS Data to Unveil Mechanisms of Function in Biology and Disease.,2021,Cancer Genomics Proteomics,10.1038/s41577-020-0306-5,Journal Article;Review,Pezoulas VC; Hazapis O; Lagopati N; Exarchos TP; Goules AV; Tzioufas AG; Fotiadis DI; Stratis IG; Yannacopoulos AN; Gorgoulis VG,Q1_ml_imputation_clinical,False,S1_excluded_title
34484472,"Diagnosing hospital bacteraemia in the framework of predictive, preventive and personalised medicine using electronic health records and machine learning classifiers.",2021,EPMA J,10.2217/pme-2020-0115,Journal Article,Garnica O; Gómez D; Ramos V; Hidalgo JI; Ruiz-Giardín JM,Q1_ml_imputation_clinical,False,S1_excluded_title
34509878,Prediction models in gynaecology: Transparent reporting needed for clinical application.,2021,Eur J Obstet Gynecol Reprod Biol,10.1016/j.ejogrb.2021.08.013,Journal Article;Review,Gelderblom ME; Stevens KYR; Houterman S; Weyers S; Schoot BC,Q5_reporting_guidance,False,S1_excluded_title
34517728,Improving Outcome Predictions for Patients Receiving Mechanical Circulatory Support by Optimizing Imputation of Missing Values.,2021,Circ Cardiovasc Qual Outcomes,10.1109/IJCNN.2007.4371139,"Journal Article;Research Support, N.I.H., Extramural;Research Support, Non-U.S. Gov't;Research Support, U.S. Gov't, P.H.S.",Jaeger BC; Cantor R; Sthanam V; Xie R; Kirklin JK; Rudraraju R,Q1_ml_imputation_clinical;Q2_MI_prediction_models,True,included
34520847,Missing data was handled inconsistently in UK prediction models: a review of method used.,2021,J Clin Epidemiol,10.1016/j.jclinepi.2021.09.008,"Journal Article;Research Support, Non-U.S. Gov't;Review",Tsvetanova A; Sperrin M; Peek N; Buchan I; Hyland S; Martin GP,Q2_MI_prediction_models,True,included
34525098,Comparison of machine learning methods for estimating case fatality ratios: An Ebola outbreak simulation study.,2021,PLoS One,10.1016/j.jsp.2009.10.001,"Comparative Study;Journal Article;Research Support, Non-U.S. Gov't",Forna A; Dorigatti I; Nouvellet P; Donnelly CA,Q3_MNAR_informative,False,S1_excluded_title
34533286,Clinical and Molecular Findings After Autologous Stem Cell Transplantation or Cyclophosphamide for Scleroderma: Handling Missing Longitudinal Data.,2023,Arthritis Care Res (Hoboken),10.1016/j.jid.2018.01.006,"Randomized Controlled Trial;Journal Article;Research Support, Non-U.S. Gov't;Research Support, N.I.H., Extramural",Keyes-Elstein L; Pinckney A; Goldmuntz E; Welch B; Franks JM; Martyanov V; Wood TA; Crofford L; Mayes M; McSweeney P; Nash R; Georges G; Csuka ME; Simms R; Furst D; Khanna D; Clair EWS; Whitfield ML; Sullivan KM,Q3_MNAR_informative,True,S2_ex_E4
34560774,Prediction Model Performance With Different Imputation Strategies: A Simulation Study Using a North American ICU Registry.,2022,Pediatr Crit Care Med,10.1097/PCC.0000000000002835,Journal Article,Steif J; Brant R; Sreepada RS; West N; Murthy S; Görges M,Q2_MI_prediction_models,True,included
34562295,Flexible Bayesian longitudinal models for cost-effectiveness analyses with informative missing data.,2021,Health Econ,10.1016/j.jval.2020.10.002,"Journal Article;Research Support, Non-U.S. Gov't",Mason AJ; Gomes M; Carpenter J; Grieve R,Q3_MNAR_informative,True,included
34592832,Clinical Prediction Models in Sports Medicine: A Guide for Clinicians and Researchers.,2021,J Orthop Sports Phys Ther,10.2519/jospt.2021.10697,Journal Article,Bullock GS; Hughes T; Sergeant JC; Callaghan MJ; Riley RD; Collins GS,Q5_reporting_guidance,False,S1_excluded_title
34597836,Modified reference based imputation and tipping point analysis in the presence of missing data due to COVID-19.,2021,Contemp Clin Trials,10.1016/j.cct.2020.106093,Journal Article,Jin M; Liu R; Robieson W,Q3_MNAR_informative,True,included
34603980,Fully automated guideline-compliant diameter measurements of the thoracic aorta on ECG-gated CT angiography using deep learning.,2021,Quant Imaging Med Surg,10.1148/radiol.2019192515,Journal Article,Pradella M; Weikert T; Sperl JI; Kärgel R; Cyriac J; Achermann R; Sauter AW; Bremerich J; Stieltjes B; Brantner P; Sommer G,Q1_ml_imputation_clinical,False,S1_excluded_title
34604866,Concurrent Imputation and Prediction on EHR data using Bi-Directional GANs: Bi-GANs for EHR imputation and prediction.,2021,ACM BCB,10.1145/3394486.3403129,Journal Article,Gupta M; Bunnell HT; Phan TT; Beheshti R,Q1_ml_imputation_clinical,True,included
34620343,Gestational weight gain adequacy for favourable obstetric and neonatal outcomes: A nationwide hospital-based cohort gestational weight gain for favourable obstetric and neonatal outcomes.,2021,Clin Nutr ESPEN,10.1016/j.clnesp.2021.02.024,"Journal Article;Research Support, Non-U.S. Gov't",Brandão T; de Carvalho Padilha P; de Barros DC; Dos Santos K; Nogueira da Gama SG; Leal MDC; da Silva Araújo RGP; Esteves Pereira AP; Saunders C,Q2_MI_prediction_models,False,S1_excluded_title
34636158,"Imputing cognitive impairment in SPARK, a large autism cohort.",2022,Autism Res,10.1002/aur.2622,"Journal Article;Research Support, Non-U.S. Gov't",Shu C; Green Snyder L; Shen Y; Chung WK;  ,Q1_ml_imputation_clinical,True,included
34643539,Self-Training With Quantile Errors for Multivariate Missing Data Imputation for Regression Problems in Electronic Medical Records: Algorithm Development Study.,2021,JMIR Public Health Surveill,10.2307/2669499,"Journal Article;Research Support, Non-U.S. Gov't",Gwon H; Ahn I; Kim Y; Kang HJ; Seo H; Cho HN; Choi H; Jun TJ; Kim YH,Q1_ml_imputation_clinical,True,included
34649526,Predicting unplanned hospital visits in older home care recipients: a cross-country external validation study.,2021,BMC Geriatr,10.1016/j.archger.2014.01.005,"Journal Article;Research Support, Non-U.S. Gov't",Klunder JH; Bordonis V; Heymans MW; van der Roest HG; Declercq A; Smit JH; Garms-Homolova V; Jónsson PV; Finne-Soveri H; Onder G; Joling KJ; Maarsingh OR; van Hout HPJ,Q2_MI_prediction_models,False,S1_excluded_title
34650321,Deep Multi-path Network Integrating Incomplete Biomarker and Chest CT Data for Evaluating Lung Cancer Risk.,2021,Proc SPIE Int Soc Opt Eng,10.1117/12.2580730,Journal Article,Gao R; Tang Y; Xu K; Kammer MN; Antic SL; Deppen S; Sandler KL; Massion PP; Huo Y; Landman BA,Q1_ml_imputation_clinical,False,S1_excluded_title
34656869,Rethinking modeling Alzheimer's disease progression from a multi-task learning perspective with deep recurrent neural network.,2021,Comput Biol Med,10.1016/j.compbiomed.2021.104935,"Journal Article;Research Support, Non-U.S. Gov't",Liang W; Zhang K; Cao P; Liu X; Yang J; Zaiane O,Q1_ml_imputation_clinical,False,S1_excluded_title
34670780,Risk of bias in studies on prediction models developed using supervised machine learning techniques: systematic review.,2021,BMJ,10.1136/bmjopen-2020-048008,"Journal Article;Research Support, Non-U.S. Gov't;Systematic Review",Andaur Navarro CL; Damen JAA; Takada T; Nijman SWJ; Dhiman P; Ma J; Collins GS; Bajpai R; Riley RD; Moons KGM; Hooft L,Q1_ml_imputation_clinical;Q5_reporting_guidance,False,S1_excluded_title
34686163,Applying artificial neural network for early detection of sepsis with intentionally preserved highly missing real-world data for simulating clinical situation.,2021,BMC Med Inform Decis Mak,10.1097/CCM.0000000000003799,"Journal Article;Research Support, Non-U.S. Gov't",Kuo YY; Huang ST; Chiu HW,Q1_ml_imputation_clinical,True,included
34711733,On the Nature of Informative Presence Bias in Analyses of Electronic Health Records.,2022,Epidemiology,10.13063/2327-9214.1203,"Journal Article;Research Support, N.I.H., Extramural",McGee G; Haneuse S; Coull BA; Weisskopf MG; Rotem RS,Q3_MNAR_informative,True,included
34714759,Medical Data Wrangling With Sequential Variational Autoencoders.,2022,IEEE J Biomed Health Inform,10.1109/JBHI.2021.3123839,"Journal Article;Research Support, Non-U.S. Gov't",Barrejon D; Olmos PM; Artes-Rodriguez A,Q1_ml_imputation_clinical,False,S1_excluded_title
34718430,Development and validation of a prognostic model for leflunomide discontinuation with abnormal blood tests during long-term treatment: cohort study using data from the Clinical Practice Research Datalink Gold and Aurum.,2022,Rheumatology (Oxford),10.1093/rheumatology/keab790,Journal Article,Nakafero G; Grainge MJ; Card T; Taal MW; Aithal GP; Zhang W; Doherty M; Fox CP; Mallen CD; Abhishek A,Q2_MI_prediction_models,False,S1_excluded_title
34728454,Machine learning techniques for mortality prediction in emergency departments: a systematic review.,2021,BMJ Open,10.1109/ACCESS.2019.2912200,Journal Article;Systematic Review,Naemi A; Schmidt T; Mansourvar M; Naghavi-Behzad M; Ebrahimi A; Wiil UK,Q1_ml_imputation_clinical,False,S1_excluded_title
34749708,Quantifying the impact of addressing data challenges in prediction of length of stay.,2021,BMC Med Inform Decis Mak,10.1007/s10115-017-1038-0,Journal Article,Naemi A; Schmidt T; Mansourvar M; Ebrahimi A; Wiil UK,Q1_ml_imputation_clinical,False,S1_excluded_title
34767061,Performance of three mathematical models for estimating age-at-death from multiple indicators of the adult skeleton.,2022,Int J Legal Med,10.1002/oa.841,Journal Article,Jooste N; Pretorius S; Steyn M,Q4_missing_indicator_deployment,False,S1_excluded_title
34786739,A doubly robust method to handle missing multilevel outcome data with application to the China Health and Nutrition Survey.,2022,Stat Med,10.1002/sim.9260,"Journal Article;Research Support, N.I.H., Extramural;Research Support, Non-U.S. Gov't",Butera NM; Zeng D; Green Howard A; Gordon-Larsen P; Cai J,Q3_MNAR_informative,True,included
34787584,Machine Learning-Based Hospital Discharge Prediction for Patients With Cardiovascular Diseases: Development and Usability Study.,2021,JMIR Med Inform,10.5555/1643031.1643047,Journal Article,Ahn I; Gwon H; Kang H; Kim Y; Seo H; Choi H; Cho HN; Kim M; Jun TJ; Kim YH,Q1_ml_imputation_clinical,False,S1_excluded_title
34798287,Missing data is poorly handled and reported in prediction model studies using machine learning: a literature review.,2022,J Clin Epidemiol,10.1016/j.jclinepi.2021.11.023,"Journal Article;Research Support, Non-U.S. Gov't;Review",Nijman S; Leeuwenberg AM; Beekers I; Verkouter I; Jacobs J; Bots ML; Asselbergs FW; Moons K; Debray T,Q1_ml_imputation_clinical;Q2_MI_prediction_models,True,included
34808532,Gradient boosted trees with individual explanations: An alternative to logistic regression for viability prediction in the first trimester of pregnancy.,2022,Comput Methods Programs Biomed,10.1089/jwh.2005.14.248,Journal Article;Observational Study,Vaulet T; Al-Memar M; Fourie H; Bobdiwala S; Saso S; Pipi M; Stalder C; Bennett P; Timmerman D; Bourne T; De Moor B,Q1_ml_imputation_clinical,False,S1_excluded_title
34812365,Explainable Machine Learning for Early Assessment of COVID-19 Risk Prediction in Emergency Departments.,2020,IEEE Access,10.1038/s41598-017-03011-5,Journal Article,Casiraghi E; Malchiodi D; Trucco G; Frasca M; Cappelletti L; Fontana T; Esposito AA; Avola E; Jachetti A; Reese J; Rizzi A; Robinson PN; Valentini G,Q1_ml_imputation_clinical,False,S1_excluded_title
34814624,[The risk prediction models for occurrence of cervical cancer: a systematic review].,2021,Zhonghua Liu Xing Bing Xue Za Zhi,10.3760/cma.j.cn112338-20200806-01031,Journal Article;Systematic Review,He BJ; Chen WY; Liu LL; Zhu HY; Cheng HZ; Zhang YX; Wang SF; Zhan SY,Q5_reporting_guidance,False,S1_excluded_title
34823834,Cardio-ML: Detection of malicious clinical programmings aimed at cardiac implantable electronic devices based on machine learning and a missing values resemblance framework.,2021,Artif Intell Med,10.1016/j.artmed.2021.102200,"Journal Article;Research Support, Non-U.S. Gov't",Levy-Loboda T; Rav-Acha M; Katz A; Nissim N,Q1_ml_imputation_clinical,True,included
34830913,Development and Validation of Prognostic Models for Oral Squamous Cell Carcinoma: A Systematic Review and Appraisal of the Literature.,2021,Cancers (Basel),10.1097/MD.0000000000016727,Journal Article;Review,Russo D; Mariani P; Caponio VCA; Lo Russo L; Fiorillo L; Zhurakivska K; Lo Muzio L; Laino L; Troiano G,Q5_reporting_guidance,False,S1_excluded_title
34841728,Development of childhood asthma prediction models using machine learning approaches.,2021,Clin Transl Allergy,10.1002/clt2.12076,Journal Article,Kothalawala DM; Murray CS; Simpson A; Custovic A; Tapper WJ; Arshad SH; Holloway JW; Rezwan FI;  ,Q1_ml_imputation_clinical,False,S1_excluded_title
34844620,Gaussian noise up-sampling is better suited than SMOTE and ADASYN for clinical decision making.,2021,BioData Min,10.1109/ACCESS.2016.2619719,Journal Article,Beinecke J; Heider D,Q1_ml_imputation_clinical,False,S1_excluded_title
34851324,A Clinical Risk Model for Surgical Site Infection Following Pediatric Spine Deformity Surgery.,2022,J Bone Joint Surg Am,10.2106/JBJS.21.00751,Journal Article,Matsumoto H; Larson EL; Warren SI; Hammoor BT; Bonsignore-Opp L; Troy MJ; Barrett KK; Striano BM; Li G; Terry MB; Roye BD; Lenke LG; Skaggs DL; Glotzbecker MP; Flynn JM; Roye DP; Vitale MG,Q2_MI_prediction_models,False,S1_excluded_title
34862524,Foundations of Machine Learning-Based Clinical Prediction Modeling: Part III-Model Evaluation and Other Points of Significance.,2022,Acta Neurochir Suppl,10.1613/jair.953,Journal Article,Staartjes VE; Kernbach JM,Q1_ml_imputation_clinical,False,S1_excluded_title
34862525,Foundations of Machine Learning-Based Clinical Prediction Modeling: Part IV-A Practical Approach to Binary Classification Problems.,2022,Acta Neurochir Suppl,10.1136/bmj.g7594,Journal Article,Staartjes VE; Kernbach JM,Q1_ml_imputation_clinical,False,S1_excluded_title
34862526,Foundations of Machine Learning-Based Clinical Prediction Modeling: Part V-A Practical Approach to Regression Problems.,2022,Acta Neurochir Suppl,10.1136/bmj.g7594,Journal Article,Staartjes VE; Kernbach JM,Q1_ml_imputation_clinical,False,S1_excluded_title
34868616,Use and performance of machine learning models for type 2 diabetes prediction in clinical and community care settings: Protocol for a systematic review and meta-analysis of predictive modeling studies.,2021,Digit Health,10.1177/20552076211047390,Journal Article,De Silva K; Enticott J; Barton C; Forbes A; Saha S; Nikam R,Q1_ml_imputation_clinical;Q5_reporting_guidance,False,S1_excluded_title
34871703,Association of GSTM1 Deletion With Progression of CKD in Children: Findings From the Chronic Kidney Disease in Children (CKiD) Study.,2022,Am J Kidney Dis,10.1016/s0021-9150(01)00420-8,"Journal Article;Observational Study;Research Support, N.I.H., Extramural",Levy RV; Reidy KJ; Le TH; David V; Winkler C; Xu Y; Warady B; Furth S; Kaskel F; Melamed ML,Q4_missing_indicator_deployment,False,S1_excluded_title
34882223,Evaluating the state of the art in missing data imputation for clinical data.,2022,Brief Bioinform,10.1007/s41666-020-00073-5,"Journal Article;Research Support, N.I.H., Extramural",Luo Y,Q1_ml_imputation_clinical,True,included
34886378,Validation of a Novel Predictive Algorithm for Kidney Failure in Patients Suffering from Chronic Kidney Disease: The Prognostic Reasoning System for Chronic Kidney Disease (PROGRES-CKD).,2021,Int J Environ Res Public Health,10.1136/heartjnl-2011-301247,"Journal Article;Research Support, Non-U.S. Gov't",Bellocchio F; Lonati C; Ion Titapiccolo J; Nadal J; Meiselbach H; Schmid M; Baerthlein B; Tschulena U; Schneider M; Schultheiss UT; Barbieri C; Moore C; Steppan S; Eckardt KU; Stuard S; Neri L,Q1_ml_imputation_clinical,False,S1_excluded_title
34889756,On Missingness Features in Machine Learning Models for Critical Care: Observational Study.,2021,JMIR Med Inform,10.1097/00003246-198905000-00008,Journal Article,Singh J; Sato M; Ohkuma T,Q1_ml_imputation_clinical;Q3_MNAR_informative,True,included
34891747,Autopopulus: A Novel Framework for Autoencoder Imputation on Large Clinical Datasets.,2021,Annu Int Conf IEEE Eng Med Biol Soc,10.1109/EMBC46164.2021.9630135,"Journal Article;Research Support, N.I.H., Extramural",Zamanzadeh DJ; Petousis P; Davis TA; Nicholas SB; Norris KC; Tuttle KR; Bui AAT; Sarrafzadeh M,Q1_ml_imputation_clinical,True,included
34891780,Exploring Features Contributing to the Early Prediction of Sepsis Using Machine Learning.,2021,Annu Int Conf IEEE Eng Med Biol Soc,10.1109/EMBC46164.2021.9630317,Journal Article,Shakeri E; Mohammed EA; Shakeri H A Z; Far B,Q1_ml_imputation_clinical,False,S1_excluded_title
34893624,Using imputation to provide harmonized longitudinal measures of cognition across AIBL and ADNI.,2021,Sci Rep,10.1093/aje/kww098,"Journal Article;Research Support, N.I.H., Extramural;Research Support, Non-U.S. Gov't",Shishegar R; Cox T; Rolls D; Bourgeat P; Doré V; Lamb F; Robertson J; Laws SM; Porter T; Fripp J; Tosun D; Maruff P; Savage G; Rowe CC; Masters CL; Weiner MW; Villemagne VL; Burnham SC,Q1_ml_imputation_clinical,True,included
34895289,Machine learning approaches for the genomic prediction of rheumatoid arthritis and systemic lupus erythematosus.,2021,BioData Min,10.1002/art.39504,Journal Article,Chung CW; Hsiao TH; Huang CJ; Chen YJ; Chen HH; Lin CH; Chou SC; Chen TS; Chung YF; Yang HI; Chen YM,Q1_ml_imputation_clinical,False,S1_excluded_title
34896819,Machine Learning Models Prognosticate Functional Outcomes Better than Clinical Scores in Spontaneous Intracerebral Haemorrhage.,2022,J Stroke Cerebrovasc Dis,10.1016/j.jstrokecerebrovasdis.2021.106234,Journal Article,Lim MJR; Quek RHC; Ng KJ; Loh NW; Lwin S; Teo K; Nga VDW; Yeo TT; Motani M,Q1_ml_imputation_clinical,False,S1_excluded_title
34899968,Comparative Analysis for Prediction of Kidney Disease Using Intelligent Machine Learning Methods.,2021,Comput Math Methods Med,10.3390/healthcare9050546,Comparative Study;Journal Article;Retracted Publication,Ifraz GM; Rashid MH; Tazin T; Bourouis S; Khan MM,Q1_ml_imputation_clinical,False,S1_excluded_title
34903107,A state-space approach for longitudinal outcomes: An application to neuropsychological outcomes.,2022,Stat Methods Med Res,10.1177/09622802211055858,"Journal Article;Research Support, Non-U.S. Gov't",Chua AS; Tripodis Y,Q3_MNAR_informative,False,S1_excluded_title
34926480,A Deep-Learning Pipeline for TSS Coverage Imputation From Shallow Cell-Free DNA Sequencing.,2021,Front Med (Lausanne),10.1038/s41586-019-1272-6,Journal Article,Han BW; Yang X; Qu SF; Guo ZW; Huang LM; Li K; Ouyang GJ; Cai GX; Xiao WW; Weng RT; Xu S; Huang J; Yang XX; Wu YS,Q1_ml_imputation_clinical,True,S2_ex_E4
34942154,"Diabetes mellitus, maternal adiposity, and insulin-dependent gestational diabetes are associated with COVID-19 in pregnancy: the INTERCOVID study.",2022,Am J Obstet Gynecol,10.1016/j.ajog.2021.12.032,"Journal Article;Research Support, Non-U.S. Gov't",Eskenazi B; Rauch S; Iurlaro E; Gunier RB; Rego A; Gravett MG; Cavoretto PI; Deruelle P; García-May PK; Mhatre M; Usman MA; Elbahnasawy M; Etuk S; Napolitano R; Deantoni S; Liu B; Prefumo F; Savasi V; Marques PF; Baafi E; Zainab G; Nieto R; Serrano B; Aminu MB; Cardona-Perez JA; Craik R; Winsey A; Tavchioska G; Bako B; Oros D; Benski C; Galadanci H; Savorani M; Oberto M; Sentilhes L; Risso M; Takahashi K; Vecciarelli C; Ikenoue S; Pandey AK; Soto Conti CP; Cetin I; Nachinab VB; Ernawati E; Duro EA; Kholin A; Firlit ML; Easter SR; Sichitiu J; John-Akinola Y; Casale R; Cena H; Agyeman-Duah J; Roggero P; Langer A; Bhutta ZA; Kennedy SH; Villar J; Papageorghiou AT,Q4_missing_indicator_deployment,False,S1_excluded_title
34943504,Performance Analysis of Conventional Machine Learning Algorithms for Identification of Chronic Kidney Disease in Type 1 Diabetes Mellitus Patients.,2021,Diagnostics (Basel),10.1109/ACCESS.2019.2940061,Journal Article,Chowdhury NH; Reaz MBI; Haque F; Ahmad S; Ali SHM; A Bakar AA; Bhuiyan MAS,Q1_ml_imputation_clinical,False,S1_excluded_title
34945827,Imputing Biomarker Status from RWE Datasets-A Comparative Study.,2021,J Pers Med,10.1207/S15328007SEM1001_4,Journal Article,Traynor C; Sahota T; Tomkinson H; Gonzalez-Garcia I; Evans N; Chappell M,Q1_ml_imputation_clinical,True,included
34954098,Considerations to address missing data when deriving clinical trial endpoints from digital health technologies.,2022,Contemp Clin Trials,10.1016/j.cct.2021.106661,Journal Article,Di J; Demanuele C; Kettermann A; Karahanoglu FI; Cappelleri JC; Potter A; Bury D; Cedarbaum JM; Byrom B,Q1_ml_imputation_clinical;Q4_missing_indicator_deployment,True,included
34974315,Evaluating the capability of municipal solid waste separation in China based on AHP-EWM and BP neural network.,2022,Waste Manag,10.1016/j.wasman.2021.12.015,Journal Article,Xi H; Li Z; Han J; Shen D; Li N; Long Y; Chen Z; Xu L; Zhang X; Niu D; Liu H,Q4_missing_indicator_deployment,False,S1_excluded_title
34974837,"A data quality assessment of the first four years of malaria reporting in the Senegal DHIS2, 2014-2017.",2022,BMC Health Serv Res,10.1186/s12913-021-07364-6,Journal Article,Muhoza P; Tine R; Faye A; Gaye I; Zeger SL; Diaw A; Gueye AB; Kante AM; Ruff A; Marx MA,Q4_missing_indicator_deployment,False,S1_excluded_title
34983096,Quality of Radiomics Research on Brain Metastasis: A Roadmap to Promote Clinical Translation.,2022,Korean J Radiol,10.1148/radiol.2020191145,"Journal Article;Research Support, Non-U.S. Gov't",Park CJ; Park YW; Ahn SS; Kim D; Kim EH; Kang SG; Chang JH; Kim SH; Lee SK,Q1_ml_imputation_clinical;Q5_reporting_guidance,False,S1_excluded_title
34992648,An Integrated  Approach for Cancer Survival Prediction Using Data Mining Techniques.,2021,Comput Intell Neurosci,10.2174/1574893614666190902152142,Journal Article,Kaur I; Doja MN; Ahmad T; Ahmad M; Hussain A; Nadeem A; Abd El-Latif AA,Q1_ml_imputation_clinical,False,S1_excluded_title
34992804,Application of machine learning approaches to predict the 5-year survival status of patients with esophageal cancer.,2021,J Thorac Dis,10.1186/s12893-021-01136-z,Journal Article,Gong X; Zheng B; Xu G; Chen H; Chen C,Q1_ml_imputation_clinical,False,S1_excluded_title
35017181,Prediction Models for Gastric Cancer Risk in the General Population: A Systematic Review.,2022,Cancer Prev Res (Phila),10.1158/1940-6207.CAPR-21-0426,"Journal Article;Systematic Review;Research Support, Non-U.S. Gov't",Gu J; Chen R; Wang SM; Li M; Fan Z; Li X; Zhou J; Sun K; Wei W,Q5_reporting_guidance,False,S1_excluded_title
35017634,Digital health tools for the passive monitoring of depression: a systematic review of methods.,2022,NPJ Digit Med,10.1038/s41746-021-00548-8,Journal Article;Review,De Angel V; Lewis S; White K; Oetzmann C; Leightley D; Oprea E; Lavelle G; Matcham F; Pace A; Mohr DC; Dobson R; Hotopf M,Q1_ml_imputation_clinical,False,S1_excluded_title
35019849,Assessment of Natural Language Processing Methods for Ascertaining the Expanded Disability Status Scale Score From the Electronic Health Records of Patients With Multiple Sclerosis: Algorithm Development and Validation Study.,2022,JMIR Med Inform,10.18653/v1/p18-1128,Journal Article,Yang Z; Pou-Prom C; Jones A; Banning M; Dai D; Mamdani M; Oh J; Antoniou T,Q1_ml_imputation_clinical,False,S1_excluded_title
35027065,Application of machine learning missing data imputation techniques in clinical decision making: taking the discharge assessment of patients with spontaneous supratentorial intracerebral hemorrhage as an example.,2022,BMC Med Inform Decis Mak,10.1002/(SICI)1097-0258(19990330)18:6<681::AID-SIM71>3.0.CO;2-R,"Journal Article;Research Support, Non-U.S. Gov't",Wang H; Tang J; Wu M; Wang X; Zhang T,Q1_ml_imputation_clinical,True,included
35032176,Cardiovascular risk prediction in type 2 diabetes: a comparison of 22 risk scores in primary care settings.,2022,Diabetologia,10.1002/sim.6787,"Journal Article;Research Support, Non-U.S. Gov't",Dziopa K; Asselbergs FW; Gratton J; Chaturvedi N; Schmidt AF,Q2_MI_prediction_models,False,S1_excluded_title
35041565,"Imputation of Missing Covariates in Randomized Controlled Trials with Continuous Outcomes: Simple, Unbiased and Efficient Methods.",2022,J Biopharm Stat,10.1080/10543406.2021.2011898,"Journal Article;Research Support, Non-U.S. Gov't",Kayembe MT; Jolani S; Tan FES; van Breukelen GJP,Q4_missing_indicator_deployment,True,included
35044988,Predictors of underutilization of lung cancer screening: a machine learning approach.,2022,Eur J Cancer Prev,10.1101/530360,"Journal Article;Research Support, Non-U.S. Gov't",Guo Y; Yin S; Chen S; Ge Y,Q1_ml_imputation_clinical,False,S1_excluded_title
35062419,Random Forest Regressor-Based Approach for Detecting Fault Location and Duration in Power Systems.,2022,Sensors (Basel),10.1023/A:1010933404324,Journal Article,El Mrabet Z; Sugunaraj N; Ranganathan P; Abhyankar S,Q4_missing_indicator_deployment,False,S1_excluded_title
35067242,Prediction models in first-episode psychosis: systematic review and critical appraisal.,2022,Br J Psychiatry,10.1192/S0007125000297663,Journal Article;Review,Lee R; Leighton SP; Thomas L; Gkoutos GV; Wood SJ; Fenton SH; Deligianni F; Cavanagh J; Mallikarjun PK,Q5_reporting_guidance,False,S1_excluded_title
35069761,The Fitting Optimization Path Analysis on Scale Missing Data: Based on the 507 Patients of Poststroke Depression Measured by SDS.,2022,Evid Based Complement Alternat Med,10.1016/j.psychres.2004.08.001,Journal Article,Lv X; Zhao R; Su T; He L; Song R; Wang Q; Yu X; Zhu Y,Q3_MNAR_informative,True,included
35075671,Sequential modeling for a class of reference-based imputation methods in clinical trials with quantitative or binary outcomes.,2022,Stat Med,10.1002/sim.9303,"Journal Article;Randomized Controlled Trial;Research Support, Non-U.S. Gov't",Fang Y; Jin M,Q3_MNAR_informative,True,included
35098576,Sensitivity to missing not at random dropout in clinical trials: Use and interpretation of the trimmed means estimator.,2022,Stat Med,10.1111/biom.12702,"Journal Article;Research Support, Non-U.S. Gov't",Hazewinkel AD; Bowden J; Wade KH; Palmer T; Wiles NJ; Tilling K,Q3_MNAR_informative,True,included
35104644,MedGCN: Medication recommendation and lab test imputation via graph convolutional networks.,2022,J Biomed Inform,10.1016/j.jbi.2022.104000,"Journal Article;Research Support, N.I.H., Extramural",Mao C; Yao L; Luo Y,Q1_ml_imputation_clinical,True,included
35132587,Modeling of correlated cognitive function and functional disability outcomes with bounded and missing data in a longitudinal aging study.,2022,Behav Res Methods,10.1177/0164027519841016,Journal Article,Agogo GO; Mwambi H; Shi X; Liu Z,Q3_MNAR_informative,True,included
35139579,A shared-parameter location-scale mixed model to link the responsivity in self-initiated event reports and the event-contingent Ecological Momentary Assessments.,2022,Stat Med,10.1093/ntr/ntt142,"Journal Article;Research Support, N.I.H., Extramural",Ma Q; Mermelstein RJ; Hedeker D,Q3_MNAR_informative,False,S1_excluded_title
35161502,"Anomaly Detection Framework for Wearables Data: A Perspective Review on Data Concepts, Data Analysis Algorithms and Prospects.",2022,Sensors (Basel),10.1126/sciadv.abd4794,Journal Article;Review,Sunny JS; Patro CPK; Karnani K; Pingle SC; Lin F; Anekoji M; Jones LD; Kesari S; Ashili S,Q1_ml_imputation_clinical,False,S1_excluded_title
35162331,Strategies for Imputation of High-Resolution Environmental Data in Clinical Randomized Controlled Trials.,2022,Int J Environ Res Public Health,10.1111/roiw.12303,Journal Article,Kim Y; Kelly S; Krishnan D; Falletta J; Wilmot K,Q1_ml_imputation_clinical,True,included
35177096,A multi-step approach to managing missing data in time and patient variant electronic health records.,2022,BMC Res Notes,10.11604/pamj.2016.23.125.8936,Journal Article,Cesare N; Were LPO,Q3_MNAR_informative,True,included
35179188,Validation of the OAKS prognostic model for acute kidney injury after gastrointestinal surgery.,2022,BJS Open,10.1093/bjsopen/zrab150,Journal Article, ,Q2_MI_prediction_models,False,S1_excluded_title
35181493,Structure-aware siamese graph neural networks for encounter-level patient similarity learning.,2022,J Biomed Inform,10.1016/j.jbi.2022.104027,"Journal Article;Research Support, Non-U.S. Gov't",Gu Y; Yang X; Tian L; Yang H; Lv J; Yang C; Wang J; Xi J; Kong G; Zhang W,Q1_ml_imputation_clinical,False,S1_excluded_title
35182160,Modification of the TRISS: simple and practical mortality prediction after trauma in an all-inclusive registry.,2022,Eur J Trauma Emerg Surg,10.1097/00005373-200110000-00016,Journal Article,Driessen MLS; van Klaveren D; de Jongh MAC; Leenen LPH; Sturms LM,Q2_MI_prediction_models,False,S1_excluded_title
35183928,Patient-reported preconceptional characteristics in the prediction of recurrent preeclampsia.,2022,Pregnancy Hypertens,10.1016/j.preghy.2022.02.003,Journal Article,Bijl RC; Cornette JMJ; Brewer AN; Zwart IF; Franx A; Tsigas EZ; Koster MPH,Q2_MI_prediction_models,False,S1_excluded_title
35190425,Endorsement of the TRIPOD statement and the reporting of studies developing contrast-induced nephropathy prediction models for the coronary angiography/percutaneous coronary intervention population: a cross-sectional study.,2022,BMJ Open,10.1002/ccd.29176,"Journal Article;Research Support, Non-U.S. Gov't",Miao S; Pan C; Li D; Shen S; Wen A,Q5_reporting_guidance,False,S1_excluded_title
35198573,Development of a Risk Model for Predicting Microalbuminuria in the Chinese Population Using Machine Learning Algorithms.,2022,Front Med (Lausanne),10.1002/nau.24405,Journal Article,Lin W; Shi S; Huang H; Wang N; Wen J; Chen G,Q2_MI_prediction_models,False,S1_excluded_title
35201610,Lung cancer screening use and implications of varying eligibility criteria by race and ethnicity: 2019 Behavioral Risk Factor Surveillance System data.,2022,Cancer,10.1016/j.ypmed.2021.106503,"Journal Article;Research Support, N.I.H., Extramural",Williams RM; Li T; Luta G; Wang MQ; Adams-Campbell L; Meza R; Tammemägi MC; Taylor KL,Q2_MI_prediction_models,False,S1_excluded_title
35203038,"Autoencoded deep features for semi-automatic, weakly supervised physiological signal labelling.",2022,Comput Biol Med,10.1016/j.compbiomed.2022.105294,Journal Article,Nolde JM; Carnagarin R; Lugo-Gavidia LM; Azzam O; Kiuchi MG; Robinson S; Mian A; Schlaich MP,Q1_ml_imputation_clinical,False,S1_excluded_title
35228351,Water quality prediction based on Naïve Bayes algorithm.,2022,Water Sci Technol,10.2166/wst.2022.006,Journal Article,Ilić M; Srdjević Z; Srdjević B,Q4_missing_indicator_deployment,False,S1_excluded_title
35230519,Quality of science and reporting for radiomics in cardiac magnetic resonance imaging studies: a systematic review.,2022,Eur Radiol,10.1002/acm2.12795,Journal Article;Systematic Review,Chang S; Han K; Suh YJ; Choi BW,Q1_ml_imputation_clinical;Q5_reporting_guidance,False,S1_excluded_title
35233774,Diagnostic test accuracy and cost-effectiveness of tests for codeletion of chromosomal arms 1p and 19q in people with glioma.,2022,Cochrane Database Syst Rev,10.1002/14651858.CD013387,"Journal Article;Research Support, Non-U.S. Gov't;Systematic Review",McAleenan A; Jones HE; Kernohan A; Robinson T; Schmidt L; Dawson S; Kelly C; Spencer Leal E; Faulkner CL; Palmer A; Wragg C; Jefferies S; Brandner S; Vale L; Higgins JP; Kurian KM,Q4_missing_indicator_deployment;Q5_reporting_guidance,False,S1_excluded_title
35247618,The National Inpatient Sample: A Primer for Neurosurgical Big Data Research and Systematic Review.,2022,World Neurosurg,10.1016/j.wneu.2022.02.113,Journal Article;Systematic Review,Tang OY; Pugacheva A; Bajaj AI; Rivera Perla KM; Weil RJ; Toms SA,Q1_ml_imputation_clinical,False,S1_excluded_title
35266565,Missing data imputation in clinical trials using recurrent neural network facilitated by clustering and oversampling.,2022,Biom J,10.1002/bimj.202000393,Journal Article,Haliduola HN; Bretz F; Mansmann U,Q1_ml_imputation_clinical;Q3_MNAR_informative,True,included
35272025,A Risk Model to Predict the Delivery of Adjuvant Chemotherapy Following Lung Resection in Patients With Pathologically Positive Lymph Nodes.,2023,Semin Thorac Cardiovasc Surg,10.1053/j.semtcvs.2021.12.015,Multicenter Study;Journal Article,Patella M; Brunelli A; Adams L; Cafarotti S; Costardi L; De Leyn P; Decaluwé H; Franks KN; Fuentes M; Jimenez MF; Karri S; Moons J; Novellis P; Ruffini E; Veronesi G; Voulaz E; Shargall Y,Q2_MI_prediction_models,False,S1_excluded_title
35277130,Development and validation of a gradient boosting machine to predict prognosis after liver resection for intrahepatic cholangiocarcinoma.,2022,BMC Cancer,10.1097/SLA.0000000000003788,Journal Article;Validation Study,Ji GW; Jiao CY; Xu ZG; Li XC; Wang K; Wang XH,Q1_ml_imputation_clinical,False,S1_excluded_title
35309007,Recurrent Neural Network based Time-Series Modeling for Long-term Prognosis Following Acute Traumatic Brain Injury.,2021,AMIA Annu Symp Proc,10.1089/neu.2016.4819,"Journal Article;Observational Study;Research Support, U.S. Gov't, Non-P.H.S.",Nayebi A; Tipirneni S; Foreman B; Ratcliff J; Reddy CK; Subbian V,Q1_ml_imputation_clinical,False,S1_excluded_title
35333881,Development and validation of machine learning-driven prediction model for serious bacterial infection among febrile children in emergency departments.,2022,PLoS One,10.3346/jkms.2010.25.6.895,"Journal Article;Multicenter Study;Observational Study;Research Support, Non-U.S. Gov't",Lee B; Chung HJ; Kang HM; Kim DK; Kwak YH,Q1_ml_imputation_clinical,False,S1_excluded_title
35347756,A generalized weighted combination test of treatment effect for clinical trials with a sequential parallel comparison design and binary endpoint.,2022,Stat Med,10.1002/sim.9381,Journal Article,Quan H; Chen X; Luo J; Chen X,Q3_MNAR_informative,False,S1_excluded_title
35350976,Impute the missing data using retrieved dropouts.,2022,BMC Med Res Methodol,10.1016/j.ahj.2016.05.010,Journal Article,Wang S; Hu H,Q3_MNAR_informative,True,included
35351093,Continuous care intervention with carbohydrate restriction improves physical function of the knees among patients with type 2 diabetes: a non-randomized study.,2022,BMC Musculoskelet Disord,10.1155/2017/5468023,Clinical Trial;Journal Article,Lyman KS; Athinarayanan SJ; McKenzie AL; Pearson CL; Adams RN; Hallberg SJ; McCarter JP; Volek JS; Phinney SD; Andrawis JP,Q3_MNAR_informative,False,S1_excluded_title
35356492,PARTITIONING AROUND MEDOIDS CLUSTERING AND RANDOM FOREST CLASSIFICATION FOR GIS-INFORMED IMPUTATION OF FLUORIDE CONCENTRATION DATA.,2022,Ann Appl Stat,10.1214/21-aoas1516,Journal Article,Gu Y; Preisser JS; Zeng D; Shrestha P; Shah M; Simancas-Pallares MA; Ginnis J; Divaris K,Q1_ml_imputation_clinical,True,included
35369114,Completeness of cohort-linked U.S. Medicare data: An example from the Agricultural Health Study (1999-2016).,2022,Prev Med Rep,10.1016/j.pmedr.2022.101766,Journal Article,Parks CG; Shrestha S; Long S; Flottemesch T; Woodruff S; Chen H; Andreotti G; Hofmann JN; Beane Freeman LE; Sandler DP,Q3_MNAR_informative,False,S1_excluded_title
35369503,Novel Collaborative Weighted Non-negative Matrix Factorization Improves Prediction of Disease-Associated Human Microbes.,2022,Front Microbiol,10.1038/s41598-018-26448-8,Journal Article,Xu D; Xu H; Zhang Y; Gao R,Q1_ml_imputation_clinical,False,S1_excluded_title
35373317,"Simulation-Based Assessment of the Novel, Disposable i-view Video Laryngoscope by Emergency Medicine Physicians.",2022,Med J (Ft Sam Houst Tex),,Journal Article;Observational Study,Figlewicz MR; Constantino K; Mendez J; Uhaa N; Maddry JK; Schauer SG,Q4_missing_indicator_deployment,False,S1_excluded_title
35381453,Handling missing values in machine learning to predict patient-specific risk of adverse cardiac events: Insights from REFINE SPECT registry.,2022,Comput Biol Med,10.1007/s10844-010-0121-8,"Journal Article;Multicenter Study;Research Support, N.I.H., Extramural;Research Support, Non-U.S. Gov't",Rios R; Miller RJH; Manral N; Sharir T; Einstein AJ; Fish MB; Ruddy TD; Kaufmann PA; Sinusas AJ; Miller EJ; Bateman TM; Dorbala S; Di Carli M; Van Kriekinge SD; Kavanagh PB; Parekh T; Liang JX; Dey D; Berman DS; Slomka PJ,Q1_ml_imputation_clinical;Q2_MI_prediction_models,True,included
35384854,A Traditional Chinese Medicine Syndrome Classification Model Based on Cross-Feature Generation by Convolution Neural Network: Model Development and Validation.,2022,JMIR Med Inform,10.1155/2016/3467067,Journal Article,Huang Z; Miao J; Chen J; Zhong Y; Yang S; Ma Y; Wen C,Q1_ml_imputation_clinical,False,S1_excluded_title
35396294,Study protocol for the development and internal validation of Schizophrenia Prediction of Resistance to Treatment (SPIRIT): a clinical tool for predicting risk of treatment resistance to antipsychotics in first-episode schizophrenia.,2022,BMJ Open,10.1097/jcp.0b013e3180d0a6d4,"Journal Article;Research Support, Non-U.S. Gov't",Farooq S; Hattle M; Dazzan P; Kingstone T; Ajnakina O; Shiers D; Nettis MA; Lawrence A; Riley R; van der Windt D,Q2_MI_prediction_models,False,S1_excluded_title
35413572,Comparison of the prevalence of 21 GLIM phenotypic and etiologic criteria combinations and association with 30-day outcomes in people with cancer: A retrospective observational study.,2022,Clin Nutr,10.1016/j.clnu.2022.03.024,"Journal Article;Observational Study;Research Support, Non-U.S. Gov't",Kiss N; Steer B; de van der Schueren M; Loeliger J; Alizadehsani R; Edbrooke L; Deftereos I; Laing E; Khosravi A,Q1_ml_imputation_clinical,False,S1_excluded_title
35415441,A Combined Interpolation and Weighted K-Nearest Neighbours Approach for the Imputation of Longitudinal ICU Laboratory Data.,2020,J Healthc Inform Res,10.1093/jamia/ocx071,Journal Article,Daberdaku S; Tavazzi E; Di Camillo B,Q1_ml_imputation_clinical,True,included
35415446,Imputation of Missing Data in Electronic Health Records Based on Patients' Similarities.,2020,J Healthc Inform Res,10.18637/jss.v014.i06,Journal Article,Jazayeri A; Liang OS; Yang CC,Q1_ml_imputation_clinical,True,included
35426912,Benchmarking missing-values approaches for predictive models on health databases.,2022,Gigascience,10.5524/100981,"Journal Article;Research Support, Non-U.S. Gov't;Research Support, N.I.H., Extramural",Perez-Lebel A; Varoquaux G; Le Morvan M; Josse J; Poline JB,Q1_ml_imputation_clinical;Q3_MNAR_informative,True,included
35429810,Diabetes mellitus prediction and diagnosis from a data preprocessing and machine learning perspective.,2022,Comput Methods Programs Biomed,10.1016/j.cmpb.2022.106773,Journal Article,Olisah CC; Smith L; Smith M,Q1_ml_imputation_clinical,False,S1_excluded_title
35438796,Informative presence bias in analyses of electronic health records-derived data: a cautionary note.,2022,J Am Med Inform Assoc,10.1093/jamia/ocac050,"Journal Article;Research Support, N.I.H., Extramural",Harton J; Mitra N; Hubbard RA,Q3_MNAR_informative,True,included
35444260,Machine learning approaches to predicting no-shows in pediatric medical appointment.,2022,NPJ Digit Med,10.1198/tech.2001.s594,Journal Article,Liu D; Shin WY; Sprecher E; Conroy K; Santiago O; Wachtel G; Santillana M,Q1_ml_imputation_clinical,False,S1_excluded_title
35466079,Recurrent neural network models (CovRNN) for predicting outcomes of patients with COVID-19 on admission to hospital: model development and validation using electronic health record data.,2022,Lancet Digit Health,10.1101/2020.12.22.20244061,"Journal Article;Research Support, Non-U.S. Gov't",Rasmy L; Nigo M; Kannadath BS; Xie Z; Mao B; Patel K; Zhou Y; Zhang W; Ross A; Xu H; Zhi D,Q1_ml_imputation_clinical,False,S1_excluded_title
35470312,Risk Prediction of Pancreatic Cancer in Patients With Recent-onset Hyperglycemia: A Machine-learning Approach.,2023,J Clin Gastroenterol,10.1097/MCG.0000000000001710,"Journal Article;Research Support, N.I.H., Extramural",Chen W; Butler RK; Lustigova E; Chari ST; Maitra A; Rinaudo JA; Wu BU,Q1_ml_imputation_clinical,False,S1_excluded_title
35481281,Domain Adaptation Using Convolutional Autoencoder and Gradient Boosting for Adverse Events Prediction in the Intensive Care Unit.,2022,Front Artif Intell,10.1145/2700482,Journal Article,Zhu Y; Venugopalan J; Zhang Z; Chanani NK; Maher KO; Wang MD,Q1_ml_imputation_clinical,False,S1_excluded_title
35511839,Multi-View Integrative Attention-Based Deep Representation Learning for Irregular Clinical Time-Series Data.,2022,IEEE J Biomed Health Inform,10.1109/JBHI.2022.3172549,"Journal Article;Research Support, Non-U.S. Gov't",Lee Y; Jun E; Choi J; Suk HI,Q4_missing_indicator_deployment,False,S1_excluded_title
35511840,Partial Multiple Imputation With Variational Autoencoders: Tackling Not at Randomness in Healthcare Data.,2022,IEEE J Biomed Health Inform,10.1109/JBHI.2022.3172656,"Journal Article;Research Support, Non-U.S. Gov't",Pereira RC; Abreu PH; Rodrigues PP,Q1_ml_imputation_clinical;Q3_MNAR_informative,True,included
35513752,Modern Learning from Big Data in Critical Care: Primum Non Nocere.,2022,Neurocrit Care,10.1007/s12028-022-01510-6,Journal Article,Gravesteijn BY; Steyerberg EW; Lingsma HF,Q1_ml_imputation_clinical,False,S1_excluded_title
35544455,Machine Learning in Cardiac Surgery: Predicting Mortality and Readmission.,2022,ASAIO J,10.1097/MAT.0000000000001696,Journal Article,Park J; Bonde PN,Q1_ml_imputation_clinical,False,S1_excluded_title
35561268,Does the SORG Orthopaedic Research Group Hip Fracture Delirium Algorithm Perform Well on an Independent Intercontinental Cohort of Patients With Hip Fractures Who Are 60 Years or Older?,2022,Clin Orthop Relat Res,10.1177/21514593211062277,Journal Article,Oosterhoff JHF; Oberai T; Karhade AV; Doornberg JN; Kerkhoffs GMMJ; Jaarsma RL; Schwab JH; Heng M,Q1_ml_imputation_clinical,False,S1_excluded_title
35561944,Accounting for motion in resting-state fMRI: What part of the spectrum are we characterizing in autism spectrum disorder?,2022,Neuroimage,10.1016/J.NEUROIMAGE.2013.03.004,"Journal Article;Research Support, N.I.H., Extramural;Research Support, Non-U.S. Gov't",Nebel MB; Lidstone DE; Wang L; Benkeser D; Mostofsky SH; Risk BB,Q1_ml_imputation_clinical,False,S1_excluded_title
35569238,An accurate and explainable ensemble learning method for carotid plaque prediction in an asymptomatic population.,2022,Comput Methods Programs Biomed,10.1016/j.cmpb.2022.106842,Journal Article,Wu D; Cui G; Huang X; Chen Y; Liu G; Ren L; Li Y,Q1_ml_imputation_clinical,False,S1_excluded_title
35573904,A Unified Framework on Generalizability of Clinical Prediction Models.,2022,Front Artif Intell,10.1136/bmj.m1328,Journal Article;Review,Wan B; Caffo B; Vedula SS,Q1_ml_imputation_clinical,False,S1_excluded_title
35576007,Performance of a Machine Learning Algorithm Using Electronic Health Record Data to Predict Postoperative Complications and Report on a Mobile Platform.,2022,JAMA Netw Open,10.1056/NEJMms2004740,"Journal Article;Research Support, U.S. Gov't, Non-P.H.S.;Research Support, N.I.H., Extramural;Research Support, Non-U.S. Gov't",Ren Y; Loftus TJ; Datta S; Ruppert MM; Guan Z; Miao S; Shickel B; Feng Z; Giordano C; Upchurch GR; Rashidi P; Ozrazgat-Baslanti T; Bihorac A,Q1_ml_imputation_clinical;Q4_missing_indicator_deployment,False,S1_excluded_title
35578165,Mechanism-aware imputation: a two-step approach in handling missing values in metabolomics.,2022,BMC Bioinformatics,10.3109/15412550903499522,Journal Article,Dekermanjian JP; Shaddox E; Nandy D; Ghosh D; Kechris K,Q1_ml_imputation_clinical;Q3_MNAR_informative,True,S2_ex_E4
35581469,Machine learning based algorithms to impute PaO2 from SpO2 values and development of an online calculator.,2022,Sci Rep,10.1097/cce.0000000000000546,"Journal Article;Research Support, N.I.H., Extramural;Research Support, Non-U.S. Gov't",Ren S; Zupetic JA; Tabary M; DeSensi R; Nouraie M; Lu X; Boyce RD; Lee JS,Q1_ml_imputation_clinical,True,included
35585563,Quality and transparency of reporting derivation and validation prognostic studies of recurrent stroke in patients with TIA and minor stroke: a systematic review.,2022,Diagn Progn Res,10.4097/kjae.2013.64.5.402,Journal Article;Review,Abdulaziz KE; Perry JJ; Yadav K; Dowlatshahi D; Stiell IG; Wells GA; Taljaard M,Q5_reporting_guidance,False,S1_excluded_title
35597908,Inference following multiple imputation for generalized additive models: an investigation of the median p-value rule with applications to the Pulmonary Hypertension Association Registry and Colorado COVID-19 hospitalization data.,2022,BMC Med Res Methodol,10.2478/jccm-2021-0035,"Journal Article;Research Support, N.I.H., Extramural",Bolt MA; MaWhinney S; Pattee JW; Erlandson KM; Badesch DB; Peterson RA,Q3_MNAR_informative,True,included
35629140,Nonlinear Machine Learning in Warfarin Dose Prediction: Insights from Contemporary Modelling Studies.,2022,J Pers Med,10.1002/bjs.9736,Journal Article,Zhang F; Liu Y; Ma W; Zhao S; Chen J; Gu Z,Q1_ml_imputation_clinical;Q5_reporting_guidance,False,S1_excluded_title
35633976,Prediction Models for Bronchopulmonary Dysplasia in Preterm Infants: A Systematic Review.,2022,Front Pediatr,10.1002/(sici)1099-0496(199906)27:6<388::aid-ppul5>3.0.co;2-n,Systematic Review;Journal Article,Peng HB; Zhan YL; Chen Y; Jin ZC; Liu F; Wang B; Yu ZB,Q5_reporting_guidance,False,S1_excluded_title
35635332,Standardization of risk prediction model reporting in cancer-associated thrombosis: Communication from the ISTH SSC subcommittee on hemostasis and malignancy.,2022,J Thromb Haemost,10.1111/jth.15759,Journal Article,Sanfilippo KM; Wang TF; Carrier M; Falanga A; Gage BF; Khorana AA; Maraveyas A; Soff GA; Wells PS; Zwicker JI,Q5_reporting_guidance,False,S1_excluded_title
35637735,A graph-embedded topic model enables characterization of diverse pain phenotypes among UK biobank individuals.,2022,iScience,10.1016/j.pbb.2019.172842,Journal Article,Wang Y; Benavides R; Diatchenko L; Grant AV; Li Y,Q1_ml_imputation_clinical,False,S1_excluded_title
35644620,Classification of painful or painless diabetic peripheral neuropathy and identification of the most powerful predictors using machine learning models in large cross-sectional cohorts.,2022,BMC Med Inform Decis Mak,10.1097/j.pain.0000000000001426,"Journal Article;Research Support, Non-U.S. Gov't",Baskozos G; Themistocleous AC; Hebert HL; Pascal MMV; John J; Callaghan BC; Laycock H; Granovsky Y; Crombez G; Yarnitsky D; Rice ASC; Smith BH; Bennett DLH,Q1_ml_imputation_clinical,False,S1_excluded_title
35649295,Kernel machine learning methods to handle missing responses with complex predictors. Application in modelling five-year glucose changes using distributional representations.,2022,Comput Methods Programs Biomed,10.1016/j.cmpb.2022.106905,Journal Article,Matabuena M; Félix P; García-Meixide C; Gude F,Q1_ml_imputation_clinical,True,included
35661313,Machine learning and LACE index for predicting 30-day readmissions after heart failure hospitalization in elderly patients.,2022,Intern Emerg Med,10.1016/j.ijcard.2013.11.087,Journal Article,Polo Friz H; Esposito V; Marano G; Primitz L; Bovio A; Delgrossi G; Bombelli M; Grignaffini G; Monza G; Boracchi P,Q1_ml_imputation_clinical,False,S1_excluded_title
35676451,Highlighting uncertainty in clinical risk prediction using a model of emergency laparotomy mortality risk.,2022,NPJ Digit Med,10.1198/tast.2009.08210,Journal Article,Mathiszig-Lee JF; Catling FJR; Moonesinghe SR; Brett SJ,Q2_MI_prediction_models,False,S1_excluded_title
35687335,A Prehospital Triage System to Detect Traumatic Intracranial Hemorrhage Using Machine Learning Algorithms.,2022,JAMA Netw Open,10.3390/math8101756,Journal Article;Multicenter Study,Abe D; Inaji M; Hase T; Takahashi S; Sakai R; Ayabe F; Tanaka Y; Otomo Y; Maehara T,Q1_ml_imputation_clinical,False,S1_excluded_title
35707210,Time-varying coefficient cumulative gap time models for intensive longitudinal ecological momentary assessment data with missingness.,2022,J Appl Stat,10.1111/j.1467-9469.2004.00369.x,Journal Article,Li X; Anderson SJ; Shiffman S; Zhang B,Q4_missing_indicator_deployment,True,included
35722375,Development and validation of a machine-learning model for prediction of hypoxemia after extubation in intensive care units.,2022,Ann Transl Med,10.1183/13993003.00002-2021,Journal Article,Xia M; Jin C; Cao S; Pei B; Wang J; Xu T; Jiang H,Q1_ml_imputation_clinical,False,S1_excluded_title
35723051,"Multivariate linear mixed models with censored and nonignorable missing outcomes, with application to AIDS studies.",2022,Biom J,10.1002/bimj.202100233,"Journal Article;Research Support, Non-U.S. Gov't",Lin TI; Wang WL,Q3_MNAR_informative,True,included
35737282,Non-linear missing data imputation for healthcare data via index-aware autoencoders.,2022,Health Care Manag Sci,10.17576/jsm-2015-4403-17,Journal Article,Kabir S; Farrokhvar L,Q1_ml_imputation_clinical,True,included
35755721,Probabilistic Statistics-Based Endurance Life Prediction of Bridge Structures.,2022,Comput Intell Neurosci,10.1155/2021/1301878,Journal Article;Retracted Publication,Zhang Y,Q4_missing_indicator_deployment,False,S1_excluded_title
35766124,Comparative effectiveness of biologics in clinical practice: week 12 primary outcomes from an international observational psoriasis study of health outcomes (PSoHO).,2022,J Eur Acad Dermatol Venereol,10.1111/jdv.18376,Journal Article;Observational Study,Pinter A; Puig L; Schäkel K; Reich A; Zaheri S; Costanzo A; Tsai TF; Smith SD; Lynde C; Brnabic A; Reed C; Hill J; Schuster C; Riedl E; Paul C,Q1_ml_imputation_clinical,False,S1_excluded_title
35767804,"Machine-learning Models Predict 30-Day Mortality, Cardiovascular Complications, and Respiratory Complications After Aseptic Revision Total Joint Arthroplasty.",2022,Clin Orthop Relat Res,10.1097/CORR.0000000000002276,Journal Article,Abraham VM; Booth G; Geiger P; Balazs GC; Goldman A,Q1_ml_imputation_clinical,False,S1_excluded_title
35769736,Modeling Not-Reached Items in Cognitive Diagnostic Assessments.,2022,Front Psychol,10.3389/fpsyg.2020.00384,Journal Article,Liang L; Lu J; Zhang J; Shi N,Q4_missing_indicator_deployment,False,S1_excluded_title
35780515,Appropriately smoothing prevalence data to inform estimates of growth rate and reproduction number.,2022,Epidemics,10.1101/2021.07.21.21260926,"Journal Article;Research Support, Non-U.S. Gov't",Eales O; Ainslie KEC; Walters CE; Wang H; Atchison C; Ashby D; Donnelly CA; Cooke G; Barclay W; Ward H; Darzi A; Elliott P; Riley S,Q4_missing_indicator_deployment,False,S1_excluded_title
35803722,Multivariable Prediction Model for Futile Recanalization Therapies in Patients With Acute Ischemic Stroke.,2022,Neurology,10.1136/neurintsurg-2020-016125,"Journal Article;Research Support, Non-U.S. Gov't",Meinel TR; Lerch C; Fischer U; Beyeler M; Mujanovic A; Kurmann C; Siepen B; Scutelnic A; Müller M; Goeldlin M; Belachew NF; Dobrocky T; Gralla J; Seiffge D; Jung S; Arnold M; Wiest R; Meier R; Kaesmacher J,Q1_ml_imputation_clinical,False,S1_excluded_title
35812156,Using Information Available at the Time of Donor Offer to Predict Kidney Transplant Survival Outcomes: A Systematic Review of Prediction Models.,2022,Transpl Int,10.1038/ki.2010.232,Journal Article;Systematic Review,Riley S; Zhang Q; Tse WY; Connor A; Wei Y,Q5_reporting_guidance,False,S1_excluded_title
35816429,Performance evaluation of a recurrent deep neural network optimized by swarm intelligent techniques to model particulate matter.,2022,J Air Waste Manag Assoc,10.1080/10962247.2022.2095057,Journal Article,Kuri-Monge GJ; Aceves-Fernández MA; Pedraza-Ortega JC,Q4_missing_indicator_deployment,False,S1_excluded_title
35834544,Processing incomplete questionnaire data into continuous digital biomarkers for addiction monitoring.,2022,PLoS One,10.1037/adb0000204,Journal Article,Zetterström A; Dahlberg G; Lundqvist S; Hämäläinen MD; Winkvist M; Nyberg F; Andersson K,Q1_ml_imputation_clinical,False,S1_excluded_title
35840082,Unsupervised Machine Learning for Assessment of Left Ventricular Diastolic Function and Risk Stratification.,2022,J Am Soc Echocardiogr,10.1016/j.echo.2022.06.013,Journal Article,Chao CJ; Kato N; Scott CG; Lopez-Jimenez F; Lin G; Kane GC; Pellikka PA,Q1_ml_imputation_clinical,False,S1_excluded_title
35852735,GA-MADRID: design and validation of a machine learning tool for the diagnosis of Alzheimer's disease and frontotemporal dementia using genetic algorithms.,2022,Med Biol Eng Comput,10.1016/S0031-3203(01)00046-2,Journal Article,García-Gutierrez F; Díaz-Álvarez J; Matias-Guiu JA; Pytel V; Matías-Guiu J; Cabrera-Martín MN; Ayala JL,Q1_ml_imputation_clinical,False,S1_excluded_title
35872135,A hybrid return to baseline imputation method to incorporate MAR and MNAR dropout missingness.,2022,Contemp Clin Trials,10.1016/j.cct.2022.106859,"Journal Article;Research Support, Non-U.S. Gov't",Jin M,Q3_MNAR_informative,True,included
35885612,Multi-Modal Data Analysis for Pneumonia Status Prediction Using Deep Learning (MDA-PSP).,2022,Diagnostics (Basel),10.2196/11732,Journal Article,Sheu RK; Chen LC; Wu CL; Pardeshi MS; Pai KC; Huang CC; Chen CY; Chen WC,Q1_ml_imputation_clinical,False,S1_excluded_title
35887611,Revisiting the Risk Factors for Endometriosis: A Machine Learning Approach.,2022,J Pers Med,10.1038/s41598-021-04637-2,Journal Article,Blass I; Sahar T; Shraibman A; Ofer D; Rappoport N; Linial M,Q1_ml_imputation_clinical,False,S1_excluded_title
35896817,Identification of robust deep neural network models of longitudinal clinical measurements.,2022,NPJ Digit Med,10.1038/s41746-022-00651-4,Journal Article,Javidi H; Mariam A; Khademi G; Zabor EC; Zhao R; Radivoyevitch T; Rotroff DM,Q1_ml_imputation_clinical,False,S1_excluded_title
35896851,"A prognostic survival model for women diagnosed with invasive breast cancer in Queensland, Australia.",2022,Breast Cancer Res Treat,10.1007/s10549-022-06682-5,Journal Article,Baade PD; Fowler H; Kou K; Dunn J; Chambers SK; Pyke C; Aitken JF,Q2_MI_prediction_models,False,S1_excluded_title
35905096,A systematic review of statistical methodology used to evaluate progression of chronic kidney disease using electronic healthcare records.,2022,PLoS One,10.1371/journal.pmed.1001885,"Journal Article;Systematic Review;Research Support, Non-U.S. Gov't",Cleary F; Prieto-Merino D; Nitsch D,Q3_MNAR_informative,False,S1_excluded_title
35914194,Predicting Race And Ethnicity To Ensure Equitable Algorithms For Health Care Decision Making.,2022,Health Aff (Millwood),10.1377/hlthaff.2022.00095,Journal Article,Cabreros I; Agniel D; Martino SC; Damberg CL; Elliott MN,Q1_ml_imputation_clinical,False,S1_excluded_title
35915465,"(Dis)agreement of polymyalgia rheumatica relapse criteria, and prediction of relapse in a retrospective cohort.",2022,BMC Rheumatol,10.1093/rheumatology/kez533,Journal Article,Bolhuis TE; Marsman D; van den Hoogen FHJ; Broeder AAD; Broeder ND; van der Maas A,Q2_MI_prediction_models,False,S1_excluded_title
35915738,Single-Inhaler Triple Therapy in Patients with Advanced COPD: Bayesian Modeling of the Healthcare Resource Utilization Data and Associated Costs from the IMPACT Trial.,2022,Int J Chron Obstruct Pulmon Dis,10.1007/s12325-017-0604-x,Journal Article,Gabrio A; Gunsoy NB; Baio G; Martin A; Paly VF; Risebrough N; Halpin DMG; Singh D; Wise RA; Han MK; Martinez FJ; Criner GJ; Martin N; Lipson DA; Ismaila AS,Q3_MNAR_informative,False,S1_excluded_title
35921745,Clinical prediction models for methotrexate treatment outcomes in patients with rheumatoid arthritis: A systematic review and meta-analysis.,2022,Semin Arthritis Rheum,10.1016/j.semarthrit.2022.152076,"Journal Article;Meta-Analysis;Systematic Review;Research Support, Non-U.S. Gov't",Gehringer CK; Martin GP; Hyrich KL; Verstappen SMM; Sergeant JC,Q2_MI_prediction_models;Q5_reporting_guidance,False,S1_excluded_title
35922015,Machine Learning-Based Prediction Models for Delirium: A Systematic Review and Meta-Analysis.,2022,J Am Med Dir Assoc,10.1016/j.jamda.2022.06.020,"Journal Article;Meta-Analysis;Systematic Review;Research Support, Non-U.S. Gov't",Xie Q; Wang X; Pei J; Wu Y; Guo Q; Su Y; Yan H; Nan R; Chen H; Dou X,Q1_ml_imputation_clinical;Q5_reporting_guidance,False,S1_excluded_title
35923545,Machine Learning Prediction Models for Postoperative Stroke in Elderly Patients: Analyses of the MIMIC Database.,2022,Front Aging Neurosci,10.1016/j.ejso.2020.01.026,Journal Article,Zhang X; Fei N; Zhang X; Wang Q; Fang Z,Q1_ml_imputation_clinical,False,S1_excluded_title
35926667,Bottom-up approach to build a 'precision' risk factor classification for diabetic foot ulcer healing. Proof-of-concept.,2022,Diabetes Res Clin Pract,10.1016/j.diabres.2022.110028,Journal Article,Mbela Lusendi F; Matricali GA; Vanherwegen AS; Doggen K; Nobels F,Q2_MI_prediction_models,False,S1_excluded_title
35927077,Trauma video review outperforms prospective real-time data collection for study of resuscitative thoracotomy.,2022,Surgery,10.1016/j.surg.2022.06.021,"Journal Article;Research Support, N.I.H., Extramural",Rees JR; Maher Z; Dumas RP; Vella MA; Schroeder ME; Milia DJ; Zone AI; Cannon JW; Holena DN,Q4_missing_indicator_deployment,False,S1_excluded_title
35927610,A simple pooling method for variable selection in multiply imputed datasets outperformed complex methods.,2022,BMC Med Res Methodol,10.1002/bimj.201700232,Journal Article,Panken AM; Heymans MW,Q2_MI_prediction_models,True,included
35940105,Multi-feature computational framework for combined signatures of dementia in underrepresented settings.,2022,J Neural Eng,10.1016/j.tics.2022.07.008,"Journal Article;Research Support, Non-U.S. Gov't",Moguilner S; Birba A; Fittipaldi S; Gonzalez-Campo C; Tagliazucchi E; Reyes P; Matallana D; Parra MA; Slachevsky A; Farías G; Cruzat J; García A; Eyre HA; La Joie R; Rabinovici G; Whelan R; Ibáñez A,Q1_ml_imputation_clinical,False,S1_excluded_title
35940394,Leveraging auxiliary data to improve precision in inverse probability-weighted analyses.,2022,Ann Epidemiol,10.1016/j.annepidem.2022.07.011,"Journal Article;Research Support, N.I.H., Extramural",Zalla LC; Yang JY; Edwards JK; Cole SR,Q3_MNAR_informative,False,S1_excluded_title
35953355,Assessing the external validity of the SAFEHEART risk prediction model in patients with familial hypercholesterolaemia in an English routine care cohort.,2022,Atherosclerosis,10.1016/j.atherosclerosis.2022.07.011,"Journal Article;Research Support, Non-U.S. Gov't",McKay AJ; Gunn LH; Ray KK,Q2_MI_prediction_models,False,S1_excluded_title
35957237,SASMOTE: A Self-Attention Oversampling Method for Imbalanced CSI Fingerprints in Indoor Positioning Systems.,2022,Sensors (Basel),10.1109/TVT.2016.2545523,Journal Article,Liu A; Cheng L; Yu C,Q4_missing_indicator_deployment,False,S1_excluded_title
35969556,Knowledge Guided Feature Aggregation for the Prediction of Chronic Obstructive Pulmonary Disease With Chinese EMRs.,2023,IEEE/ACM Trans Comput Biol Bioinform,10.1109/TCBB.2022.3198798,"Journal Article;Research Support, Non-U.S. Gov't",Zhao Q; Li J; Zhao L; Zhu Z,Q1_ml_imputation_clinical,False,S1_excluded_title
35970636,Development of a clinical prediction instrument to estimate risk of initial violent injury.,2022,Injury,10.1016/j.injury.2022.08.012,Journal Article,Li BH; Haukoos JS; Gangidine MM; Hopkins E; McDaniel M; Williams JE; Morgan JL; Green E; Mireles AR; Palacios J; Ramirez JH; Bakes KM,Q2_MI_prediction_models,False,S1_excluded_title
35971088,"Evaluation of data imputation strategies in complex, deeply-phenotyped data sets: the case of the EU-AIMS Longitudinal European Autism Project.",2022,BMC Med Res Methodol,10.1093/biomet/63.3.581,"Journal Article;Research Support, Non-U.S. Gov't",Llera A; Brammer M; Oakley B; Tillmann J; Zabihi M; Amelink JS; Mei T; Charman T; Ecker C; Dell'Acqua F; Banaschewski T; Moessnang C; Baron-Cohen S; Holt R; Durston S; Murphy D; Loth E; Buitelaar JK; Floris DL; Beckmann CF,Q1_ml_imputation_clinical,True,included
35972686,Development and validation of risk prediction models for stroke and mortality among patients with type 2 diabetes in northern China.,2023,J Endocrinol Invest,10.2337/dc20-1464,Journal Article,Shao X; Liu H; Hou F; Bai Y; Cui Z; Lin Y; Jiang X; Bai P; Wang Y; Zhang Y; Lu C; Liu H; Zhou S; Yu P,Q2_MI_prediction_models,False,S1_excluded_title
35984654,Assessment of Adherence to Reporting Guidelines by Commonly Used Clinical Prediction Models From a Single Vendor: A Systematic Review.,2022,JAMA Netw Open,10.1001/jama.2019.10306,"Journal Article;Systematic Review;Research Support, Non-U.S. Gov't",Lu JH; Callahan A; Patel BS; Morse KE; Dash D; Pfeffer MA; Shah NH,Q1_ml_imputation_clinical;Q4_missing_indicator_deployment;Q5_reporting_guidance,False,S1_excluded_title
35986808,An updated systematic review of radiomics in osteosarcoma: utilizing CLAIM to adapt the increasing trend of deep learning application in radiomics.,2022,Insights Imaging,10.1148/radiol.2020191145,Journal Article,Zhong J; Hu Y; Zhang G; Xing Y; Ding D; Ge X; Pan Z; Yang Q; Yin Q; Zhang H; Zhang H; Yao W,Q5_reporting_guidance,False,S1_excluded_title
35993595,Predicting Total Drug Clearance and Volumes of Distribution Using the Machine Learning-Mediated Multimodal Method through the Imputation of Various Nonclinical Data.,2022,J Chem Inf Model,10.1080/00498254.2016.1265160,"Journal Article;Research Support, Non-U.S. Gov't",Iwata H; Matsuo T; Mamada H; Motomura T; Matsushita M; Fujiwara T; Maeda K; Handa K,Q1_ml_imputation_clinical,True,included
36001363,Predicting Abnormalities in Laboratory Values of Patients in the Intensive Care Unit Using Different Deep Learning Models: Comparative Study.,2022,JMIR Med Inform,10.1038/s41598-020-65070-5,Journal Article,Ayad A; Hallawa A; Peine A; Martin L; Fazlic LB; Dartmann G; Marx G; Schmeink A,Q1_ml_imputation_clinical,False,S1_excluded_title
36008412,Methylation risk scores are associated with a collection of phenotypes within electronic health record systems.,2022,NPJ Genom Med,10.1038/s41467-019-09718-5,Journal Article,Thompson M; Hill BL; Rakocz N; Chiang JN; Geschwind D; Sankararaman S; Hofer I; Cannesson M; Zaitlen N; Halperin E,Q1_ml_imputation_clinical,False,S1_excluded_title
36037605,Acute coronary syndrome prediction in emergency care: A machine learning approach.,2022,Comput Methods Programs Biomed,10.1016/j.cmpb.2022.107080,Journal Article,Emakhu J; Monplaisir L; Aguwa C; Arslanturk S; Masoud S; Nassereddine H; Hamam MS; Miller JB,Q1_ml_imputation_clinical,False,S1_excluded_title
36040195,"A smart, practical, deep learning-based clinical decision support tool for patients in the prostate-specific antigen gray zone: model development and validation.",2022,J Am Med Inform Assoc,10.1093/jamia/ocac141,"Journal Article;Research Support, Non-U.S. Gov't",Song SH; Kim H; Kim JK; Lee H; Oh JJ; Lee SC; Jeong SJ; Hong SK; Lee J; Yoo S; Choo MS; Cho MC; Son H; Jeong H; Suh J; Byun SS,Q1_ml_imputation_clinical,False,S1_excluded_title
36054539,Development and External Validation of a Model Predicting New-Onset Chronic Uveitis at Different Disease Durations in Juvenile Idiopathic Arthritis.,2023,Arthritis Rheumatol,10.1002/art.42329,"Journal Article;Research Support, Non-U.S. Gov't",van Straalen JW; Kearsley-Fleet L; Klotsche J; de Roock S; Minden K; Heiligenhaus A; Hyrich KL; de Boer JH; Lamot L; Olivieri AN; Gallizzi R; Smolewska E; Faugier E; Pastore S; Hashkes PJ; Herrera CN; Emminger W; Consolini R; Wulffraat NM; Ruperto N; Swart JF;  ,Q2_MI_prediction_models,False,S1_excluded_title
36054773,A comparison of statistical methods for animal oncology studies.,2023,Pharm Stat,10.1002/pst.2263,Journal Article,Zhang T; Novick SJ,Q3_MNAR_informative,False,S1_excluded_title
36083563,Approach to glaucoma diagnosis and prediction based on multiparameter neural network.,2023,Int Ophthalmol,10.1016/j.patrec.2019.04.004,Journal Article,Li Q; Wang N; Liu Z; Li L; Liu Z; Long X; Yang H; Song H,Q1_ml_imputation_clinical,False,S1_excluded_title
36085616,Designing Deep Neural Networks Robust to Sensor Failure in Mobile Health Environments.,2022,Annu Int Conf IEEE Eng Med Biol Soc,10.1109/EMBC48229.2022.9871046,"Journal Article;Research Support, U.S. Gov't, Non-P.H.S.",Mamun A; Mirzadeh SI; Ghasemzadeh H,Q4_missing_indicator_deployment,False,S1_excluded_title
36085670,Comparing Prediction of Early TBI Mortality with Multilayer Perceptron Neural Network and Convolutional Neural Network.,2022,Annu Int Conf IEEE Eng Med Biol Soc,10.1109/EMBC48229.2022.9871857,"Journal Article;Research Support, Non-U.S. Gov't",Guimaraes KAA; Costa MGF; Amorim RL; Filho CFFC,Q1_ml_imputation_clinical,False,S1_excluded_title
36085706,Estimating infant upper extremities motion with an RGB-D camera and markerless deep neural network tracking: A validation study.,2022,Annu Int Conf IEEE Eng Med Biol Soc,10.1109/EMBC48229.2022.9871928,"Journal Article;Research Support, Non-U.S. Gov't;Research Support, U.S. Gov't, Non-P.H.S.",Balta D; Kuo HH; Wang J; Porco IG; Schladen M; Cereatti A; Lum PS; Croce UD,Q1_ml_imputation_clinical,False,S1_excluded_title
36105420,Intubation and mortality prediction in hospitalized COVID-19 patients using a combination of convolutional neural network-based scoring of chest radiographs and clinical data.,2022,BJR Open,10.1038/s42256-021-00307-0,Journal Article,O'Shea A; Li MD; Mercaldo ND; Balthazar P; Som A; Yeung T; Succi MD; Little BP; Kalpathy-Cramer J; Lee SI,Q1_ml_imputation_clinical,False,S1_excluded_title
36106318,Development and validation of models for predicting the overall survival and cancer-specific survival of patients with primary vaginal cancer: A population-based retrospective cohort study.,2022,Front Med (Lausanne),10.1111/aogs.14260,Journal Article,Zhou WL; Yue YY,Q2_MI_prediction_models,False,S1_excluded_title
36125348,Informative Presence in Electronic Health Record Data: A Challenge in Implementing Study Exclusion Criteria.,2023,Epidemiology,10.1097/EDE.0000000000001542,"Journal Article;Research Support, N.I.H., Extramural",Chubak J; Dalmat RR; Weiss NS; Doria-Rose VP; Corley DA; Kamineni A,Q3_MNAR_informative,True,S2_ex_E3
36137318,Improving mortality prediction in Acute Pancreatitis by machine learning and data augmentation.,2022,Comput Biol Med,10.1016/j.compbiomed.2022.106077,"Journal Article;Research Support, Non-U.S. Gov't",Hameed MAB; Alamgir Z,Q1_ml_imputation_clinical,False,S1_excluded_title
36138336,Strategies reducing risk of surgical-site infection following pediatric spinal deformity surgery.,2023,Spine Deform,10.1308/rcsann.2016.0132,Journal Article,Matsumoto H; Bonsignore-Opp L; Warren SI; Hammoor BT; Troy MJ; Barrett KK; Striano BM; Roye BD; Lenke LG; Skaggs DL; Glotzbecker MP; Flynn JM; Roye DP; Vitale MG,Q2_MI_prediction_models,False,S1_excluded_title
36143281,Application of Artificial Intelligence Techniques to Predict Risk of Recurrence of Breast Cancer: A Systematic Review.,2022,J Pers Med,10.1002/path.5662,Journal Article;Review,Mazo C; Aura C; Rahman A; Gallagher WM; Mooney C,Q1_ml_imputation_clinical;Q4_missing_indicator_deployment,False,S1_excluded_title
36150546,Handling missing data in clinical research.,2022,J Clin Epidemiol,10.1016/j.jclinepi.2022.08.016,Journal Article,Heymans MW; Twisk JWR,Q3_MNAR_informative,True,S2_ex_E1
36153018,Development of the OPAL prediction model for prediction of live birth in couples with recurrent pregnancy loss: protocol for a prospective and retrospective cohort study in the Netherlands.,2022,BMJ Open,10.1093/humupd/dmaa010,Journal Article;Observational Study,Youssef A; van der Hoorn ML; van Eekelen R; van Geloven N; van Wely M; Smits MAJ; Mulders A; van Lith JM; Goddijn M; Lashley E,Q2_MI_prediction_models,False,S1_excluded_title
36153489,Sensitivity analyses for data missing at random versus missing not at random using latent growth modelling: a practical guide for randomised controlled trials.,2022,BMC Med Res Methodol,10.1002/sim.9083,"Journal Article;Research Support, Non-U.S. Gov't",Staudt A; Freyer-Adam J; Ittermann T; Meyer C; Bischof G; John U; Baumann S,Q3_MNAR_informative,True,included
36156062,Development and External Validation of a Mortality Prediction Model for Community-Dwelling Older Adults With Dementia.,2022,JAMA Intern Med,10.1016/j.trci.2019.11.008,"Journal Article;Research Support, N.I.H., Extramural",Deardorff WJ; Barnes DE; Jeon SY; Boscardin WJ; Langa KM; Covinsky KE; Mitchell SL; Whitlock EL; Smith AK; Lee SJ,Q2_MI_prediction_models,False,S1_excluded_title
36156743,Non-invasive Hemoglobin Measurement Predictive Analytics with Missing Data and Accuracy Improvement Using Gaussian Process and Functional Regression Model.,2022,J Med Syst,10.1198/016214504000001745,Journal Article,Man J; Zielinski MD; Das D; Sir MY; Wutthisirisart P; Camazine M; Pasupathy KS,Q4_missing_indicator_deployment,True,included
36194411,"Association of Disparities in Family History and Family Cancer History in the Electronic Health Record With Sex, Race, Hispanic or Latino Ethnicity, and Language Preference in 2 Large US Health Care Systems.",2022,JAMA Netw Open,10.1007/s12687-012-0097-x,"Journal Article;Research Support, N.I.H., Extramural",Chavez-Yenter D; Goodman MS; Chen Y; Chu X; Bradshaw RL; Lorenz Chambers R; Chan PA; Daly BM; Flynn M; Gammon A; Hess R; Kessler C; Kohlmann WK; Mann DM; Monahan R; Peel S; Kawamoto K; Del Fiol G; Sigireddi M; Buys SS; Ginsburg O; Kaphingst KA,Q3_MNAR_informative,False,S1_excluded_title
36194993,Decision support system and outcome prediction in a cohort of patients with necrotizing soft-tissue infections.,2022,Int J Med Inform,10.1016/j.ijmedinf.2022.104878,"Journal Article;Research Support, Non-U.S. Gov't",Katz S; Suijker J; Hardt C; Madsen MB; Vries AM; Pijpe A; Skrede S; Hyldegaard O; Solligård E; Norrby-Teglund A; Saccenti E; Martins Dos Santos VAP,Q1_ml_imputation_clinical,False,S1_excluded_title
36203663,Predictive models based on machine learning for bone metastasis in patients with diagnosed colorectal cancer.,2022,Front Public Health,10.3389/fnagi.2022.841696,"Journal Article;Research Support, Non-U.S. Gov't",Li T; Huang H; Zhang S; Zhang Y; Jing H; Sun T; Zhang X; Lu L; Zhang M,Q1_ml_imputation_clinical,False,S1_excluded_title
36207080,Quality assessment of machine learning models for diagnostic imaging in orthopaedics: A systematic review.,2022,Artif Intell Med,10.1016/j.artmed.2022.102396,Journal Article;Systematic Review,Lans A; Pierik RJB; Bales JR; Fourman MS; Shin D; Kanbier LN; Rifkin J; DiGiovanni WH; Chopra RR; Moeinzad R; Verlaan JJ; Schwab JH,Q5_reporting_guidance,False,S1_excluded_title
36210997,A Novel Feature Selection with Hybrid Deep Learning Based Heart Disease Detection and Classification in the e-Healthcare Environment.,2022,Comput Intell Neurosci,10.1016/j.mlwa.2021.100108,Journal Article,B D; M L; R A; Kallimani JS; Walia R; Belete B,Q1_ml_imputation_clinical,False,S1_excluded_title
36211695,Effects of a co-created occupational health intervention on stress and psychosocial working conditions within the construction industry: A controlled trial.,2022,Front Public Health,10.1016/j.ssci.2011.01.010,"Journal Article;Randomized Controlled Trial;Research Support, Non-U.S. Gov't",Cedstrand E; Augustsson H; Alderling M; Sánchez Martinez N; Bodin T; Nyberg A; Johansson G,Q3_MNAR_informative,False,S1_excluded_title
36213777,A Joint Modeling Approach for Longitudinal Outcomes and Non-ignorable Dropout under Population Heterogeneity in Mental Health Studies.,2022,J Appl Stat,10.1080/02664763.2021.1945000,Journal Article,Park JY; Wall MM; Moustaki I; Grossman AH,Q3_MNAR_informative,False,S1_excluded_title
36217914,Phenotyping in clinical text with unsupervised numerical reasoning for patient stratification.,2022,Exp Biol Med (Maywood),10.1023/A:1010933404324,"Journal Article;Research Support, Non-U.S. Gov't",Tanwar A; Zhang J; Ive J; Gupta V; Guo Y,Q1_ml_imputation_clinical,False,S1_excluded_title
36218149,"Key concepts, common pitfalls, and best practices in artificial intelligence and machine learning: focus on radiomics.",2022,Diagn Interv Radiol,10.7326/M18-1376),Journal Article;Review,Koçak B,Q1_ml_imputation_clinical,False,S1_excluded_title
36220111,Automated Cognitive Health Assessment Using Partially Complete Time Series Sensor Data.,2022,Methods Inf Med,10.3233/THC-161255,Journal Article,Thomas BL; Holder LB; Cook DJ,Q1_ml_imputation_clinical,False,S1_excluded_title
36223208,Building the Model.,2023,Arch Pathol Lab Med,10.5858/arpa.2021-0635-RA,Review;Journal Article,Yang HS; Rhoads DD; Sepulveda J; Zang C; Chadburn A; Wang F,Q1_ml_imputation_clinical,False,S1_excluded_title
36231678,Early Prediction of Diabetes Using an Ensemble of Machine Learning Models.,2022,Int J Environ Res Public Health,10.1016/j.dsx.2020.03.004,"Journal Article;Research Support, Non-U.S. Gov't",Dutta A; Hasan MK; Ahmad M; Awal MA; Islam MA; Masud M; Meshref H,Q1_ml_imputation_clinical,False,S1_excluded_title
36233556,A Simpler Machine Learning Model for Acute Kidney Injury Risk Stratification in Hospitalized Patients.,2022,J Clin Med,10.1097/01.ASN.0000135969.33773.0B,Journal Article,Hu Y; Liu K; Ho K; Riviello D; Brown J; Chang AR; Singh G; Kirchner HL,Q1_ml_imputation_clinical;Q2_MI_prediction_models,False,S1_excluded_title
36236367,An Ensemble Approach for the Prediction of Diabetes Mellitus Using a Soft Voting Classifier with an Explainable AI.,2022,Sensors (Basel),10.1177/1932296814552673,Journal Article,Kibria HB; Nahiduzzaman M; Goni MOF; Ahsan M; Haider J,Q1_ml_imputation_clinical,False,S1_excluded_title
36238497,Neural Networks for Survival Prediction in Medicine Using Prognostic Factors: A Review and Critical Appraisal.,2022,Comput Math Methods Med,10.1016/j.ecolmodel.2004.03.013,Journal Article;Review,Kantidakis G; Hazewinkel AD; Fiocco M,Q1_ml_imputation_clinical,False,S1_excluded_title
36245665,A Machine Learning Model for Predicting Mortality within 90 Days of Dialysis Initiation.,2022,Kidney360,10.2215/CJN.06840712,"Journal Article;Research Support, U.S. Gov't, P.H.S.",Rankin S; Han L; Scherzer R; Tenney S; Keating M; Genberg K; Rahn M; Wilkins K; Shlipak M; Estrella M,Q2_MI_prediction_models,False,S1_excluded_title
36252349,Delirium screening in an acute care setting with a machine learning classifier based on routinely collected nursing data: A model development study.,2022,J Psychiatr Res,10.1016/j.jpsychires.2022.10.018,"Journal Article;Research Support, Non-U.S. Gov't",Spiller TR; Tufan E; Petry H; Böttger S; Fuchs S; Duek O; Ben-Zion Z; Korem N; Harpaz-Rotem I; von Känel R; Ernst J,Q1_ml_imputation_clinical,False,S1_excluded_title
36254392,Development and External Validation of a Multivariable Prediction Model to Identify Nondiabetic Hyperglycemia and Undiagnosed Type 2 Diabetes: Diabetes Risk Assessment in Dentistry Score (DDS).,2023,J Dent Res,10.1177/00220345221129807,"Journal Article;Research Support, Non-U.S. Gov't",Yonel Z; Kocher T; Chapple ILC; Dietrich T; Völzke H; Nauck M; Collins G; Gray LJ; Holtfreter B,Q2_MI_prediction_models,False,S1_excluded_title
36260971,Missing data imputation using utility-based regression and sampling approaches.,2022,Comput Methods Programs Biomed,10.1016/j.cmpb.2022.107172,Journal Article,Haliduola HN; Bretz F; Mansmann U,Q1_ml_imputation_clinical;Q3_MNAR_informative,True,included
36261855,Development and validation of personalised risk prediction models for early detection and diagnosis of primary liver cancer among the English primary care population using the QResearch® database: research protocol and statistical analysis plan.,2022,Diagn Progn Res,10.1136/bmj.d3651,Journal Article,Liao W; Jepsen P; Coupland C; Innes H; Matthews PC; Campbell C; Barnes E; Hippisley-Cox J;  ,Q2_MI_prediction_models,False,S1_excluded_title
36277100,Predicting infectious disease for biopreparedness and response: A systematic review of machine learning and deep learning approaches.,2022,One Health,10.3390/PATHOGENS10101348,Journal Article;Review,Keshavamurthy R; Dixon S; Pazdernik KT; Charles LE,Q4_missing_indicator_deployment,False,S1_excluded_title
36291653,Exploring Computational Data Amplification and Imputation for the Discovery of Type 1 Diabetes (T1D) Biomarkers from Limited Human Datasets.,2022,Biomolecules,10.1093/nar/gkv1042,"Journal Article;Research Support, U.S. Gov't, Non-P.H.S.;Research Support, Non-U.S. Gov't;Research Support, N.I.H., Extramural",Alcazar O; Ogihara M; Ren G; Buchwald P; Abdulreda MH,Q1_ml_imputation_clinical,True,S2_ex_E4
36304178,Multi-modal Learning with Missing Data for Cancer Diagnosis Using Histopathological and Genomic Data.,2022,Proc SPIE Int Soc Opt Eng,10.1093/bioinformatics/btab185,Journal Article,Cui C; Asad Z; Dean WF; Smith IT; Madden C; Bao S; Landman BA; Roland JT; Coburn LA; Wilson KT; Zwerner JP; Zhao S; Wheless LE; Huo Y,Q1_ml_imputation_clinical,True,S2_ex_E4
36312287,Prediction Model Risk-of-Bias Assessment Tool for coronary artery lesions in Kawasaki disease.,2022,Front Cardiovasc Med,10.1002/sim.6986,Journal Article,Huang H; Dong J; Wang S; Shen Y; Zheng Y; Jiang J; Zeng B; Li X; Yang F; Ma S; He Y; Lin F; Chen C; Chen Q; Lv H,Q5_reporting_guidance,False,S1_excluded_title
36328668,Temporal deep learning framework for retinopathy prediction in patients with type 1 diabetes.,2022,Artif Intell Med,10.1016/j.artmed.2022.102408,Journal Article;Review,Rabhi S; Blanchard F; Diallo AM; Zeghlache D; Lukas C; Berot A; Delemer B; Barraud S,Q1_ml_imputation_clinical,False,S1_excluded_title
36333179,"Forced vital capacity trajectories in patients with idiopathic pulmonary fibrosis: a secondary analysis of a multicentre, prospective, observational cohort.",2022,Lancet Digit Health,10.1016/S2589-7500(22)00173-X,"Observational Study;Multicenter Study;Journal Article;Research Support, N.I.H., Extramural;Research Support, Non-U.S. Gov't",Fainberg HP; Oldham JM; Molyneau PL; Allen RJ; Kraven LM; Fahy WA; Porte J; Braybrooke R; Saini G; Karsdal MA; Leeming DJ; Sand JMB; Triguero I; Oballa E; Wells AU; Renzoni E; Wain LV; Noth I; Maher TM; Stewart ID; Jenkins RG,Q1_ml_imputation_clinical,False,S1_excluded_title
36337095,Where do we find missing data in a commercial real-time location system? Evidence from 2 dairy farms.,2021,JDS Commun,10.1016/j.applanim.2008.08.005,Journal Article,Ren K; Nielsen PP; Alam M; Rönnegård L,Q4_missing_indicator_deployment,True,S2_ex_E2
36339905,Homogeneous ensemble models for predicting infection levels and mortality of COVID-19 patients: Evidence from China.,2022,Digit Health,10.1177/20552076221133692,Journal Article,Wang J; Zhou X; Hou Z; Xu X; Zhao Y; Chen S; Zhang J; Shao L; Yan R; Wang M; Ge M; Hao T; Tu Y; Huang H,Q1_ml_imputation_clinical,False,S1_excluded_title
36346135,Evaluation of machine learning methods for covariate data imputation in pharmacometrics.,2022,CPT Pharmacometrics Syst Pharmacol,10.5705/ss.202016.0324,Journal Article,Bräm DS; Nahum U; Atkinson A; Koch G; Pfister M,Q1_ml_imputation_clinical,True,included
36358954,A Machine Learning Approach for Recommending Herbal Formulae with Enhanced Interpretability and Applicability.,2022,Biomolecules,10.1016/j.neucom.2022.05.119,"Multicenter Study;Journal Article;Research Support, Non-U.S. Gov't",Lee WY; Lee Y; Lee S; Kim YW; Kim JH,Q1_ml_imputation_clinical,False,S1_excluded_title
36376402,Enhanced survival prediction using explainable artificial intelligence in heart transplantation.,2022,Sci Rep,10.2307/2531595,"Journal Article;Research Support, Non-U.S. Gov't",Lisboa PJG; Jayabalan M; Ortega-Martorell S; Olier I; Medved D; Nilsson J,Q1_ml_imputation_clinical,False,S1_excluded_title
36410240,Early diagnosis of Parkinson's disease: A combined method using deep learning and neuro-fuzzy techniques.,2023,Comput Biol Chem,10.1016/j.compbiolchem.2022.107788,Journal Article,Nilashi M; Abumalloh RA; Yusuf SYM; Thi HH; Alsulami M; Abosaq H; Alyami S; Alghamdi A,Q1_ml_imputation_clinical,False,S1_excluded_title
36411940,Implementing Multiple Imputation for Missing Data in Longitudinal Studies When Models are Not Feasible: An Example Using the Random Hot Deck Approach.,2022,Clin Epidemiol,10.1007/s11121-007-0070-9,Journal Article,Wang C; Stokes T; Steele RJ; Wedderkopp N; Shrier I,Q2_MI_prediction_models,True,included
36434509,A simple APACHE IV risk dynamic nomogram that incorporates early admitted lactate for the initial assessment of 28-day mortality in critically ill patients with acute myocardial infarction.,2022,BMC Cardiovasc Disord,10.1097/CCM.0000000000004633,Journal Article,Song J; Yu T; Yan Q; Wu L; Li S; Wang L,Q2_MI_prediction_models,False,S1_excluded_title
36436815,Systematic review identifies the design and methodological conduct of studies on machine learning-based prediction models.,2023,J Clin Epidemiol,10.1016/j.jclinepi.2022.11.015,"Journal Article;Systematic Review;Research Support, Non-U.S. Gov't",Andaur Navarro CL; Damen JAA; van Smeden M; Takada T; Nijman SWJ; Dhiman P; Ma J; Collins GS; Bajpai R; Riley RD; Moons KGM; Hooft L,Q1_ml_imputation_clinical,False,S1_excluded_title
36459836,Setting up of a machine learning algorithm for the identification of severe liver fibrosis profile in the general US population cohort.,2023,Int J Med Inform,10.1016/j.ijmedinf.2022.104932,Journal Article,Hassoun S; Bruckmann C; Ciardullo S; Perseghin G; Di Gaudio F; Broccolo F,Q1_ml_imputation_clinical,False,S1_excluded_title
36461905,Downer cows: a reanalysis of an old data set.,2023,N Z Vet J,10.1080/00480169.2022.2155262,Journal Article,Lawrence KE; Clark RG; Henderson HV; Govindaraju K; Balcomb C,Q2_MI_prediction_models,False,S1_excluded_title
36466490,Development and assessment of novel machine learning models to predict medication non-adherence risks in type 2 diabetics.,2022,Front Public Health,10.1097/MD.0000000000017825,"Journal Article;Research Support, Non-U.S. Gov't",Li M; Lu X; Yang H; Yuan R; Yang Y; Tong R; Wu X,Q1_ml_imputation_clinical,False,S1_excluded_title
36468536,Fast three-dimensional image generation for healthy brain aging using diffeomorphic registration.,2023,Hum Brain Mapp,10.1016/S0262-8856(03)00137-9,"Journal Article;Research Support, Non-U.S. Gov't;Research Support, N.I.H., Extramural;Research Support, U.S. Gov't, Non-P.H.S.",Fu J; Tzortzakakis A; Barroso J; Westman E; Ferreira D; Moreno R;  ,Q1_ml_imputation_clinical,False,S1_excluded_title
36483764,Risk stratification of patients who present with chest pain and have normal troponins using a machine learning model.,2022,World J Cardiol,10.4330/wjc.v14.i11.565,Journal Article,Shafiq M; Mazzotti DR; Gibson C,Q1_ml_imputation_clinical,False,S1_excluded_title
36510289,Application of multilevel models for predicting pain following root canal treatment.,2023,Community Dent Oral Epidemiol,10.1111/cdoe.12807,"Journal Article;Research Support, Non-U.S. Gov't",Du M; Haag DG; Lynch JW; Mittinty MN,Q4_missing_indicator_deployment,False,S1_excluded_title
36513375,Incomplete time-series gene expression in integrative study for islet autoimmunity prediction.,2023,Brief Bioinform,10.1093/bib/bbac537,"Journal Article;Research Support, N.I.H., Extramural",Tanvir Ahmed K; Cheng S; Li Q; Yong J; Zhang W,Q1_ml_imputation_clinical,False,S1_excluded_title
36526702,Detection of factors affecting kidney function using machine learning methods.,2022,Sci Rep,10.3390/ijerph13111058,"Journal Article;Research Support, Non-U.S. Gov't",Haratian A; Maleki Z; Shayegh F; Safaeian A,Q1_ml_imputation_clinical,False,S1_excluded_title
36529347,Learning the progression patterns of treatments using a probabilistic generative model.,2023,J Biomed Inform,10.1016/j.jbi.2022.104271,"Journal Article;Research Support, Non-U.S. Gov't",Zaballa O; Pérez A; Gómez Inhiesto E; Acaiturri Ayesta T; Lozano JA,Q1_ml_imputation_clinical,False,S1_excluded_title
36553145,A Proposed Framework for Early Prediction of Schistosomiasis.,2022,Diagnostics (Basel),10.1109/icecce49384.2020.9179443,Journal Article,Ali Z; Hayat MF; Shaukat K; Alam TM; Hameed IA; Luo S; Basheer S; Ayadi M; Ksibi A,Q1_ml_imputation_clinical,False,S1_excluded_title
36567220,Independent External Validation of a Preoperative Prediction Model for Delirium After Cardiac Surgery: A Prospective Observational Cohort Study.,2023,J Cardiothorac Vasc Anesth,10.1053/j.jvca.2022.11.038,"Observational Study;Journal Article;Research Support, Non-U.S. Gov't",Wueest AS; Berres M; Bettex DA; Steiner LA; Monsch AU; Goettel N,Q2_MI_prediction_models,False,S1_excluded_title
36569759,"Toward improved understanding of foot shape, foot posture, and foot biomechanics during running: A narrative review.",2022,Front Physiol,10.1016/j.compbiomed.2018.04.010,Journal Article;Review,Mei Q; Kim HK; Xiang L; Shim V; Wang A; Baker JS; Gu Y; Fernandez J,Q1_ml_imputation_clinical;Q4_missing_indicator_deployment,False,S1_excluded_title
36574846,Phenotyping for percutaneous coronary intervention and long-term recurrent weighted outcomes.,2023,Int J Cardiol,10.1016/j.ijcard.2022.12.035,Observational Study;Journal Article,Galimzhanov A; Sabitov Y; Guclu E; Tenekecioglu E; Mamas MA,Q1_ml_imputation_clinical,False,S1_excluded_title
36585627,"Interpretable generalized neural additive models for mortality prediction of COVID-19 hospitalized patients in Hamadan, Iran.",2022,BMC Med Res Methodol,10.1097/MD.0000000000026532,"Journal Article;Research Support, Non-U.S. Gov't",Moslehi S; Mahjub H; Farhadian M; Soltanian AR; Mamani M,Q1_ml_imputation_clinical,False,S1_excluded_title
36590237,Multi-objective deep learning framework for COVID-19 dataset problems.,2023,J King Saud Univ Sci,10.1109/TSMC.2018.2840341,Journal Article,Mohammedqasem R; Mohammedqasim H; Asad Ali Biabani S; Ata O; Alomary MN; Almehmadi M; Amer Alsairi A; Azam Ansari M,Q1_ml_imputation_clinical,False,S1_excluded_title
36601036,Imputation Strategies Under Clinical Presence: Impact on Algorithmic Fairness.,2022,Proc Mach Learn Res,,Journal Article,Jeanselme V; De-Arteaga M; Zhang Z; Barrett J; Tom B,Q1_ml_imputation_clinical,True,included
36602873,Adjusting for publication bias in meta-analysis via inverse probability weighting using clinical trial registries.,2023,Biometrics,10.1111/biom.13822,"Journal Article;Research Support, Non-U.S. Gov't",Huang A; Morikawa K; Friede T; Hattori S,Q3_MNAR_informative,False,S1_excluded_title
36624626,Flexible modeling of multiple nonlinear longitudinal trajectories with censored and non-ignorable missing outcomes.,2023,Stat Methods Med Res,10.1177/09622802221146312,"Journal Article;Research Support, Non-U.S. Gov't",Lin TI; Wang WL,Q3_MNAR_informative,True,included
36643095,Identifying oral disease variables associated with pneumonia emergence by application of machine learning to integrated medical and dental big data to inform eHealth approaches.,2022,Front Dent Med,10.3389/fcimb.2022.838749,Journal Article,Shimpi N; Glurich I; Panny A; Hegde H; Scannapieco FA; Acharya A,Q1_ml_imputation_clinical,False,S1_excluded_title
36646446,Group testing regression analysis with covariates and specimens subject to missingness.,2023,Stat Med,10.1002/sim.9640,Journal Article,Delaigle A; Tan R,Q3_MNAR_informative,True,included
36647625,The impact of correlated exposures and missing data on multiple informant models used to identify critical exposure windows.,2023,Stat Med,10.1007/s11336-013-9335-3,"Journal Article;Research Support, N.I.H., Extramural",Bather JR; Horton NJ; Coull BA; Williams PL,Q3_MNAR_informative,True,included
36657181,Development and validation of a risk prediction model for the recurrence of foot ulcer in type 2 diabetes in China: A longitudinal cohort study based on a systematic review and meta-analysis.,2023,Diabetes Metab Res Rev,10.1002/dmrr.3616,"Meta-Analysis;Systematic Review;Journal Article;Research Support, Non-U.S. Gov't",Wang M; Chen D; Fu H; Xu H; Lin S; Ge T; Ren Q; Song Z; Ding M; Chang J; Fan T; Xing Q; Sun M; Li X; Chen L; Chang B,Q2_MI_prediction_models,False,S1_excluded_title
36658206,Intra-person multi-task learning method for chronic-disease prediction.,2023,Sci Rep,10.2337/dc20-S002,"Journal Article;Research Support, Non-U.S. Gov't",Kim G; Lim H; Kim Y; Kwon O; Choi JH,Q1_ml_imputation_clinical,False,S1_excluded_title
36662548,"Dealing With Missing, Imbalanced, and Sparse Features During the Development of a Prediction Model for Sudden Death Using Emergency Medicine Data: Machine Learning Approach.",2023,JMIR Med Inform,10.1214/aos/1176343061,Journal Article,Chen X; Chen H; Nan S; Kong X; Duan H; Zhu H,Q1_ml_imputation_clinical,True,included
36670357,Comparison of the adequacy of geriatric nutritional risk index with that of the mini nutritional assessment-short form and global leadership initiative on malnutrition criteria in assessing nutritional status to predict the 1-year prognosis of hospitalized Japanese older adults: a single-institutional cohort study.,2023,BMC Geriatr,10.1111/ggi.13570,Journal Article,Hiraike T; Momoki C; Habu D,Q3_MNAR_informative,False,S1_excluded_title
36679394,Heart Rate Estimation from Incomplete Electrocardiography Signals.,2023,Sensors (Basel),10.1109/Cvpr.2019.00494,Journal Article,Song Y; Chen J; Zhang R,Q3_MNAR_informative,False,S1_excluded_title
36690280,External validation of the PAGE-B score for HCC risk prediction in people living with HIV/HBV coinfection.,2023,J Hepatol,10.1016/j.jhep.2022.12.029,"Journal Article;Research Support, Non-U.S. Gov't",Surial B; Ramírez Mena A; Roumet M; Limacher A; Smit C; Leleux O; Mocroft A; van der Valk M; Bonnet F; Peters L; Rockstroh JK; Günthard HF; Berzigotti A; Rauch A; Wandeler G;  ;  ;  ;  ,Q2_MI_prediction_models,False,S1_excluded_title
36693686,Can prognostic factors for indirect muscle injuries in elite football (soccer) players be identified using data from preseason screening? An exploratory analysis using routinely collected periodic health examination records.,2023,BMJ Open,10.2165/00007256-200232100-00002,"Journal Article;Research Support, Non-U.S. Gov't;Observational Study",Hughes T; Riley R; Callaghan MJ; Sergeant JC,Q2_MI_prediction_models,False,S1_excluded_title
36700900,A Machine Learning Model to Predict Diuretic Resistance.,2023,Kidney360,10.1046/j.1365-2125.2003.02007.x,Journal Article,Mercier JA; Ferguson TW; Tangri N,Q1_ml_imputation_clinical,False,S1_excluded_title
36703114,"Gdaphen, R pipeline to identify the most important qualitative and quantitative predictor variables from phenotypic data.",2023,BMC Bioinformatics,10.1080/10618600.2012.681250,Journal Article,Muñiz Moreno MDM; Gavériaux-Ruff C; Herault Y,Q1_ml_imputation_clinical,False,S1_excluded_title
36711167,Real-time imputation of missing predictor values in clinical practice.,2021,Eur Heart J Digit Health,10.1093/ehjdh/ztaa016,Journal Article,Nijman SWJ; Hoogland J; Groenhof TKJ; Brandjes M; Jacobs JJL; Bots ML; Asselbergs FW; Moons KGM; Debray TPA,Q4_missing_indicator_deployment,True,included
36711711,RNA-to-image multi-cancer synthesis using cascaded diffusion models.,2023,bioRxiv,10.1101/2023.01.13.523899,Preprint;Journal Article,Carrillo-Perez F; Pizurica M; Zheng Y; Nandi TN; Madduri R; Shen J; Gevaert O,Q1_ml_imputation_clinical,False,S1_excluded_title
36714180,Analyzing the effect of data preprocessing techniques using machine learning algorithms on the diagnosis of COVID-19.,2022,Concurr Comput,10.1016/j.patcog.2020.107543,Journal Article,Erol G; Uzbaş B; Yücelbaş C; Yücelbaş Ş,Q1_ml_imputation_clinical,False,S1_excluded_title
36722803,Performance of Multiple Imputation Using Modern Machine Learning Methods in Electronic Health Records Data.,2023,Epidemiology,10.1097/EDE.0000000000001578,"Journal Article;Research Support, N.I.H., Extramural",Getz K; Hubbard RA; Linn KA,Q1_ml_imputation_clinical;Q3_MNAR_informative,True,included
36725096,Handling of missing data with multiple imputation in observational studies that address causal questions: protocol for a scoping review.,2023,BMJ Open,10.7326/M18-0850,"Journal Article;Research Support, Non-U.S. Gov't",Mainzer R; Moreno-Betancur M; Nguyen C; Simpson J; Carlin J; Lee K,Q3_MNAR_informative,True,included
36738870,Informative missingness: What can we learn from patterns in missing laboratory data in the electronic health record?,2023,J Biomed Inform,10.1016/j.jbi.2022.104269,"Journal Article;Research Support, N.I.H., Extramural",Tan ALM; Getzen EJ; Hutch MR; Strasser ZH; Gutiérrez-Sacristán A; Le TT; Dagliati A; Morris M; Hanauer DA; Moal B; Bonzel CL; Yuan W; Chiudinelli L; Das P; Zhang HG; Aronow BJ; Avillach P; Brat GA; Cai T; Hong C; La Cava WG; Hooi Will Loh H; Luo Y; Murphy SN; Yuan Hgiam K; Omenn GS; Patel LP; Jebathilagam Samayamuthu M; Shriver ER; Shakeri Hossein Abad Z; Tan BWL; Visweswaran S; Wang X; Weber GM; Xia Z; Verdy B;  ; Long Q; Mowery DL; Holmes JH,Q3_MNAR_informative,True,S2_ex_E1
36750160,Multimodal predictions of treatment outcome in major depression: A comparison of data-driven predictors with importance ratings by clinicians.,2023,J Affect Disord,10.1016/j.jad.2023.02.007,"Journal Article;Research Support, Non-U.S. Gov't",Rost N; Dwyer DB; Gaffron S; Rechberger S; Maier D; Binder EB; Brückl TM,Q1_ml_imputation_clinical,False,S1_excluded_title
36755407,Developing prediction models when there are systematically missing predictors in individual patient data meta-analysis.,2023,Res Synth Methods,10.1002/jrsm.1625,Journal Article,Seo M; Furukawa TA; Karyotaki E; Efthimiou O,Q2_MI_prediction_models,True,included
36760754,The Generalized Method of Wavelet Moments with eXogenous inputs: a fast approach for the analysis of GNSS position time series.,2023,J Geod,10.1029/97JB01380,Journal Article,Cucci DA; Voirol L; Kermarrec G; Montillet JP; Guerrier S,Q4_missing_indicator_deployment,False,S1_excluded_title
36774234,"Lung Immune Therapy Evaluation (LITE) Risk, a Novel Prognostic Model for Patients With Advanced Non-Small Cell Lung Cancer Treated With Immune Checkpoint Blockade.",2023,Clin Lung Cancer,10.1016/j.cllc.2022.12.014,Observational Study;Journal Article,Navani V; Meyers DE; Ruan Y; Boyne DJ; O'Sullivan DE; Dolter S; Grosjean HA; Stukalin I; Heng DYC; Morris DG; Brenner DR; Sangha R; Cheung WY; Pabani A,Q2_MI_prediction_models,False,S1_excluded_title
36774888,BiT-MAC: Mortality prediction by bidirectional time and multi-feature attention coupled network on multivariate irregular time series.,2023,Comput Biol Med,10.1016/j.compbiomed.2023.106586,"Journal Article;Research Support, Non-U.S. Gov't",Wang Q; Chen G; Jin X; Ren S; Wang G; Cao L; Xia Y,Q1_ml_imputation_clinical,False,S1_excluded_title
36776825,Using Machine Learning to Develop Smart Reflex Testing Protocols.,2023,ArXiv,10.1016/j.jbi.2013.12.005,Preprint;Journal Article,McDermott M; Dighe A; Szolovits P; Luo Y; Baron J,Q1_ml_imputation_clinical;Q3_MNAR_informative,False,S1_excluded_title
36791873,Current state and completeness of reporting clinical prediction models using machine learning in systemic lupus erythematosus: A systematic review.,2023,Autoimmun Rev,10.1016/j.autrev.2023.103294,Systematic Review;Journal Article,Munguía-Realpozo P; Etchegaray-Morales I; Mendoza-Pinto C; Méndez-Martínez S; Osorio-Peña ÁD; Ayón-Aguilar J; García-Carrasco M,Q1_ml_imputation_clinical;Q5_reporting_guidance,False,S1_excluded_title
36796129,Prognostic model on niche development after a first caesarean section: development and internal validation.,2023,Eur J Obstet Gynecol Reprod Biol,10.1016/j.ejogrb.2023.01.014,Randomized Controlled Trial;Journal Article,Stegwee SI; van der Voet LFL; Heymans MW; Kapiteijn K; van Laar JOEH; van Baal WMM; de Groot CJM; Huirne JAF;  ,Q2_MI_prediction_models,False,S1_excluded_title
36805926,Electronic health record-based prediction models for in-hospital adverse drug event diagnosis or prognosis: a systematic review.,2023,J Am Med Inform Assoc,10.1093/jamia/ocad014,"Journal Article;Research Support, Non-U.S. Gov't;Systematic Review",Yasrebi-de Kom IAR; Dongelmans DA; de Keizer NF; Jager KJ; Schut MC; Abu-Hanna A; Klopotowska JE,Q1_ml_imputation_clinical,False,S1_excluded_title
36812268,Predicting mortality after start of long-term dialysis-International validation of one- and two-year prediction models.,2023,PLoS One,10.1007/s12630-009-9041-x,"Journal Article;Research Support, Non-U.S. Gov't",Haapio M; van Diepen M; Steenkamp R; Helve J; Dekker FW; Caskey F; Finne P,Q2_MI_prediction_models,False,S1_excluded_title
36821108,Risk Prediction Models for Cardiotoxicity of Chemotherapy Among Patients With Breast Cancer: A Systematic Review.,2023,JAMA Netw Open,10.1016/j.jclinepi.2004.06.017,Systematic Review;Journal Article,Kaboré EG; Macdonald C; Kaboré A; Didier R; Arveux P; Meda N; Boutron-Ruault MC; Guenancia C,Q5_reporting_guidance,False,S1_excluded_title
36823165,Predictive models in emergency medicine and their missing data strategies: a systematic review.,2023,NPJ Digit Med,10.7326/M18-1376,Journal Article;Review,Arnaud E; Elbattah M; Ammirati C; Dequen G; Ghazali DA,Q5_reporting_guidance,True,included
36840867,Prognostic models in COVID-19 infection that predict severity: a systematic review.,2023,Eur J Epidemiol,10.1097/CCM.0000000000005534,Systematic Review;Journal Article,Buttia C; Llanaj E; Raeisi-Dehkordi H; Kastrati L; Amiri M; Meçani R; Taneri PE; Ochoa SAG; Raguindin PF; Wehrli F; Khatami F; Espínola OP; Rojas LZ; de Mortanges AP; Macharia-Nimietz EF; Alijla F; Minder B; Leichtle AB; Lüthi N; Ehrhard S; Que YA; Fernandes LK; Hautz W; Muka T,Q5_reporting_guidance,False,S1_excluded_title
36870114,"Unsupervised Machine Learning with Cluster Analysis in Patients Discharged after an Acute Coronary Syndrome: Insights from a 23,270-Patient Study.",2023,Am J Cardiol,10.1016/j.amjcard.2023.01.048,Multicenter Study;Journal Article,Mohammadi T; D'Ascenzo F; Pepe M; Bonsignore Zanghì S; Bernardi M; Spadafora L; Frati G; Peruzzi M; De Ferrari GM; Biondi-Zoccai G,Q1_ml_imputation_clinical,False,S1_excluded_title
36876647,Associations of polygenic risk scores with posttraumatic stress symptom trajectories following combat deployment.,2023,Psychol Med,10.1038/nrdp.2015.57,"Journal Article;Research Support, Non-U.S. Gov't;Research Support, U.S. Gov't, Non-P.H.S.",Campbell-Sills L; Papini S; Norman SB; Choi KW; He F; Sun X; Kessler RC; Ursano RJ; Jain S; Stein MB,Q4_missing_indicator_deployment,False,S1_excluded_title
36876883,A synthetic data integration framework to leverage external summary-level information from heterogeneous populations.,2023,Biometrics,10.1093/biostatistics/kxab017,"Journal Article;Research Support, U.S. Gov't, Non-P.H.S.;Research Support, N.I.H., Extramural",Gu T; Taylor JMG; Mukherjee B,Q2_MI_prediction_models,False,S1_excluded_title
36894810,Clinical application of machine learning and computer vision to indocyanine green quantification for dynamic intraoperative tissue characterisation: how to do it.,2023,Surg Endosc,10.1097/DCR.0000000000000139,"Journal Article;Research Support, Non-U.S. Gov't;Observational Study",Hardy NP; MacAonghusa P; Dalli J; Gallagher G; Epperlein JP; Shields C; Mulsow J; Rogers AC; Brannigan AE; Conneely JB; Neary PM; Cahill RA,Q1_ml_imputation_clinical,False,S1_excluded_title
36897699,Which model is better in predicting the survival of laryngeal squamous cell carcinoma?: Comparison of the random survival forest based on machine learning algorithms to Cox regression: analyses based on SEER database.,2023,Medicine (Baltimore),10.1097/MD.0000000000033144,Journal Article,Sun H; Wu S; Li S; Jiang X,Q1_ml_imputation_clinical,False,S1_excluded_title
36910097,"Prolonged air leak after video-assisted thoracic anatomical pulmonary resections: a clinical predicting model based on data from the Italian VATS group registry, a machine learning approach.",2023,J Thorac Dis,10.1053/j.semtcvs.2020.10.022,Journal Article,Divisi D; Pipitone M; Perkmann R; Bertolaccini L; Curcio C; Baldinelli F; Crisci R; Zaraca F;  ,Q1_ml_imputation_clinical,False,S1_excluded_title
36913411,Development of a machine learning model for early prediction of plasma leakage in suspected dengue patients.,2023,PLoS Negl Trop Dis,10.4269/ajtmh.2007.77.1128,"Journal Article;Research Support, Non-U.S. Gov't",Zargari Marandi R; Leung P; Sigera C; Murray DD; Weeratunga P; Fernando D; Rodrigo C; Rajapakse S; MacPherson CR,Q1_ml_imputation_clinical,False,S1_excluded_title
36928508,Identifying the mechanism of missingness for unspecified diabetic retinopathy disease severity in the electronic health record: an IRIS® Registry analysis.,2023,J Am Med Inform Assoc,10.1093/jamia/ocad037,Journal Article,Hatfield M; Nguyen TH; Chapman R; Myrick AC; Leng T; Mbagwu M; Baxi S; Torres AZ; Borkar DS,Q3_MNAR_informative,True,included
36928534,Machine learning models trained on synthetic datasets of multiple sample sizes for the use of predicting blood pressure from clinical data in a national dataset.,2023,PLoS One,10.1167/tvst.10.2.13,Journal Article,Arora A; Arora A,Q1_ml_imputation_clinical,False,S1_excluded_title
36929081,Statistics and Machine Learning in Mass Spectrometry-Based Metabolomics Analysis.,2023,Methods Mol Biol,10.1097/FPC.0000000000000326,Journal Article,Fan S; Wilson CM; Fridley BL; Li Q,Q1_ml_imputation_clinical,False,S1_excluded_title
36934895,Outcome prediction models incorporating clinical variables for Head and Neck Squamous cell Carcinoma: A systematic review of methodological conduct and risk of bias.,2023,Radiother Oncol,10.1016/j.radonc.2023.109629,Journal Article;Systematic Review,Aly F; Hansen CR; Al Mouiee D; Sundaresan P; Haidar A; Vinod S; Holloway L,Q5_reporting_guidance,False,S1_excluded_title
36937408,The implementation of NILS: A web-based artificial neural network decision support tool for noninvasive lymph node staging in breast cancer.,2023,Front Oncol,10.21203/rs.3.rs-1475276/v1,Journal Article,Dihge L; Bendahl PO; Skarping I; Hjärtström M; Ohlsson M; Rydén L,Q1_ml_imputation_clinical,False,S1_excluded_title
36942348,[Progress in research of risk prediction model for chronic kidney disease].,2023,Zhonghua Liu Xing Bing Xue Za Zhi,10.3760/cma.j.cn112338-20220908-00771,English Abstract;Journal Article,Zeng ZQ; Yang SC; Yu CQ; Zhang LX; Lyu J; Li LM,Q1_ml_imputation_clinical,False,S1_excluded_title
36968232,On the Choice of Longitudinal Models for the Analysis of Antitumor Efficacy in Mouse Clinical Trials of Patient-derived Xenograft Models.,2023,Cancer Res Commun,10.1158/2767-9764.CRC-22-0238,"Randomized Controlled Trial;Journal Article;Research Support, Non-U.S. Gov't",Savel H; Barbier S; Proust-Lima C; Rondeau V; Thiébaut R; Meyer-Losic F; Richert L,Q3_MNAR_informative,False,S1_excluded_title
36980481,Prediction of Perforated and Nonperforated Acute Appendicitis Using Machine Learning-Based Explainable Artificial Intelligence.,2023,Diagnostics (Basel),10.1016/j.surg.2020.06.049,Journal Article,Akbulut S; Yagin FH; Cicek IB; Koc C; Colak C; Yilmaz S,Q1_ml_imputation_clinical,False,S1_excluded_title
36994719,Machine learning algorithm improves the detection of NASH (NAS-based) and at-risk NASH: A development and validation study.,2023,Hepatology,10.1016/S2468-1253(23)00017-1,"Journal Article;Research Support, Non-U.S. Gov't",Lee J; Westphal M; Vali Y; Boursier J; Petta S; Ostroff R; Alexander L; Chen Y; Fournier C; Geier A; Francque S; Wonders K; Tiniakos D; Bedossa P; Allison M; Papatheodoridis G; Cortez-Pinto H; Pais R; Dufour JF; Leeming DJ; Harrison S; Cobbold J; Holleboom AG; Yki-Järvinen H; Crespo J; Ekstedt M; Aithal GP; Bugianesi E; Romero-Gomez M; Torstenson R; Karsdal M; Yunis C; Schattenberg JM; Schuppan D; Ratziu V; Brass C; Duffin K; Zwinderman K; Pavlides M; Anstee QM; Bossuyt PM;  ,Q1_ml_imputation_clinical,False,S1_excluded_title
36997162,A multiple imputation-based sensitivity analysis approach for regression analysis with a missing not at random covariate.,2023,Stat Med,10.1186/1471-2288-14-11,"Journal Article;Research Support, N.I.H., Extramural",Hsu CH; He Y; Hu C; Zhou W,Q3_MNAR_informative,True,included
36998990,Intelligent assistant diagnosis for pediatric inguinal hernia based on a multilayer and unbalanced classification model.,2023,Front Physiol,10.1007/s11604-020-01037-w,Journal Article,Liu ZW; Chen G; Dong CF; Qiu WR; Zhang SH,Q1_ml_imputation_clinical,False,S1_excluded_title
37015978,"Explanatory predictive model for COVID-19 severity risk employing machine learning, shapley addition, and LIME.",2023,Sci Rep,10.1074/jbc.M008289200,Journal Article,Laatifi M; Douzi S; Ezzine H; Asry CE; Naya A; Bouklouze A; Zaid Y; Naciri M,Q1_ml_imputation_clinical,False,S1_excluded_title
37016893,Dynamic Prediction of Patient Outcomes in the Intensive Care Unit: A Scoping Review of the State-of-the-Art.,2023,J Intensive Care Med,10.1197/j.aem.2006.11.037,Journal Article;Scoping Review,Lapp L; Roper M; Kavanagh K; Bouamrane MM; Schraag S,Q1_ml_imputation_clinical,False,S1_excluded_title
37022953,Weakening of the cognition and height association from 1957 to 2018: Findings from four British birth cohort studies.,2023,Elife,10.1016/S0140-6736(07)60076-2,"Journal Article;Research Support, Non-U.S. Gov't",Bann D; Wright L; Davies NM; Moulton V,Q3_MNAR_informative,False,S1_excluded_title
37030684,One Model to Synthesize Them All: Multi-Contrast Multi-Scale Transformer for Missing Data Imputation.,2023,IEEE Trans Med Imaging,10.1109/TMI.2023.3261707,"Journal Article;Research Support, N.I.H., Extramural",Liu J; Pasumarthi S; Duffy B; Gong E; Datta K; Zaharchuk G,Q1_ml_imputation_clinical,True,S2_ex_E1
37034352,Data processing pipeline for cardiogenic shock prediction using machine learning.,2023,Front Cardiovasc Med,10.1007/s10916-019-1279-4,Journal Article,Jajcay N; Bezak B; Segev A; Matetzky S; Jankova J; Spartalis M; El Tahlawi M; Guerra F; Friebel J; Thevathasan T; Berta I; Pölzl L; Nägele F; Pogran E; Cader FA; Jarakovic M; Gollmann-Tepeköylü C; Kollarova M; Petrikova K; Tica O; Krychtiuk KA; Tavazzi G; Skurk C; Huber K; Böhm A,Q2_MI_prediction_models,False,S1_excluded_title
37037366,Development of a Prediction Model for Cranioplasty Implant Survival Following Craniectomy.,2023,World Neurosurg,10.1016/j.wneu.2023.04.008,Journal Article,Klieverik VM; Robe PA; Muradin MSM; Woerdeman PA,Q2_MI_prediction_models,False,S1_excluded_title
37038881,Prediction of Postoperative Lung Function in Lung Cancer Patients Using Machine Learning Models.,2023,Tuberc Respir Dis (Seoul),10.4046/trd.2022.0048,Journal Article,Kwon OB; Han S; Lee HY; Kang HS; Kim SK; Kim JS; Park CK; Lee SH; Kim SJ; Kim JW; Yeo CD,Q1_ml_imputation_clinical,False,S1_excluded_title
37053151,Extracting relevant predictive variables for COVID-19 severity prognosis: An exhaustive comparison of feature selection techniques.,2023,PLoS One,10.1002/rmv.2141,"Journal Article;Research Support, Non-U.S. Gov't",Hayet-Otero M; García-García F; Lee DJ; Martínez-Minaya J; España Yandiola PP; Urrutia Landa I; Nieves Ermecheo M; Quintana JM; Menéndez R; Torres A; Zalacain Jorge R; Arostegui I;  ,Q1_ml_imputation_clinical,False,S1_excluded_title
37057112,Development and validation of a deep transfer learning-based multivariable survival model to predict overall survival in lung cancer.,2023,Transl Lung Cancer Res,10.1056/NEJMra1814259,Journal Article,Zhu F; Zhong R; Li F; Li C; Din N; Sweidan H; Potluri LB; Xiong S; Li J; Cheng B; Chen Z; He J; Liang W; Pan Z,Q1_ml_imputation_clinical,False,S1_excluded_title
37069963,Clinical Analysis and Prognostic Prediction Model for Patients with Uterine Leiomyosarcoma at FIGO Stage I.,2023,Int J Womens Health,10.3802/jgo.2017.28.e46,Journal Article,Chen S; Deng Y; Zhai Y; Zhan Y; Li X; Wang J; Bai H,Q2_MI_prediction_models,False,S1_excluded_title
37073772,Accelerated submillimeter wave-encoded magnetic resonance imaging via deep untrained neural network.,2023,Med Phys,10.1002/mp.16425,Journal Article,Liu C; Cui ZX; Jia S; Cheng J; Cao C; Guo Y; Zhu Y; Liang D; Wang H,Q1_ml_imputation_clinical,False,S1_excluded_title
37084958,Predictive models for predicting the risk of maternal postpartum depression: A systematic review and evaluation.,2023,J Affect Disord,10.1016/j.jad.2023.04.026,"Journal Article;Research Support, Non-U.S. Gov't;Systematic Review",Qi W; Wang Y; Li C; He K; Wang Y; Huang S; Li C; Guo Q; Hu J,Q5_reporting_guidance,False,S1_excluded_title
37094089,Machine Learning to Dynamically Predict In-Hospital Venous Thromboembolism After Inguinal Hernia Surgery: Results From the CHAT-1 Study.,2023,Clin Appl Thromb Hemost,10.1177/10760296231171082,Journal Article,Yan YD; Yu Z; Ding LP; Zhou M; Zhang C; Pan MM; Zhang JY; Wang ZY; Gao F; Li HY; Zhang GY; Lin HW; Wang MG; Gu ZC,Q1_ml_imputation_clinical,False,S1_excluded_title
37099704,DeepMicroGen: a generative adversarial network-based method for longitudinal microbiome data imputation.,2023,Bioinformatics,10.1007/978-3-030-32251-9_19,"Journal Article;Research Support, N.I.H., Extramural;Research Support, U.S. Gov't, Non-P.H.S.",Choi JM; Ji M; Watson LT; Zhang L,Q1_ml_imputation_clinical,True,S2_ex_E4
37100858,AI-assisted prediction of differential response to antidepressant classes using electronic health records.,2023,NPJ Digit Med,10.1111/j.1467-9868.2005.00503.x,Journal Article,Sheu YH; Magdamo C; Miller M; Das S; Blacker D; Smoller JW,Q1_ml_imputation_clinical,False,S1_excluded_title
37105540,Imputation and missing indicators for handling missing data in the development and deployment of clinical prediction models: A simulation study.,2023,Stat Methods Med Res,10.48550/ARXIV.2211.01061,"Journal Article;Research Support, Non-U.S. Gov't",Sisk R; Sperrin M; Peek N; van Smeden M; Martin GP,Q2_MI_prediction_models;Q3_MNAR_informative;Q4_missing_indicator_deployment,True,included
37155612,Inverse Probability of Treatment Weighting and Confounder Missingness in Electronic Health Record-based Analyses: A Comparison of Approaches Using Plasmode Simulation.,2023,Epidemiology,10.1097/EDE.0000000000001618,Comparative Study;Journal Article,Vader DT; Mamtani R; Li Y; Griffith SD; Calip GS; Hubbard RA,Q3_MNAR_informative,True,included
37158137,Longitudinal self-learning of individualized treatment rules in a nutrient supplementation trial with missing data.,2023,Stat Med,10.1002/sim.9766,Randomized Controlled Trial;Journal Article,Zhou Y; Song PXK,Q1_ml_imputation_clinical,True,included
37179744,Neural networks based on attention architecture are robust to data missingness for early predicting hospital mortality in intensive care unit patients.,2023,Digit Health,10.1177/20552076231171482,Journal Article,Zeng Z; Liu Y; Yao S; Liu J; Xiao B; Liu C; Gong X,Q1_ml_imputation_clinical;Q2_MI_prediction_models;Q4_missing_indicator_deployment,True,included
37182360,Vaginal birth after cesarean section prediction model for Jordanian population.,2023,Comput Biol Chem,10.1016/j.compbiolchem.2023.107877,Journal Article,Awawdeh S; Rawashdeh H; Aljalodi H; Shamleh RA; Alshorman S,Q1_ml_imputation_clinical,False,S1_excluded_title
37203654,DeepTSE: A Time-Sensitive Deep Embedding of ICU Data for Patient Modeling and Missing Data Imputation.,2023,Stud Health Technol Inform,10.3233/SHTI230110,Journal Article,Fujarski M; Porschen C; Plagwitz L; Stroth D; Van Alen CM; Sadjadi M; Weiss R; Zarbock A; Von Groote T; Varghese J,Q1_ml_imputation_clinical,True,S2_ex_E1
37225066,A self-supervised learning-based approach to clustering multivariate time-series data with missing values (SLAC-Time): An application to TBI phenotyping.,2023,J Biomed Inform,10.1007/S12028-014-0042-4,"Journal Article;Research Support, U.S. Gov't, Non-P.H.S.;Research Support, N.I.H., Extramural",Ghaderi H; Foreman B; Nayebi A; Tipirneni S; Reddy CK; Subbian V,Q1_ml_imputation_clinical,True,included
37253479,Risk stratified monitoring for methotrexate toxicity in immune mediated inflammatory diseases: prognostic model development and validation using primary care data from the UK.,2023,BMJ,10.1093/rheumatology/key208,Journal Article,Nakafero G; Grainge MJ; Williams HC; Card T; Taal MW; Aithal GP; Fox CP; Mallen CD; van der Windt DA; Stevenson MD; Riley RD; Abhishek A,Q2_MI_prediction_models,False,S1_excluded_title
37266925,Prediction models in prehospital and emergency medicine research: How to derive and internally validate a clinical prediction model.,2023,Acad Emerg Med,10.1111/acem.14756,Journal Article,Buick JE; Austin PC; Cheskes S; Ko DT; Atzema CL,Q5_reporting_guidance,False,S1_excluded_title
37272059,Optimized feature fusion-based modified cascaded kernel extreme learning machine for heart disease prediction in E-healthcare.,2024,Comput Methods Biomech Biomed Engin,10.1080/10255842.2023.2218520,Journal Article,Kumar S; Gola KK; Jee N; Singh BM,Q1_ml_imputation_clinical,False,S1_excluded_title
37272826,[How to deal with missing data? Multiple imputation by chained equations: recommendations and explanations for clinical practice].,2023,Nephrol Ther,10.1684/ndt.2023.24,Journal Article,Legendre B; Cerasuolo D; Dejardin O; Boyer A,Q3_MNAR_informative,True,included
37283325,Machine learning predictive models in neurosurgery: an appraisal based on the TRIPOD guidelines. Systematic review.,2023,Neurosurg Focus,10.3171/2023.3.FOCUS2386,Systematic Review;Journal Article,Warman A; Kalluri AL; Azad TD,Q1_ml_imputation_clinical;Q5_reporting_guidance,False,S1_excluded_title
37285863,A unified hybrid transformer for joint MRI sequences super-resolution and missing data imputation.,2023,Phys Med Biol,10.1088/1361-6560/acdc80,"Journal Article;Research Support, Non-U.S. Gov't",Wang Y; Hu H; Yu S; Yang Y; Guo Y; Song X; Chen F; Liu Q,Q1_ml_imputation_clinical,True,included
37296054,A Transparent Reporting of a multivariable prediction model for Individual Prognosis Or Diagnosis analysis to evaluate the quality of reporting of postoperative pancreatic fistula prediction models after pancreatoduodenectomy: A systematic review.,2023,Surgery,10.1016/j.surg.2023.04.058,Systematic Review;Journal Article,Alhulaili ZM; Linnemann RJ; Dascau L; Pleijhuis RG; Klaase JM,Q5_reporting_guidance,False,S1_excluded_title
37303120,Methods for comparative effectiveness based on time to confirmed disability progression with irregular observations in multiple sclerosis.,2023,Stat Methods Med Res,10.1002/cpt.2560,Journal Article,Debray TP; Simoneau G; Copetti M; Platt RW; Shen C; Pellegrini F; de Moor C,Q3_MNAR_informative,False,S1_excluded_title
37305756,Accounting for uncertainty in training data to improve machine learning performance in predicting new disease activity in early multiple sclerosis.,2023,Front Neurol,10.1097/MD.0000000000003208,Journal Article,Tayyab M; Metz LM; Li DKB; Kolind S; Carruthers R; Traboulsee A; Tam RC,Q1_ml_imputation_clinical,False,S1_excluded_title
37306511,Use of machine learning to predict bladder cancer survival outcomes: a systematic literature review.,2023,Expert Rev Pharmacoecon Outcomes Res,10.1080/14737167.2023.2224963,Systematic Review;Journal Article,Liu YS; Thaliffdeen R; Han S; Park C,Q1_ml_imputation_clinical;Q4_missing_indicator_deployment,False,S1_excluded_title
37306629,Does the Presence of Missing Data Affect the Performance of the SORG Machine-learning Algorithm for Patients With Spinal Metastasis? Development of an Internet Application Algorithm.,2024,Clin Orthop Relat Res,10.1097/CORR.0000000000002706,"Journal Article;Multicenter Study;Research Support, Non-U.S. Gov't",Huang CC; Peng KP; Hsieh HC; Groot OQ; Yen HK; Tsai CC; Karhade AV; Lin YP; Kao YT; Yang JJ; Dai SH; Huang CC; Chen CW; Yen MH; Xiao FR; Lin WH; Verlaan JJ; Schwab JH; Hsu FM; Wong T; Yang RS; Yang SH; Hu MH,Q1_ml_imputation_clinical;Q4_missing_indicator_deployment,True,included
37316097,Handling missing values in healthcare data: A systematic review of deep learning-based imputation techniques.,2023,Artif Intell Med,10.1016/j.artmed.2023.102587,Systematic Review;Journal Article,Liu M; Li S; Yuan H; Ong MEH; Ning Y; Xie F; Saffari SE; Shang Y; Volovici V; Chakraborty B; Liu N,Q1_ml_imputation_clinical,True,included
37322818,A systematic approach towards missing lab data in electronic health records: A case study in non-small cell lung cancer and multiple myeloma.,2023,CPT Pharmacometrics Syst Pharmacol,10.1002/psp4.12998,"Journal Article;Research Support, Non-U.S. Gov't",Sondhi A; Weberpals J; Yerram P; Jiang C; Taylor M; Samant M; Cherng S,Q3_MNAR_informative,True,included
37332021,Baseline Body Surface Area and Itch Severity Define Response to Baricitinib in Patients with Moderate-to-Severe Atopic Dermatitis at Week 16.,2023,Adv Ther,10.1080/09546634.2022.2161812,"Journal Article;Research Support, Non-U.S. Gov't",Thyssen JP; de Bruin-Weller M; Costanzo A; Grond S; Schuster C; Liu C; Rueda MJ; Chen YF; Pinter A; Bieber T,Q1_ml_imputation_clinical,False,S1_excluded_title
37338987,Comparison of Imputation Strategies for Incomplete Longitudinal Data in Life-Course Epidemiology.,2023,Am J Epidemiol,10.1093/aje/kwad139,"Journal Article;Research Support, N.I.H., Extramural",Shaw C; Wu Y; Zimmerman SC; Hayes-Larson E; Belin TR; Power MC; Glymour MM; Mayeda ER,Q3_MNAR_informative,True,included
37352900,Synergy between imputed genetic pathway and clinical information for predicting recurrence in early stage non-small cell lung cancer.,2023,J Biomed Inform,10.1016/j.jbi.2023.104424,"Journal Article;Research Support, Non-U.S. Gov't",Timilsina M; Fey D; Buosi S; Janik A; Costabello L; Carcereny E; Abreu DR; Cobo M; Castro RL; Bernabé R; Minervini P; Torrente M; Provencio M; Nováček V,Q1_ml_imputation_clinical,True,S2_ex_E4
37362445,MRI-MECH: mechanics-informed MRI to estimate esophageal health.,2023,Front Physiol,10.3389/fphys.2023.1195067,Journal Article,Halder S; Johnson EM; Yamasaki J; Kahrilas PJ; Markl M; Pandolfino JE; Patankar NA,Q1_ml_imputation_clinical,False,S1_excluded_title
37380721,A moment kernel machine for clinical data mining to inform medical decision making.,2023,Sci Rep,10.5281/zenodo.4247618,"Journal Article;Research Support, N.I.H., Extramural",Yu YC; Zhang W; O'Gara D; Li JS; Chang SH,Q1_ml_imputation_clinical;Q4_missing_indicator_deployment,False,S1_excluded_title
37382153,Yield of Familial Hypercholesterolemia Genetic and Phenotypic Diagnoses After Electronic Health Record and Genomic Data Screening.,2023,J Am Heart Assoc,10.1016/j.gim.2022.05.012,"Journal Article;Research Support, N.I.H., Extramural",Gidding SS; Kirchner HL; Brangan A; Howard W; Kelly MA; Myers KD; Morgan KM; Oetjens MT; Shuey TC; Staszak D; Strande NT; Walters NL; Yu KD; Wilemon KA; Williams MS; Sturm AC; Jones LK,Q1_ml_imputation_clinical,False,S1_excluded_title
37384608,Increasing efficiency of SVMp+ for handling missing values in healthcare prediction.,2023,PLOS Digit Health,10.1161/JAHA.114.001566,Journal Article,Zhang Y; Gao Z; Wittrup E; Gryak J; Najarian K,Q1_ml_imputation_clinical,True,included
37393785,A novel missing data imputation approach based on clinical conditional Generative Adversarial Networks applied to EHR datasets.,2023,Comput Biol Med,10.1016/j.compbiomed.2023.107188,Journal Article,Bernardini M; Doinychko A; Romeo L; Frontoni E; Amini MR,Q1_ml_imputation_clinical,True,included
37394874,Covariate adjustment in randomized clinical trials with missing covariate and outcome data.,2023,Stat Med,10.1002/sim.9840,"Journal Article;Research Support, Non-U.S. Gov't;Research Support, N.I.H., Extramural",Chang CR; Song Y; Li F; Wang R,Q4_missing_indicator_deployment,True,included
37409569,"Development and validation of a real-world model to predict 1-year Level 3 (severe) hypoglycaemia risk in adults with diabetes (the iNPHORM study, United States).",2023,Diabetes Obes Metab,10.1111/dom.15186,"Journal Article;Research Support, Non-U.S. Gov't",Ratzki-Leewing AA; Black JE; Ryan BL; Zou G; Klar N; Webster-Bogaert S; Timcevska K; Harris SB,Q2_MI_prediction_models,False,S1_excluded_title
37422279,Cascaded Multi-Modal Mixing Transformers for Alzheimer's Disease Classification with Incomplete Data.,2023,Neuroimage,10.1016/j.neuroimage.2023.120267,"Journal Article;Research Support, U.S. Gov't, Non-P.H.S.;Research Support, N.I.H., Extramural;Research Support, Non-U.S. Gov't",Liu L; Liu S; Zhang L; To XV; Nasrallah F; Chandra SS,Q1_ml_imputation_clinical,True,included
37423201,Prediction models for perineal lacerations during childbirth: A systematic review and critical appraisal.,2023,Int J Nurs Stud,10.1016/j.ijnurstu.2023.104546,Journal Article;Systematic Review,Hu Y; Lu H; Ren L; Yang M; Shen M; Huang J; Huang Q; Fu L,Q5_reporting_guidance,False,S1_excluded_title
37423314,Predicting Risk of Cardiac Arrest in Young Asian Americans: Insights from an Artificial Neural Network Analysis of the Nationwide Cohort.,2023,Curr Probl Cardiol,10.1016/j.cpcardiol.2023.101939,Journal Article;Review,Desai R; Mohammed AS; Gurram P; Srikanth S; Vyas A; Katukuri N; Sanku K; Paul TK; Kumar G; Sachdeva R,Q1_ml_imputation_clinical,False,S1_excluded_title
37425442,Machine learning using institution-specific multi-modal electronic health records improves mortality risk prediction for cardiac surgery patients.,2023,JTCVS Open,10.1016/j.xjon.2023.03.010,Journal Article,Weiss AJ; Yadaw AS; Meretzky DL; Levin MA; Adams DH; McCardle K; Pandey G; Iyengar R,Q1_ml_imputation_clinical,False,S1_excluded_title
37428304,Covid-19 triage in the emergency department 2.0: how analytics and AI transform a human-made algorithm for the prediction of clinical pathways.,2023,Health Care Manag Sci,10.1016/j.cell.2020.04.045,Multicenter Study;Journal Article,Bartenschlager CC; Grieger M; Erber J; Neidel T; Borgmann S; Vehreschild JJ; Steinbrecher M; Rieg S; Stecher M; Dhillon C; Ruethrich MM; Jakob CEM; Hower M; Heller AR; Vehreschild M; Wyen C; Messmann H; Piepel C; Brunner JO; Hanses F; Römmele C;  ,Q1_ml_imputation_clinical,False,S1_excluded_title
37429126,Improving performance of human action intent recognition: Analysis of gait recognition machine learning algorithms and optimal combination with inertial measurement units.,2023,Comput Biol Med,10.1016/j.compbiomed.2023.107192,"Journal Article;Research Support, Non-U.S. Gov't",Liu Y; Liu X; Wang Z; Yang X; Wang X,Q4_missing_indicator_deployment,False,S1_excluded_title
37429511,Deep imputation of missing values in time series health data: A review with benchmarking.,2023,J Biomed Inform,10.1016/j.eswa.2021.115945,"Journal Article;Review;Research Support, N.I.H., Extramural",Kazijevs M; Samad MD,Q1_ml_imputation_clinical,True,included
37441488,Obesity Weight Loss Phenotypes in CKD: Findings From the Chronic Renal Insufficiency Cohort Study.,2023,Kidney Int Rep,10.1093/ndt/gfab164,Journal Article,Harhay MN; Kim Y; Milliron BJ; Robinson LF;  ,Q3_MNAR_informative,False,S1_excluded_title
37445332,Neural Network Approach to Investigating the Importance of Test Items for Predicting Physical Activity in Chronic Obstructive Pulmonary Disease.,2023,J Clin Med,10.1186/s12890-022-01907-1,Journal Article,Nakahara Y; Mabu S; Hirano T; Murata Y; Doi K; Fukatsu-Chikumoto A; Matsunaga K,Q1_ml_imputation_clinical,False,S1_excluded_title
37452732,Diagnostic management of acute pulmonary embolism: a prediction model based on a patient data meta-analysis.,2023,Eur Heart J,10.1001/jamacardio.2021.0064,"Meta-Analysis;Journal Article;Research Support, Non-U.S. Gov't",van Es N; Takada T; Kraaijpoel N; Klok FA; Stals MAM; Büller HR; Courtney DM; Freund Y; Galipienzo J; Le Gal G; Ghanima W; Huisman MV; Kline JA; Moons KGM; Parpia S; Perrier A; Righini M; Robert-Ebadi H; Roy PM; Wells PS; de Wit K; van Smeden M; Geersing GJ,Q2_MI_prediction_models,False,S1_excluded_title
37453367,"From free-text electronic health records to structured cohorts: Onconum, an innovative methodology for real-world data mining in breast cancer.",2023,Comput Methods Programs Biomed,10.1016/j.cmpb.2023.107693,Journal Article,Simoulin A; Thiebaut N; Neuberger K; Ibnouhsein I; Brunel N; Viné R; Bousquet N; Latapy J; Reix N; Molière S; Lodi M; Mathelin C,Q1_ml_imputation_clinical,False,S1_excluded_title
37454702,Disease progression modelling of Alzheimer's disease using probabilistic principal components analysis.,2023,Neuroimage,10.1016/j.neuroimage.2023.120279,"Journal Article;Research Support, N.I.H., Extramural;Research Support, Non-U.S. Gov't;Research Support, U.S. Gov't, Non-P.H.S.",Saint-Jalmes M; Fedyashov V; Beck D; Baldwin T; Faux NG; Bourgeat P; Fripp J; Masters CL; Goudey B;  ,Q1_ml_imputation_clinical,False,S1_excluded_title
37456748,Development and economic assessment of machine learning models to predict glycosylated hemoglobin in type 2 diabetes.,2023,Front Pharmacol,10.1161/JAHA.122.026987,Journal Article,Tong YT; Gao GJ; Chang H; Wu XW; Li MT,Q1_ml_imputation_clinical,False,S1_excluded_title
37471126,Effective Prediction of Mortality by Heart Disease Among Women in Jordan Using the Chi-Squared Automatic Interaction Detection Model: Retrospective Validation Study.,2023,JMIR Cardio,10.1161/jaha.117.007621,Journal Article,Bani Hani S; Ahmad M,Q1_ml_imputation_clinical,False,S1_excluded_title
37473426,"A Machine Learning Model for the Routine Detection of ""Wrong Blood in Complete Blood Count Tube"" Errors.",2023,Clin Chem,10.1093/clinchem/hvad100,Journal Article,Farrell CJ; Makuni C; Keenan A; Maeder E; Davies G; Giannoutsos J,Q1_ml_imputation_clinical,False,S1_excluded_title
37484048,Parameters of EMA Compliance and Self-Reported Reactivity in a Longitudinal Study of Young Adult Cannabis and Tobacco Co-Users.,2023,Cannabis,10.1007/s10935-018-0503-1,Journal Article,Niznik T; Ehlke SJ; Mermelstein R; Vandrey R; Hedeker D; Villanti AC; Cohn AM,Q4_missing_indicator_deployment,False,S1_excluded_title
37488709,A self-censoring model for multivariate nonignorable nonmonotone missing data.,2023,Biometrics,10.1111/biom.13916,"Journal Article;Research Support, Non-U.S. Gov't;Research Support, N.I.H., Extramural",Li Y; Miao W; Shpitser I; Tchetgen Tchetgen EJ,Q4_missing_indicator_deployment,True,S2_ex_E2
37494080,Comparing Explainable Machine Learning Approaches With Traditional Statistical Methods for Evaluating Stroke Risk Models: Retrospective Cohort Study.,2023,JMIR Cardio,10.1161/STR.0000000000000375,Journal Article,Lolak S; Attia J; McKay GJ; Thakkinstian A,Q2_MI_prediction_models,False,S1_excluded_title
37507314,Could machine learning algorithms help us predict massive bleeding at prehospital level?,2023,Med Intensiva (Engl Ed),10.1016/j.medine.2023.07.007,Journal Article,Valiente Fernández M; García Fuentes C; Delgado Moya FP; Marcos Morales A; Fernández Hervás H; Barea Mendoza JA; Mudarra Reche C; Bermejo Aznárez S; Muñoz Calahorro R; López García L; Monforte Escobar F; Chico Fernández M,Q1_ml_imputation_clinical,False,S1_excluded_title
37514736,Empowering Patient Similarity Networks through Innovative Data-Quality-Aware Federated Profiling.,2023,Sensors (Basel),10.3109/14767050009053454,Journal Article,Navaz AN; Serhani MA; El Kassabi HT; Taleb I,Q1_ml_imputation_clinical,False,S1_excluded_title
37525240,A novel explainable online calculator for contrast-induced AKI in diabetics: a multi-centre validation and prospective evaluation study.,2023,J Transl Med,10.1016/j.jcin.2015.09.026,"Multicenter Study;Journal Article;Research Support, Non-U.S. Gov't",Ma M; Wan X; Chen Y; Lu Z; Guo D; Kong H; Pan B; Zhang H; Chen D; Xu D; Sun D; Lang H; Zhou C; Li T; Cao C,Q1_ml_imputation_clinical,False,S1_excluded_title
37536503,Systematic review finds risk of bias and applicability concerns for models predicting central line-associated bloodstream infection.,2023,J Clin Epidemiol,10.1016/j.jclinepi.2023.07.019,"Journal Article;Research Support, Non-U.S. Gov't;Systematic Review",Gao S; Albu E; Tuand K; Cossey V; Rademakers F; Van Calster B; Wynants L,Q1_ml_imputation_clinical;Q5_reporting_guidance,False,S1_excluded_title
37544038,Methods for handling missing binary data in substance use disorder trials.,2023,Drug Alcohol Depend,10.1093/biomet/asm070,"Journal Article;Review;Research Support, N.I.H., Extramural",Ren B; Lipsitz SR; Weiss RD; Fitzmaurice GM,Q3_MNAR_informative,True,included
37547611,A model for predicting physical function upon discharge of hospitalized older adults in Taiwan-a machine learning approach based on both electronic health records and comprehensive geriatric assessment.,2023,Front Med (Lausanne),10.1634/theoncologist.2018-0493,Journal Article,Chu WM; Tsan YT; Chen PY; Chen CY; Hao ML; Chan WC; Chen HM; Hsu PS; Lin SY; Yang CT,Q1_ml_imputation_clinical,False,S1_excluded_title
37553314,Development and Comparative Analysis of an Early Prediction Model for Acute Kidney Injury within 72-Hours Post-ICU Admission Using Evidence from the MIMIC-III Database.,2023,Discov Med,10.24976/Discov.Med.202335177.61,"Systematic Review;Journal Article;Research Support, Non-U.S. Gov't",Luo Y; Ye W; Sun Y; Bao H; Liu H,Q1_ml_imputation_clinical,False,S1_excluded_title
37566797,Establishing a Statewide Wastewater Surveillance System in Response to the COVID-19 Pandemic: A Reliable Model for Continuous and Emerging Public Health Threats.,2023,J Public Health Manag Pract,10.1097/PHH.0000000000001797,"Journal Article;Research Support, Non-U.S. Gov't",Neyra M; Hill DT; Bennett LJ; Dunham CN; Larsen DA;  ,Q4_missing_indicator_deployment,False,S1_excluded_title
37589938,Multiorgan failure in patients after out of hospital resuscitation: a retrospective single center study.,2024,Intern Emerg Med,10.1001/jama.295.1.50,Journal Article,Hasin Y; Helviz Y; Einav S,Q4_missing_indicator_deployment,False,S1_excluded_title
37591134,Development of real-time individualized risk prediction models for contrast associated acute kidney injury and 30-day dialysis after contrast enhanced computed tomography.,2023,Eur J Radiol,10.1016/j.ejrad.2023.111034,Randomized Controlled Trial;Journal Article,Chen YY; Liu CF; Shen YT; Kuo YT; Ko CC; Chen TY; Wu TC; Shih YJ,Q1_ml_imputation_clinical;Q4_missing_indicator_deployment,False,S1_excluded_title
37597631,Predicting Incident Adenocarcinoma of the Esophagus or Gastric Cardia Using Machine Learning of Electronic Health Records.,2023,Gastroenterology,10.1053/j.gastro.2023.08.011,"Journal Article;Research Support, U.S. Gov't, Non-P.H.S.;Research Support, N.I.H., Extramural",Rubenstein JH; Fontaine S; MacDonald PW; Burns JA; Evans RR; Arasim ME; Chang JW; Firsht EM; Hawley ST; Saini SD; Wallner LP; Zhu J; Waljee AK,Q1_ml_imputation_clinical,False,S1_excluded_title
37603521,Comparing machine learning and logistic regression for acute kidney injury prediction in trauma patients: A retrospective observational study at a single tertiary medical center.,2023,Medicine (Baltimore),10.1097/MD.0000000000034847,Observational Study;Journal Article,Choi H; Lee JY; Sul Y; Kim S; Ye JB; Lee JS; Yoon S; Seok J; Han J; Choi JH; Kim HR,Q1_ml_imputation_clinical,False,S1_excluded_title
37604980,Mining the contribution of intensive care clinical course to outcome after traumatic brain injury.,2023,NPJ Digit Med,10.1002/bimj.201200026,Journal Article,Bhattacharyay S; Caruso PF; Åkerlund C; Wilson L; Stevens RD; Menon DK; Steyerberg EW; Nelson DW; Ercole A;  ,Q1_ml_imputation_clinical,False,S1_excluded_title
37622839,"A Machine Learning-Based Model to Predict In-Hospital Mortality of Lung Cancer Patients: A Population-Based Study of 523,959 Cases.",2023,Adv Respir Med,10.3748/wjg.v27.i32.5306,Randomized Controlled Trial;Journal Article,Tran QNN; Le MK; Kondo T; Moriguchi T,Q1_ml_imputation_clinical,False,S1_excluded_title
37625260,Predicting lung cancer survival based on clinical data using machine learning: A review.,2023,Comput Biol Med,10.1016/j.compbiomed.2023.107338,Systematic Review;Journal Article,Altuhaifa FA; Win KT; Su G,Q1_ml_imputation_clinical;Q5_reporting_guidance,False,S1_excluded_title
37626502,The Genetic Basis of Probable REM Sleep Behavior Disorder in Parkinson's Disease.,2023,Brain Sci,10.11613/BM.2014.003,Journal Article,Perez-Lloret S; Chevalier G; Bordet S; Barbar H; Capani F; Udovin L; Otero-Losada M,Q1_ml_imputation_clinical,False,S1_excluded_title
37634862,Comparison of four clinical risk scores in comatose patients after out-of-hospital cardiac arrest.,2023,Resuscitation,10.1016/j.resuscitation.2023.109949,"Journal Article;Research Support, Non-U.S. Gov't",Schmidbauer S; Rylander C; Cariou A; Wise MP; Thomas M; Keeble TR; Erlinge D; Haenggi M; Wendel-Garcia PD; Bělohlávek J; Grejs AM; Nielsen N; Friberg H; Dankiewicz J,Q2_MI_prediction_models,False,S1_excluded_title
37647237,Multiple imputation for non-monotone missing not at random data using the no self-censoring model.,2023,Stat Methods Med Res,10.1177/09622802231188520,"Journal Article;Research Support, N.I.H., Extramural",Ren B; Lipsitz SR; Weiss RD; Fitzmaurice GM,Q3_MNAR_informative;Q4_missing_indicator_deployment,True,included
37647308,Paying attention to cardiac surgical risk: An interpretable machine learning approach using an uncertainty-aware attentive neural network.,2023,PLoS One,10.1186/1471-2482-2-8,"Journal Article;Research Support, Non-U.S. Gov't",Penny-Dimri JC; Bergmeir C; Reid CM; Williams-Spence J; Cochrane AD; Smith JA,Q1_ml_imputation_clinical,False,S1_excluded_title
37648995,Updating mortality risk estimation in intensive care units from high-dimensional electronic health records with incomplete data.,2023,BMC Med Inform Decis Mak,10.1038/s41746-019-0155-4,Journal Article,Bouvarel B; Carrat F; Lapidus N,Q1_ml_imputation_clinical,True,included
37650647,Development and Validation of a Claims-Based Model to Predict Categories of Obesity.,2024,Am J Epidemiol,10.1093/aje/kwad178,"Journal Article;Research Support, N.I.H., Extramural",Suissa K; Wyss R; Lu Z; Bessette LG; York C; Tsacogianis TN; Lin KJ,Q1_ml_imputation_clinical,False,S1_excluded_title
37657203,MVIRA: A model based on Missing Value Imputation and Reliability Assessment for mortality risk prediction.,2023,Int J Med Inform,10.1016/j.ijmedinf.2023.105191,"Journal Article;Research Support, Non-U.S. Gov't",Li B; Jin Y; Yu X; Song L; Zhang J; Sun H; Liu H; Shi Y; Kong F,Q1_ml_imputation_clinical,True,included
37658294,AUD-DSS: a decision support system for early detection of patients with alcohol use disorder.,2023,BMC Bioinformatics,10.1186/s12916-014-0241-z,Journal Article,Ebrahimi A; Wiil UK; Baskaran R; Peimankar A; Andersen K; Nielsen AS,Q1_ml_imputation_clinical,False,S1_excluded_title
37662259,ReMiND: Recovery of Missing Neuroimaging using Diffusion Models with Application to Alzheimer's Disease.,2023,medRxiv,10.1101/2023.08.16.23294169,Preprint,Yuan C; Duan J; Tustison NJ; Xu K; Hubbard RA; Linn KA,Q1_ml_imputation_clinical,True,included
37665104,Diagnostic prediction models to identify patients at risk for healthcare-facility-onset Clostridioides difficile: A systematic review of methodology and reporting.,2024,Infect Control Hosp Epidemiol,10.1017/ice.2023.185,Systematic Review;Journal Article,Patterson WM; Fajnzylber J; Nero N; Hernandez AV; Deshpande A,Q5_reporting_guidance,False,S1_excluded_title
37680621,Development and external validation of a mixed-effects deep learning model to diagnose COVID-19 from CT imaging.,2023,Front Med (Lausanne),10.1136/bmjopen-2020-048008,Journal Article,Bridge J; Meng Y; Zhu W; Fitzmaurice T; McCann C; Addison C; Wang M; Merritt C; Franks S; Mackey M; Messenger S; Sun R; Zhao Y; Zheng Y,Q1_ml_imputation_clinical,False,S1_excluded_title
37681561,"Prognostic models for predicting clinical disease progression, worsening and activity in people with multiple sclerosis.",2023,Cochrane Database Syst Rev,10.1002/14651858.CD013606,"Journal Article;Review;Research Support, Non-U.S. Gov't",Reeve K; On BI; Havla J; Burns J; Gosteli-Peter MA; Alabsawi A; Alayash Z; Götschi A; Seibold H; Mansmann U; Held U,Q1_ml_imputation_clinical;Q5_reporting_guidance,False,S1_excluded_title
37685369,Empowering Foot Health: Harnessing the Adaptive Weighted Sub-Gradient Convolutional Neural Network for Diabetic Foot Ulcer Classification.,2023,Diagnostics (Basel),10.1002/ima.22598,Journal Article,Alqahtani A; Alsubai S; Rahamathulla MP; Gumaei A; Sha M; Zhang YD; Khan MA,Q1_ml_imputation_clinical,False,S1_excluded_title
37703700,Extremely missing numerical data in Electronic Health Records for machine learning can be managed through simple imputation methods considering informative missingness: A comparative of solutions in a COVID-19 mortality case study.,2023,Comput Methods Programs Biomed,10.1016/j.cmpb.2023.107803,Journal Article,Ferri P; Romero-Garcia N; Badenes R; Lora-Pablos D; Morales TG; Gómez de la Cámara A; García-Gómez JM; Sáez C,Q1_ml_imputation_clinical;Q3_MNAR_informative,True,included
37705643,lab: an R package for generating analysis-ready data from laboratory records.,2023,PeerJ Comput Sci,10.1136/amiajnl-2012-001063,Journal Article,Tseng YJ; Chen CJ; Chang CW,Q1_ml_imputation_clinical,False,S1_excluded_title
37711830,Development of machine learning models for predicting outcome in patients with distal medium vessel occlusions: a retrospective study.,2023,Quant Imaging Med Surg,10.1136/jnis-2022-019266,Journal Article,Ozkara BB; Karabacak M; Kotha A; Cristiano BC; Wintermark M; Yedavalli VS,Q1_ml_imputation_clinical,False,S1_excluded_title
37716243,Feature augmentation and semi-supervised conditional transfer learning for early detection of sepsis.,2023,Comput Biol Med,10.1016/j.compbiomed.2023.107418,"Journal Article;Research Support, Non-U.S. Gov't",Dou Y; Li W; Nan Y; Zhang Y; Peng S,Q1_ml_imputation_clinical,False,S1_excluded_title
37725107,Identifying the severity of diabetic retinopathy by visual function measures using both traditional statistical methods and interpretable machine learning: a cross-sectional study.,2023,Diabetologia,10.1038/s41746-023-00753-7,"Journal Article;Research Support, Non-U.S. Gov't",Wright DM; Chakravarthy U; Das R; Graham KW; Naskas TT; Perais J; Kee F; Peto T; Hogg RE,Q1_ml_imputation_clinical,False,S1_excluded_title
37727079,Trial arm outcome variance difference after dropout as an indicator of missing-not-at-random bias in randomized controlled trials.,2023,Biom J,10.1016/j.jclinepi.2017.05.017,"Journal Article;Research Support, Non-U.S. Gov't",Hazewinkel AD; Tilling K; Wade KH; Palmer T,Q3_MNAR_informative,True,included
37729117,Training and testing of a gradient boosted machine learning model to predict adverse outcome in patients presenting to emergency departments with suspected covid-19 infection in a middle-income setting.,2023,PLOS Digit Health,10.1007/s41666-022-00114-1,Journal Article,Fuller GW; Hasan M; Hodkinson P; McAlpine D; Goodacre S; Bath PA; Sbaffi L; Omer Y; Wallis L; Marincowitz C,Q1_ml_imputation_clinical,False,S1_excluded_title
37734273,A novel neural network for improved in-hospital mortality prediction with irregular and incomplete multivariate data.,2023,Neural Netw,10.1016/j.neunet.2023.07.033,Journal Article,Zhou X; Xiang W; Huang T,Q1_ml_imputation_clinical,False,S1_excluded_title
37734955,Handling missing values in the analysis of between-hospital differences in ordinal and dichotomous outcomes: a simulation study.,2023,BMJ Qual Saf,10.1136/bmjqs-2023-016387,"Randomized Controlled Trial;Multicenter Study;Journal Article;Research Support, Non-U.S. Gov't",van Linschoten RCA; Amini M; van Leeuwen N; Eijkenaar F; den Hartog SJ; Nederkoorn PJ; Hofmeijer J; Emmer BJ; Postma AA; van Zwam W; Roozenbeek B; Dippel D; Lingsma HF;  ,Q3_MNAR_informative,True,included
37743062,Risk prediction models for cardiovascular events in hemodialysis patients: A systematic review.,2024,Semin Dial,10.1111/sdi.13181,"Systematic Review;Journal Article;Research Support, Non-U.S. Gov't",Gan T; Guan H; Li P; Huang X; Li Y; Zhang R; Li T,Q5_reporting_guidance,False,S1_excluded_title
37743498,Advancing polytrauma care: developing and validating machine learning models for early mortality prediction.,2023,J Transl Med,10.4103/0974-2700.96481,Journal Article,He W; Fu X; Chen S,Q1_ml_imputation_clinical,False,S1_excluded_title
37745026,"Risk-stratified monitoring for thiopurine toxicity in immune-mediated inflammatory diseases: prognostic model development, validation, and, health economic evaluation.",2023,EClinicalMedicine,10.1016/j.eclinm.2023.102213,Journal Article,Nakafero G; Card T; Grainge MJ; Williams HC; Taal MW; Aithal GP; Fox CP; Mallen CD; van der Windt DA; Stevenson MD; Riley RD; Abhishek A,Q2_MI_prediction_models,False,S1_excluded_title
37752860,A longitudinal transition imputation model for categorical data applied to a large registry dataset.,2023,Stat Med,10.1002/sim.9919,Journal Article,Mamouris P; Nassiri V; Verbeke G; Janssens A; Vaes B; Molenberghs G,Q3_MNAR_informative,True,included
37759366,Development of a risk prediction model for surgical site infection after lower third molar surgery.,2024,Oral Dis,10.1111/odi.14747,Journal Article,Yamagami A; Narumi K; Saito Y; Furugen A; Imai S; Kitagawa Y; Ohiro Y; Takagi R; Takekuma Y; Sugawara M; Kobayashi M,Q2_MI_prediction_models,False,S1_excluded_title
37777071,Sudden cardiac death in childhood RASopathy-associated hypertrophic cardiomyopathy: Validation of the HCM risk-kids model and predictors of events.,2023,Int J Cardiol,10.1016/j.ijcard.2023.131405,"Journal Article;Research Support, Non-U.S. Gov't",Boleti OD; Roussos S; Norrish G; Field E; Oates S; Tollit J; Nepali G; Bhole V; Uzun O; Daubeney PEF; Stuart GA; Fernandes P; McLeod K; Ilina M; Liaqath MNA; Bharucha T; Delle Donne G; Brown E; Linter K; Khodaghalian B; Jones C; Searle J; Mathur S; Boyd N; Reindhardt Z; Duignan S; Prendiville T; Adwani S; Zenker M; Wolf CM; Kaski JP,Q2_MI_prediction_models,False,S1_excluded_title
37783547,Real-world prediction of preclinical Alzheimer's disease with a deep generative model.,2023,Artif Intell Med,10.1016/j.artmed.2023.102654,"Journal Article;Research Support, Non-U.S. Gov't",Hwang U; Kim SW; Jung D; Kim S; Lee H; Seo SW; Seong JK; Yoon S;  ,Q1_ml_imputation_clinical,False,S1_excluded_title
37783605,Longitudinal bacterial prevalence in cystic fibrosis airways: Fact and artifact.,2024,J Cyst Fibros,10.1016/j.jcf.2023.09.011,"Journal Article;Research Support, Non-U.S. Gov't;Research Support, U.S. Gov't, P.H.S.;Research Support, N.I.H., Extramural",VanDevanter DR; LiPuma JJ; Konstan MW,Q3_MNAR_informative,False,S1_excluded_title
37794526,Artificial intelligence in the prediction of venous thromboembolism: A systematic review and pooled analysis.,2023,Eur J Haematol,10.1111/ejh.14110,Systematic Review;Journal Article,Chiasakul T; Lam BD; McNichol M; Robertson W; Rosovsky RP; Lake L; Vlachos IS; Adamski A; Reyes N; Abe K; Zwicker JI; Patell R,Q1_ml_imputation_clinical;Q5_reporting_guidance,False,S1_excluded_title
37803172,The impact of imputation quality on machine learning classifiers for datasets with missing values.,2023,Commun Med (Lond),10.1162/neco.1995.7.1.108,Journal Article,Shadbahr T; Roberts M; Stanczuk J; Gilbey J; Teare P; Dittmer S; Thorpe M; Torné RV; Sala E; Lió P; Patel M; Preller J;  ; Rudd JHF; Mirtti T; Rannikko AS; Aston JAD; Tang J; Schönlieb CB,Q1_ml_imputation_clinical,True,included
37812770,Using machine learning to develop smart reflex testing protocols.,2024,J Am Med Inform Assoc,10.1016/j.jbi.2013.12.005,"Journal Article;Research Support, N.I.H., Extramural",McDermott M; Dighe A; Szolovits P; Luo Y; Baron J,Q1_ml_imputation_clinical;Q4_missing_indicator_deployment,False,S1_excluded_title
37817106,Machine learning model for the prediction of gram-positive and gram-negative bacterial bloodstream infection based on routine laboratory parameters.,2023,BMC Infect Dis,10.1186/s13054-015-0928-3,Journal Article,Zhang F; Wang H; Liu L; Su T; Ji B,Q1_ml_imputation_clinical,False,S1_excluded_title
37830220,"Routine Urinary Biochemistry Does Not Accurately Predict Stone Type Nor Recurrence in Kidney Stone Formers: A Multicentre, Multimodel, Externally Validated Machine-Learning Study.",2023,J Endourol,10.1089/end.2023.0451,"Multicenter Study;Journal Article;Research Support, Non-U.S. Gov't",Geraghty RM; Wilson I; Olinger E; Cook P; Troup S; Kennedy D; Rogers A; Somani BK; Dhayat NA; Fuster DG; Sayer JA,Q1_ml_imputation_clinical,False,S1_excluded_title
37832428,Mortality prediction using medical time series on TBI patients.,2023,Comput Methods Programs Biomed,10.1016/j.cmpb.2023.107806,Journal Article,Fonseca J; Liu X; Oliveira HP; Pereira T,Q1_ml_imputation_clinical,False,S1_excluded_title
37832503,Multimodal transformer network for incomplete image generation and diagnosis of Alzheimer's disease.,2023,Comput Med Imaging Graph,10.1016/j.compmedimag.2023.102303,"Journal Article;Research Support, Non-U.S. Gov't",Gao X; Shi F; Shen D; Liu M,Q1_ml_imputation_clinical,False,S1_excluded_title
37842861,Updating M6 pregnancy of unknown location risk-prediction model including evaluation of clinical factors.,2024,Ultrasound Obstet Gynecol,10.1002/uog.27515,Journal Article,Kyriacou C; Ledger A; Bobdiwala S; Ayim F; Kirk E; Abughazza O; Guha S; Vathanan V; Gould D; Timmerman D; Van Calster B; Bourne T;  ,Q2_MI_prediction_models,False,S1_excluded_title
37853852,Developing a prognostic model for stress reduction in patients with prolonged work-related stress.,2024,Stress Health,10.1002/smi.3329,Journal Article,Jensen JH; Rugulies R; Flachs EM; Petersen KU; Ross L; Eller NH; Khoury B,Q2_MI_prediction_models,False,S1_excluded_title
37883174,Predicting Colorectal Cancer Survival Using Time-to-Event Machine Learning: Retrospective Cohort Study.,2023,J Med Internet Res,10.3390/medicina56090455,"Journal Article;Research Support, Non-U.S. Gov't",Yang X; Qiu H; Wang L; Wang X,Q1_ml_imputation_clinical,False,S1_excluded_title
37883460,Prediction model for in-hospital mortality in patients at high altitudes with ARDS due to COVID-19.,2023,PLoS One,10.1016/j.jcrc.2021.06.016,Journal Article,Rodriguez Lima DR; Rubio Ramos C; Yepes Velasco AF; Gómez Cortes LA; Pinilla Rojas DI; Pinzón Rondón ÁM; Ruíz Sternberg ÁM,Q2_MI_prediction_models,False,S1_excluded_title
37884697,Biological age estimation using circulating blood biomarkers.,2023,Commun Biol,10.1023/A:1010933404324,"Journal Article;Research Support, Non-U.S. Gov't",Bortz J; Guariglia A; Klaric L; Tang D; Ward P; Geer M; Chadeau-Hyam M; Vuckovic D; Joshi PK,Q1_ml_imputation_clinical,False,S1_excluded_title
37892322,Artificial Intelligence and Child Abuse and Neglect: A Systematic Review.,2023,Children (Basel),10.21857/y26kec3o79,Journal Article;Review,Lupariello F; Sussetto L; Di Trani S; Di Vella G,Q5_reporting_guidance,False,S1_excluded_title
37898817,Evaluating the risk of endometriosis based on patients' self-assessment questionnaires.,2023,Reprod Biol Endocrinol,10.1093/humrep/deu169,Journal Article,Zieliński K; Drabczyk D; Kunicki M; Drzyzga D; Kloska A; Rumiński J,Q1_ml_imputation_clinical,False,S1_excluded_title
37904203,DeepGAMI: deep biologically guided auxiliary learning for multimodal integration and imputation to improve genotype-phenotype prediction.,2023,Genome Med,10.1038/s41398-021-01294-x,"Journal Article;Research Support, Non-U.S. Gov't;Research Support, N.I.H., Extramural;Research Support, U.S. Gov't, Non-P.H.S.",Chandrashekar PB; Alatkar S; Wang J; Hoffman GE; He C; Jin T; Khullar S; Bendl J; Fullard JF; Roussos P; Wang D,Q1_ml_imputation_clinical,True,S2_ex_E4
37910497,Diagnostic suspicion bias and machine learning: Breaking the awareness deadlock for sepsis detection.,2023,PLOS Digit Health,10.1016/j.jbi.2008.08.010,Journal Article,Prasad V; Aydemir B; Kehoe IE; Kotturesh C; O'Connell A; Biebelberg B; Wang Y; Lynch JC; Pepino JA; Filbin MR; Heldt T; Reisner AT,Q1_ml_imputation_clinical,False,S1_excluded_title
37924505,Development and validation of a multivariable risk prediction model for hepatic steatosis in patients with HIV infection.,2024,AIDS,10.1097/QAD.0000000000003779,Journal Article,Wirth M; Ruckes C; Michel M; Schattenberg JM,Q2_MI_prediction_models,False,S1_excluded_title
37925448,Deep neural network based tissue deconvolution of circulating tumor cell RNA.,2023,J Transl Med,10.1038/s41698-018-0047-0,"Journal Article;Research Support, N.I.H., Extramural;Research Support, Non-U.S. Gov't",Yan F; Jiang L; Ye F; Ping J; Bowley TY; Ness SA; Li CI; Marchetti D; Tang J; Guo Y,Q1_ml_imputation_clinical,False,S1_excluded_title
37925516,Quantifying and correcting bias due to outcome dependent self-reported weights in longitudinal study of weight loss interventions.,2023,Sci Rep,10.1093/biomet/asr060,"Journal Article;Research Support, N.I.H., Extramural;Research Support, Non-U.S. Gov't",Tong J; Duan R; Li R; Luo C; Moore JH; Zhu J; Foster GD; Volpp KG; Yancy WS; Shaw PA; Chen Y,Q3_MNAR_informative,False,S1_excluded_title
37928213,Deriving and validating an asthma diagnosis prediction model for children and young people in primary care.,2023,Wellcome Open Res,10.1007/978-3-030-16399-0,Journal Article,Daines L; Bonnett LJ; Tibble H; Boyd A; Thomas R; Price D; Turner SW; Lewis SC; Sheikh A; Pinnock H,Q2_MI_prediction_models,False,S1_excluded_title
37932660,"Missing data imputation, prediction, and feature selection in diagnosis of vaginal prolapse.",2023,BMC Med Res Methodol,10.1007/s00192-015-2695-8,"Journal Article;Research Support, Non-U.S. Gov't",Fan M; Peng X; Niu X; Cui T; He Q,Q1_ml_imputation_clinical,True,included
37932868,Development and internal validation of a model predicting patient-reported shoulder function after arthroscopic rotator cuff repair in a Swiss setting.,2023,Diagn Progn Res,10.1186/s12891-022-05030-4,Journal Article,Stojanov T; Aghlmandi S; Müller AM; Scheibel M; Flury M; Audigé L,Q2_MI_prediction_models,False,S1_excluded_title
37944321,Forecasting freshwater cyanobacterial harmful algal blooms for Sentinel-3 satellite resolved U.S. lakes and reservoirs.,2024,J Environ Manage,10.1016/j.ecolind.2019.105976,Journal Article,Schaeffer BA; Reynolds N; Ferriby H; Salls W; Smith D; Johnston JM; Myer M,Q4_missing_indicator_deployment,False,S1_excluded_title
37964254,"Predicting micropapillary or solid pattern of lung adenocarcinoma with CT-based radiomics, conventional radiographic and clinical features.",2023,Respir Res,10.3390/ijms24087068,Journal Article,Wang Z; Zhang N; Liu J; Liu J,Q2_MI_prediction_models,False,S1_excluded_title
37964452,Machine Learning for Benchmarking Critical Care Outcomes.,2023,Healthc Inform Res,10.1097/aia.0b013e3182a70a52,Journal Article,Atallah L; Nabian M; Brochini L; Amelung PJ,Q1_ml_imputation_clinical,False,S1_excluded_title
37974474,Development and external validation of MRI-based RAS mutation status prediction model for liver metastases of colorectal cancer.,2024,J Surg Oncol,10.1002/jso.27508,Journal Article,Han Z; Tong Y; Zhu X; Sun D; Jia N; Feng Y; Yan K; Wei Y; He J; Ju H,Q2_MI_prediction_models,False,S1_excluded_title
37974907,Implication of the 2014 World Health Organization Integrated Management of Childhood Illness Pneumonia Guidelines with and without pulse oximetry use in Malawi: A retrospective cohort study.,2023,Gates Open Res,10.6084/m9.figshare.21346797.v1,Journal Article,Hooli S; Makwenda C; Lufesi N; Colbourn T; Mvalo T; McCollum ED; King C,Q3_MNAR_informative,False,S1_excluded_title
37976614,A probabilistic generative model to discover the treatments of coexisting diseases with missing data.,2024,Comput Methods Programs Biomed,10.1016/j.cmpb.2023.107870,Journal Article,Zaballa O; Pérez A; Gómez-Inhiesto E; Acaiturri-Ayesta T; Lozano JA,Q1_ml_imputation_clinical,True,included
37983068,Noninvasive Staging of Lymph Node Status in Breast Cancer Using Machine Learning: External Validation and Further Model Development.,2023,JMIR Cancer,10.1158/1078-0432.CCR-19-0075,Journal Article,Hjärtström M; Dihge L; Bendahl PO; Skarping I; Ellbrant J; Ohlsson M; Rydén L,Q1_ml_imputation_clinical,False,S1_excluded_title
37985643,Validation of risk scores for prediction of severe pneumonia in kidney transplant recipients hospitalized with community-acquired pneumonia.,2024,Infection,10.1155/2006/195464,Journal Article,Müller-Plathe M; Osmanodja B; Barthel G; Budde K; Eckardt KU; Kolditz M; Witzenrath M,Q2_MI_prediction_models,False,S1_excluded_title
38000872,Machine learning and deep learning predictive models for long-term prognosis in patients with chronic obstructive pulmonary disease: a systematic review and meta-analysis.,2023,Lancet Digit Health,10.1016/S2589-7500(23)00177-2,Meta-Analysis;Systematic Review;Journal Article,Smith LA; Oakden-Rayner L; Bird A; Zeng M; To MS; Mukherjee S; Palmer LJ,Q1_ml_imputation_clinical;Q5_reporting_guidance,False,S1_excluded_title
38007974,A joint learning method for incomplete and imbalanced data in electronic health record based on generative adversarial networks.,2024,Comput Biol Med,10.1016/j.compbiomed.2023.107687,"Journal Article;Research Support, Non-U.S. Gov't",Weng X; Song H; Lin Y; Wu Y; Zhang X; Liu B; Yang J,Q1_ml_imputation_clinical,False,S1_excluded_title
38010031,MACHINE LEARNING FOR PREDICTING HEMODYNAMIC DETERIORATION OF PATIENTS WITH INTERMEDIATE-RISK PULMONARY EMBOLISM IN INTENSIVE CARE UNIT.,2024,Shock,10.1097/SHK.0000000000002261,Journal Article,Xu J; Hu Z; Miao J; Cao L; Tian Z; Yao C; Kai H,Q1_ml_imputation_clinical,False,S1_excluded_title
38016678,Reporting Quality of Research Studies on AI Applications in Medical Images According to the CLAIM Guidelines in a Radiology Journal With a Strong Prominence in Asia.,2023,Korean J Radiol,10.48550/arXiv.1511.07122,Journal Article;Review,Kim DY; Oh HW; Suh CH,Q5_reporting_guidance,False,S1_excluded_title
38032070,Around the EQUATOR with Clin-STAR: Prediction modeling opportunities and challenges in aging research.,2024,J Am Geriatr Soc,10.1186/s41512-020-00078-z,"Journal Article;Review;Research Support, N.I.H., Extramural;Research Support, Non-U.S. Gov't",Deardorff WJ; Diaz-Ramirez LG; Boscardin WJ; Smith AK; Lee SJ,Q5_reporting_guidance,False,S1_excluded_title
38034402,SIGANEO: Similarity network with GAN enhancement for immunogenic neoepitope prediction.,2023,Comput Struct Biotechnol J,10.1016/j.csbj.2023.10.050,Journal Article,Ye Y; Shen Y; Wang J; Li D; Zhu Y; Zhao Z; Pan Y; Wang Y; Liu X; Wan J,Q1_ml_imputation_clinical,False,S1_excluded_title
38039901,Using simple clinical and ultrasound variables to develop a model to predict first trimester pregnancy viability.,2024,Eur J Obstet Gynecol Reprod Biol,10.1016/j.ejogrb.2023.11.030,Observational Study;Journal Article,Al-Memar M; Fourie H; Vaulet T; Lawson K; Bobdiwala S; Saso S; Farren J; Pipi M; De Moor B; Stalder C; Bennett P; Timmerman D; Bourne T,Q2_MI_prediction_models,False,S1_excluded_title
38049100,A Machine Learning Algorithm using Clinical and Demographic Data for All-Cause Preterm Birth Prediction.,2024,Am J Perinatol,10.1055/s-0043-1776917,Journal Article,Bitar G; Liu W; Tunguhan J; Kumar KV; Hoffman MK,Q1_ml_imputation_clinical,False,S1_excluded_title
38053653,Validation and Comparison of Four Mortality Prediction Models in a Geriatric Ward in China.,2023,Clin Interv Aging,10.1016/S0140-6736(20)31859-6,Journal Article,Li Y; Liu X; Kang L; Li J,Q2_MI_prediction_models,False,S1_excluded_title
38053972,Understanding patient needs and predicting outcomes in IgA nephropathy using data analytics and artificial intelligence: a narrative review.,2023,Clin Kidney J,10.3390/fi12120230,Journal Article;Review,Schena FP; Manno C; Strippoli G,Q1_ml_imputation_clinical,False,S1_excluded_title
38059857,"Behavioural digital biomarkers enable real-time monitoring of patient-reported outcomes: a substudy of the multicentre, prospective observational SafeHeart study.",2024,Eur Heart J Qual Care Clin Outcomes,10.1093/ehjqcco/qcad069,Journal Article;Multicenter Study;Observational Study,Kolk MZH; Frodi DM; Langford J; Meskers CJ; Andersen TO; Jacobsen PK; Risum N; Tan HL; Svendsen JH; Knops RE; Diederichsen SZ; Tjong FVY,Q4_missing_indicator_deployment,False,S1_excluded_title
38081870,Identifying primary aldosteronism patients who require adrenal venous sampling: a multi-center study﻿.,2023,Sci Rep,10.1161/HYPERTENSIONAHA.117.09078,Multicenter Study;Journal Article,Kitamoto T; Idé T; Tezuka Y; Wada N; Shibayama Y; Tsurutani Y; Takiguchi T; Inoue K; Suematsu S; Omata K; Ono Y; Morimoto R; Yamazaki Y; Saito J; Sasano H; Satoh F; Nishikawa T,Q1_ml_imputation_clinical,False,S1_excluded_title
38083010,Predicting Dementia Risk for Elderly Community Dwellers in Primary Care Services Using Subgroup-specific Prediction Models.,2023,Annu Int Conf IEEE Eng Med Biol Soc,10.1109/EMBC40787.2023.10340793,Journal Article,Hang Kwok SW; Sipka C; Matthews A; Lara CP; Wang G; Choi KS,Q1_ml_imputation_clinical,False,S1_excluded_title
38083743,X-RIM: Extreme Recurrent Independent Mechanisms for Noise-resistant and Interpretable Stroke Risk Prediction.,2023,Annu Int Conf IEEE Eng Med Biol Soc,10.1109/EMBC40787.2023.10339978,"Journal Article;Research Support, Non-U.S. Gov't",Hsieh YH; Hsu JC; Lin C; Lin LY,Q1_ml_imputation_clinical,False,S1_excluded_title
38096619,Risk prediction models for postoperative delirium in elderly patients with fragility hip fracture: A systematic review and critical appraisal.,2024,Int J Orthop Trauma Nurs,10.1016/j.ijotn.2023.101077,Journal Article;Systematic Review,Zhou B; Wang A; Cao H,Q5_reporting_guidance,False,S1_excluded_title
38127972,Standardizing and improving dose predictions for head and neck cancers using complete sets of OAR contours.,2024,Med Phys,10.1002/mp.16898,Journal Article,Buatti JS; Kirby N; Stathakis S; Li R; Sivabhaskar S; de Oliveira M; Duke K; Kabat CN; Papanikolaou N; Paragios N,Q1_ml_imputation_clinical,False,S1_excluded_title
38134648,Machine learning for hospital readmission prediction in pediatric population.,2024,Comput Methods Programs Biomed,10.1016/j.cmpb.2023.107980,Journal Article,Silva NCD; Albertini MK; Backes AR; Pena GDG,Q1_ml_imputation_clinical,False,S1_excluded_title
38165797,Predictive Modeling for Hospital Readmissions for Patients with Heart Disease: An updated review from 2012-2023.,2024,IEEE J Biomed Health Inform,10.1109/JBHI.2023.3349353,Journal Article,Zhang W; Cheng W; Fujiwara K; Evans R; Zhu C,Q1_ml_imputation_clinical,False,S1_excluded_title
38168416,Exploring the application of deep learning methods for polygenic risk score estimation.,2023,medRxiv,10.1101/2023.12.14.23299972,Preprint;Journal Article,Squires S; Weedon MN; Oram RA,Q1_ml_imputation_clinical,False,S1_excluded_title
38179299,Development and internal validation of a novel predictive model for SDHB mutations in pheochromocytomas and retroperitoneal paragangliomas.,2023,Front Endocrinol (Lausanne),10.1210/jc.2018-01968,"Journal Article;Research Support, Non-U.S. Gov't",Zhou Y; Gao Y; Ma X; Li T; Cui Y; Wang Y; Li M; Zhang D; Tong A,Q2_MI_prediction_models,False,S1_excluded_title
38202043,In-Advance Prediction of Pressure Ulcers via Deep-Learning-Based Robust Missing Value Imputation on Real-Time Intensive Care Variables.,2023,J Clin Med,10.1016/j.ins.2020.11.035,Journal Article,Kim M; Kim TH; Kim D; Lee D; Kim D; Heo J; Kang S; Ha T; Kim J; Moon DH; Heo Y; Kim WJ; Lee SJ; Kim Y; Park SW; Han SS; Choi HS,Q1_ml_imputation_clinical,True,included
38202948,Dynamic Tensor Modeling for Missing Data Completion in Electronic Toll Collection Gantry Systems.,2023,Sensors (Basel),10.1109/TITS.2019.2950416,Journal Article,Rui Y; Zhao Y; Lu W; Wang C,Q4_missing_indicator_deployment,True,included
38217355,Improved accuracy and efficiency of primary care fall risk screening of older adults using a machine learning approach.,2024,J Am Geriatr Soc,10.1001/jamanetworkopen.2020.25889,"Journal Article;Research Support, N.I.H., Extramural",Song W; Latham NK; Liu L; Rice HE; Sainlaire M; Min L; Zhang L; Thai T; Kang MJ; Li S; Tejeda C; Lipsitz S; Samal L; Carroll DL; Adkison L; Herlihy L; Ryan V; Bates DW; Dykes PC,Q1_ml_imputation_clinical,False,S1_excluded_title
38219811,Cross-institution natural language processing for reliable clinical association studies: a methodological exploration.,2024,J Clin Epidemiol,10.1016/j.jclinepi.2024.111258,"Journal Article;Research Support, Non-U.S. Gov't",Sushil M; Butte AJ; Schuit E; van Smeden M; Leeuwenberg AM,Q1_ml_imputation_clinical,False,S1_excluded_title
38222354,Real-world Application of Racial and Ethnic Imputation and Cohort Balancing Techniques to Deliver Equitable Clinical Trial Recruitment.,2023,AMIA Annu Symp Proc,,Journal Article,Craig KJ; Ji YJ; Zhang YC; Berk A; Zaleski A; Abdelsamad O; Coetzer H; Verbrugge DJ; Hua G,Q1_ml_imputation_clinical,True,included
38222371,Understanding Cancer Caregiving and Predicting Burden: An Analytics and Machine Learning Approach.,2023,AMIA Annu Symp Proc,10.1002/pon.5018,Journal Article,Abazari A; Chatterjee S; Moniruzzaman M,Q1_ml_imputation_clinical,False,S1_excluded_title
38224306,Robust explanation supervision for false positive reduction in pulmonary nodule detection.,2024,Med Phys,10.7937/K9/TCIA.2015.LO9QL9SX,Journal Article,Zhao Q; Chang CW; Yang X; Zhao L,Q1_ml_imputation_clinical,False,S1_excluded_title
38226447,Systematic review of machine-learning models in orthopaedic trauma.,2024,Bone Jt Open,10.1097/SLA.0000000000002693,Systematic Review;Journal Article,Dijkstra H; van de Kuit A; de Groot TM; Canta O; Groot OQ; Oosterhoff JH; Doornberg JN;  ;  ; van den Bekerom M; Calderon SL; Colaris J; Duis KT; Esfahani SA; DiGiovanni C; Gordon M; Guss D; IJpma F; Jaarsma R; Janssen M; Jayakumar P; Kerkhoffs GM; Leighton R; van Munster B; Poolman R; Ring D; Schemtisch E; Stirler V; Tornetta P; Wijffels M,Q1_ml_imputation_clinical;Q5_reporting_guidance,False,S1_excluded_title
38238576,"Predicting systemic diseases in fundus images: systematic review of setting, reporting, bias, and models' clinical availability in deep learning studies.",2024,Eye (Lond),10.1093/eurheartj/ehy726,"Journal Article;Systematic Review;Research Support, Non-U.S. Gov't",Li Y; Zhang R; Dong L; Shi X; Zhou W; Wu H; Li H; Yu C; Wei W,Q1_ml_imputation_clinical,False,S1_excluded_title
38257579,Wearable Sensors as a Preoperative Assessment Tool: A Review.,2024,Sensors (Basel),10.1186/s13018-023-03898-z,Journal Article;Review,Syversen A; Dosis A; Jayne D; Zhang Z,Q1_ml_imputation_clinical,False,S1_excluded_title
38268526,Integrative data analysis to identify persistent post-concussion deficits and subsequent musculoskeletal injury risk: project structure and methods.,2024,BMJ Open Sport Exerc Med,10.1002/9781119201731,Journal Article,Anderson M; Claros CC; Qian W; Brockmeier A; Buckley TA,Q1_ml_imputation_clinical,False,S1_excluded_title
38269284,A personalized prediction model for urinary tract infections in type 2 diabetes mellitus using machine learning.,2023,Front Pharmacol,10.1007/s00345-021-03913-0,Journal Article,Xiong Y; Liu YM; Hu JQ; Zhu BQ; Wei YK; Yang Y; Wu XW; Long EW,Q1_ml_imputation_clinical,False,S1_excluded_title
38269303,Smartic: A smart tool for Big Data analytics and IoT.,2022,F1000Res,10.3390/s23136077,Journal Article,Sayeed S; Ahmad AF; Peng TC,Q4_missing_indicator_deployment,False,S1_excluded_title
38277246,Active Learning for Handling Missing Data.,2025,IEEE Trans Neural Netw Learn Syst,10.1109/TNNLS.2024.3352279,Journal Article,Tharwat A; Schenck W,Q2_MI_prediction_models,True,included
38290875,Predictors of Early Hospice or Death in Patients With Inoperable Lung Cancer Treated With Curative Intent.,2024,Clin Lung Cancer,10.1016/j.cllc.2023.12.014,Journal Article,Ramanathan S; Hochstedler KA; Laucis AM; Movsas B; Stevens CW; Kestin LL; Dominello MM; Grills IS; Matuszak M; Hayman J; Paximadis PA; Schipper MJ; Jolly S; Boike TP;  ,Q2_MI_prediction_models,False,S1_excluded_title
38294795,Machine Learning Multicenter Risk Model to Predict Right Ventricular Failure After Mechanical Circulatory Support: The STOP-RVF Score.,2024,JAMA Cardiol,10.1016/j.healun.2015.05.013,"Multicenter Study;Journal Article;Research Support, N.I.H., Extramural;Research Support, U.S. Gov't, Non-P.H.S.;Research Support, Non-U.S. Gov't",Taleb I; Kyriakopoulos CP; Fong R; Ijaz N; Demertzis Z; Sideris K; Wever-Pinzon O; Koliopoulou AG; Bonios MJ; Shad R; Peruri A; Hanff TC; Dranow E; Giannouchos TV; Krauspe E; Zakka C; Tang DG; Nemeh HW; Stehlik J; Fang JC; Selzman CH; Alharethi R; Caine WT; Cowger JA; Hiesinger W; Shah P; Drakos SG,Q1_ml_imputation_clinical,False,S1_excluded_title
38309937,Machine Learning for Diagnosis of Pulmonary Hypertension by Echocardiography.,2024,Mayo Clin Proc,10.1016/j.mayocp.2023.05.006,Journal Article,Anand V; Weston AD; Scott CG; Kane GC; Pellikka PA; Carter RE,Q1_ml_imputation_clinical,False,S1_excluded_title
38313005,Establishment and validation of a heart failure risk prediction model for elderly patients after coronary rotational atherectomy based on machine learning.,2024,PeerJ,10.13201/j.issn.1001-1439.2023.01.004,Randomized Controlled Trial;Journal Article,Zhang L; Zhou X; Cao J,Q1_ml_imputation_clinical,False,S1_excluded_title
38313201,Discovery of Generalizable TBI Phenotypes Using Multivariate Time-Series Clustering.,2024,ArXiv,10.3109/02699052.2014.888769,Journal Article;Preprint,Ghaderi H; Foreman B; Reddy CK; Subbian V,Q1_ml_imputation_clinical,False,S1_excluded_title
38323327,Risk prediction models of mortality after hip fracture surgery in older individuals: a systematic review.,2024,Curr Med Res Opin,10.1080/03007995.2024.2307346,Systematic Review;Journal Article,Sun Y; Liu Y; Zhu Y; Luo R; Luo Y; Wang S; Feng Z,Q5_reporting_guidance,False,S1_excluded_title
38328435,Construction and validation of a progression prediction model for locally advanced rectal cancer patients received neoadjuvant chemoradiotherapy followed by total mesorectal excision based on machine learning.,2023,Front Oncol,10.3389/fpubh.2023.1101771,Journal Article,Hu J; Sheng Y; Ma J; Tang Y; Liu D; Zhang J; Wei X; Yang Y; Liu Y; Zhang Y; Wang G,Q1_ml_imputation_clinical,False,S1_excluded_title
38329848,Cost-sensitive ordinal classification methods to predict SARS-CoV-2 pneumonia severity.,2024,IEEE J Biomed Health Inform,10.1109/JBHI.2024.3363765,Journal Article,Garcia-Garcia F; Lee DJ; Espana Yandiola PP; Landa IU; Martinez-Minaya J; Hayet-Otero M; Ermecheo MN; Quintana JM; Menendez R; Torres A; Jorge RZ,Q1_ml_imputation_clinical,False,S1_excluded_title
38336159,Characterizing advanced heart failure risk and hemodynamic phenotypes using interpretable machine learning.,2024,Am Heart J,10.1016/j.ahj.2024.02.001,"Journal Article;Research Support, N.I.H., Extramural;Research Support, Non-U.S. Gov't",Lamp J; Wu Y; Lamp S; Afriyie P; Ashur N; Bilchick K; Breathett K; Kwon Y; Li S; Mehta N; Pena ER; Feng L; Mazimba S,Q1_ml_imputation_clinical,False,S1_excluded_title
38343586,Improving Prediction of Late Symptoms using LSTM and Patient-reported Outcomes for Head and Neck Cancer Patients.,2023,Proc (IEEE Int Conf Healthc Inform),10.1109/ichi57859.2023.00047,Journal Article,Wang Y; Van Dijk L; Mohamed ASR; Naser M; Fuller CD; Zhang X; Marai GE; Canahuate G,Q1_ml_imputation_clinical,False,S1_excluded_title
38346291,Missing Data Analysis.,2024,Annu Rev Clin Psychol,10.1146/annurev-clinpsy-080822-051727,Journal Article;Review,Little RJ,Q3_MNAR_informative,True,included
38353769,Machine learning-based prediction of the outcomes of cochlear implantation in patients with inner ear malformation.,2024,Eur Arch Otorhinolaryngol,10.1038/s41598-018-37014-7,Journal Article,Weng J; Xue S; Wei X; Lu S; Xie J; Kong Y; Shen M; Chen B; Chen J; Zou X; Zhang X; Gao Z; Liu P; Shi Y; Cui D; Li Y; Wang H,Q1_ml_imputation_clinical,False,S1_excluded_title
38365610,Comparison of the effects of imputation methods for missing data in predictive modelling of cohort study datasets.,2024,BMC Med Res Methodol,10.1111/1756-185X.14203,"Journal Article;Research Support, Non-U.S. Gov't",Li J; Guo S; Ma R; He J; Zhang X; Rui D; Ding Y; Li Y; Jian L; Cheng J; Guo H,Q2_MI_prediction_models,True,included
38375077,ADNEX risk prediction model for diagnosis of ovarian cancer: systematic review and meta-analysis of external validation studies.,2024,BMJ Med,10.1177/09622802231165001,Journal Article,Barreñada L; Ledger A; Dhiman P; Collins G; Wynants L; Verbakel JY; Timmerman D; Valentin L; Van Calster B,Q5_reporting_guidance,False,S1_excluded_title
38383136,Integrating large language models in systematic reviews: a framework and case study using ROBINS-I for risk of bias assessment.,2024,BMJ Evid Based Med,10.1136/bmjebm-2023-112597,Journal Article,Hasan B; Saadi S; Rajjoub NS; Hegazi M; Al-Kordi M; Fleti F; Farah M; Riaz IB; Banerjee I; Wang Z; Murad MH,Q5_reporting_guidance,False,S1_excluded_title
38395766,Limited incremental predictive value of the frailty index and other vulnerability measures from routine care data for mortality risk prediction in older patients with COVID-19 in primary care.,2024,BMC Prim Care,10.1007/s10654-020-00636-1,"Journal Article;Research Support, Non-U.S. Gov't",la Roi-Teeuw HM; Luijken K; Blom MT; Gussekloo J; Mooijaart SP; Polinder-Bos HA; van Smeden M; Geersing GJ; van den Dries CJ,Q2_MI_prediction_models,False,S1_excluded_title
38400653,Handling missing data when estimating causal effects with targeted maximum likelihood estimation.,2024,Am J Epidemiol,10.48550/arXiv.2007.10393,"Journal Article;Research Support, Non-U.S. Gov't",Dashti SG; Lee KJ; Simpson JA; White IR; Carlin JB; Moreno-Betancur M,Q4_missing_indicator_deployment,True,included
38402184,The role of frailty in the relationships between social relationships and health outcomes: a longitudinal study.,2024,BMC Public Health,10.1186/s12889-024-18111-x,"Journal Article;Research Support, Non-U.S. Gov't",Mehrabi F; Béland F,Q3_MNAR_informative,False,S1_excluded_title
38404544,Machine learning algorithms being an auxiliary tool to predict the overall survival of patients with renal cell carcinoma using the SEER database.,2024,Transl Androl Urol,10.1007/s00432-020-03366-9,Journal Article,Jiang W; Chen Z; Chen C; Wang L; Han T; Wen L,Q1_ml_imputation_clinical,False,S1_excluded_title
38414534,Early prediction of end-stage kidney disease using electronic health record data: a machine learning approach with a 2-year horizon.,2024,JAMIA Open,10.31128/AJGP-11-20-5736,Journal Article,Petousis P; Wilson JM; Gelvezon AV; Alam S; Jain A; Prichard L; Elashoff DA; Raja N; Bui AAT,Q1_ml_imputation_clinical,False,S1_excluded_title
38421999,Machine learning approaches to enhance diagnosis and staging of patients with MASLD using routinely available clinical information.,2024,PLoS One,10.1613/jair.953,"Journal Article;Research Support, Non-U.S. Gov't",McTeer M; Applegate D; Mesenbrink P; Ratziu V; Schattenberg JM; Bugianesi E; Geier A; Romero Gomez M; Dufour JF; Ekstedt M; Francque S; Yki-Jarvinen H; Allison M; Valenti L; Miele L; Pavlides M; Cobbold J; Papatheodoridis G; Holleboom AG; Tiniakos D; Brass C; Anstee QM; Missier P;  ,Q1_ml_imputation_clinical,False,S1_excluded_title
38434578,Machine learning based predictive model of Type 2 diabetes complications using Malaysian National Diabetes Registry: A study protocol.,2024,J Public Health Res,10.1177/22799036241231786,Journal Article,Abas MZ; Li K; Hairi NN; Choo WY; Wan KS,Q1_ml_imputation_clinical,False,S1_excluded_title
38453215,Risk-stratified monitoring for sulfasalazine toxicity: prognostic model development and validation.,2024,RMD Open,10.1002/acr.20037,Journal Article,Abhishek A; Grainge M; Card T; Williams HC; Taal MW; Aithal GP; Fox CP; Mallen CD; Stevenson MD; Nakafero G; Riley R,Q2_MI_prediction_models,False,S1_excluded_title
38455094,Predicting future occlusion or stenosis of lower extremity bypass grafts using artificial intelligence to simultaneously analyze all flow velocities collected in current and previous ultrasound examinations.,2024,JVS Vasc Sci,10.1109/YAC.2016.7804912,Journal Article,Luo X; Tahabi FM; Rollins DM; Sawchuk AP,Q1_ml_imputation_clinical,False,S1_excluded_title
38464462,Autism spectrum disorder detection with kNN imputer and machine learning classifiers via questionnaire mode of screening.,2024,Health Inf Sci Syst,10.1007/BF00994018,Journal Article,Shrivastava T; Singh V; Agrawal A,Q1_ml_imputation_clinical,True,S2_ex_E1
38465778,Optimizing Screening for Intrastriatal Interventions in Huntington's Disease Using Predictive Models.,2024,Mov Disord,10.1016/j.neurobiolaging.2010.09.027,Journal Article,Barrett MJ; Negida A; Mukhopadhyay N; Kim JK; Nawaz H; Jose J; Testa C,Q1_ml_imputation_clinical,False,S1_excluded_title
38465982,Semisupervised transfer learning for evaluation of model classification performance.,2024,Biometrics,10.1093/biomtc/ujae002,Journal Article,Wang L; Wang X; Liao KP; Cai T,Q1_ml_imputation_clinical,False,S1_excluded_title
38475061,Missing Data Statistics Provide Causal Insights into Data Loss in Diabetes Health Monitoring by Wearable Sensors.,2024,Sensors (Basel),10.4103/ijem.IJEM_156_17,Journal Article,Braem CIR; Yavuz US; Hermens HJ; Veltink PH,Q3_MNAR_informative,True,included
38482579,Estimating Periodontitis Susceptibility Cases for Epidemiological Studies with Multiple Imputation.,2024,JDR Clin Trans Res,10.1177/23800844241228277,"Journal Article;Research Support, N.I.H., Extramural",Zhang L; Xiao M; Chu H; Kotsakis GA; Guan W,Q1_ml_imputation_clinical,True,S2_ex_E1
38487797,FRAMM: Fair ranking with missing modalities for clinical trial site selection.,2024,Patterns (N Y),10.5281/zenodo.10499129,Journal Article,Theodorou B; Glass L; Xiao C; Sun J,Q1_ml_imputation_clinical,True,included
38488632,Electronic Medical Record Data Missingness and Interruption in Antiretroviral Therapy Among Adults and Children Living With HIV in Haiti: Retrospective Longitudinal Study.,2024,JMIR Pediatr Parent,10.1111/tmi.12434,Journal Article,Secor AM; Célestin K; Jasmin M; Honoré JG; Wagner AD; Beima-Sofie K; Pintye J; Puttkammer N,Q4_missing_indicator_deployment,True,included
38489935,Reliable prediction of difficult airway for tracheal intubation from patient preoperative photographs by machine learning methods.,2024,Comput Methods Programs Biomed,10.1016/j.cmpb.2024.108118,Observational Study;Journal Article,García-García F; Lee DJ; Mendoza-Garcés FJ; García-Gutiérrez S,Q1_ml_imputation_clinical,False,S1_excluded_title
38495288,Predicting major adverse cardiovascular events after orthotopic liver transplantation using a supervised machine learning model: A cohort study.,2024,World J Hepatol,10.4254/wjh.v16.i2.193,Journal Article,Soldera J; Corso LL; Rech MM; Ballotin VR; Bigarella LG; Tomé F; Moraes N; Balbinot RS; Rodriguez S; Brandão ABM; Hochhegger B,Q1_ml_imputation_clinical,False,S1_excluded_title
38496611,"An interactive atlas of genomic, proteomic, and metabolomic biomarkers promotes the potential of proteins to predict complex diseases.",2024,Res Sq,10.1038/nprot.2010.116,Preprint;Journal Article,Benson M; Smelik M; Li X; Loscalzo J; Sysoev O; Mahmud F; Aly DM; Zhao Y,Q1_ml_imputation_clinical,False,S1_excluded_title
38510072,ML-CKDP: Machine learning-based chronic kidney disease prediction with smart web application.,2024,J Pathol Inform,10.1016/j.imu.2021.100584,Journal Article,Halder RK; Uddin MN; Uddin MA; Aryal S; Saha S; Hossen R; Ahmed S; Rony MAT; Akter MF,Q4_missing_indicator_deployment,False,S1_excluded_title
38515564,Prediction of tumor lysis syndrome in childhood acute lymphoblastic leukemia based on machine learning models: a retrospective study.,2024,Front Oncol,10.1517/14728214.12.3.355,Journal Article,Xiao Y; Xiao L; Zhang Y; Xu X; Guan X; Guo Y; Shen Y; Lei X; Dou Y; Yu J,Q1_ml_imputation_clinical,False,S1_excluded_title
38517402,Are Current Survival Prediction Tools Useful When Treating Subsequent Skeletal-related Events From Bone Metastases?,2024,Clin Orthop Relat Res,10.1097/CORR.0000000000003030,Journal Article,Pan YT; Lin YP; Yen HK; Yen HH; Huang CC; Hsieh HC; Janssen S; Hu MH; Lin WH; Groot OQ,Q1_ml_imputation_clinical;Q2_MI_prediction_models,False,S1_excluded_title
38519152,Machine learning-enabled maternal risk assessment for women with pre-eclampsia (the PIERS-ML model): a modelling study.,2024,Lancet Digit Health,10.1016/S2589-7500(23)00267-4,"Journal Article;Research Support, Non-U.S. Gov't",Montgomery-Csobán T; Kavanagh K; Murray P; Robertson C; Barry SJE; Vivian Ukah U; Payne BA; Nicolaides KH; Syngelaki A; Ionescu O; Akolekar R; Hutcheon JA; Magee LA; von Dadelszen P;  ,Q1_ml_imputation_clinical;Q2_MI_prediction_models,False,S1_excluded_title
38526603,Global longitudinal strain in long-term risk prediction after acute coronary syndrome: an investigation of added prognostic value to ejection fraction.,2025,Clin Res Cardiol,10.1186/1476-7120-11-35,Journal Article;Multicenter Study,Lenell J; Lindahl B; Erlinge D; Jernberg T; Spaak J; Baron T,Q2_MI_prediction_models,False,S1_excluded_title
38527287,Deep Learning to Estimate Cardiovascular Risk From Chest Radiographs : A Risk Prediction Study.,2024,Ann Intern Med,10.1002/sim.6370,"Journal Article;Research Support, N.I.H., Extramural;Research Support, Non-U.S. Gov't",Weiss J; Raghu VK; Paruchuri K; Zinzuwadia A; Natarajan P; Aerts HJWL; Lu MT,Q1_ml_imputation_clinical,False,S1_excluded_title
38528574,Acute exacerbation of idiopathic pulmonary fibrosis disease: a diagnosis model in China.,2024,Eur J Med Res,10.1111/crj.12631,Journal Article,Meng L; Xiao J; Wang L; Huang Z,Q2_MI_prediction_models,False,S1_excluded_title
38547128,Examining factors related to low performance of predicting remission in participants with major depressive disorder using neuroimaging data and other clinical features.,2024,PLoS One,10.4088/JCP.16m11385,"Multicenter Study;Journal Article;Research Support, Non-U.S. Gov't",Wang J; Wu DD; DeLorenzo C; Yang J,Q1_ml_imputation_clinical,False,S1_excluded_title
38554589,Predicting intubation for intensive care units patients: A deep learning approach to improve patient management.,2024,Int J Med Inform,10.1016/j.ijmedinf.2024.105425,"Journal Article;Research Support, Non-U.S. Gov't",Li R; Xu Z; Xu J; Pan X; Wu H; Huang X; Feng M,Q1_ml_imputation_clinical,False,S1_excluded_title
38555421,Classification of vasovagal syncope from physiological signals on tilt table testing.,2024,Biomed Eng Online,10.1145/2858036.2858529,Journal Article,Ferdowsi M; Kwan BH; Tan MP; Saedon NI; Subramaniam S; Abu Hashim NFI; Mohd Nasir SS; Zainal Abidin I; Chee KH; Goh CH,Q1_ml_imputation_clinical,False,S1_excluded_title
38559062,Automated Extraction of Stroke Severity from Unstructured Electronic Health Records using Natural Language Processing.,2024,medRxiv,10.1101/2024.03.08.24304011,Preprint;Journal Article,Fernandes M; Westover MB; Singhal AB; Zafar SF,Q1_ml_imputation_clinical,False,S1_excluded_title
38565710,Performance of risk models to predict mortality risk for patients with heart failure: evaluation in an integrated health system.,2024,Clin Res Cardiol,10.1007/s00392-023-02354-6,Journal Article,Ahmad FS; Hu TL; Adler ED; Petito LC; Wehbe RM; Wilcox JE; Mutharasan RK; Nardone B; Tadel M; Greenberg B; Yagil A; Campagnari C,Q1_ml_imputation_clinical,False,S1_excluded_title
38570260,Preoperative Variables of 30-Day Mortality in Adults Undergoing Percutaneous Coronary Intervention: A Systematic Review.,2024,Heart Lung Circ,10.1016/j.hlc.2024.01.021,Journal Article;Systematic Review,Chowdhury MRK; Stub D; Dinh D; Karim MN; Siddiquea BN; Billah B,Q1_ml_imputation_clinical;Q5_reporting_guidance,False,S1_excluded_title
38575857,Models to predict length of stay in the emergency department: a systematic literature review and appraisal.,2024,BMC Emerg Med,10.1197/j.aem.2004.07.008,Journal Article;Systematic Review,Farimani RM; Karim H; Atashi A; Tohidinezhad F; Bahaadini K; Abu-Hanna A; Eslami S,Q1_ml_imputation_clinical,False,S1_excluded_title
38608322,Boosting predictive models and augmenting patient data with relevant genomic and pathway information.,2024,Comput Biol Med,10.1016/j.compbiomed.2024.108398,"Journal Article;Research Support, Non-U.S. Gov't",Buosi S; Timilsina M; Torrente M; Provencio M; Fey D; Nováček V,Q1_ml_imputation_clinical,False,S1_excluded_title
38630509,A Quantitative Bias Analysis Approach to Informative Presence Bias in Electronic Health Records.,2024,Epidemiology,10.48550/ARXIV.2001.09765,Journal Article,Zhang H; Clark AS; Hubbard RA,Q3_MNAR_informative,True,included
38637322,Recoverability and estimation of causal effects under typical multivariable missingness mechanisms.,2024,Biom J,10.1002/bimj.202200326,"Journal Article;Research Support, Non-U.S. Gov't",Zhang J; Dashti SG; Carlin JB; Lee KJ; Moreno-Betancur M,Q4_missing_indicator_deployment,True,included
38638298,Exploring the impact of missingness on racial disparities in predictive performance of a machine learning model for emergency department triage.,2023,JAMIA Open,10.1007/s13178-021-00541-6,Journal Article,Teeple S; Smith A; Toerper M; Levin S; Halpern S; Badaki-Makun O; Hinson J,Q1_ml_imputation_clinical,True,included
38642627,A framework for longitudinal latent factor modelling of treatment response in clinical trials with applications to Psoriatic Arthritis and Rheumatoid Arthritis.,2024,J Biomed Inform,10.1016/j.jbi.2024.104641,"Journal Article;Research Support, Non-U.S. Gov't",Falck F; Zhu X; Ghalebikesabi S; Kormaksson M; Vandemeulebroecke M; Zhang C; Martin R; Gardiner S; Kwok CH; West DM; Santos L; Tian C; Pang Y; Readie A; Ligozio G; Gandhi KK; Nichols TE; Mallon AM; Kelly L; Ohlssen D; Nicholson G,Q1_ml_imputation_clinical,False,S1_excluded_title
38670741,Evaluation of a machine-learning model based on laboratory parameters for the prediction of acute leukaemia subtypes: a multicentre model development and validation study in France.,2024,Lancet Digit Health,10.1016/S2589-7500(24)00044-X,"Journal Article;Multicenter Study;Research Support, Non-U.S. Gov't;Validation Study",Alcazer V; Le Meur G; Roccon M; Barriere S; Le Calvez B; Badaoui B; Spaeth A; Kosmider O; Freynet N; Eveillard M; Croizier C; Chevalier S; Sujobert P,Q1_ml_imputation_clinical,False,S1_excluded_title
38673449,A Novel Decision Tree Model for Predicting the Cancer-Specific Survival of Patients with Bladder Cancer Treated with Radical Cystectomy.,2024,J Clin Med,10.1016/j.urolonc.2017.11.015,Journal Article,Sarrio-Sanz P; Martinez-Cayuelas L; Beltran-Perez A; Muñoz-Montoya M; Segura-Heras JV; Gil-Guillen VF; Gomez-Perez L,Q5_reporting_guidance,False,S1_excluded_title
38676138,LSTM Short-Term Wind Power Prediction Method Based on Data Preprocessing and Variational Modal Decomposition for Soft Sensors.,2024,Sensors (Basel),10.1080/15325008.2022.2050445,Journal Article,Lei P; Ma F; Zhu C; Li T,Q4_missing_indicator_deployment,False,S1_excluded_title
38684331,Distributional imputation for the analysis of censored recurrent events.,2024,Stat Med,10.1080/10543406.2017.1333999,"Journal Article;Research Support, N.I.H., Extramural;Research Support, U.S. Gov't, Non-P.H.S.",Fairfax SR; Yang S,Q3_MNAR_informative,True,included
38686622,A demonstration of estimands and sensitivity analyses for time-to-deterioration of patient reported outcomes.,2025,J Biopharm Stat,10.1080/10543406.2024.2341649,Journal Article,Floden L; DeRosa M; Roydhouse J; Beaumont JL; Hudgens S,Q3_MNAR_informative,False,S1_excluded_title
38690475,Clinical Features Predicting COVID-19 Severity Risk at the Time of Hospitalization.,2024,Cureus,10.7759/cureus.57336,Journal Article,Sagar D; Dwivedi T; Gupta A; Aggarwal P; Bhatnagar S; Mohan A; Kaur P; Gupta R,Q1_ml_imputation_clinical,False,S1_excluded_title
38699007,Prediction and analysis of risk factors for diabetic retinopathy based on machine learning and interpretable models.,2024,Heliyon,10.1016/j.heliyon.2024.e29497,Journal Article,Wang X; Wang W; Ren H; Li X; Wen Y,Q1_ml_imputation_clinical,False,S1_excluded_title
38722146,Improved clinical data imputation via classical and quantum determinantal point processes.,2024,Elife,10.1016/j.jbi.2017.11.003,"Journal Article;Research Support, Non-U.S. Gov't",Kazdaghli S; Kerenidis I; Kieckbusch J; Teare P,Q1_ml_imputation_clinical,True,included
38724019,Toward Realizing the Promise of AI in Precision Health Across the Spectrum of Care.,2024,Annu Rev Genomics Hum Genet,10.1146/annurev-genom-010323-010230,"Journal Article;Review;Research Support, Non-U.S. Gov't;Research Support, U.S. Gov't, P.H.S.",Wiens J; Spector-Bagdady K; Mukherjee B,Q1_ml_imputation_clinical,False,S1_excluded_title
38726948,Systematic Review of Prognosis Models in Predicting Tooth Loss in Periodontitis.,2024,J Dent Res,10.1177/00220345241237448,Journal Article;Systematic Review,Chow DY; Tay JRH; Nascimento GG,Q1_ml_imputation_clinical;Q5_reporting_guidance,False,S1_excluded_title
38731054,Promoting Artificial Intelligence for Global Breast Cancer Risk Prediction and Screening in Adult Women: A Scoping Review.,2024,J Clin Med,10.1097/corr.0000000000002668,Journal Article;Scoping Review,Sacca L; Lobaina D; Burgoa S; Lotharius K; Moothedan E; Gilmore N; Xie J; Mohler R; Scharf G; Knecht M; Kitsantas P,Q1_ml_imputation_clinical,False,S1_excluded_title
38736309,Omics data classification using constitutive artificial neural network optimized with single candidate optimizer.,2025,Network,10.1080/0954898X.2024.2348726,Journal Article,Madhan S; Kalaiselvan A,Q1_ml_imputation_clinical,False,S1_excluded_title
38748365,An effective role-oriented binary Walrus Grey Wolf approach for feature selection in early-stage chronic kidney disease detection.,2024,Int Urol Nephrol,10.1007/s11255-023-03569-2,Journal Article,Mamatha B; Terdal SP,Q1_ml_imputation_clinical,False,S1_excluded_title
38750112,"Evaluating distributed-learning on real-world obstetrics data: comparing distributed, centralized and local models.",2024,Sci Rep,10.1613/jair.953,Journal Article;Comparative Study,Coutinho-Almeida J; Cruz-Correia RJ; Rodrigues PP,Q1_ml_imputation_clinical,False,S1_excluded_title
38752654,Machine Learning Models for Pancreatic Cancer Risk Prediction Using Electronic Health Record Data-A Systematic Review and Assessment.,2024,Am J Gastroenterol,10.14309/ajg.0000000000002870,"Journal Article;Systematic Review;Research Support, Non-U.S. Gov't;Research Support, N.I.H., Extramural",Mishra AK; Chong B; Arunachalam SP; Oberg AL; Majumder S,Q1_ml_imputation_clinical;Q5_reporting_guidance,False,S1_excluded_title
38768153,An interpretable machine learning model for predicting 28-day mortality in patients with sepsis-associated liver injury.,2024,PLoS One,10.1200/JCO.2014.57.9151,"Journal Article;Research Support, Non-U.S. Gov't",Wen C; Zhang X; Li Y; Xiao W; Hu Q; Lei X; Xu T; Liang S; Gao X; Zhang C; Yu Z; Lü M,Q1_ml_imputation_clinical,False,S1_excluded_title
38774379,Development and validation of risk prediction model for recurrent cardiovascular events among Chinese: the Personalized CARdiovascular DIsease risk Assessment for Chinese model.,2024,Eur Heart J Digit Health,10.1093/ehjdh/ztae018,Journal Article,Zhou Y; Lin CJ; Yu Q; Blais JE; Wan EYF; Lee M; Wong E; Siu DC; Wong V; Chan EWY; Lam TW; Chui W; Wong ICK; Luo R; Chui CSL,Q1_ml_imputation_clinical,False,S1_excluded_title
38774479,Cleaning and Harmonizing Medical Image Data for Reliable AI: Lessons Learned from Longitudinal Oral Cancer Natural History Study Data.,2024,Proc SPIE Int Soc Opt Eng,10.1109/ICMLA.2019.00283,Journal Article,Xue Z; Oguguo T; Yu KJ; Chen TC; Hua CH; Kang CJ; Chien CY; Tsai MH; Wang CP; Chaturvedi AK; Antani S,Q1_ml_imputation_clinical,False,S1_excluded_title
38792332,Development and Internal Validation of Nomograms for Survival of Advanced Epithelial Ovarian Cancer Based on Established Prognostic Factors and Hematologic Parameters.,2024,J Clin Med,10.1038/bjc.2013.717,Journal Article,Said SA; IntHout J; den Ouden JE; Walraven JEW; van der Aa MA; de Hullu JA; van Altena AM,Q2_MI_prediction_models,False,S1_excluded_title
38792479,A Machine Learning-Based Mortality Prediction Model for Patients with Chronic Hepatitis C Infection: An Exploratory Study.,2024,J Clin Med,10.1148/ryai.220232,Journal Article,Al Alawi AM; Al Shuaili HH; Al-Naamani K; Al Naamani Z; Al-Busafi SA,Q1_ml_imputation_clinical,False,S1_excluded_title
38798915,A Principled Approach to Characterize and Analyze Partially Observed Confounder Data from Electronic Health Records.,2024,Clin Epidemiol,10.1093/jamiaopen/ooae008,Journal Article,Weberpals J; Raman SR; Shaw PA; Lee H; Russo M; Hammill BG; Toh S; Connolly JG; Dandreo KJ; Tian F; Liu W; Li J; Hernández-Muñoz JJ; Glynn RJ; Desai RJ,Q2_MI_prediction_models;Q3_MNAR_informative;Q4_missing_indicator_deployment,False,S1_excluded_title
38810206,Extraction and Imputation of Eastern Cooperative Oncology Group Performance Status From Unstructured Oncology Notes Using Language Models.,2024,JCO Clin Cancer Inform,10.1200/CCI.23.00269,"Journal Article;Research Support, N.I.H., Extramural;Research Support, U.S. Gov't, Non-P.H.S.",Xu W; Gu B; Lotter WE; Kehl KL,Q1_ml_imputation_clinical,True,S2_ex_E1
38810700,Prediction of inhibitor development in previously untreated and minimally treated children with severe and moderately severe hemophilia A using a machine-learning network.,2024,J Thromb Haemost,10.1016/j.jtha.2024.05.017,"Journal Article;Multicenter Study;Research Support, Non-U.S. Gov't",Jardim LL; Schieber TA; Santana MP; Cerqueira MH; Lorenzato CS; Franco VKB; Zuccherato LW; da Silva Santos BA; Chaves DG; Ravetti MG; Rezende SM,Q1_ml_imputation_clinical,False,S1_excluded_title
38813529,Deep learning model for individualized trajectory prediction of clinical outcomes in mild cognitive impairment.,2024,Front Aging Neurosci,10.1109/TCYB.2023.3344641,Journal Article,Jung W; Kim SE; Kim JP; Jang H; Park CJ; Kim HJ; Na DL; Seo SW; Suk HI,Q1_ml_imputation_clinical,False,S1_excluded_title
38830935,"An interactive atlas of genomic, proteomic, and metabolomic biomarkers promotes the potential of proteins to predict complex diseases.",2024,Sci Rep,10.1093/bioinformatics/btac757,Journal Article,Smelik M; Zhao Y; Li X; Loscalzo J; Sysoev O; Mahmud F; Mansour Aly D; Benson M,Q1_ml_imputation_clinical,False,S1_excluded_title
38841691,Establishment and validation of a 3-month prediction model for poor functional outcomes in patients with acute cardiogenic cerebral embolism related to non-valvular atrial fibrillation.,2024,Front Neurol,10.1080/01616412.2018.1451431,Journal Article,Hu L; Qiao Z; Xu M; Feng J; Shan Q; Sheng X; Xu G; Xu Y; Hu W; Wang G; Jin X,Q2_MI_prediction_models,False,S1_excluded_title
38857878,Editor's Choice - Challenges of Predicting Arteriovenous Access Survival Prior to Conversion from Catheter.,2024,Eur J Vasc Endovasc Surg,10.1016/j.ejvs.2024.06.002,Journal Article;Multicenter Study,Hofmann AG; Lama S; Zhang H; Assadian A; Sor M; Hymes J; Kotanko P; Raimann J,Q1_ml_imputation_clinical,False,S1_excluded_title
38858732,Prediction models for amputation after diabetic foot: systematic review and critical appraisal.,2024,Diabetol Metab Syndr,10.3233/shti210897,Journal Article;Review,Huang J; Yang J; Qi H; Xu M; Xu X; Zhu Y,Q1_ml_imputation_clinical;Q5_reporting_guidance,False,S1_excluded_title
38860190,Association of Glomerular Filtration Rate Decline With Clinical Outcomes in a Population With Type 2 Diabetes.,2024,Can J Kidney Health Dis,10.1016/j.ekir.2020.07.029.,Journal Article,Klarenbach SW; Collister D; Wiebe N; Bello A; Thompson S; Pannu N,Q4_missing_indicator_deployment,False,S1_excluded_title
38872523,Cross-modal missing time-series imputation using dense spatio-temporal transformer nets.,2024,Math Biosci Eng,10.3934/mbe.2024220,Journal Article,Qian X; Zhang T; Miao M; Xu G; Zhang X; Yu W; Chen D,Q4_missing_indicator_deployment,True,S2_ex_E2
38875541,Patient Embeddings From Diagnosis Codes for Health Care Prediction Tasks: Pat2Vec Machine Learning Framework.,2023,JMIR AI,10.1002/wics.1549,Journal Article,Steiger E; Kroll LE,Q1_ml_imputation_clinical,False,S1_excluded_title
38879861,Relationship between reasons for intermittent missing patient-reported outcomes data and missing data mechanisms.,2024,Qual Life Res,10.1186/s12874-020-01180-y,Journal Article,Nielsen LK; Mercieca-Bebber R; Möller S; Redder L; Jarden M; Andersen CL; Frederiksen H; Svirskaite A; Silkjær T; Steffensen MS; Pedersen PT; Hinge M; Frederiksen M; Jensen BA; Helleberg C; Mylin AK; Abildgaard N; King MT,Q3_MNAR_informative,True,included
38883261,Testing unit root non-stationarity in the presence of missing data in univariate time series of mobile health studies.,2024,J R Stat Soc Ser C Appl Stat,10.1080/17437199.2017.1343680,Journal Article,Fowler C; Cai X; Baker JT; Onnela JP; Valeri L,Q3_MNAR_informative,True,included
38886175,Systematic review of machine learning models in predicting the risk of bleed/grade of esophageal varices in patients with liver cirrhosis: A comprehensive methodological analysis.,2024,J Gastroenterol Hepatol,10.1111/jgh.16645,Journal Article;Systematic Review,Malik S; Tenorio BG; Moond V; Dahiya DS; Vora R; Dbouk N,Q1_ml_imputation_clinical;Q5_reporting_guidance,False,S1_excluded_title
38886744,The impact of different imputation methods on estimates and model performance: an example using a risk prediction model for premature mortality.,2024,Popul Health Metr,10.1177/0962280210394469,Journal Article,Hurst M; O'Neill M; Pagalan L; Diemert LM; Rosella LC,Q2_MI_prediction_models,True,included
38894557,deepAFT: A nonlinear accelerated failure time model with artificial neural network.,2024,Stat Med,10.1002/sim.10152,"Journal Article;Research Support, Non-U.S. Gov't",Norman PA; Li W; Jiang W; Chen BE,Q1_ml_imputation_clinical,False,S1_excluded_title
38897921,Nonparametric empirical Bayes biomarker imputation and estimation.,2024,Stat Med,10.1002/sim.10150,Journal Article,Barbehenn A; Zhao SD,Q3_MNAR_informative,True,included
38905045,Updated Models of Alzheimer's Disease with Deep Neural Networks.,2024,J Alzheimers Dis,10.3233/JAD-240183,Journal Article,Sakharova T; Mao S; Osadchuk M,Q1_ml_imputation_clinical,False,S1_excluded_title
38905800,Machine learning-based model for predicting outcomes in cerebral hemorrhage patients with leukemia.,2024,Eur J Radiol,10.1016/j.ejrad.2024.111543,Journal Article,Shi L; Yin P; Chen C; Fan Q; Sun C; Wang D; Cheng J; Hong N,Q1_ml_imputation_clinical;Q2_MI_prediction_models,False,S1_excluded_title
38908257,TEE4EHR: Transformer event encoder for better representation learning in electronic health records.,2024,Artif Intell Med,10.1016/j.artmed.2024.102903,Journal Article,Karami H; Atienza D; Ionescu A,Q1_ml_imputation_clinical;Q3_MNAR_informative,False,S1_excluded_title
38915091,Peak detection in intracranial pressure signal waveforms: a comparative study.,2024,Biomed Eng Online,10.1109/10.740882,Journal Article;Comparative Study,Wei M; Krakauskaite S; Subramanian S; Scalzo F,Q1_ml_imputation_clinical,False,S1_excluded_title
38915125,"Obtaining patient phenotypes in SARS-CoV-2 pneumonia, and their association with clinical severity and mortality.",2024,Pneumonia (Nathan),10.1017/S0266466620000535,Journal Article,García-García F; Lee DJ; Nieves-Ermecheo M; Bronte O; España PP; Quintana JM; Menéndez R; Torres A; Ruiz Iturriaga LA; Urrutia I;  ,Q1_ml_imputation_clinical,False,S1_excluded_title
38925343,Systematic review of multivariable prognostic models for outcomes at least 30 days after hip fracture finds 18 mortality models but no nonmortality models warranting validation.,2024,J Clin Epidemiol,10.1016/j.jclinepi.2024.111439,"Journal Article;Systematic Review;Research Support, Non-U.S. Gov't",Walsh ME; Kristensen PK; Hjelholt TJ; Hurson C; Walsh C; Ferris H; Crozier-Shaw G; Keohane D; Geary E; O'Halloran A; Merriman NA; Blake C,Q1_ml_imputation_clinical;Q5_reporting_guidance,False,S1_excluded_title
38926718,Electronic medical records imputation by temporal Generative Adversarial Network.,2024,BioData Min,10.1186/s13040-024-00372-2,Journal Article,Yin Y; Yuan Z; Tanvir IM; Bao X,Q1_ml_imputation_clinical,True,S2_ex_E1
38932821,Risk prediction models for postpartum glucose intolerance in women with a history of gestational diabetes mellitus: a scoping review.,2024,J Diabetes Metab Disord,10.1016/j.eururo.2018.08.038,Journal Article;Scoping Review,Liu Z; Jia N; Zhang Q; Liu W,Q1_ml_imputation_clinical;Q5_reporting_guidance,False,S1_excluded_title
38932996,Predictions for functional outcome and mortality in acute ischaemic stroke following successful endovascular thrombectomy.,2024,BMJ Neurol Open,10.1111/ajr.13012,Journal Article,Zeng M; Smith L; Bird A; Trinh VQ; Bacchi S; Harvey J; Jenkinson M; Scroop R; Kleinig T; Jannes J; Palmer LJ,Q2_MI_prediction_models,False,S1_excluded_title
38936227,Prediction of mortality among severely injured trauma patients A comparison between TRISS and machine learning-based predictive models.,2024,Injury,10.1016/j.injury.2024.111702,Journal Article;Comparative Study,Holtenius J; Mosfeldt M; Enocson A; Berg HE,Q2_MI_prediction_models,False,S1_excluded_title
38947282,Bayesian Simultaneous Factorization and Prediction Using Multi-Omic Data.,2024,Comput Stat Data Anal,10.1002/sim.9953,Journal Article,Samorodnitsky S; Wendt CH; Lock EF,Q3_MNAR_informative,False,S1_excluded_title
38948279,[Cluster Analysis and Ablation Success Rate in Atrial Fibrillation Patients Undergoing Catheter Ablation].,2024,Sichuan Da Xue Xue Bao Yi Xue Ban,10.1097/cm9.0000000000001515,English Abstract;Journal Article,Huang F; Zhong Y; Zhang R; Bai W; Li Y; Gong S; Chen S; Zhu T; Chen Y; Rao L,Q1_ml_imputation_clinical,False,S1_excluded_title
38954714,A deep neural network prediction method for diabetes based on Kendall's correlation coefficient and attention mechanism.,2024,PLoS One,10.48550/arXiv.1106.0257,"Journal Article;Research Support, Non-U.S. Gov't",Qi X; Lu Y; Shi Y; Qi H; Ren L,Q1_ml_imputation_clinical,False,S1_excluded_title
38964525,Machine learning-based Cerebral Venous Thrombosis diagnosis with clinical data.,2024,J Stroke Cerebrovasc Dis,10.1016/j.jstrokecerebrovasdis.2024.107848,Journal Article,Namjoo-Moghadam A; Abedi V; Avula V; Ashjazadeh N; Hooshmandi E; Abedinpour N; Rahimian Z; Borhani-Haghighi A; Zand R,Q1_ml_imputation_clinical,False,S1_excluded_title
38976465,Unified Multi-Modal Image Synthesis for Missing Modality Imputation.,2025,IEEE Trans Med Imaging,10.1109/TMI.2024.3424785,"Journal Article;Research Support, Non-U.S. Gov't",Zhang Y; Peng C; Wang Q; Song D; Li K; Kevin Zhou S,Q1_ml_imputation_clinical,True,included
38978615,Group-informed attentive framework for enhanced diabetes mellitus progression prediction.,2024,Front Endocrinol (Lausanne),10.2147/VHRM.S209830,Journal Article,Sheng C; Wang L; Long C; Yue R,Q1_ml_imputation_clinical,False,S1_excluded_title
39005485,Recent methodological advances in federated learning for healthcare.,2024,Patterns (N Y),10.5555/3304889.3305108,Journal Article;Review,Zhang F; Kreuter D; Chen Y; Dittmer S; Tull S; Shadbahr T;  ; Preller J; Rudd JHF; Aston JAD; Schönlieb CB; Gleadall N; Roberts M,Q4_missing_indicator_deployment,False,S1_excluded_title
39009776,Consumer wearable devices for evaluation of heart rate control using digoxin versus beta-blockers: the RATE-AF randomized trial.,2024,Nat Med,10.1038/s41591-020-1041-y,"Journal Article;Randomized Controlled Trial;Research Support, Non-U.S. Gov't",Gill SK; Barsky A; Guan X; Bunting KV; Karwath A; Tica O; Stanbury M; Haynes S; Folarin A; Dobson R; Kurps J; Asselbergs FW; Grobbee DE; Camm AJ; Eijkemans MJC; Gkoutos GV; Kotecha D;  ;  ;  ,Q1_ml_imputation_clinical,False,S1_excluded_title
39010291,Development and validation of 10-year risk prediction models of cardiovascular disease in Chinese type 2 diabetes mellitus patients in primary care using interpretable machine learning-based methods.,2024,Diabetes Obes Metab,10.1111/dom.15745,"Journal Article;Validation Study;Research Support, Non-U.S. Gov't",Dong W; Wan EYF; Fong DYT; Tan KC; Tsui WW; Hui EM; Chan KH; Fung CSC; Lam CLK,Q1_ml_imputation_clinical,False,S1_excluded_title
39011102,IRTCI: Item Response Theory for Categorical Imputation.,2024,Res Sq,10.1145/3269206.3272005,Journal Article;Preprint,Kline A; Luo Y,Q1_ml_imputation_clinical,True,included
39018880,"Machine learning models predict triage levels, massive transfusion protocol activation, and mortality in trauma utilizing patients hemodynamics on admission.",2024,Comput Biol Med,10.1016/j.compbiomed.2024.108880,"Journal Article;Research Support, Non-U.S. Gov't",El-Menyar A; Naduvilekandy M; Asim M; Rizoli S; Al-Thani H,Q1_ml_imputation_clinical,False,S1_excluded_title
39020394,Modelling the nicotine pharmacokinetic profile for e-cigarettes using real time monitoring of consumers' physiological measurements and mouth level exposure.,2024,BioData Min,10.1021/acs.jcim.8b00768,Journal Article,Prasad K; Griffiths A; Agrawal K; McEwan M; Macci F; Ghisoni M; Stopher M; Napleton M; Strickland J; Keating D; Whitehead T; Conduit G; Murray S; Edward L,Q1_ml_imputation_clinical,False,S1_excluded_title
39027620,A novel clinical prediction model for in-hospital mortality in sepsis patients complicated by ARDS: A MIMIC IV database and external validation study.,2024,Heliyon,10.1016/j.heliyon.2024.e33337,Journal Article,Chen Y; Zong C; Zou L; Zhang Z; Yang T; Zong J; Wan X,Q1_ml_imputation_clinical,False,S1_excluded_title
39038911,Development of machine learning models predicting mortality using routinely collected observational health data from 0-59 months old children admitted to an intensive care unit in Bangladesh: critical role of biochemistry and haematology data.,2024,BMJ Paediatr Open,10.1186/s12916-019-1258-0,Journal Article,Das S; Erdman L; Brals D; Boczek B; Hasan SMT; Massara P; Alam MA; Fahim SM; Mahfuz M; Hoogendoorn M; Zuiderent-Jerak T; Bandsma RHJ; Ahmed T; Voskuijl W,Q1_ml_imputation_clinical,False,S1_excluded_title
39046616,The FACT-GP5 as a global tolerability measure: responsiveness and robustness to missing assessments.,2024,Qual Life Res,10.1080/15248371003699969,Journal Article;Randomized Controlled Trial,Arizmendi C; Zhu Y; Khan M; Gable J; Reeve BB; King-Kallimanis B; Bell J,Q3_MNAR_informative,True,included
39046737,Symptoms of Posttraumatic Stress Disorder Among Japanese Peacekeepers Deployed in South Sudan.,2024,JAMA Netw Open,10.1176/appi.ajp.2008.07121960,"Journal Article;Research Support, Non-U.S. Gov't",Kitano M; Giltay EJ; Saito T; van der Does FHS; Chiba T; Vermetten E; Edo N; Waki F; Koga M; Toda H; van der Wee NJ; Nagamine M,Q4_missing_indicator_deployment,False,S1_excluded_title
39049049,Incorporating informatively collected laboratory data from EHR in clinical prediction models.,2024,BMC Med Inform Decis Mak,10.18637/jss.v033.i01,Journal Article,Sun M; Engelhard MM; Bedoya AD; Goldstein BA,Q1_ml_imputation_clinical,False,S1_excluded_title
39055938,Risk prediction of heart diseases in patients with breast cancer: A deep learning approach with longitudinal electronic health records data.,2024,iScience,10.1016/j.isci.2024.110329,Journal Article,Zhou S; Blaes A; Shenoy C; Sun J; Zhang R,Q1_ml_imputation_clinical,False,S1_excluded_title
39071634,Practice of distributed machine learning in clinical modeling for chronic obstructive pulmonary disease.,2024,Heliyon,10.1016/j.heliyon.2024.e33566,Journal Article,Peng J; Liu X; Cai Z; Huang Y; Lin J; Zhou M; Xiao Z; Lai H; Cao Z; Peng H; Wang J; Xu J,Q1_ml_imputation_clinical,False,S1_excluded_title
39080381,Computer-aided prognosis of tuberculous meningitis combining imaging and non-imaging data.,2024,Sci Rep,10.1016/j.ejrad.2005.04.017,Journal Article,Canas LS; Dong THK; Beasley D; Donovan J; Cleary JO; Brown R; Thuong NTT; Nguyen PH; Nguyen HT; Razavi R; Ourselin S; Thwaites GE; Modat M;  ,Q1_ml_imputation_clinical,False,S1_excluded_title
39091819,predicTTE: An accessible and optimal tool for time-to-event prediction in neurological diseases.,2024,bioRxiv,10.18637/jss.v070.i08,Journal Article;Preprint,Weinreich M; McDonough H; Yacovzada N; Magen I; Cohen Y; Harvey C; Gornall S; Boddy S; Alix J; Mohseni N; Kurz JM; Kenna KP; Zhang S; Iacoangeli A; Al-Khleifat A; Snyder MP; Hobson E; Al-Chalabi A; Hornstein E; Elhaik E; Shaw PJ; McDermott C; Cooper-Knock J,Q1_ml_imputation_clinical,False,S1_excluded_title
39093499,Modality redundancy for MRI-based glioblastoma segmentation.,2024,Int J Comput Assist Radiol Surg,10.1038/sdata.2017.1,Journal Article,De Sutter S; Wuts J; Geens W; Vanbinst AM; Duerinck J; Vandemeulebroucke J,Q1_ml_imputation_clinical,False,S1_excluded_title
39100505,Cardiac disease risk prediction using machine learning algorithms.,2024,Healthc Technol Lett,10.1016/j.compbiomed.2021.104672,Journal Article,Stonier AA; Gorantla RK; Manoj K,Q1_ml_imputation_clinical,False,S1_excluded_title
39101211,Development and initial evaluation of a clinical prediction model for risk of treatment resistance in first-episode psychosis: Schizophrenia Prediction of Resistance to Treatment (SPIRIT).,2024,Br J Psychiatry,10.1192/bjp.2024.101,Journal Article,Farooq S; Hattle M; Kingstone T; Ajnakina O; Dazzan P; Demjaha A; Murray RM; Di Forti M; Jones PB; Doody GA; Shiers D; Andrews G; Milner A; Nettis MA; Lawrence AJ; van der Windt DA; Riley RD,Q2_MI_prediction_models,False,S1_excluded_title
39105491,The utility and impact of digital endpoints for improving breast cancer outcomes.,2025,Expert Rev Pharmacoecon Outcomes Res,10.1080/14737167.2024.2390056,Journal Article;Review,Jatoi I; Gelfond JAL,Q3_MNAR_informative,False,S1_excluded_title
39132072,Accounting for Liver Transplant in Acute Liver Failure Research.,2022,Gastro Hep Adv,10.1016/j.gastha.2022.02.026,Journal Article,Livingston SI; Durkalski-Mauldin V,Q2_MI_prediction_models,False,S1_excluded_title
39133623,Bleeding recurrence risk among hospitalized patients undergoing therapeutic plasma exchange: a multi-center study.,2024,Blood Transfus,10.5152/eurjrheum.2017.17088,Journal Article,Junior ASF; Lessa MPM; Sanborn K; Gordee A; Kuchibhatla M; Karafin MS; Onwuemene OA,Q2_MI_prediction_models,False,S1_excluded_title
39134969,Machine learning-based model to predict composite thromboembolic events among Chinese elderly patients with atrial fibrillation.,2024,BMC Cardiovasc Disord,10.1253/circj.CJ-21-0622,"Journal Article;Validation Study;Research Support, Non-U.S. Gov't",Ren J; Wang H; Lai S; Shao Y; Che H; Xue Z; Qi X; Zhang S; Dai J; Wang S; Li K; Gan W; Si Q,Q1_ml_imputation_clinical,False,S1_excluded_title
39135800,Machine learning-based prediction model for the efficacy and safety of statins.,2024,Front Pharmacol,10.1016/S0140-6736(19)30427-1,Journal Article,Xiong Y; Liu X; Wang Q; Zhao L; Kong X; Da C; Meng Z; Qu L; Xia Q; Liu L; Li P,Q1_ml_imputation_clinical,False,S1_excluded_title
39137674,Discovery of generalizable TBI phenotypes using multivariate time-series clustering.,2024,Comput Biol Med,10.3109/02699052.2014.888769,"Journal Article;Research Support, N.I.H., Extramural;Research Support, U.S. Gov't, Non-P.H.S.",Ghaderi H; Foreman B; Reddy CK; Subbian V,Q1_ml_imputation_clinical,False,S1_excluded_title
39144299,Establishing a risk prediction model for residual pulmonary vascular obstruction after regular anticoagulant therapy for non-high-risk pulmonary embolism.,2024,J Thorac Dis,10.1136/bmjresp-2022-001559,Journal Article,Zhu D; Feng J; Guo J; Duan J; Yang Y; Leng J,Q1_ml_imputation_clinical,False,S1_excluded_title
39149454,"APRICOT-Mamba: Acuity Prediction in Intensive Care Unit (ICU): Development and Validation of a Stability, Transitions, and Life-Sustaining Therapies Prediction Model.",2024,Res Sq,10.1093/jamia/ocac060,Journal Article;Preprint,Contreras M; Silva B; Shickel B; Davidson A; Ozrazgat-Baslanti T; Ren Y; Guan Z; Balch J; Zhang J; Bandyopadhyay S; Loftus T; Khezeli K; Nerella S; Bihorac A; Rashidi P,Q1_ml_imputation_clinical,False,S1_excluded_title
39152423,Prediction of sepsis mortality in ICU patients using machine learning methods.,2024,BMC Med Inform Decis Mak,10.3390/min10050420,Journal Article,Gao J; Lu Y; Ashrafi N; Domingo I; Alaei K; Pishgar M,Q1_ml_imputation_clinical,False,S1_excluded_title
39158907,Machine Learning Prediction of Autism Spectrum Disorder From a Minimal Set of Medical and Background Information.,2024,JAMA Netw Open,10.1016/S1474-4422(22)00407-0,"Journal Article;Research Support, Non-U.S. Gov't",Rajagopalan SS; Zhang Y; Yahia A; Tammimies K,Q1_ml_imputation_clinical,False,S1_excluded_title
39160126,Prediction of multidrug-resistant bacteria (MDR) hospital-acquired infection (HAI) and colonisation: A systematic review.,2025,Infect Dis Health,10.1016/j.idh.2024.07.003,"Journal Article;Systematic Review;Research Support, Non-U.S. Gov't",Dantas LF; Peres IT; Antunes BBP; Bastos LSL; Hamacher S; Kurtz P; Martin-Loeches I; Bozza FA,Q1_ml_imputation_clinical;Q5_reporting_guidance,False,S1_excluded_title
39160644,Unsupervised machine learning to identify subphenotypes among cardiac intensive care unit patients with heart failure.,2024,ESC Heart Fail,10.1161/CIRCHEARTFAILURE.116.003109,Journal Article,Jentzer JC; Reddy YNV; Soussi S; Crespo-Diaz R; Patel PC; Lawler PR; Mebazaa A; Dunlay SM,Q1_ml_imputation_clinical,False,S1_excluded_title
39161387,Risk prediction model for postoperative pneumonia in esophageal cancer patients: A systematic review.,2024,Front Oncol,10.1186/s12967-022-03389-5,Journal Article;Systematic Review,Jiang Y; Li Z; Jiang W; Wei T; Chen B,Q5_reporting_guidance,False,S1_excluded_title
39163610,Exploring Computational Techniques in Preprocessing Neonatal Physiological Signals for Detecting Adverse Outcomes: Scoping Review.,2024,Interact J Med Res,10.1146/annurev-bioeng-071516-044442,Journal Article;Scoping Review,Rahman J; Brankovic A; Tracy M; Khanna S,Q1_ml_imputation_clinical,False,S1_excluded_title
39166944,Abdominal perfusion pressure is critical for survival analysis in patients with intra-abdominal hypertension: mortality prediction using incomplete data.,2025,Int J Surg,10.1097/JS9.0000000000002026,Journal Article,Xu L; Zhao W; He J; Hou S; He J; Zhuang Y; Wang Y; Yang H; Xiao J; Qiu Y,Q1_ml_imputation_clinical,True,included
39168869,Machine learning-based reproducible prediction of type 2 diabetes subtypes.,2024,Diabetologia,10.2337/db20-1281,Journal Article,Tanabe H; Sato M; Miyake A; Shimajiri Y; Ojima T; Narita A; Saito H; Tanaka K; Masuzaki H; Kazama JJ; Katagiri H; Tamiya G; Kawakami E; Shimabukuro M,Q1_ml_imputation_clinical,False,S1_excluded_title
39176827,"Continuous, Learned Imputation of Missing Values in Parkinson's Disease.",2024,Stud Health Technol Inform,10.3233/SHTI240499,"Journal Article;Research Support, Non-U.S. Gov't",Gundler C; Pötter-Nerger M,Q1_ml_imputation_clinical,True,included
39176840,Comparison of Imputation Methods for Categorical Real-World Prostate Cancer Data with Natural Order.,2024,Stud Health Technol Inform,10.3233/SHTI240780,Journal Article;Comparative Study,Schmitt S; Rothlauf F,Q2_MI_prediction_models,True,included
39180924,Multiomics and eXplainable artificial intelligence for decision support in insulin resistance early diagnosis: A pediatric population-based longitudinal study.,2024,Artif Intell Med,10.1016/j.artmed.2024.102962,"Journal Article;Research Support, Non-U.S. Gov't",Torres-Martos Á; Anguita-Ruiz A; Bustos-Aibar M; Ramírez-Mena A; Arteaga M; Bueno G; Leis R; Aguilera CM; Alcalá R; Alcalá-Fdez J,Q1_ml_imputation_clinical,False,S1_excluded_title
39188971,An early sepsis prediction model utilizing machine learning and unbalanced data processing in a clinical context.,2024,Prev Med Rep,10.3390/app13063875,Journal Article,Zhou L; Shao M; Wang C; Wang Y,Q1_ml_imputation_clinical,False,S1_excluded_title
39189355,Artificial neural network prediction of postoperative complications in papillary thyroid microcarcinoma based on preoperative ultrasonographic features.,2024,J Clin Ultrasound,10.1002/jcu.23800,Journal Article,Yi Z; He E; Yang P; Wang Z; Hu X; Feng Y,Q1_ml_imputation_clinical,False,S1_excluded_title
39192350,Machine learning prediction and explanatory models of serious infections in patients with rheumatoid arthritis treated with tofacitinib.,2024,Arthritis Res Ther,10.1016/j.berh.2007.05.006,Journal Article,Hetland ML; Strangfeld A; Bonfanti G; Soudis D; Deuring JJ; Edwards RA,Q1_ml_imputation_clinical,False,S1_excluded_title
39198744,Identify the most appropriate imputation method for handling missing values in clinical structured datasets: a systematic review.,2024,BMC Med Res Methodol,10.1108/DTA-12-2020-0298,Journal Article;Systematic Review,Afkanpour M; Hosseinzadeh E; Tabesh H,Q1_ml_imputation_clinical,True,included
39199698,A Comparative Study on Imputation Techniques: Introducing a Transformer Model for Robust and Efficient Handling of Missing EEG Amplitude Data.,2024,Bioengineering (Basel),10.1109/JBHI.2021.3073632,Journal Article,Khan MA,Q1_ml_imputation_clinical,True,included
39215245,Multi-metric comparison of machine learning imputation methods with application to breast cancer survival.,2024,BMC Med Res Methodol,10.1093/aje/kwab271,Journal Article;Comparative Study,El Badisy I; Graffeo N; Khalis M; Giorgi R,Q1_ml_imputation_clinical,True,included
39215286,The PROgnostic ModEl for chronic lung disease (PRO-MEL): development and temporal validation.,2024,BMC Pulm Med,10.1177/1744987119840066,Journal Article;Validation Study,Ng SH; Chiam ZY; Chai GT; Kaur P; Yip WF; Low ZJ; Chu J; Tey LH; Neo HY; Tan WS; Hum A,Q2_MI_prediction_models,False,S1_excluded_title
39226650,Machine learning in the prediction of treatment response in rheumatoid arthritis: A systematic review.,2024,Semin Arthritis Rheum,10.1016/j.semarthrit.2024.152501,Systematic Review;Journal Article,Mendoza-Pinto C; Sánchez-Tecuatl M; Berra-Romani R; Maya-Castro ID; Etchegaray-Morales I; Munguía-Realpozo P; Cárdenas-García M; Arellano-Avendaño FJ; García-Carrasco M,Q5_reporting_guidance,False,S1_excluded_title
39227979,RNAseqCovarImpute: a multiple imputation procedure that outperforms complete case and single imputation differential expression analysis.,2024,Genome Biol,10.1152/ajplung.00343.2016,Journal Article,Baker BH; Sathyanarayana S; Szpiro AA; MacDonald JW; Paquette AG,Q2_MI_prediction_models,True,S2_ex_E4
39228709,Protocol for the development and validation of machine-learning models for predicting the risk of hypertriglyceridemia in critically ill patients receiving propofol sedation using retrospective data.,2025,medRxiv,10.1101/2024.08.17.24312159,Journal Article;Preprint,Deng J; Heybati K; Yadav H,Q1_ml_imputation_clinical,False,S1_excluded_title
39231126,A machine learning-based prediction of hospital mortality in mechanically ventilated ICU patients.,2024,PLoS One,10.1186/s12911-021-01506-w,Journal Article,Li H; Ashrafi N; Kang C; Zhao G; Chen Y; Pishgar M,Q1_ml_imputation_clinical,False,S1_excluded_title
39236270,Common Critiques and Recommendations for Studies in Neurology Using Machine Learning Methods.,2024,Neurology,10.1016/S2589-7500(20)30219-3,Journal Article,Speiser JL; Kerr WT; Ziegler A,Q5_reporting_guidance,False,S1_excluded_title
39237927,Data privacy-aware machine learning approach in pancreatic cancer diagnosis.,2024,BMC Med Inform Decis Mak,10.1016/j.clinbiochem.2019.04.013,Journal Article,Akmeşe ÖF,Q1_ml_imputation_clinical,False,S1_excluded_title
39243025,Handling missing data and measurement error for early-onset myopia risk prediction models.,2024,BMC Med Res Methodol,10.1097/00006324-200401000-00007,Journal Article,Lai H; Gao K; Li M; Li T; Zhou X; Zhou X; Guo H; Fu B,Q2_MI_prediction_models,True,included
39248704,Functional Principal Component Analysis as an Alternative to Mixed-Effect Models for Describing Sparse Repeated Measures in Presence of Missing Data.,2024,Stat Med,10.1002/sim.10214,"Journal Article;Research Support, Non-U.S. Gov't",Ségalas C; Helmer C; Genuer R; Proust-Lima C,Q3_MNAR_informative,True,included
39253518,Imputation of cancer proteomics data with a deep model that learns from many datasets.,2024,bioRxiv,10.1101/2024.08.26.609780,Journal Article;Preprint,Harris L; Noble WS,Q1_ml_imputation_clinical,True,S2_ex_E4
39267895,SADI: Similarity-Aware Diffusion Model-Based Imputation for Incomplete Temporal EHR Data.,2024,Proc Mach Learn Res,,Journal Article,Dai Z; Getzen E; Long Q,Q3_MNAR_informative,True,included
39274215,Platelet Metabolites as Candidate Biomarkers in Sepsis Diagnosis and Management Using the Proposed Explainable Artificial Intelligence Approach.,2024,J Clin Med,10.1126/scitranslmed.abq4433,Journal Article,Yagin FH; Aygun U; Algarni A; Colak C; Al-Hashem F; Ardigò LP,Q1_ml_imputation_clinical,False,S1_excluded_title
39279417,Development and temporal validation of a clinical prediction model of transition to psychosis in individuals at ultra-high risk in the UHR 1000+ cohort.,2024,World Psychiatry,10.1093/schbul/sbae005,Journal Article,Hartmann S; Dwyer D; Cavve B; Byrne EM; Scott I; Gao C; Wannan C; Yuen HP; Hartmann J; Lin A; Wood SJ; Wigman JTW; Middeldorp CM; Thompson A; Amminger P; Schlögelhofer M; Riecher-Rössler A; Chen EYH; Hickie IB; Phillips LJ; Schäfer MR; Mossaheb N; Smesny S; Berger G; de Haan L; Nordentoft M; Verma S; Nieman DH; McGorry PD; Yung AR; Clark SR; Nelson B,Q2_MI_prediction_models,False,S1_excluded_title
39284185,Viral Load-Based Prediction of Hepatocellular Carcinoma Risk in Noncirrhotic Patients With Chronic Hepatitis B : A Multinational Study for the Development and External Validation of a New Prognostic Model.,2024,Ann Intern Med,10.7326/M24-0384,Journal Article;Validation Study;Multicenter Study,Kim GA; Lim YS; Han S; Choi GH; Choi WM; Choi J; Sinn DH; Paik YH; Lee JH; Lee YB; Cho JY; Heo NY; Yuen MF; Wong VW; Chan SL; Yang HI; Chen CJ,Q2_MI_prediction_models,False,S1_excluded_title
39286619,Using the Electronic Health Record to Develop a Gastric Cancer Risk Prediction Model.,2024,Gastro Hep Adv,10.1016/j.gastha.2024.07.001,Journal Article,Kim MK; Rouphael C; Wehbe S; Yoon JY; Wisnivesky J; McMichael J; Welch N; Dasarathy S; Zabor EC,Q2_MI_prediction_models,False,S1_excluded_title
39289621,The BCPM method: decoding breast cancer with machine learning.,2024,BMC Med Imaging,10.1016/j.bspc.2023.105377,Journal Article,Almarri B; Gupta G; Kumar R; Vandana V; Asiri F; Khan SB,Q1_ml_imputation_clinical,False,S1_excluded_title
39305561,Predicting prolonged length of stay following revision total knee arthroplasty: A national database analysis using machine learning models.,2024,Int J Med Inform,10.1016/j.ijmedinf.2024.105634,Journal Article,Mittal A; Buddhiraju A; Abdullah Subih M; Lin-Wei Chen T; Shimizu M; Hojoon Seo H; Rezazadehsaatlou M; Xiao P; Kwon YM,Q1_ml_imputation_clinical,False,S1_excluded_title
39310714,Making the most out of timeseries symptom data: A machine learning study on symptom predictions of internet-based CBT.,2024,Internet Interv,10.1007/s41666-023-00148-z,Journal Article,Hentati Isacsson N; Zantvoort K; Forsell E; Boman M; Kaldo V,Q2_MI_prediction_models,False,S1_excluded_title
39313452,Need for Transparency and Clinical Interpretability in Hemorrhagic Stroke Artificial Intelligence Research: Promoting Effective Clinical Application.,2024,Yonsei Med J,10.1109/ICCV48922.2021.00137,Journal Article,Lim CY; Sohn B; Seong M; Kim EY; Kim ST; Won SY,Q1_ml_imputation_clinical,False,S1_excluded_title
39318684,The use of imputation in clinical decision support systems: a cardiovascular risk management pilot vignette study among clinicians.,2024,Eur Heart J Digit Health,10.1093/ehjdh/ztae058,Journal Article,Haitjema S; Nijman SWJ; Verkouter I; Jacobs JJL; Asselbergs FW; Moons KGM; Beekers I; Debray TPA; Bots ML,Q4_missing_indicator_deployment,True,S2_ex_E1
39326470,The performance of prognostic models depended on the choice of missing value imputation algorithm: a simulation study.,2024,J Clin Epidemiol,10.1016/j.jclinepi.2024.111539,"Journal Article;Research Support, Non-U.S. Gov't",Deforth M; Heinze G; Held U,Q1_ml_imputation_clinical;Q2_MI_prediction_models,True,included
39328810,Development and validation of the Florey Dementia Risk Score web-based tool to screen for Alzheimer's disease in primary care.,2024,EClinicalMedicine,10.1016/j.eclinm.2024.102834,Journal Article,Pan Y; Chu C; Wang Y; Wang Y; Ji G; Masters CL; Goudey B; Jin L;  ,Q1_ml_imputation_clinical,False,S1_excluded_title
39335697,Prediction Models for Perioperative Blood Transfusion in Patients Undergoing Gynecologic Surgery: A Systematic Review.,2024,Diagnostics (Basel),10.1016/j.jclinepi.2018.07.010,Journal Article;Review,Pan Z; Charoenkwan K,Q5_reporting_guidance,False,S1_excluded_title
39347111,Accuracy of machine learning in predicting outcomes post-percutaneous coronary intervention: a systematic review.,2024,AsiaIntervention,10.4244/AIJ-D-23-00023,Journal Article,Wee CF; Tan CJ; Yau CE; Teo YH; Go R; Teo YN; Jyn BK; Syn NL; Sim HW; Chen JZ; Wong RCC; Yip JW; Tan HC; Yeo TC; Chai P; Li TYW; Yeung WL; Djohan AH; Sia CH,Q1_ml_imputation_clinical,False,S1_excluded_title
39358502,Predictive Factors of Apparent Treatment Resistant Hypertension Among Patients With Hypertension Identified Using Electronic Health Records.,2025,J Gen Intern Med,10.2202/1544-6115.1309,"Journal Article;Research Support, N.I.H., Extramural",Lin S; Hsu YJ; Kim JS; Jackson JW; Segal JB,Q1_ml_imputation_clinical;Q4_missing_indicator_deployment,False,S1_excluded_title
39371143,Federated Multiple Imputation for Variables that Are Missing Not At Random in Distributed Electronic Health Records.,2024,medRxiv,10.1101/2024.09.15.24313479,Journal Article;Preprint,Lian Y; Jiang X; Long Q,Q1_ml_imputation_clinical;Q3_MNAR_informative,True,included
39375597,Multiple imputation using auxiliary imputation variables that only predict missingness can increase bias due to data missing not at random.,2024,BMC Med Res Methodol,10.1093/biomet/asx009,Journal Article,Curnow E; Cornish RP; Heron JE; Carpenter JR; Tilling K,Q3_MNAR_informative,True,included
39377510,Estimating Change in Health-Related Quality of Life before and after Stroke: Challenges and Possible Solutions.,2024,Med Decis Making,10.1177/0272989X241285038,Journal Article,Thompson NR; Lapin BR; Katzan IL,Q3_MNAR_informative,False,S1_excluded_title
39381208,Prediction models for postpartum stress urinary incontinence: A systematic review.,2024,Heliyon,10.1016/j.jclinepi.2015.04.005,Journal Article,Wang L; Zhang M; Sha K; Qiao Y; Dong Q,Q5_reporting_guidance,False,S1_excluded_title
39384934,Methodological choices and clinical usefulness for machine learning predictions of outcome in Internet-based cognitive behavioural therapy.,2024,Commun Med (Lond),10.1037/ccp0000451,Journal Article,Hentati Isacsson N; Ben Abdesslem F; Forsell E; Boman M; Kaldo V,Q1_ml_imputation_clinical,False,S1_excluded_title
39385080,Environmental chemical exposures and a machine learning-based model for predicting hypertension in NHANES 2003-2016.,2024,BMC Cardiovasc Disord,10.1038/srep31935,Journal Article;Comparative Study,Guo K; Ni W; Du L; Zhou Y; Cheng L; Zhou H,Q2_MI_prediction_models,False,S1_excluded_title
39387063,Attention-based Imputation of Missing Values in Electronic Health Records Tabular Data.,2024,Proc (IEEE Int Conf Healthc Inform),10.1016/j.jbi.2023.104440,Journal Article,Kowsar I; Rabbani SB; Samad MD,Q1_ml_imputation_clinical,True,included
39389273,Joint models inform the longitudinal assessment of patient-reported outcomes in clinical trials: a simulation study and secondary analysis of the restrictive Vs. liberal fluid therapy for major abdominal surgery (RELIEF) randomized controlled trial.,2024,J Clin Epidemiol,10.1016/j.jclinepi.2024.111553,"Journal Article;Research Support, Non-U.S. Gov't",Daza JF; Mitani AA; Alibhai SMH; Smith PM; Kennedy ED; Shulman MA; Myles PS; Wijeysundera DN,Q3_MNAR_informative,False,S1_excluded_title
39396931,Novel Diagnostic Approach for Acute Pharyngitis: Combining Machine Learning With Thermal Imaging.,2025,J Biophotonics,10.1002/jbio.202400219,"Journal Article;Research Support, Non-U.S. Gov't",Hoffer O; Cohen M; Gerstein M; Shkalim Zemer V; Reichenberg Y; Bykhovsky D; Hoshen M; Cohen HA,Q1_ml_imputation_clinical,False,S1_excluded_title
39399376,SepsisLab: Early Sepsis Prediction with Uncertainty Quantification and Active Sensing.,2024,KDD,10.1109/JBHI.2020.2995139,Journal Article,Yin C; Chen PY; Yao B; Wang D; Caterino J; Zhang P,Q1_ml_imputation_clinical,False,S1_excluded_title
39409286,Comparative Assessment of Multimodal Sensor Data Quality Collected Using Android and iOS Smartphones in Real-World Settings.,2024,Sensors (Basel),10.3389/fpubh.2021.763621,Journal Article;Comparative Study,Halabi R; Selvarajan R; Lin Z; Herd C; Li X; Kabrit J; Tummalacherla M; Chaibub Neto E; Pratap A,Q1_ml_imputation_clinical,False,S1_excluded_title
39417878,Challenges and applications in generative AI for clinical tabular data in physiology.,2025,Pflugers Arch,10.3389/fdata.2023.1296508,Journal Article;Review,Umesh C; Mahendra M; Bej S; Wolkenhauer O; Wolfien M,Q1_ml_imputation_clinical,False,S1_excluded_title
39427084,Leveraging the variational Bayes autoencoder for survival analysis.,2024,Sci Rep,10.32604/csse.2021.017969,Journal Article,Apellániz PA; Parras J; Zazo S,Q1_ml_imputation_clinical,False,S1_excluded_title
39433150,AI-based open-source software for cephalometric analysis from limited FOV radiographs.,2024,J Dent,10.1016/j.jdent.2024.105412,"Journal Article;Research Support, Non-U.S. Gov't",Zecca PA; Caccia M; Levrini L; Carganico A; Reguzzoni M; Donadio D; Tosi D; Protasoni M,Q1_ml_imputation_clinical,False,S1_excluded_title
39435292,Creating an interactive database for nasopharyngeal carcinoma management: applying machine learning to evaluate metastasis and survival.,2024,Front Oncol,10.1002/cam4.2802,Journal Article,Sun Y; Tan J; Li C; Yu D; Chen W,Q1_ml_imputation_clinical,False,S1_excluded_title
39447089,Machine Learning to Predict Interim Response in Pediatric Classical Hodgkin Lymphoma Using Affordable Blood Tests.,2024,JCO Glob Oncol,10.1200/CCI.20.00078,"Journal Article;Research Support, Non-U.S. Gov't",Geel JA; Hramyka A; du Plessis J; Goga Y; Van Zyl A; Hendricks MG; Naidoo T; Mathew R; Louw L; Carr A; Neethling B; Schickerling TM; Omar F; Du Plessis L; Madzhia E; Netshituni V; Eyal K; Ngcana TVZ; Kelsey T; Ballott DE; Metzger ML;  ,Q1_ml_imputation_clinical,False,S1_excluded_title
39447572,iSubGen generates integrative disease subtypes by pairwise similarity assessment.,2024,Cell Rep Methods,10.1186/s12859-019-2610-2,Journal Article,Fox NS; Tian M; Markowitz AL; Haider S; Li CH; Boutros PC,Q1_ml_imputation_clinical,False,S1_excluded_title
39448629,Multiple imputation integrated to machine learning: predicting post-stroke recovery of ambulation after intensive inpatient rehabilitation.,2024,Sci Rep,10.1159/000522254,Journal Article,Finocchi A; Campagnini S; Mannini A; Doronzio S; Baccini M; Hakiki B; Bardi D; Grippo A; Macchi C; Navarro Solano J; Baccini M; Cecchi F,Q1_ml_imputation_clinical,True,S2_ex_E1
39450737,Automated Extraction of Stroke Severity From Unstructured Electronic Health Records Using Natural Language Processing.,2024,J Am Heart Assoc,10.1111/j.2517-6161.1996.tb02080.x,"Journal Article;Research Support, N.I.H., Extramural",Fernandes M; Westover MB; Singhal AB; Zafar SF,Q1_ml_imputation_clinical,False,S1_excluded_title
39459956,Predicting Clinical Outcomes in COVID-19 and Pneumonia Patients: A Machine Learning Approach.,2024,Viruses,10.1056/NEJMcp2009575,"Journal Article;Research Support, Non-U.S. Gov't",Cai K; Wang Z; Yang X; Fu W; Zhao X,Q1_ml_imputation_clinical,False,S1_excluded_title
39468585,Pilot deployment of a machine-learning enhanced prediction of need for hemorrhage resuscitation after trauma - the ShockMatrix pilot study.,2024,BMC Med Inform Decis Mak,10.1007/s00068-022-01998-9,Journal Article,Gauss T; Moyer JD; Colas C; Pichon M; Delhaye N; Werner M; Ramonda V; Sempe T; Medjkoune S; Josse J; James A; Harrois A;  ,Q1_ml_imputation_clinical,False,S1_excluded_title
39473609,Predictive modeling of biomedical temporal data in healthcare applications: review and future directions.,2024,Front Physiol,10.1016/j.physrep.2018.10.005,Journal Article;Review,Patharkar A; Cai F; Al-Hindawi F; Wu T,Q1_ml_imputation_clinical,False,S1_excluded_title
39481010,Analysis of 2019 Ohio Disease Intervention Specialist Records for Syphilis Cases Using Clustering Algorithms.,2025,Sex Transm Dis,10.1097/OLQ.0000000000002091,"Journal Article;Research Support, N.I.H., Extramural",Chakraborty P; Ning X; McNeill M; Kline DM; Shoben AB; Miller WC; Norris Turner A,Q1_ml_imputation_clinical,False,S1_excluded_title
39481177,Post-Cardiac arrest outcome prediction using machine learning: A systematic review and meta-analysis.,2025,Int J Med Inform,10.1016/j.ijmedinf.2024.105659,"Journal Article;Systematic Review;Meta-Analysis;Research Support, Non-U.S. Gov't",Zobeiri A; Rezaee A; Hajati F; Argha A; Alinejad-Rokny H,Q1_ml_imputation_clinical;Q5_reporting_guidance,False,S1_excluded_title
39482204,Novel multimodal sensing and machine learning strategies to classify cognitive workload in laparoscopic surgery.,2025,Eur J Surg Oncol,10.1016/j.ejso.2024.108735,Journal Article,Naik R; Rubio-Solis A; Jin K; Mylonas G,Q1_ml_imputation_clinical,False,S1_excluded_title
39484276,Predicting 30-Day and 1-Year Mortality in Heart Failure with Preserved Ejection Fraction (HFpEF).,2024,medRxiv,10.13026/hxp0-hg59,Journal Article;Preprint,Shin I; Bhatt N; Alashi A; Kandala K; Murugiah K,Q1_ml_imputation_clinical,False,S1_excluded_title
39497942,Machine Learning-powered 28-day Mortality Prediction Model for Hospitalized Patients with Acute Decompensation of Liver Cirrhosis.,2024,Oman Med J,10.1111/hepr.12751,Journal Article,Al Alawi AM; Al Kaabi H; Al Falahi Z; Al-Naamani Z; Al Busafi S,Q1_ml_imputation_clinical,False,S1_excluded_title
39509461,Bias in medical AI: Implications for clinical decision-making.,2024,PLOS Digit Health,10.1016/j.ebiom.2023.104512,Journal Article;Review,Cross JL; Choma MA; Onofrey JA,Q4_missing_indicator_deployment,False,S1_excluded_title
39521197,A systematic review of reporting and handling of missing data in observational studies using the UNOS database.,2025,J Heart Lung Transplant,10.1016/j.healun.2024.10.023,Journal Article;Systematic Review,Baker WL; Moore TE; Baron E; Kittleson M; Parker WF; Jaiswal A,Q4_missing_indicator_deployment,True,included
39533114,Domain knowledge-guided machine learning framework for state of health estimation in Lithium-ion batteries.,2024,Commun Eng,10.1111/insr.12020_10,Journal Article,Lanubile A; Bosoni P; Pozzato G; Allam A; Acquarone M; Onori S,Q4_missing_indicator_deployment,False,S1_excluded_title
39535656,QTc interval prolongation impact on in-hospital mortality in acute coronary syndromes patients using artificial intelligence and machine learning.,2024,Egypt Heart J,10.1016/S0140-6736(21)00038-6,Journal Article,El Amrawy AM; Abd El Salam SFED; Ayad SW; Sobhy MA; Awad AM,Q1_ml_imputation_clinical,False,S1_excluded_title
39538117,Accounting for bias due to outcome data missing not at random: comparison and illustration of two approaches to probabilistic bias analysis: a simulation study.,2024,BMC Med Res Methodol,10.1101/2023.10.17.23297137v1,Journal Article;Comparative Study,Kawabata E; Major-Smith D; Clayton GL; Shapland CY; Morris TP; Carter AR; Fernández-Sanlés A; Borges MC; Tilling K; Griffith GJ; Millard LAC; Smith GD; Lawlor DA; Hughes RA,Q3_MNAR_informative,True,included
39552060,Recoverability of causal effects under presence of missing data: a longitudinal case study.,2025,Biostatistics,10.18637/jss.v076.i12,"Journal Article;Research Support, Non-U.S. Gov't",Holovchak A; McIlleron H; Denti P; Schomaker M,Q3_MNAR_informative,True,included
39552750,Estimating spatially varying health effects of wildland fire smoke using mobile health data.,2024,J R Stat Soc Ser C Appl Stat,10.1093/biomet/asz057,Journal Article,Wu L; Gao C; Yang S; Reich BJ; Rappold AG,Q3_MNAR_informative,False,S1_excluded_title
39557946,Data-driven prediction framework of surrounding rock pressure in a fully mechanized coal face with temporal-spatial correlation.,2024,Sci Rep,10.1016/j.tafmec.2022.103579,Journal Article,Song Y; Feng Y; Wang W; Fan Y; Wu Y; Lv Z,Q4_missing_indicator_deployment,False,S1_excluded_title
39562681,Interpretable machine learning model for digital lung cancer prescreening in Chinese populations with missing data.,2024,NPJ Digit Med,10.1038/s41746-023-00887-8,Journal Article,Zhang S; Wang Q; Hu X; Zhang B; Sun S; Yuan Y; Jia X; Yu Y; Xue F,Q1_ml_imputation_clinical,True,included
39566668,Machine Learning Identifies Clinically Distinct Phenotypes in Patients With Aortic Regurgitation.,2025,J Am Soc Echocardiogr,10.1016/j.echo.2024.10.019,Journal Article,Deb B; Scott CG; Michelena HI; Pislaru SV; Nkomo VT; Kane GC; Crestanello JA; Pellikka PA; Anand V,Q1_ml_imputation_clinical,False,S1_excluded_title
39568643,Generating realistic neurophysiological time series with denoising diffusion probabilistic models.,2024,Patterns (N Y),10.48550/arXiv.2011.13456,Journal Article,Vetter J; Macke JH; Gao R,Q1_ml_imputation_clinical,False,S1_excluded_title
39574020,Predicting suicidal behavior outcomes: an analysis of key factors and machine learning models.,2024,BMC Psychiatry,10.1001/jamapsychiatry.2019.0174,Journal Article,Bazrafshan M; Sayehmiri K,Q1_ml_imputation_clinical,False,S1_excluded_title
39574641,MethylGPT: a foundation model for the DNA methylome.,2024,bioRxiv,10.1101/2024.05.30.596458,Journal Article;Preprint,Ying K; Song J; Cui H; Zhang Y; Li S; Chen X; Liu H; Eames A; McCartney DL; Marioni RE; Poganik JR; Moqri M; Wang B; Gladyshev VN,Q1_ml_imputation_clinical,False,S1_excluded_title
39574876,Reducing Information and Selection Bias in EHR-Linked Biobanks via Genetics-Informed Multiple Imputation and Sample Weighting.,2024,medRxiv,10.1002/cjs.5550350402,Journal Article;Preprint,Salvatore M; Kundu R; Du J; Friese CR; Mondul AM; Hanauer D; Lu H; Pearce CL; Mukherjee B,Q3_MNAR_informative,True,S2_ex_E4
39575812,PROSurvival: A Technical Case Report on Creating and Publishing a Dataset for Federated Learning on Survival Prediction of Prostate Cancer Patients.,2024,Stud Health Technol Inform,10.3233/SHTI241096,"Journal Article;Research Support, Non-U.S. Gov't",Xu T; Wolters T; Lotz J; Bisson T; Kiehl TR; Flinner N; Zerbe N; Eichelberg M,Q1_ml_imputation_clinical,False,S1_excluded_title
39576956,Using Machine Learning Models to Predict Pathologic Complete Response to Neoadjuvant Chemotherapy in Breast Cancer.,2024,JCO Clin Cancer Inform,10.1200/CCI.24.00071,"Journal Article;Research Support, Non-U.S. Gov't",Rahadian RE; Tan HQ; Ho BS; Kumaran A; Villanueva A; Sng J; Tan RSYC; Tan TJY; Tan VKM; Tan BKT; Lim GH; Cai Y; Nei WL; Wong FY,Q1_ml_imputation_clinical,False,S1_excluded_title
39578765,Establishing a machine learning dementia progression prediction model with multiple integrated data.,2024,BMC Med Res Methodol,10.1002/nur.10015,Journal Article,Huang YC; Liu TC; Lu CJ,Q1_ml_imputation_clinical,False,S1_excluded_title
39593929,"Dynamic Bayesian Networks, Elicitation, and Data Embedding for Secure Environments.",2024,Entropy (Basel),10.1080/01621459.2023.2183129,Journal Article,Drury K; Smith JQ,Q4_missing_indicator_deployment,False,S1_excluded_title
39594170,Reliable Autism Spectrum Disorder Diagnosis for Pediatrics Using Machine Learning and Explainable AI.,2024,Diagnostics (Basel),10.3390/electronics13112007,Journal Article,Jeon I; Kim M; So D; Kim EY; Nam Y; Kim S; Shim S; Kim J; Moon J,Q1_ml_imputation_clinical,False,S1_excluded_title
39595437,Factors Influencing the Attrition Rate of a 10-Week Multimodal Rehabilitation Program in Patients After Lung Transplant: A Neural Network Analysis.,2024,Healthcare (Basel),10.1177/0115426507022005467,Journal Article,Dávalos-Yerovi V; Sánchez-Rodríguez D; Gómez-Garrido A; Launois P; Tejero-Sánchez M; Pujol-Blaya V; Curbelo YG; Donohoe O; Marco E,Q1_ml_imputation_clinical,False,S1_excluded_title
39600589,RGX Ensemble Model for Advanced Prediction of Mortality Outcomes in Stroke Patients.,2024,BME Front,10.34133/bmef.0077,Journal Article,Fang J; Song B; Li L; Tong L; Jiang M; Yan J,Q1_ml_imputation_clinical,False,S1_excluded_title
39606367,Cross-dataset Evaluation of Dementia Longitudinal Progression Prediction Models.,2025,medRxiv,10.1038/s41598-020-72664-6,Journal Article;Preprint,Zhang C; An L; Wulan N; Nguyen KN; Orban C; Chen P; Chen C; Zhou JH; Liu K; Yeo BTT,Q1_ml_imputation_clinical,False,S1_excluded_title
39613447,"Development, validation and economic evaluation of a machine learning algorithm for predicting the probability of kidney damage in patients with hyperuricaemia: protocol for a retrospective study.",2024,BMJ Open,10.1136/bmj-2022-071018,Journal Article,Hou Z; Yang Y; Deng B; Gao G; Li M; Liu X; Chang H; Shen H; Zou L; Li J; Wu X,Q1_ml_imputation_clinical,False,S1_excluded_title
39616266,Phenotyping people with a history of injecting drug use within electronic medical records using an interactive machine learning approach.,2024,NPJ Digit Med,10.1016/j.ijmedinf.2021.104510,Journal Article,El-Hayek C; Nguyen T; Hellard ME; Curtis M; Sacks-Davis R; Aung HL; Asselin J; Boyle DIR; Wilkinson A; Polkinghorne V; Hocking JS; Dunn AG,Q1_ml_imputation_clinical,False,S1_excluded_title
39616981,Evaluating predictive artificial intelligence approaches used in mobile health platforms to forecast mental health symptoms among youth: a systematic review.,2025,Psychiatry Res,10.1016/j.psychres.2024.116277,"Journal Article;Systematic Review;Research Support, Non-U.S. Gov't",Patel J; Hung C; Katapally TR,Q4_missing_indicator_deployment,False,S1_excluded_title
39619768,IGAMT: Privacy-Preserving Electronic Health Record Synthesization with Heterogeneity and Irregularity.,2024,Proc AAAI Conf Artif Intell,10.1609/aaai.v38i14.29491,Journal Article,Wang W; Tang P; Lou J; Shao Y; Waller L; Ko YA; Xiong L,Q1_ml_imputation_clinical,False,S1_excluded_title
39622473,The Barts Surgical Infection Risk (B-SIR) tool: external validation and comparison with existing tools to predict surgical site infection after cardiac surgery.,2025,J Hosp Infect,10.1016/j.jhin.2024.11.014,Journal Article;Multicenter Study;Comparative Study;Validation Study,Magboo R; Cooper J; Shipolini A; Krasopoulos G; Kirmani BH; Akowuah E; Byers H; Sanders J,Q2_MI_prediction_models,False,S1_excluded_title
39624409,Associations between modifiable risk factors and cognitive function in middle-aged and older Chinese adults: joint modelling of longitudinal and survival data.,2024,Front Public Health,10.1111/opn.12123,Journal Article,Ran Q; Yang F; Su Q; Li P; Hu Y,Q3_MNAR_informative,False,S1_excluded_title
39632142,Higher patient-to-physician ratios associated with worse outcomes in the emergency department.,2026,J Formos Med Assoc,10.1016/j.jfma.2024.11.020,Journal Article;Observational Study,Chen YY; Chi CY; Lien WC; Ko PC; Chong KM; Chen YP; Huang CH,Q4_missing_indicator_deployment,False,S1_excluded_title
39635227,Moving Beyond Medical Statistics: A Systematic Review on Missing Data Handling in Electronic Health Records.,2024,Health Data Sci,10.34133/hds.0176,Journal Article;Review,Ren W; Liu Z; Wu Y; Zhang Z; Hong S; Liu H;  ,Q1_ml_imputation_clinical;Q3_MNAR_informative,True,included
39638313,Double Sampling for Informatively Missing Data in Electronic Health Record-Based Comparative Effectiveness Research.,2024,Stat Med,10.1002/sim.10298,"Journal Article;Research Support, N.I.H., Extramural",Levis AW; Mukherjee R; Wang R; Fischer H; Haneuse S,Q3_MNAR_informative,True,included
39638589,Systematic review of prognostic models for predicting recurrence and survival in patients with treated oropharyngeal cancer.,2024,BMJ Open,10.1093/jnci/djaa161,Journal Article;Systematic Review,Dretzke J; Abou-Foul AK; Albon E; Hillier B; Scandrett K; Price MJ; Moore DJ; Mehanna H; Nankivell P,Q5_reporting_guidance,False,S1_excluded_title
39642591,Prediction of mortality in hemodialysis patients based on autoencoders.,2025,Int J Med Inform,10.1016/j.ijmedinf.2024.105744,"Journal Article;Research Support, Non-U.S. Gov't",Su S; Gao J; Dong J; Guo Q; Ma H; Luan S; Zheng X; Tao H; Zhou L; Dai Y,Q1_ml_imputation_clinical,False,S1_excluded_title
39650424,Ability of clinical data to predict readmission in Child and Adolescent Mental Health Services.,2024,PeerJ Comput Sci,10.1016/j.health.2023.100292,Journal Article,Koochakpour K; Pant D; Westbye OS; Røst TB; Leventhal B; Koposov R; Clausen C; Skokauskas N; Nytrø Ø,Q1_ml_imputation_clinical,False,S1_excluded_title
39650431,A big data analysis algorithm for massive sensor medical images.,2024,PeerJ Comput Sci,10.1186/s13677-024-00675-z,Journal Article,Alzakari SA; Alruwais N; Sorour S; Ebad SA; Hassan Elnour AA; Sayed A,Q1_ml_imputation_clinical,False,S1_excluded_title
39655033,Predicting food insecurity in a pediatric population using the electronic health record.,2024,J Clin Transl Sci,10.1017/cts.2024.645,Journal Article,Rigdon J; Montez K; Palakshappa D; Brown C; Downs SM; Albertini LW; Taxter A,Q1_ml_imputation_clinical,False,S1_excluded_title
39655306,Predicting the risk of mortality in children with dengue-induced hepatitis admitted to the paediatric intensive care unit.,2024,World J Crit Care Med,10.5492/wjccm.v13.i4.98862,Journal Article,Nguyen TT; Ngo PT; Vo LT,Q2_MI_prediction_models,False,S1_excluded_title
39656746,Estimating marginal treatment effect in cluster randomized trials with multi-level missing outcomes.,2024,Biometrics,10.1093/biomtc/ujae135,Journal Article,Chang CR; Wang R,Q3_MNAR_informative,True,included
39671432,Random survival forest model for early prediction of Alzheimer's disease conversion in early and late Mild cognitive impairment stages.,2024,PLoS One,10.1186/s12911-023-02293-2,"Journal Article;Research Support, Non-U.S. Gov't",Saeed A; Waris A; Fuwad A; Iqbal J; Khan J; AlQahtani D; Gilani O; Shah UH;  ,Q1_ml_imputation_clinical,False,S1_excluded_title
39676229,Risk Prediction Models as an Emerging Trend for Managing Cancer-Related Fatigue: A Systematic Review.,2025,J Adv Nurs,10.1111/jan.16680,Journal Article;Systematic Review,Zhang Y; Li L; Li X; Zhang S; Zhou L; Chen X; Hu X,Q5_reporting_guidance,False,S1_excluded_title
39677469,"Deep phenotyping obesity using EHR data: Promise, Challenges, and Future Directions.",2024,medRxiv,10.4135/9781412971942.n164,Journal Article;Preprint,Ruan X; Lu S; Wang L; Wen A; Sameer M; Liu H,Q1_ml_imputation_clinical,False,S1_excluded_title
39682671,Machine and Deep Learning Models for Hypoxemia Severity Triage in CBRNE Emergencies.,2024,Diagnostics (Basel),10.1378/chest.15-0169,Journal Article,Nanini S; Abid M; Mamouni Y; Wiedemann A; Jouvet P; Bourassa S,Q4_missing_indicator_deployment,False,S1_excluded_title
39687913,Enhancing mortality prediction in patients with spontaneous intracerebral hemorrhage: Radiomics and supervised machine learning on non-contrast computed tomography.,2024,Eur J Radiol Open,10.1016/j.ejro.2024.100618,Journal Article,López-Rueda A; Rodríguez-Sánchez MÁ; Serrano E; Moreno J; Rodríguez A; Llull L; Amaro S; Oleaga L,Q1_ml_imputation_clinical,False,S1_excluded_title
39697926,"Predictive Analytics in Heart Failure Risk, Readmission, and Mortality Prediction: A Review.",2024,Cureus,10.7759/cureus.73876,Journal Article;Review,Hidayaturrohman QA; Hanada E,Q1_ml_imputation_clinical,False,S1_excluded_title
39698046,Fine-grained Patient Similarity Measuring using Contrastive Graph Similarity Networks.,2024,Proc (IEEE Int Conf Healthc Inform),10.1109/ichi61247.2024.00009,Journal Article,Liu Y; Zhang Z; Qin S; Salim FD; Bian J; Jimeno Yepes A,Q1_ml_imputation_clinical,False,S1_excluded_title
39701090,A Machine Learning Risk Prediction Model for Gastric Cancer with SHapley Additive exPlanations.,2025,Cancer Res Treat,10.4143/crt.2024.843,Journal Article,Park B; Kim CH; Jun JK; Suh M; Choi KS; Choi IJ; Oh HJ,Q1_ml_imputation_clinical,False,S1_excluded_title
39705838,Development of two machine learning models to predict conversion from primary HER2-0 breast cancer to HER2-low metastases: a proof-of-concept study.,2025,ESMO Open,10.1016/j.esmoop.2024.104087,Journal Article;Multicenter Study,Miglietta F; Collesei A; Vernieri C; Giarratano T; Giorgi CA; Girardi F; Griguolo G; Cacciatore M; Botticelli A; Vingiani A; Fotia G; Piacentini F; Massa D; Zanghì F; Marino M; Pruneri G; Fassan M; Dei Tos AP; Dieci MV; Guarneri V,Q1_ml_imputation_clinical,False,S1_excluded_title
39707925,Applying machine learning-based multiple imputation methods to nonparametric multiple comparisons in longitudinal clinical studies.,2026,J Biopharm Stat,10.1080/10543406.2024.2444243,Journal Article;Comparative Study,Yanarateş T; Karabulut E,Q1_ml_imputation_clinical,True,included
39708562,Machine learning-based predictive models for perioperative major adverse cardiovascular events in patients with stable coronary artery disease undergoing noncardiac surgery.,2025,Comput Methods Programs Biomed,10.1016/j.cmpb.2024.108561,Journal Article,Shen L; Jin Y; Pan A; Wang K; Ye R; Lin Y; Anwar S; Xia W; Zhou M; Guo X,Q1_ml_imputation_clinical,False,S1_excluded_title
39719565,A nomogram to distinguish noncardiac chest pain based on cardiopulmonary exercise testing in cardiology clinic.,2024,BMC Med Inform Decis Mak,10.1038/s41598-024-54038-4,Journal Article,Xu M; Li R; Bai B; Liu Y; Zhou H; Liao Y; Liu F; Cao P; Geng Q; Ma H,Q1_ml_imputation_clinical,False,S1_excluded_title
39720752,Autoencoder imputation of missing heterogeneous data for Alzheimer's disease classification.,2024,Healthc Technol Lett,10.3389/fgene.2019.00233,Journal Article,Haridas NT; Sanchez-Bornot JM; McClean PL; Wong-Lin K;  ,Q1_ml_imputation_clinical,True,included
39726873,Identification of key factors for malnutrition diagnosis in chronic gastrointestinal diseases using machine learning underscores the importance of GLIM criteria as well as additional parameters.,2024,Front Nutr,10.1002/jpen.2070,Journal Article,Rischmüller K; Caton V; Wolfien M; Ehlers L; van Welzen M; Brauer D; Sautter LF; Meyer F; Valentini L; Wiese ML; Aghdassi AA; Jaster R; Wolkenhauer O; Lamprecht G; Bej S,Q1_ml_imputation_clinical,False,S1_excluded_title
39726987,Multi-Task Deep Neural Networks for Irregularly Sampled Multivariate Clinical Time Series.,2024,Proc (IEEE Int Conf Healthc Inform),10.1109/ichi61247.2024.00025,Journal Article,Liu Y; Zhang Z; Qin S; Bian J,Q1_ml_imputation_clinical,False,S1_excluded_title
39731446,De-biasing the bias: methods for improving disparity assessments with noisy group measurements.,2024,Biometrics,10.1093/biomtc/ujae155,Journal Article,Wastvedt S; Snoke J; Agniel D; Lai J; Elliott MN; Martino SC,Q1_ml_imputation_clinical,False,S1_excluded_title
39739001,Development of risk models for early detection and prediction of chronic kidney disease in clinical settings.,2024,Sci Rep,10.1038/s41440-020-0532-z,"Journal Article;Research Support, Non-U.S. Gov't",Bahrami P; Tanbakuchi D; Afzalaghaee M; Ghayour-Mobarhan M; Esmaily H,Q1_ml_imputation_clinical,False,S1_excluded_title
39747195,TILTomorrow today: dynamic factors predicting changes in intracranial pressure treatment intensity after traumatic brain injury.,2025,Sci Rep,10.1016/S1474-4422(22)00037-0,"Journal Article;Research Support, Non-U.S. Gov't",Bhattacharyay S; van Leeuwen FD; Beqiri E; Åkerlund CAI; Wilson L; Steyerberg EW; Nelson DW; Maas AIR; Menon DK; Ercole A;  ,Q1_ml_imputation_clinical,False,S1_excluded_title
39748312,Reduction of pain and functional disability over time in patients treated with zavegepant: a post-hoc analysis of the BHV3500-301 phase 3 randomized controlled trial.,2025,J Headache Pain,10.1007/s40120-020-00185-5,"Journal Article;Clinical Trial, Phase III;Randomized Controlled Trial",Powell L; O'Sullivan F; Jayasinghe P; Rogula B; Dai F; Cirillo J; Sweeney S; Abraham L; Ailani J,Q3_MNAR_informative,False,S1_excluded_title
39749257,Construction of Clinical Predictive Models for Heart Failure Detection Using Six Different Machine Learning Algorithms: Identification of Key Clinical Prognostic Features.,2024,Int J Gen Med,10.1093/eurjhf/hfs017,Journal Article,Qu FZ; Ding J; An XF; Peng R; He N; Liu S; Jiang X,Q1_ml_imputation_clinical,False,S1_excluded_title
39752796,Exploring machine learning tools in a retrospective case-study of patients with metastatic non-small cell lung cancer treated with first-line immunotherapy: A feasibility single-centre experience.,2025,Lung Cancer,10.1016/j.lungcan.2024.108075,Journal Article,Ogliari FR; Traverso A; Barbieri S; Montagna M; Chiabrando F; Versino E; Bosco A; Lin A; Ferrara R; Oresti S; Damiano G; Viganò MG; Ferrara M; Riva ST; Nuccio A; Venanzi FM; Vignale D; Cicala G; Palmisano A; Cascinu S; Gregorc V; Bulotta A; Esposito A; Tacchetti C; Reni M,Q1_ml_imputation_clinical,False,S1_excluded_title
39761555,Autonomous International Classification of Diseases Coding Using Pretrained Language Models and Advanced Prompt Learning Techniques: Evaluation of an Automated Analysis System Using Medical Text.,2025,JMIR Med Inform,10.48550/arXiv.2304.09498,"Journal Article;Research Support, Non-U.S. Gov't",Zhuang Y; Zhang J; Li X; Liu C; Yu Y; Dong W; He K,Q1_ml_imputation_clinical,False,S1_excluded_title
39767153,NLP-Driven Analysis of Pneumothorax Incidence Following Central Venous Catheter Procedures: A Data-Driven Re-Evaluation of Routine Imaging in Value-Based Medicine.,2024,Diagnostics (Basel),10.22514/sv.2023.035,Journal Article,Breitwieser M; Moore V; Wiesner T; Wichlas F; Deininger C,Q1_ml_imputation_clinical,False,S1_excluded_title
39777111,Application of machine learning to identify risk factors for outpatient opioid prescriptions following spine surgery.,2024,Biomedicine (Taipei),10.1186/1471-2105-8-25,Journal Article,Bouterse A; Cabrera A; Jameel A; Chung D; Danisa O,Q1_ml_imputation_clinical,False,S1_excluded_title
39787665,AI-based models to predict decompensation on traumatic brain injury patients.,2025,Comput Biol Med,10.1016/j.compbiomed.2024.109634,Journal Article,Ribeiro R; Neves I; Oliveira HP; Pereira T,Q1_ml_imputation_clinical,False,S1_excluded_title
39795600,Use of Machine Learning to Predict the Incidence of Type 2 Diabetes Among Relatively Healthy Adults: A 10-Year Longitudinal Study in Taiwan.,2024,Diagnostics (Basel),10.1016/j.icte.2021.02.004,Journal Article,Liu YQ; Chang TW; Lee LC; Chen CY; Hsu PS; Tsan YT; Yang CT; Chu WM,Q1_ml_imputation_clinical,False,S1_excluded_title
39798527,Domain-specific information preservation for Alzheimer's disease diagnosis with incomplete multi-modality neuroimages.,2025,Med Image Anal,10.1016/j.media.2024.103448,"Journal Article;Research Support, Non-U.S. Gov't",Xu H; Wang J; Feng Q; Zhang Y; Ning Z,Q1_ml_imputation_clinical,False,S1_excluded_title
39799370,Developing a decision support tool to predict delayed discharge from hospitals using machine learning.,2025,BMC Health Serv Res,10.1016/j.eswa.2013.01.032,Journal Article,Pahlevani M; Rajabi E; Taghavi M; VanBerkel P,Q1_ml_imputation_clinical,False,S1_excluded_title
39799831,"Integrating genetics, metabolites, and clinical characteristics in predicting cardiometabolic health outcomes using machine learning algorithms - A systematic review.",2025,Comput Biol Med,10.1016/j.compbiomed.2025.109661,Journal Article;Systematic Review,Zhu X; Ventura EF; Bansal S; Wijeyesekera A; Vimaleswaran KS,Q1_ml_imputation_clinical;Q5_reporting_guidance,False,S1_excluded_title
39808263,Interpretable machine learning models for COPD ease of breathing estimation.,2025,Med Biol Eng Comput,10.1164/rccm.201701-0218PP,Journal Article,Kok TT; Morales J; Deschrijver D; Blanco-Almazán D; Groenendaal W; Ruttens D; Smeets C; Mihajlović V; Ongenae F; Van Hoecke S,Q1_ml_imputation_clinical,False,S1_excluded_title
39813007,Comparative analysis of kidney function prediction: traditional statistical methods vs. deep learning techniques.,2025,Clin Exp Nephrol,10.1016/S0140-6736(10)60674-5,Journal Article;Comparative Study;Multicenter Study,Ohashi M; Ishikawa Y; Arai S; Nagao T; Kitaoka K; Nagasu H; Yano Y; Kashihara N,Q1_ml_imputation_clinical,False,S1_excluded_title
39819700,Systematic review of the application of the Kidney Failure Risk Equation and Oxford classification in estimating prognosis in IgA Nephropathy.,2025,Syst Rev,10.1056/NEJMoa0810457,"Journal Article;Systematic Review;Research Support, Non-U.S. Gov't",Toal MP; Fergie R; Quinn MP; Hill CJ; O'Neill C; Maxwell AP,Q5_reporting_guidance,False,S1_excluded_title
39829182,Performance and clinical implications of machine learning models for detecting cervical ossification of the posterior longitudinal ligament: a systematic review.,2025,Asian Spine J,10.1177/21925682241274372,Journal Article,Liawrungrueang W; Cho ST; Cholamjiak W; Sarasombath P; Twinprai N; Twinprai P; Han I,Q1_ml_imputation_clinical;Q5_reporting_guidance,False,S1_excluded_title
39834417,Towards personalized cardiometabolic risk prediction: A fusion of exposome and AI.,2025,Heliyon,10.1016/j.heliyon.2024.e40859,Journal Article,Shahbazi Z; Nowaczyk S,Q1_ml_imputation_clinical,False,S1_excluded_title
39834877,Ocular Biometry OCR: a machine learning algorithm leveraging optical character recognition to extract intra ocular lens biometry measurements.,2024,Front Artif Intell,10.48550/arXiv.2205.01917,Journal Article,Salvi A; Arnal L; Ly K; Ferreira G; Wang SY; Langlotz C; Mahajan V; Ludwig CA,Q1_ml_imputation_clinical,False,S1_excluded_title
39838679,Deep Learning-assisted Diagnosis of Extrahepatic Common Bile Duct Obstruction Using MRCP Imaging and Clinical Parameters.,2025,Curr Med Imaging,10.1007/s10278-007-9029-4,Journal Article,Thoi DKT; Lim JH; Park JS; Park S,Q1_ml_imputation_clinical,False,S1_excluded_title
39839962,Comparative study of imputation strategies to improve the sarcopenia prediction task.,2025,Digit Health,10.1177/20552076241301960,Journal Article,Karimov S; Turimov D; Kim W; Kim J,Q1_ml_imputation_clinical,True,included
39842934,Development and validation of machine-learning models for predicting the risk of hypertriglyceridemia in critically ill patients receiving propofol sedation using retrospective data: a protocol.,2025,BMJ Open,10.48550/arXiv.1705.07874,Journal Article;Validation Study,Deng J; Heybati K; Yadav H,Q1_ml_imputation_clinical,False,S1_excluded_title
39846576,Predicting Hospitalization in Older Adults Using Machine Learning.,2025,Geriatrics (Basel),10.1023/A:1010933404324,Journal Article,Buenrostro-Mariscal R; Montesinos-López OA; Gonzalez-Gonzalez C,Q1_ml_imputation_clinical,False,S1_excluded_title
39855986,Machine-learning-assisted Preoperative Prediction of Pediatric Appendicitis Severity.,2025,J Pediatr Surg,10.1016/j.jpedsurg.2024.162151,Journal Article,Erman A; Ferreira J; Ashour WA; Guadagno E; St-Louis E; Emil S; Cheung J; Poenaru D,Q1_ml_imputation_clinical,False,S1_excluded_title
39857011,"Machine Learning for Lung Cancer Subtype Classification: Combining Clinical, Histopathological, and Biophysical Features.",2025,Diagnostics (Basel),10.5858/2006-130-292-PIPSOL,Journal Article,Andrijanova A; Bugovecka L; Isajevs S; Erts D; Malinovskis U; Liepins A,Q1_ml_imputation_clinical,False,S1_excluded_title
39860932,D-MGDCN-CLSTM: A Traffic Prediction Model Based on Multi-Graph Gated Convolution and Convolutional Long-Short-Term Memory.,2025,Sensors (Basel),10.1109/TITS.2019.2935152,Journal Article,Zhang L; Xu S; Li S; Pan L; Gong S,Q4_missing_indicator_deployment,False,S1_excluded_title
39877537,Risk prediction models for feeding intolerance in patients with enteral nutrition: a systematic review and meta-analysis.,2024,Front Nutr,10.1167/tvst.9.2.14,Journal Article;Systematic Review,Chen H; Han J; Li J; Xiong J; Wang D; Han M; Shen Y; Lu W,Q1_ml_imputation_clinical;Q5_reporting_guidance,False,S1_excluded_title
39887592,Lung Cancer Detection Using Bayesian Networks: A Retrospective Development and Validation Study on a Danish Population of High-Risk Individuals.,2025,Cancer Med,10.48550/arXiv.2402.09596,Journal Article;Validation Study,Henriksen MB; Van Daalen F; Wee L; Hansen TF; Jensen LH; Brasen CL; Hilberg O; Bermejo I,Q1_ml_imputation_clinical,False,S1_excluded_title
39892831,Machine Learning Analysis of Nutrient Associations with Peripheral Arterial Disease: Insights from NHANES 1999-2004.,2025,Ann Vasc Surg,10.1016/j.avsg.2024.12.077,Journal Article,Wang YX; Kang JQ; Chen ZG; Gao S; Zhao WX; Zhao N; Lan Y; Li YJ,Q1_ml_imputation_clinical,False,S1_excluded_title
39894282,Development of a machine learning model and a web application for predicting neurological outcome at hospital discharge in spinal cord injury patients.,2025,Spine J,10.1016/j.spinee.2025.01.005,Journal Article,Kitagawa K; Maki S; Furuya T; Shiratani Y; Nagashima Y; Maruyama J; Toki Y; Iwata S; Inoue M; Shiga Y; Inage K; Orita S; Ohtori S,Q1_ml_imputation_clinical,False,S1_excluded_title
39896040,Application of machine learning techniques for warfarin dosage prediction: a case study on the MIMIC-III dataset.,2025,PeerJ Comput Sci,10.3390/make3030027,Journal Article,Wani AA; Abeer F,Q1_ml_imputation_clinical,False,S1_excluded_title
39896355,Multimodal Alzheimer's disease classification through ensemble deep random vector functional link neural network.,2024,PeerJ Comput Sci,10.1007/s11682-015-9480-7,Journal Article,Henríquez PA; Araya N,Q1_ml_imputation_clinical,False,S1_excluded_title
39923045,Risk prediction models for stress urinary incontinence after pelvic organ prolapse (POP) surgery: a systematic review and meta-analysis.,2025,BMC Womens Health,10.1186/s12905-025-03584-8,Journal Article;Systematic Review;Meta-Analysis,Yu BJ; He HC; Wang L; Shao HM; Liu YM; Yan XY; Liu J,Q5_reporting_guidance,False,S1_excluded_title
39928467,Missing not at random intensive longitudinal data with dynamic structural equation models.,2025,Psychol Methods,10.1037/met0000742,Journal Article,McNeish D,Q3_MNAR_informative,True,included
39939252,Stroke Management and Analysis Risk Tool (SMART): An interpretable clinical application for diabetes-related stroke prediction.,2025,Nutr Metab Cardiovasc Dis,10.1016/j.numecd.2024.103841,"Journal Article;Research Support, Non-U.S. Gov't",Sun Y; Li J; He H; Xing G; Liu Z; Meng Q; Xu M; Huang L; Pan Z; Liao J; Ji C,Q1_ml_imputation_clinical,False,S1_excluded_title
39939885,Prediction models for treatment response in migraine: a systematic review and meta-analysis.,2025,J Headache Pain,10.1016/s0895-4356(01)00341-9,Journal Article;Systematic Review;Meta-Analysis,Chen Q; Zhang J; Cao B; Hu Y; Kong Y; Li B; Liu L,Q1_ml_imputation_clinical;Q5_reporting_guidance,False,S1_excluded_title
39939998,Prediction of adverse pregnancy outcomes using machine learning techniques: evidence from analysis of electronic medical records data in Rwanda.,2025,BMC Med Inform Decis Mak,10.4236/ojog.2013.33057,Journal Article,Sylvain MH; Nyabyenda EC; Uwase M; Komezusenge I; Ndikumana F; Ngaruye I,Q1_ml_imputation_clinical,False,S1_excluded_title
39943253,Addressing Missing Data Challenges in Geriatric Health Monitoring: A Study of Statistical and Machine Learning Imputation Methods.,2025,Sensors (Basel),10.7717/peerj-cs.623,Journal Article,Sasu GV; Ciubotaru BI; Goga N; Vasilățeanu A,Q3_MNAR_informative,True,included
39954654,Methods for estimating resting energy expenditure in intensive care patients: A comparative study of predictive equations with machine learning and deep learning approaches.,2025,Comput Methods Programs Biomed,10.1016/j.cmpb.2025.108657,Journal Article;Comparative Study,Ang CYS; Nor MBM; Nordin NS; Kyi TZ; Razali A; Chiew YS,Q1_ml_imputation_clinical,False,S1_excluded_title
39955248,Prognostic comparison between GMFCS and WCI for 5-year risks of 22 relevant health outcomes for adults with cerebral palsy: Expanding the methodological menu for prognostic model research.,2025,Disabil Health J,10.1016/j.dhjo.2025.101783,Journal Article;Comparative Study,Whitney DG,Q2_MI_prediction_models,False,S1_excluded_title
39963969,Factors underpinning the performance of implemented artificial intelligence-based patient deterioration prediction systems: reasons for selection and implications for hospitals and researchers.,2025,J Am Med Inform Assoc,10.1038/s41598-021-00220-x,"Journal Article;Systematic Review;Research Support, Non-U.S. Gov't",van der Vegt AH; Campbell V; Wang S; Malycha J; Scott IA,Q1_ml_imputation_clinical,False,S1_excluded_title
39966448,Developing practical machine learning survival models to identify high-risk patients for in-hospital mortality following traumatic brain injury.,2025,Sci Rep,10.1136/jnnp.2010.222232,Journal Article,Andishgar A; Rismani M; Bazmi S; Mohammadi Z; Hooshmandi S; Kian B; Niakan A; Taheri R; Khalili H; Alizadehsani R,Q1_ml_imputation_clinical,False,S1_excluded_title
39970065,EBHOA-EMobileNetV2: a hybrid system based on efficient feature selection and classification for cardiovascular disease diagnosis.,2026,Comput Methods Biomech Biomed Engin,10.1080/10255842.2025.2466081,Journal Article,Mandava M; Reddy Vinta S,Q1_ml_imputation_clinical,False,S1_excluded_title
39974356,Large language models generating synthetic clinical datasets: a feasibility and comparative analysis with real-world perioperative data.,2025,Front Artif Intell,10.1038/s41467-022-35295-1,Journal Article,Barr AA; Quan J; Guo E; Sezgin E,Q1_ml_imputation_clinical,False,S1_excluded_title
39978430,Imputation of missing aggregate EHR audit log data across individual and multiple organizations.,2025,J Biomed Inform,10.1016/j.jbi.2025.104805,"Journal Article;Research Support, Non-U.S. Gov't",Li H; Apathy NC; Holmgren AJ; Melnick ER; McDougal RA,Q1_ml_imputation_clinical,True,included
39984843,Comprehensive implementations of multiple imputation using retrieved dropouts for continuous endpoints.,2025,BMC Med Res Methodol,10.1056/NEJMoa2302392,Journal Article,Wang S; Schwartz PF; Mancuso JP,Q3_MNAR_informative,True,included
39990991,Risk prediction models for post-intensive care syndrome of ICU discharged patients: A systematic review.,2025,Int J Nurs Sci,10.1371/journal.pone.0286180,Journal Article;Review,Yang P; Yang F; Wang Q; Fang F; Yu Q; Tai R,Q5_reporting_guidance,False,S1_excluded_title
40003193,Gradient-Based Multiple Robust Learning Calibration on Data Missing-Not-at-Random via Bi-Level Optimization.,2025,Entropy (Basel),10.1145/582415.582418,Journal Article,Gong S; Ma C,Q2_MI_prediction_models,True,S2_ex_E2
40009841,Complete Blood Count and Monocyte Distribution Width-Based Machine Learning Algorithms for Sepsis Detection: Multicentric Development and External Validation Study.,2025,J Med Internet Res,10.1097/qco.0b013e3283528c9b,Journal Article;Multicenter Study;Validation Study,Campagner A; Agnello L; Carobene A; Padoan A; Del Ben F; Locatelli M; Plebani M; Ognibene A; Lorubbio M; De Vecchi E; Cortegiani A; Piva E; Poz D; Curcio F; Cabitza F; Ciaccio M,Q1_ml_imputation_clinical,False,S1_excluded_title
40014930,Antimicrobial minimum inhibitory concentrations can be imputed from phenotypic data using a random forest approach.,2025,Am J Vet Res,10.1089/fpd.2010.0673,Journal Article,Anil G; Glass J; Mosaddegh A; Cazer CL,Q1_ml_imputation_clinical,True,included
40020248,Exploring the application of deep learning methods for polygenic risk score estimation.,2025,Biomed Phys Eng Express,10.1088/2057-1976/adbb71,Journal Article,Squires S; Weedon MN; Oram RA,Q1_ml_imputation_clinical,False,S1_excluded_title
40022996,Daily variation in symptoms and functioning in Huntington disease: Feasibility and variability.,2025,Parkinsonism Relat Disord,10.1016/j.parkreldis.2025.107346,Journal Article,Carlozzi NE; Troost JP; Miner JA; Singh K; Padmanabhan AA; Lombard WL; Dayalu P,Q4_missing_indicator_deployment,False,S1_excluded_title
40023505,Using Machine Learning to Identify Social Determinants of Health that Impact Discharge Disposition for Hospitalized Patients.,2025,J Am Med Dir Assoc,10.1111/jgs.15150,"Journal Article;Research Support, Non-U.S. Gov't",Ren H; Wang C; Weiss DJ; Bowles K; Xu G; Keeney T; Cheville AL,Q1_ml_imputation_clinical,False,S1_excluded_title
40033432,Applying machine learning to high-dimensional proteomics datasets for the identification of Alzheimer's disease biomarkers.,2025,Fluids Barriers CNS,10.1016/j.neulet.2005.06.030,Journal Article,Ivarsson Orrelid C; Rosberg O; Weiner S; Johansson FD; Gobom J; Zetterberg H; Mwai N; Stempfle L,Q1_ml_imputation_clinical,False,S1_excluded_title
40036490,Advanced prediction of heart failure risk in elderly diabetic and hypertensive patients using nine machine learning models and novel composite indices: insights from NHANES 2003-2016.,2026,Eur J Prev Cardiol,10.1093/eurjpc/zwaf081,Journal Article,Bai Q; Chen H; Gao Z; Li B; Liu S; Dong W; Li X; Song B; Yu C,Q1_ml_imputation_clinical,False,S1_excluded_title
40039068,Deep STI: Deep Stochastic Time-series Imputation on Electronic Health Records.,2024,Annu Int Conf IEEE Eng Med Biol Soc,10.1109/EMBC53108.2024.10782239,Journal Article,Cheng MC; Hsieh YH; Hsu TC; Su TH; Lin C,Q1_ml_imputation_clinical,True,included
40039430,Improving Early Prediction of Abnormal Recovery after Appendectomy in Children using Real-world Data from Wearables.,2024,Annu Int Conf IEEE Eng Med Biol Soc,10.1109/EMBC53108.2024.10782031,Journal Article,Hua R; O'Brien MK; Carter M; Pitt JB; Kwon S; Ghomrawi HMK; Jayaraman A; Abdullah F,Q1_ml_imputation_clinical;Q4_missing_indicator_deployment,False,S1_excluded_title
40039699,Visual Representation of Tabular Electronic Health Records for Predicting Sudden Cardiac Arrest.,2024,Annu Int Conf IEEE Eng Med Biol Soc,10.1109/EMBC53108.2024.10782678,Journal Article,Afrin R; Mohammed EA; Far B,Q1_ml_imputation_clinical,False,S1_excluded_title
40045567,Developing A Model to Predict Major Bleeding Among Hospitalized Patients Undergoing Therapeutic Plasma Exchange.,2025,J Clin Apher,10.1002/jca.70013,Journal Article,Soares Ferreira Junior A; Lessa MPM; Sanborn K; Gordee A; Kuchibhatla M; Karafin MS; Onwuemene OA,Q2_MI_prediction_models,False,S1_excluded_title
40063944,Evaluation of the MyFertiCoach Lifestyle App for Subfertile Couples: Single-Center Evaluation of Augmented Standard Care.,2025,JMIR Form Res,10.2196/mhealth.5197,Journal Article;Observational Study,Smeenk J; Smit E; Jacobs M; van Rooij I,Q3_MNAR_informative,False,S1_excluded_title
40079649,Pattern Mixture Sensitivity Analyses via Multiple Imputations for Non-Ignorable Dropout in Joint Modeling of Cognition and Risk of Dementia.,2025,Stat Med,10.1002/sim.2712,Journal Article,Gorbach T; Carpenter JR; Frost C; Josefsson M; Nicholas J; Nyberg L,Q3_MNAR_informative,True,included
40079702,Recurrent neural networks and attention scores for personalized prediction and interpretation of patient-reported outcomes.,2025,J Biopharm Stat,10.1080/10543406.2025.2469884,"Journal Article;Randomized Controlled Trial;Multicenter Study;Research Support, N.I.H., Extramural",Hu J; Kerdabadi MN; Mei X; Cappelleri J; Barohn R; Yao Z,Q1_ml_imputation_clinical,False,S1_excluded_title
40080075,Imputation and Missing Indicators for Handling Missing Longitudinal Data: Data Simulation Analysis Based on Electronic Health Record Data.,2025,JMIR Med Inform,10.1186/s12874-020-01068-x,"Journal Article;Research Support, N.I.H., Extramural",Ehrig M; Bullock GS; Leng XI; Pajewski NM; Speiser JL,Q3_MNAR_informative;Q4_missing_indicator_deployment,True,included
40083604,Causal Inference With Outcome-Dependent Missingness And Self-Censoring.,2023,Proc Mach Learn Res,,Journal Article,Chen JM; Malinsky D; Bhattacharya R,Q4_missing_indicator_deployment,True,included
40086749,Handling non-ignorable missing intimal hyperplasia data - Lessons from the VEST trial.,2025,Contemp Clin Trials,10.1016/j.cct.2025.107878,"Journal Article;Research Support, Non-U.S. Gov't",Overbey JR; Raymond S; Chang H; Bagiella E,Q3_MNAR_informative,True,included
40089508,Machine learning-based prediction models for renal impairment in Chinese adults with hyperuricaemia: risk factor analysis.,2025,Sci Rep,10.1007/s10067-022-06139-6,Journal Article,Wu T; Yang H; Chen J; Kong W,Q1_ml_imputation_clinical,False,S1_excluded_title
40101216,Emotion Forecasting: A Transformer-Based Approach.,2025,J Med Internet Res,10.1109/lsp.2018.2886933,Journal Article,Paz-Arbaizar L; Lopez-Castroman J; Artés-Rodríguez A; Olmos PM; Ramírez D,Q1_ml_imputation_clinical;Q4_missing_indicator_deployment,False,S1_excluded_title
40105097,Application of Interpretable Machine Learning Models to Predict the Risk Factors of HBV-Related Liver Cirrhosis in CHB Patients Based on Routine Clinical Data: A Retrospective Cohort Study.,2025,J Med Virol,10.1002/jmv.70302,"Journal Article;Research Support, Non-U.S. Gov't",Xia W; Tan Y; Mei B; Zhou Y; Tan J; Pubu Z; Sang B; Jiang T,Q1_ml_imputation_clinical;Q2_MI_prediction_models,False,S1_excluded_title
40107042,AI-based personalized real-time risk prediction for behavioral management in psychiatric wards using multimodal data.,2025,Int J Med Inform,10.1016/j.ijmedinf.2025.105870,"Journal Article;Research Support, Non-U.S. Gov't",Kang RR; Kim YG; Hong M; Min Ahn Y; Lee K,Q1_ml_imputation_clinical,False,S1_excluded_title
40111739,"Efficacy of Once-Nightly Sodium Oxybate in Patients with Narcolepsy: Post Hoc Analyses of Sensitivity, Effect Size, and Numbers Needed to Treat from the Phase 3 REST-ON Trial.",2025,CNS Drugs,10.1186/1471-2288-14-118,"Journal Article;Randomized Controlled Trial;Clinical Trial, Phase III;Multicenter Study;Research Support, Non-U.S. Gov't",Roth T; Thorpy MJ; Kushida CA; Gudeman J,Q3_MNAR_informative,False,S1_excluded_title
40114222,Automatic detection and extraction of key resources from tables in biomedical papers.,2025,BioData Min,10.1016/0022-2836(70)90057-4,Journal Article,Ozyurt IB; Bandrowski A,Q4_missing_indicator_deployment,False,S1_excluded_title
40118356,Uncovering hidden subtypes in dementia: An unsupervised machine learning approach to dementia diagnosis and personalization of care.,2025,J Biomed Inform,10.1016/j.jbi.2025.104799,Journal Article,Campagner A; Marconi L; Bianchi E; Arosio B; Rossi P; Annoni G; Lucchi TA; Montano N; Cabitza F,Q1_ml_imputation_clinical,False,S1_excluded_title
40122374,Application of machine learning models to identify predictors of good outcome after laparoscopic fundoplication.,2025,J Gastrointest Surg,10.1016/j.gassur.2025.102029,Journal Article,Shukla RN; Woodman R; Myers JC; Watson DI; Bright T; Thompson SK,Q1_ml_imputation_clinical,False,S1_excluded_title
40122382,Innovations in otolaryngology using LLM for early detection of sleep-disordered breathing.,2025,SLAS Technol,10.1016/j.slast.2025.100278,Journal Article,Zhou J; Li X; Xia Q; Yu L,Q1_ml_imputation_clinical,False,S1_excluded_title
40123673,Advancing risk factor identification for pediatric lobar pneumonia: the promise of machine learning technologies.,2025,Front Pediatr,10.1016/j.ijmedinf.2023.105007,Journal Article,Shen L; Wu J; Lu M; Jiang Y; Zhang X; Xu Q; Ran S,Q1_ml_imputation_clinical,False,S1_excluded_title
40130657,Risk Prediction Models for Frailty in Adult Maintenance Haemodialysis Patients: A Systematic Review and Methodological Appraisal.,2026,J Adv Nurs,10.1111/jan.16915,Journal Article;Systematic Review,Zhang H; Li J; Hu SY; Liu C; Liu MM; Xie YX; Deng S,Q5_reporting_guidance,False,S1_excluded_title
40144964,Validity of vaccination information in the COVID-19 surveillance system in Japan: Implications for developing efficient and highly valid data collection systems in future pandemics.,2024,GHM Open,10.35772/ghmo.2024.01007,Journal Article,Horie Y; Ishiguro C; Mimura W; Maeda M; Murata F; Fukuda H,Q4_missing_indicator_deployment,False,S1_excluded_title
40150600,Advancing Pediatric Growth Assessment with Machine Learning: Overcoming Challenges in Early Diagnosis and Monitoring.,2025,Children (Basel),10.1016/j.im.2020.103392,Journal Article,Rodriguez-Marin M; Orozco-Alatorre LG,Q1_ml_imputation_clinical,False,S1_excluded_title
40151426,Predicting Post-surgery Discharge Time in Pediatric Patients Using Machine Learning.,2024,Transl Med UniSa,10.5662/wjm.v13.i5.373,Journal Article,Cascella M; Guerra C; Atanasov AG; Calevo MG; Piazza O; Vittori A; Simonini A,Q1_ml_imputation_clinical,False,S1_excluded_title
40155719,Explainable machine learning to compare the overall survival status between patients receiving mastectomy and breast conserving surgeries.,2025,Sci Rep,10.1634/theoncologist.2011-0469,Journal Article;Comparative Study,Asfaw BB; Tegaw EM,Q1_ml_imputation_clinical,False,S1_excluded_title
40167483,Prediction of Breast Cancer Remission.,2025,Qual Manag Health Care,10.1186/s12911-019-0801-4,Journal Article,Cardenas V; Li Y; Shrestha S; Xue H,Q1_ml_imputation_clinical,False,S1_excluded_title
40175207,Preoperative Factors Associated With In-Hospital Major Bleeding After Percutaneous Coronary Intervention: A Systematic Review.,2025,Heart Lung Circ,10.1016/j.hlc.2024.12.001,Journal Article;Systematic Review,Chowdhury MRK; Stub D; Dinh D; Karim MN; Chowdhury HA; Billah B,Q1_ml_imputation_clinical,False,S1_excluded_title
40175458,Enhanced prediction of ventilator-associated pneumonia in patients with traumatic brain injury using advanced machine learning techniques.,2025,Sci Rep,10.1038/s41598-025-95779-0,Journal Article,Ashrafi N; Abdollahi A; Alaei K; Pishgar M,Q1_ml_imputation_clinical,False,S1_excluded_title
40176966,Development of machine learning algorithms to predict viral load suppression among HIV patients in Conakry (Guinea).,2025,Front Artif Intell,10.1016/S0893-6080(05)80023-1,Journal Article,Yehadji D; Gray G; Vicente CA; Isaakidis P; Diallo A; Kamano SA; Diallo TS,Q1_ml_imputation_clinical,False,S1_excluded_title
40180759,Learning-Based Models for Predicting IVIG Resistance and Coronary Artery Lesions in Kawasaki Disease: A Review of Technical Aspects and Study Features.,2025,Paediatr Drugs,10.1002/clc.24113,Journal Article;Review,Mirata D; Tiezzi AC; Buffoni L; Pagnini I; Maccora I; Marrani E; Mastrolia MV; Simonini G; Giani T,Q1_ml_imputation_clinical,False,S1_excluded_title
40188085,Comparison of different approaches in handling missing data in longitudinal multiple-item patient-reported outcomes: a simulation study.,2025,Health Qual Life Outcomes,10.1002/pst.2058,Journal Article;Comparative Study,Yan M; Zhou L; Zhao C; Shi C; Ou C,Q3_MNAR_informative,True,included
40192015,Estimating weighted quantile treatment effects with missing outcome data by double sampling.,2025,Biometrics,10.1093/biomtc/ujaf038,Journal Article,Sun S; Haneuse S; Levis AW; Lee C; Arterburn DE; Fischer H; Shortreed S; Mukherjee R,Q3_MNAR_informative,True,included
40198303,Illuminating the Path to Enhanced Resilience of Machine Learning Models Against the Shadows of Missing Labels.,2025,IEEE J Biomed Health Inform,10.1109/JBHI.2025.3558846,"Journal Article;Research Support, Non-U.S. Gov't",Nikolay S; Rachid T; Sebastien M; Helene S,Q1_ml_imputation_clinical,True,included
40198441,A machine learning approach for type 2 diabetes diagnosis and prognosis using tailored heterogeneous feature subsets.,2025,Med Biol Eng Comput,10.1214/aoms/1177732979,Journal Article,Navarro-Cerdán JR; Pons-Suñer P; Arnal L; Arlandis J; Llobet R; Perez-Cortes JC; Lara-Hernández F; Moya-Valera C; Quiroz-Rodriguez ME; Rojo-Martinez G; Valdés S; Montanya E; Calle-Pascual AL; Franch-Nadal J; Delgado E; Castaño L; García-García AB; Chaves FJ,Q1_ml_imputation_clinical,False,S1_excluded_title
40203463,"Predicting hospital admissions, ICU utilization, and prolonged length of stay among febrile pediatric emergency department patients using incomplete and imbalanced electronic health record (EHR) data strategies.",2025,Int J Med Inform,10.1093/jamia/ocw001,"Journal Article;Research Support, N.I.H., Extramural;Research Support, Non-U.S. Gov't",Velez T; Ibrahim Z; Duru K; Velez D; Triantafyllou M; McKinley K; Saif P; Kratimenos P; Clark A; Koutroulis I,Q1_ml_imputation_clinical;Q3_MNAR_informative,False,S1_excluded_title
40215586,Machine learning approaches for real-time ZIP code and county-level estimation of state-wide infectious disease hospitalizations using local health system data.,2025,Epidemics,10.1007/s10729-023-09629-4,"Journal Article;Research Support, N.I.H., Extramural",Ahammed T; Hossain MS; McMahan C; Rennert L,Q1_ml_imputation_clinical,False,S1_excluded_title
40217663,Preserving Informative Presence: How Missing Data and Imputation Strategies Affect the Performance of an AI-Based Early Warning Score.,2025,J Clin Med,10.1186/s12911-022-01752-6,Journal Article,Sim T; Hahn S; Kim KJ; Cho EY; Jeong Y; Kim JH; Ha EY; Kim IC; Park SH; Cho CH; Yu GI; Cho H; Lee KB,Q3_MNAR_informative,True,included
40227820,Machine Learning Insight: Unveiling Overlooked Risk Factors for Postoperative Complications in Gastric Cancer.,2025,Cancers (Basel),10.3390/jcm12072708,Journal Article,Lee S; Oh HJ; Yoo H; Kim CY,Q1_ml_imputation_clinical,False,S1_excluded_title
40229872,Interpretable prognostic modeling for long-term survival of Type A aortic dissection patients using support vector machine algorithm.,2025,Eur J Med Res,10.1097/JCMA.0000000000000264,Journal Article,Cai H; Shao Y; Liu XY; Li CY; Ran HY; Shi HM; Zhang C; Wu QC,Q1_ml_imputation_clinical,False,S1_excluded_title
40241105,Inter-organ correlation based multi-task deep learning model for dynamically predicting functional deterioration in multiple organ systems of ICU patients.,2025,BioData Min,10.1016/j.bja.2024.11.005,Journal Article,Zeng Z; Liu Y; Yao S; Lin M; Cai X; Nan W; Xie Y; Gong X,Q4_missing_indicator_deployment,False,S1_excluded_title
40242709,A Machine Learning Model for Predicting Depression in Moroccan Rheumatoid Arthritis Patients.,2025,Cureus,10.7759/cureus.80723,Journal Article,Chakri I; Qarmiche N; Omari M; Tachfouti N; El Fakir S; Otmani N,Q1_ml_imputation_clinical,False,S1_excluded_title
40245396,The Application of AI to Ecological Momentary Assessment Data in Suicide Research: Systematic Review.,2025,J Med Internet Res,10.1016/j.ajp.2022.103316,Journal Article;Systematic Review,Melia R; Musacchio Schafer K; Rogers ML; Wilson-Lemoine E; Joiner TE,Q5_reporting_guidance,False,S1_excluded_title
40247901,Data-driven prediction of prolonged air leak after video-assisted thoracoscopic surgery for lung cancer: Development and validation of machine-learning-based models using real-world data through the ePath system.,2025,Learn Health Syst,10.21037/jtd-22-1485,Journal Article,Tou S; Matsumoto K; Hashinokuchi A; Kinoshita F; Nakaguma H; Kozuma Y; Sugeta R; Nohara Y; Yamashita T; Wakata Y; Takenaka T; Iwatani K; Soejima H; Yoshizumi T; Nakashima N; Kamouchi M,Q1_ml_imputation_clinical,False,S1_excluded_title
40249989,Enhanced non-invasive machine learning approach for early colorectal cancer detection: Predictive modeling and validation in a Jordanian cohort.,2025,Comput Biol Med,10.1016/j.compbiomed.2025.110184,Journal Article,Kanaan S; Altamimi A; Qattous H; Rbeihat H,Q1_ml_imputation_clinical,False,S1_excluded_title
40250167,Systematic literature review on the application of explainable artificial intelligence in palliative care studies.,2025,Int J Med Inform,10.1016/j.ijmedinf.2025.105914,"Journal Article;Systematic Review;Research Support, Non-U.S. Gov't",Migiddorj B; Batterham M; Win KT,Q1_ml_imputation_clinical;Q4_missing_indicator_deployment,False,S1_excluded_title
40251182,Predicting mortality and risk factors of sepsis related ARDS using machine learning models.,2025,Sci Rep,10.3389/fped.2023.1159473,Journal Article,Xu Z; Zhang K; Liu D; Fang X,Q4_missing_indicator_deployment,False,S1_excluded_title
40254897,Machine learning to improve HIV screening using routine data in Kenya.,2025,J Int AIDS Soc,10.1086/651492,Journal Article,Friedman JD; Mwangi JM; Muthoka KJ; Otieno BA; Odhiambo JO; Miruka FO; Nyagah LM; Mwele PM; Obat EO; Omoro GO; Ndisha MM; Kimanga DO,Q1_ml_imputation_clinical;Q4_missing_indicator_deployment,False,S1_excluded_title
40256773,Identifying heterogeneity of treatment effect for antibiotic duration in bloodstream infection: an exploratory post-hoc analysis of the BALANCE randomised clinical trial.,2025,EClinicalMedicine,10.1016/j.eclinm.2025.103195,Journal Article,Ong SWX; Pinto R; Rishu A; Tong SYC; Commons RJ; Conly JM; Evans GA; Fralick M; Kandel C; Lagacé-Wiens PRS; Lee TC; Lother SA; MacFadden DR; Marshall JC; Martel-Laferrière V; Mayette M; McDonald EG; Neary JD; Prazak J; Raby E; Regli A; Rogers BA; Smith S; Taggart LR; Wang HT; Wuerz T; Yahav D; Young PJ; Fowler RA; Daneman N;  ,Q1_ml_imputation_clinical,False,S1_excluded_title
40266658,Development and Validation of a Dynamic Real-Time Risk Prediction Model for Intensive Care Units Patients Based on Longitudinal Irregular Data: Multicenter Retrospective Study.,2025,J Med Internet Res,10.1377/hlthaff.2014.0048,Journal Article;Multicenter Study;Validation Study,Zheng Z; Luo J; Zhu Y; Du L; Lan L; Zhou X; Yang X; Huang S,Q1_ml_imputation_clinical,False,S1_excluded_title
40273824,BigLSTM: Recurrent neural network for the treatment of anomalous temporal signals. Application in the prediction of endotracheal obstruction in COVID-19 patients in the intensive care unit.,2025,Comput Biol Med,10.1016/j.compbiomed.2025.110146,Journal Article,Fernández-López P; Báez PG; Cabrera-León Y; Navarro-Mesa JL; Pérez-Acosta G; Blanco-López J; Suárez-Araujo CP,Q1_ml_imputation_clinical,False,S1_excluded_title
40279119,Multiple bias calibration for valid statistical inference under nonignorable nonresponse.,2025,Biometrics,10.1093/biomtc/ujaf044,Journal Article,Cho S; Kim JK; Qiu Y,Q3_MNAR_informative,False,S1_excluded_title
40280174,Interpretable Machine Learning for Predicting Anterior Uveitis in Axial Spondyloarthritis.,2025,J Clin Rheumatol,10.1097/RHU.0000000000002225,Journal Article,Li H; Guo Q; Zhang T; Zhou S; Guo C,Q1_ml_imputation_clinical,False,S1_excluded_title
40281716,Explainable AI for Chronic Kidney Disease Prediction in Medical IoT: Integrating GANs and Few-Shot Learning.,2025,Bioengineering (Basel),10.3390/electronics12010212,Journal Article,Rezk NG; Alshathri S; Sayed A; Hemdan EE,Q1_ml_imputation_clinical,False,S1_excluded_title
40286587,Healing with hierarchy: Hierarchical attention empowered graph neural networks for predictive analysis in medical data.,2025,Artif Intell Med,10.1016/j.artmed.2025.103134,"Journal Article;Research Support, Non-U.S. Gov't",Gupta S; Sharma S; Sharma R; Chandra J,Q1_ml_imputation_clinical,False,S1_excluded_title
40293214,Doubly robust omnibus sensitivity analysis of externally controlled trials with intercurrent events.,2025,Biometrics,10.1093/biomtc/ujaf047,Journal Article,Gao C; Zhang X; Yang S,Q3_MNAR_informative,False,S1_excluded_title
40301941,Intelligent predictive risk assessment and management of sarcopenia in chronic disease patients using machine learning and a web-based tool.,2025,Eur J Med Res,10.1016/j.metabol.2023.155585,Journal Article,Rong K; Yi Ke Ran GLJ; Zhou C; Yi X,Q1_ml_imputation_clinical,False,S1_excluded_title
40303633,Triglycerides/high-density lipoprotein-cholesterol ratio outperforms traditional lipid indicators in predicting metabolic dysfunction-associated steatotic liver disease among U.S. adults.,2025,Front Endocrinol (Lausanne),10.1111/j.1365-2796.2005.01556.x,Journal Article,Yuan J; He X; Lu Y; Pu X; Liu L; Zhang X; Liao J; Li G; Luo Y; Zhang T,Q2_MI_prediction_models,False,S1_excluded_title
40314701,A fast and robust geometric point cloud registration model for orthopedic surgery with noisy and incomplete data.,2025,Int J Comput Assist Radiol Surg,10.1515/bmt-2024-0396,Journal Article,Zhao J; Xu Z; He F; Liu J; Jiang Z,Q1_ml_imputation_clinical,True,included
40315577,External validation of prediction models for early relapse in advanced epithelial ovarian cancer using Australian and Dutch population-based data.,2025,Cancer Epidemiol,10.1016/j.canep.2025.102824,Journal Article;Validation Study,Said SA; IntHout J; Koffijberg H; de Hullu JA; Hyde SE; van der Aa MA; van Altena AM,Q2_MI_prediction_models,False,S1_excluded_title
40327860,Diagnosis of Sarcopenia Using Convolutional Neural Network Models Based on Muscle Ultrasound Images: Prospective Multicenter Study.,2025,J Med Internet Res,10.2196/52865,Journal Article;Multicenter Study,Chen ZT; Li XL; Jin FS; Shi YL; Zhang L; Yin HH; Zhu YL; Tang XY; Lin XY; Lu BL; Wang Q; Sun LP; Zhu XX; Qiu L; Xu HX; Guo LH,Q1_ml_imputation_clinical,False,S1_excluded_title
40328844,Dynamic cross-domain transfer learning for driver fatigue monitoring: multi-modal sensor fusion with adaptive real-time personalizations.,2025,Sci Rep,10.1007/s42154-022-00207-y,Journal Article,Aravinth SS; Nagamani GM; Kumar CK; Lasisi A; Naveed QN; Bhowmik A; Khan WA,Q4_missing_indicator_deployment,False,S1_excluded_title
40341749,Predicting the efficacy of bevacizumab on peritumoral edema based on imaging features and machine learning.,2025,Sci Rep,10.1186/s12943-019-0950-1,Journal Article,Bai X; Feng M; Ma W; Wang S,Q1_ml_imputation_clinical,False,S1_excluded_title
40343821,How Deep is Your Guess? A Fresh Perspective on Deep Learning for Medical Time-Series Imputation.,2025,IEEE J Biomed Health Inform,10.1109/JBHI.2025.3568778,"Journal Article;Research Support, Non-U.S. Gov't",Qian L; Ellis HL; Wang T; Wang J; Mitra R; Dobson R; Ibrahim Z,Q1_ml_imputation_clinical,True,included
40344756,Assessing and validating machine learning-enhanced imputation of admission American Spinal Injury Association Impairment Scale grades for spinal cord injury.,2025,J Neurosurg Spine,10.3171/2025.1.SPINE241135,Journal Article;Validation Study,Jillala RR; Aude CA; Vattipally VN; Ran KR; Jiang K; Weber-Levine C; Davidar AD; Hersh AM; Jo J; Lubelski D; Bydon A; Witham T; Theodore N; Azad TD,Q1_ml_imputation_clinical,True,included
40357530,Advancing the Use of Longitudinal Electronic Health Records: Tutorial for Uncovering Real-World Evidence in Chronic Disease Outcomes.,2025,J Med Internet Res,10.1080/01621459.2025.2453249,Journal Article,Huang F; Hou J; Zhou N; Greco K; Lin C; Sweet SM; Wen J; Shen L; Gonzalez N; Zhang S; Liao KP; Cai T; Xia Z; Bourgeois FT; Cai T,Q1_ml_imputation_clinical,False,S1_excluded_title
40359740,Knowledge-guided adaptive spatial-temporal graph contrastive learning framework: Regional crop diseases prediction based on electronic medical records.,2025,Neural Netw,10.1016/j.neunet.2025.107597,Journal Article,Xu C; Zhang Y; Zhao L; Wen H; Zhang L,Q1_ml_imputation_clinical,False,S1_excluded_title
40373401,Reconstructing missing NOx emissions in heavy-duty diesel vehicle OBD data: A machine learning approach.,2025,J Hazard Mater,10.1016/j.jhazmat.2025.138619,Journal Article,Cao Z; Wang Y; Zhao X; Yin J; Jia Z; Zhan Y; Liu Y; Zhang Q; Mao H,Q4_missing_indicator_deployment,True,S2_ex_E2
40378163,Integrating Multimodal EHR Data for Mortality Prediction in ICU Sepsis Patients.,2025,Stat Med,10.1002/sim.70060,Journal Article,Wang Y; Li W,Q1_ml_imputation_clinical,False,S1_excluded_title
40378383,Machine learning for early prediction of the infection in patients with urinary stone after treatment of holmium laser lithotripsy.,2025,PLoS One,10.21037/tau-20-930,Journal Article,Xia W; Zhang M; Zheng X; Wu Z; Xuan Z; Huang P; Yang X,Q1_ml_imputation_clinical,False,S1_excluded_title
40380492,GRU-D Characterizes Age-Specific Temporal Missingness in MIMIC-IV.,2025,Stud Health Technol Inform,10.3233/SHTI250382,Journal Article,Giesa N; Akguel M; Boie SD; Balzer F,Q1_ml_imputation_clinical,True,included
40382465,Flexible imputation toolkit for electronic health records.,2025,Sci Rep,10.32614/RJ-2018-014,Journal Article,Vafaei Sadr A; Li J; Hwang W; Yeasin M; Wang M; Lehmann H; Zand R; Abedi V,Q1_ml_imputation_clinical,True,included
40384521,Causal Inference With Outcomes Truncated by Death and Missing Not at Random.,2025,Stat Med,10.1002/sim.70126,Journal Article,Li W; Liu Y; Luo S; Geng Z,Q3_MNAR_informative,True,included
40385730,Predicting 30-Day Hospital Readmission in Patients With Diabetes Using Machine Learning on Electronic Health Record Data.,2025,Cureus,10.7759/cureus.82437,Journal Article,Emi-Johnson OG; Nkrumah KJ,Q1_ml_imputation_clinical,False,S1_excluded_title
40388479,Systematic review of risk prediction models for arteriovenous fistula dysfunction in maintenance hemodialysis patients.,2025,PLoS One,10.1016/j.rcl.2021.06.004,Journal Article;Systematic Review,Yao S; Ma G; Dong Y; Zhao M; Chen L; Qi W; Shen H,Q5_reporting_guidance,False,S1_excluded_title
40398687,Maternal early warning scores shown to be methodologically weak and at high risk of bias.,2025,J Clin Epidemiol,10.1186/s41512-020-00077-0,"Journal Article;Systematic Review;Research Support, Non-U.S. Gov't",Chester-Jones M; Kirtley S; Er F; Jogarah V; Qiao Y; Tunn R; Vides N; Watkinson PJ; Knight M; Gerry S; Collins GS,Q5_reporting_guidance,False,S1_excluded_title
40403533,ADEPT: An advanced data exploration and processing tool for clinical data insights.,2025,Comput Methods Programs Biomed,10.1016/j.cmpb.2025.108860,Journal Article,Shao L; Wang J; Li L; Liu Y; Liu Z; Song B; Li S,Q1_ml_imputation_clinical,False,S1_excluded_title
40405163,A machine learning-based risk prediction model for diabetic oral ulceration.,2025,BMC Oral Health,10.1002/dmrr.3252,Journal Article,Xiaoling W; BingQian W; Zhenqi Z; Wen L; Shuyan G; Hanbei C; Feng X; Yang C; Li J; Tang G; Wei J,Q1_ml_imputation_clinical,False,S1_excluded_title
40406037,Development of Explainable Machine Learning Models to Identify Patients at Risk for 1-Year Mortality and New Distant Metastases Postendoprosthetic Reconstruction for Lower Extremity Bone Tumors: A Secondary Analysis of the PARITY Trial.,2025,JB JS Open Access,10.2106/JBJS.OA.24.00213,Journal Article,Deng J; Moskalyk M; Nayan M; Aoude A; Ghert M; Bhatnagar S; Bozzo A,Q1_ml_imputation_clinical,False,S1_excluded_title
40417515,Federated Multiple Imputation for Variables that Are Missing Not At Random in Distributed Electronic Health Records.,2024,AMIA Annu Symp Proc,,Journal Article,Lian Y; Jiang X; Long Q,Q1_ml_imputation_clinical;Q3_MNAR_informative,True,included
40420148,Cervical cancer screening uptake and its associated factor in Sub-Sharan Africa: a machine learning approach.,2025,BMC Med Inform Decis Mak,10.1111/j.1471-0528.2011.03122.x,Journal Article,Arage FG; Tadese ZB; Taye EA; Tsegaw TK; Abate TG; Alemu EA,Q1_ml_imputation_clinical,False,S1_excluded_title
40421178,Hybrid deep learning for IoT-based health monitoring with physiological event extraction.,2025,Digit Health,10.1177/20552076251337848,Journal Article,Vallabhuni S; Debasis K,Q1_ml_imputation_clinical;Q4_missing_indicator_deployment,False,S1_excluded_title
40421571,Evaluating Methods for Imputing Race and Ethnicity in Electronic Health Record Data.,2025,Health Serv Res,10.1016/j.jbi.2016.10.016,Journal Article,Conderino S; Divers J; Dodson JA; Thorpe LE; Weiner MG; Adhikari S,Q3_MNAR_informative,True,included
40426265,Development and validation of a quick screening tool for predicting neck pain patients benefiting from spinal manipulation: a machine learning study.,2025,Chin Med,10.2519/jospt.2014.4888,Journal Article,Han C; Yang G; Wen H; Fu M; Peng B; Xu B; Yin X; Wang P; Zhu L; Feng M,Q1_ml_imputation_clinical,False,S1_excluded_title
40440333,Impute the missing data by combining retrieved dropouts and return to baseline method.,2025,PLoS One,10.1007/s43441-024-00691-w,Journal Article,Li X; Yang Z; Yuan C; Liu J; Li Z,Q3_MNAR_informative,True,included
40442041,Application of machine learning algorithms to identify risk factors for depression in type 2 diabetes mellitus patients: A Taiwan diabetes registry study.,2025,J Chin Med Assoc,10.1097/JCMA.0000000000001250,"Journal Article;Research Support, Non-U.S. Gov't",Su YW; Sheu WH; Hwu CM; Chen YC; Chen JF; Peng YS; Huang CN; Hung YJ; Chen HS,Q1_ml_imputation_clinical,False,S1_excluded_title
40448035,Deep learning-driven modality imputation and subregion segmentation to enhance high-grade glioma grading.,2025,BMC Med Inform Decis Mak,10.1158/2159-8290.CD-20-1474,Journal Article,Yu J; Liu Q; Xu C; Zhou Q; Xu J; Zhu L; Chen C; Zhou Y; Xiao B; Zheng L; Zhou X; Zhang F; Ye Y; Mi H; Zhang D; Yang L; Wu Z; Wang J; Chen M; Zhou Z; Wang H; Wang VY; Wang E; Xu D,Q1_ml_imputation_clinical,True,included
40454971,Heart disease classification using hybrid ML schemes and optimization tactics in healthcare.,2025,Comput Methods Biomech Biomed Engin,10.1080/10255842.2025.2510373,Journal Article,Liu Q; Kong F; Song Z,Q1_ml_imputation_clinical,False,S1_excluded_title
40456317,Comparative analysis of machine learning models for coronary artery disease prediction with optimized feature selection.,2025,Int J Cardiol,10.1016/j.ijcard.2025.133443,Journal Article;Comparative Study,Olawade DB; Soladoye AA; Omodunbi BA; Aderinto N; Adeyanju IA,Q1_ml_imputation_clinical,False,S1_excluded_title
40463897,Development of a warning model for drug-induced liver injury in the older patients.,2025,Front Pharmacol,10.4240/wjgs.v16.i8.2662,Journal Article,Hu Q; Li X; Zou D; He Z; Xu T,Q1_ml_imputation_clinical,False,S1_excluded_title
40475993,Machine learning-based coronary heart disease diagnosis model for type 2 diabetes patients.,2025,Front Endocrinol (Lausanne),10.1016/s0140-6736(10)60484-9,Journal Article,Chen Y; Wang C; Liu X; Duan M; Xiang T; Huang H,Q1_ml_imputation_clinical,False,S1_excluded_title
40478706,TimEHR: Image-Based Time Series Generation for Electronic Health Records.,2025,IEEE J Biomed Health Inform,10.1109/JBHI.2025.3577328,"Journal Article;Research Support, Non-U.S. Gov't",Karami H; Hartley MA; Atienza D; Ionescu A,Q1_ml_imputation_clinical,False,S1_excluded_title
40490248,Development of a multicentre cohort study to understand the role of MRI and ultrasound in the diagnosis of acute haematogenous bone and joint infection in children (the PIC Bone study) : a study protocol.,2025,Bone Jt Open,10.1136/bmj-2023-078378,Journal Article,Nogaro MC; Hartshorn S; Brady M; Offiah A; Faust S; Firth G; Ma J; Dhiman P; O'Mahoney J; Davies L; Spowart C; Moscrop A; Young B; Tudur-Smith C; Collins G; Perry DC; Theologis T,Q2_MI_prediction_models,False,S1_excluded_title
40496554,Development and validation of a LASSO logistic regression based nomogram for predicting live births in women with polycystic ovary syndrome: a retrospective cohort study.,2025,Front Endocrinol (Lausanne),10.3390/nu17020310,Journal Article;Validation Study,Liu Y; Gao J; Ge H; Feng J; Wang Y; Wu X,Q1_ml_imputation_clinical,False,S1_excluded_title
40501856,Machine Learning for Missing Data Imputation in Alzheimer's Research: Predicting Medial Temporal Lobe Flexibility.,2025,bioRxiv,10.1101/2025.05.22.655574,Journal Article;Preprint,Moallemian S; Saghafi A; Deshpande R; Perez JM; Budak M; Fausto BA; Elahi F; Gluck MA,Q1_ml_imputation_clinical,True,included
40502241,Unraveling Complex Temporal Patterns in EHRs via Robust Irregular Tensor Factorization.,2025,AMIA Jt Summits Transl Sci Proc,,Journal Article,Yifei R; Zeng L; Lou J; Xiong L; Ho JC; Jiang X; Bhavani SV,Q1_ml_imputation_clinical,False,S1_excluded_title
40502605,Causal Inference via Electronic Health Records in the National Clinical Cohort Collaborative: Challenges and Solutions in Long COVID Research.,2025,medRxiv,10.1080/19466315.2022.2116104,Journal Article;Preprint,Butzin-Dozier Z; Ji Y; Wang LC; Anzalone AJ; Hurwitz E; Patel RC; van der Laan MJ; Colford JM; Hubbard AE,Q3_MNAR_informative,False,S1_excluded_title
40513381,Performance of machine and deep learning models for predicting delirium in adult ICU patients: A systematic review.,2025,Int J Med Inform,10.1016/j.ijmedinf.2025.106008,"Journal Article;Systematic Review;Research Support, Non-U.S. Gov't",Al-Jabri MM; Anshasi H,Q1_ml_imputation_clinical;Q5_reporting_guidance,False,S1_excluded_title
40514039,Predicting time to live birth with deep learning embryo ranking: a novel multiple imputation approach.,2025,Hum Reprod,10.1093/humrep/deaf102,"Journal Article;Research Support, Non-U.S. Gov't",Bori L; Johansen MN; Berntsen J; Parner ET; Meseguer M,Q1_ml_imputation_clinical,True,included
40526536,DiffM4RI: A Latent Diffusion Model With Modality Inpainting for Synthesizing Missing Modalities in MRI Analysis.,2026,IEEE J Biomed Health Inform,10.1109/JBHI.2025.3580510,Journal Article,Ye W; Guo Z; Ren Y; Tian Y; Shen Y; Chen Z; He J; Ke J; Shen Y,Q1_ml_imputation_clinical,True,included
40526743,Multimodal CustOmics: A unified and interpretable multi-task deep learning framework for multimodal integrative data analysis in oncology.,2025,PLoS Comput Biol,10.1093/bioinformatics/btr260,"Journal Article;Research Support, Non-U.S. Gov't",Benkirane H; Vakalopoulou M; Planchard D; Adam J; Olaussen K; Michiels S; Cournède PH,Q1_ml_imputation_clinical,False,S1_excluded_title
40531844,"Comprehensive framework for thyroid disorder diagnosis: Integrating advanced feature selection, genetic algorithms, and machine learning for enhanced accuracy and other performance matrices.",2025,PLoS One,10.1007/s40009-020-00979-z,Journal Article,Kumar A; Dhanka S; Sharma A; Sharma A; Maini S; Fahlevi M; Rabby F; Aljuaid M; Bansal R,Q1_ml_imputation_clinical,False,S1_excluded_title
40534499,Incorporation of missing indicator with multiple imputation in propensity score analysis with partially observed covariates: A simulation study.,2025,Stat Methods Med Res,10.1177/09622802251338365,Journal Article,Yucel Karakaya SP; Unal I,Q4_missing_indicator_deployment,True,included
40535700,Prediction models for intraventricular hemorrhage in very preterm infants: a systematic review.,2025,Front Pediatr,10.1016/j.jclinepi.2004.06.017,Journal Article;Review,Xiong P; Wei Y; Li L; Kang H; Yu Z; Tang H; Pu Y,Q5_reporting_guidance,False,S1_excluded_title
40537082,Development and Validation of a Predictive Model for Activities of Daily Living Dysfunction in Older Adults: Retrospective Analysis of Data From the China Health and Retirement Longitudinal Study.,2025,JMIR Med Inform,10.1016/j.maturitas.2017.09.009,"Journal Article;Validation Study;Research Support, Non-U.S. Gov't",Lin F; Liu C; Liu H,Q2_MI_prediction_models,False,S1_excluded_title
40551127,Classification of primary glomerulonephritis using machine learning models: a focus on IgA nephropathy prediction.,2025,BMC Nephrol,10.1093/ndt/gfad200,Journal Article,Hu Z; Bu S; Wang K; Cao Q; Zheng H; Yang J; Chen S; Wu Y; Ren W; He C,Q1_ml_imputation_clinical,False,S1_excluded_title
40563810,Bridging the Gap: Missing Data Imputation Methods and Their Effect on Dementia Classification Performance.,2025,Brain Sci,10.1016/j.patcog.2022.109240,Journal Article,Aracri F; Bianco MG; Quattrone A; Sarica A,Q1_ml_imputation_clinical,True,included
40564166,Machine Learning-Augmented Triage for Sepsis: Real-Time ICU Mortality Prediction Using SHAP-Explained Meta-Ensemble Models.,2025,Biomedicines,10.3390/diagnostics13040800,Journal Article,Yilmaz Başer H; Evran T; Cifci MA,Q1_ml_imputation_clinical;Q4_missing_indicator_deployment,False,S1_excluded_title
40567728,Optimized deep learning approach for lung cancer detection using flying fox optimization and bidirectional generative adversarial networks.,2025,PeerJ Comput Sci,10.1186/s13677-024-00675-z,Journal Article,Abdullah Alohali M; Alqahtani H; Ebad SA; Alotaibi FA; K V; Cho J,Q1_ml_imputation_clinical,False,S1_excluded_title
40569240,A hybrid approach to heart disease prediction using a fractional-order mathematical model and machine learning algorithm.,2025,Comput Methods Biomech Biomed Engin,10.1080/10255842.2025.2523313,Journal Article,Amilo D; Sadri K; Hincal E,Q1_ml_imputation_clinical;Q4_missing_indicator_deployment,False,S1_excluded_title
40575129,"MediSim: Multi-granular simulation for enriching longitudinal, multi-modal electronic health records.",2025,Patterns (N Y),10.5281/zenodo.13007242,Journal Article,Theodorou B; Xiao C; Glass L; Sun J,Q1_ml_imputation_clinical,False,S1_excluded_title
40577667,"Clinical Prediction Models Incorporating Blood Test Trend for Cancer Detection: Systematic Review, Meta-Analysis, and Critical Appraisal.",2025,JMIR Cancer,10.1186/s41512-022-00138-6,"Journal Article;Systematic Review;Meta-Analysis;Research Support, N.I.H., Intramural",Virdee PS; Collins KK; Smith CF; Yang X; Zhu S; Roberts N; Oke JL; Bankhead C; Perera R; Hobbs FR; Nicholson BD,Q5_reporting_guidance,False,S1_excluded_title
40584736,Cross-institutional dental electronic health record entity extraction via generative artificial intelligence and synthetic notes.,2025,JAMIA Open,10.1093/jamiaopen/ooaf061,Journal Article,Chuang YS; Lee CT; Lin GH; Brandon R; Jiang X; Walji MF; Tokede O,Q1_ml_imputation_clinical;Q4_missing_indicator_deployment,False,S1_excluded_title
40588914,Data Mapping Challenges in Reproducibility of Machine Learning for Acute Kidney Injury Prediction.,2025,Stud Health Technol Inform,10.3233/SHTI250706,Journal Article,Hamed RG; Stephens G; Little M; Doyle K; Cathain DN; Bowden A; Struthers P; Impey S; Turner J; Dogaya Y; Hederman L; Sexton D,Q1_ml_imputation_clinical,False,S1_excluded_title
40594281,Survival analysis for sepsis patients: A machine learning approach to feature selection and predictive modeling.,2025,Sci Rep,10.1155/2021/5595042,Journal Article,Cai K; Yang X; Wang Z; Fu W; Liu H; Mahmoudi F,Q1_ml_imputation_clinical,False,S1_excluded_title
40595065,An ensemble-based enhanced short and medium term load forecasting using optimized missing value imputation.,2025,Sci Rep,10.1016/j.eswa.2021.114743,Journal Article,Gupta T; Bhatia R; Sharma S,Q4_missing_indicator_deployment,True,S2_ex_E2
40596157,A novel imputation approach for power load time series data based on tsDatawig.,2025,Sci Rep,10.1007/s10463-024-00914-9,Journal Article,Wang H; Zhang F; Cai Y; Chen Y,Q4_missing_indicator_deployment,True,S2_ex_E2
40598240,Implicit bias in ICU electronic health record data: measurement frequencies and missing data rates of clinical variables.,2025,BMC Med Inform Decis Mak,10.1016/j.knosys.2022.108968,Journal Article,Shi J; Hubbard AE; Fong N; Pirracchio R,Q1_ml_imputation_clinical,True,included
40600522,Adult Eating Disorders Integrated Mental Health Service (AEDimhs): an evaluation of a new primary care intervention model.,2025,Eat Disord,10.1080/10640266.2025.2525972,Journal Article,Manti AM; Crellin A; Winstanley H; Foulds G; McSherry P,Q3_MNAR_informative,False,S1_excluded_title
40604554,Methodological conduct and risk of bias in studies on prenatal birthweight prediction models using machine learning techniques: a systematic review.,2025,BMC Pregnancy Childbirth,10.1016/S0140-6736(19)30037-6,Journal Article;Systematic Review,Gao J; Yao Y; Xue J; Chen R; Yang X; Xu J; Cheng W,Q1_ml_imputation_clinical;Q5_reporting_guidance,False,S1_excluded_title
40615459,Predictive analysis of pediatric gastroenteritis risk factors and seasonal variations using VGG Dense HybridNetClassifier a novel deep learning approach.,2025,Sci Rep,10.59543/ijmscs.v2i.8703,Journal Article,Pranesh PT; Singh CD; Sivanandam A; Muthusamy R; Sharma S; Alqahtani T; Al Shmrany H; Uti DE,Q1_ml_imputation_clinical,False,S1_excluded_title
40618282,Machine learning approaches for predicting heart failure readmissions.,2025,Postgrad Med J,10.1093/postmj/qgaf102,Journal Article,Pikatza-Huerga A; Almeida A; Quiros R; Larrea N; Jose Legarreta M; Zulaika U; Garcia R; Garcia S,Q1_ml_imputation_clinical,False,S1_excluded_title
40619917,Prediction of individualised 6-month mortality risk in opioid use disorder.,2026,Br J Psychiatry,10.1038/s42256-019-0048-x,Journal Article;Validation Study,Roberts E; Strang J; Taylor E; Crummy J; Lowden T; Amasiatu C; Eastwood B,Q2_MI_prediction_models,False,S1_excluded_title
40621507,Unsupervised Imputation of Non-ignorably Missing Data Using Importance-Weighted Autoencoders.,2025,Stat Biopharm Res,10.1080/19466315.2024.2368787,Journal Article,Lim DK; Rashid NU; Oliva JB; Ibrahim JG,Q1_ml_imputation_clinical;Q3_MNAR_informative,True,included
40626240,"Study on the correlation between triglyceride glucose index, triglyceride glucose index to high-density lipoprotein cholesterol ratio, and the risk of diabetes in nonalcoholic fatty liver disease.",2025,Front Endocrinol (Lausanne),10.1016/s2213-8587(23)00086-4,Journal Article,Sun T; Liu J,Q2_MI_prediction_models,False,S1_excluded_title
40629375,A novel method to predict the haemoglobin concentration after kidney transplantation based on machine learning: prediction model establishment and method optimization.,2025,BMC Med Inform Decis Mak,10.3389/ti.2023.11338,Journal Article,He S; Li X; Peng F; Liao J; Lu X; Guo H; Tan X; Chen Y,Q1_ml_imputation_clinical,False,S1_excluded_title
40632325,Machine learning-based online web calculator predicts the risk of sarcopenic obesity in older adults.,2025,Aging Clin Exp Res,10.1093/ajcn/86.5.1339,Journal Article,Guo J; He Q; Li Y,Q1_ml_imputation_clinical,False,S1_excluded_title
40636604,"Personalized Ophthalmic Anesthesia: A Regression Analysis of Patient Characteristics, Surgical Profiles, and Anesthesia Protocols for Outcome Prediction.",2025,Cureus,10.7759/cureus.85645,Journal Article,Shahzadi I; Fatima S; Ameen S; Atta A; Atta M; Batool SW; Aslam R; Khan M,Q1_ml_imputation_clinical,False,S1_excluded_title
40636794,Multi-feature weight factor extraction and survival risk assessment of hepatocellular carcinoma based on a clinical missing dataset-independent support vector machine.,2022,ILIVER,10.1016/j.iliver.2022.07.003,Journal Article,Wang F; Zhang N; Wu X; Zhang W; Lu Q; Wu R; Zhang XF; Guo H; Lv Y,Q1_ml_imputation_clinical,True,S2_ex_E1
40648818,Clinical Context Is More Important than Data Quantity to the Performance of an Artificial Intelligence-Based Early Warning System.,2025,J Clin Med,10.1038/s41591-025-03609-7,Journal Article,Sim T; Cho E; Kim J; Kim HG; Kim SJ,Q1_ml_imputation_clinical,False,S1_excluded_title
40652010,Prediction of gastrointestinal hemorrhage in cardiology inpatients using an interpretable XGBoost model.,2025,Sci Rep,10.1038/s41598-025-10906-1,Journal Article,Li Y; Wang X; Liu X,Q1_ml_imputation_clinical,False,S1_excluded_title
40664278,Identifying homogenous patient subgroups using transformer based hierarchical clustering of heterogeneous Mixed-Modality medical data.,2025,J Biomed Inform,10.1016/j.jbi.2025.104878,"Journal Article;Research Support, U.S. Gov't, Non-P.H.S.;Research Support, N.I.H., Extramural",Baskett W; Black B; Qureshi AI; Shyu CR,Q1_ml_imputation_clinical,False,S1_excluded_title
40669905,Machine learning model for postpancreaticoduodenectomy haemorrhage prediction: an international multicentre cohort study.,2025,BMJ Open,10.1245/s10434-015-4741-7,Journal Article;Multicenter Study;Validation Study,Zhang Z; Zhao X; Shang M; Xu Q; Wang X; Zhang J; Wang C; Gu Z,Q1_ml_imputation_clinical;Q4_missing_indicator_deployment,False,S1_excluded_title
40670163,[Development and research of an AI-assisted decision-making platform in treatment of insomnia with acupuncture of Tongdu Yangxin acupoint prescription].,2025,Zhongguo Zhen Jiu,10.13703/j.0255-2930.20241122-k0003,English Abstract;Journal Article,Wang C; Liu C; Wang X; Liu E; Sun J; Lu J; Ding M; Wu W,Q1_ml_imputation_clinical,False,S1_excluded_title
40676602,Reflections on dynamic prediction of Alzheimer's disease: advancements in modeling longitudinal outcomes and time-to-event data.,2025,BMC Med Res Methodol,10.1186/s12874-025-02618-x,Journal Article;Systematic Review,Chen D; Zhang M; Han H; Wen Y; Yu H,Q1_ml_imputation_clinical;Q4_missing_indicator_deployment,False,S1_excluded_title
40684681,Automatic Point Cloud Patching of Intraoral Three-Dimensional Scanning Based on Deep Learning.,2025,Int Dent J,10.1186/s41747-020-00200-2,Journal Article,Zheng Q; Wang Y; Zhou M; Wu Y; Chen J; Wang X; Gao L; Kang T; Chen X; Zhang W,Q1_ml_imputation_clinical;Q4_missing_indicator_deployment,False,S1_excluded_title
40705053,Development and validation of a model to predict the progression of Alzheimer's disease.,2025,Age Ageing,10.1186/s12883-023-03377-2,Journal Article;Validation Study,Chu C; Wang Y; L H Huynh A; Ng KW; Liu S; Ji G; Doecke J; Fripp J; Masters CL; Goudey B; Jin L; Pan Y,Q1_ml_imputation_clinical,False,S1_excluded_title
40705952,Preparing clinical research data for artificial intelligence readiness: insights from the National Institute of Diabetes and Digestive and Kidney Diseases data centric challenge.,2025,J Am Med Inform Assoc,10.1186/s12880-025-01614-3,Journal Article,Domagalski MJ; Lu Y; Pilozzi A; Williamson A; Chilappagari P; Luker E; Shelley CD; Dabic A; Keller MA; Rodriguez RM; Lawlor S; Thangudu RR,Q1_ml_imputation_clinical,False,S1_excluded_title
40706842,Scoping Review of Prognostic Prediction Models for Endovascular Abdominal Aortic Aneurysm Repair.,2026,Ann Vasc Surg,10.1016/j.avsg.2025.07.019,Journal Article;Scoping Review,Ul-Mulk Z; Tobias S; Khan UF; Aboualmagd A; Musallam F; Antoniou GA,Q1_ml_imputation_clinical;Q5_reporting_guidance,False,S1_excluded_title
40706946,Federated causal discovery with missing data in a multicentric study on endometrial cancer.,2025,J Biomed Inform,10.1016/j.jbi.2025.104877,"Journal Article;Research Support, Non-U.S. Gov't",Zanga A; Bernasconi A; Lucas PJF; Pijnenborg H; Reijnen C; Scutari M; Constantinou AC,Q3_MNAR_informative,True,included
40707983,"Evaluating predictive performance, validity, and applicability of machine learning models for predicting HIV treatment interruption: a systematic review.",2025,BMC Glob Public Health,10.1136/bmj.g7594,Journal Article;Systematic Review,Kwarah W; Vroom FBD; Dwomoh D; Bosomprah S,Q1_ml_imputation_clinical;Q5_reporting_guidance,False,S1_excluded_title
40709045,Developing an interpretable machine learning predictive model of chronic obstructive pulmonary disease by serum PFAS concentration.,2025,Front Public Health,10.1016/j.chemosphere.2024.142363,Journal Article,Shao X; Zhang L; Wang Y; Ying Y; Chen X,Q1_ml_imputation_clinical,False,S1_excluded_title
40715236,Classification of musculoskeletal pain using machine learning.,2025,Sci Rep,10.1002/cpe.7258,Journal Article,Fouad DM; Mahfouz MM; Mohamed MM; Elzanaty MY; Abd El-Hafeez T,Q1_ml_imputation_clinical,False,S1_excluded_title
40720453,Primary prevention cardiovascular disease risk prediction model for contemporary Chinese (1°P-CARDIAC): Model derivation and validation using a hybrid statistical and machine-learning approach.,2025,PLoS One,10.1161/01.CIR.0000129535.04194.38,Journal Article;Validation Study,Zhou Y; Lin CJ; Yu Q; Blais JE; Wan EYF; Wong E; Tan K; Siu DC; Yiu KH; Chan EWY; Yu D; Wong W; Lam TW; Wong ICK; Luo R; Chui CSL,Q1_ml_imputation_clinical,False,S1_excluded_title
40722084,"Predicting Emergency Severity Index (ESI) level, hospital admission, and admitting ward in an emergency department using data-driven machine learning.",2025,BMC Med Inform Decis Mak,10.5662/wjm.v13.i5.373,Journal Article,Agius S; Cassar V; Magri C; Khan W; Obe DA; Caruana G; Topham L,Q1_ml_imputation_clinical,False,S1_excluded_title
40722441,Machine Learning Approaches for Early Detection of Ossification of Posterior Longitudinal Ligament in Health Screening Settings.,2025,Bioengineering (Basel),10.1038/s41598-022-27136-4,Journal Article,Mizukoshi R; Maruiwa R; Ito K; Isogai N; Funao H; Fujita R; Yagi M,Q1_ml_imputation_clinical,False,S1_excluded_title
40730863,An efficient IoT-based crop damage prediction framework in smart agricultural systems.,2025,Sci Rep,10.1038/s41598-025-12921-8,Journal Article,Rezk NG; Attia AF; El-Rashidy MA; El-Sayed A; Hemdan EE,Q4_missing_indicator_deployment,False,S1_excluded_title
40731125,Developing and validating machine learning models to predict next-day extubation.,2025,Sci Rep,10.1038/s41598-025-12264-4,Journal Article,Fenske SW; Peltekian A; Kang M; Markov NS; Zhu M; Grudzinski K; Bak MJ; Pawlowski A; Gupta V; Mao Y; Bratchikov S; Stoeger T; Rasmussen LV; Choudhary AN; Misharin AV; Singer BD; Budinger GRS; Wunderink RG; Agrawal A; Gao CA;  ,Q1_ml_imputation_clinical,False,S1_excluded_title
40739513,MentalAId: an improved DenseNet model to assist scalable psychosis assessment.,2025,BMC Psychiatry,10.1093/schizbullopen/sgae018,Journal Article,Li M; Liu F; Du F; Hong G; Hu Q; Ji ZL; You P,Q1_ml_imputation_clinical,False,S1_excluded_title
40739969,Automated early detection of androgenetic alopecia using deep learning on trichoscopic images from a Korean cohort: a retrospective model development and validation study.,2025,Ewha Med J,10.1007/s10618-019-00619-1,Journal Article,Suh MJ; Ahn S; Byun JY,Q1_ml_imputation_clinical,False,S1_excluded_title
40748187,Cross-Dataset Evaluation of Dementia Longitudinal Progression Prediction Models.,2025,Hum Brain Mapp,10.1038/s41598-020-72664-6,"Journal Article;Research Support, N.I.H., Extramural;Research Support, Non-U.S. Gov't",Zhang C; An L; Wulan N; Nguyen KN; Orban C; Chen P; Chen C; Zhou JH; Liu K; Yeo BTT;  ,Q1_ml_imputation_clinical,False,S1_excluded_title
40754039,Combining multiple imputation with internal model validation in clinical prediction modeling: a systematic methodological review.,2025,J Clin Epidemiol,10.1016/j.jclinepi.2025.111916,"Journal Article;Systematic Review;Research Support, Non-U.S. Gov't",Awounvo S; Kieser M; Feißt M,Q2_MI_prediction_models,True,included
40755962,Enhancing early gestational diabetes mellitus prediction with imputation-based machine learning framework: A comparative study on real-world clinical records.,2025,Digit Health,10.48550/arXiv.2103.09316,Journal Article,Ma L; Yang L; Wang Y; Hao J; Li Y; Ma L; Wang Z; Li Y; Zhang S; Hu M; Li J; Sun Y,Q1_ml_imputation_clinical,True,included
40757142,Preparing Wearable Data for AI-Powered Mood and Compliance Prediction in HCT Patients and Caregivers.,2024,Proc IEEE Int Conf Big Data,10.1109/bigdata62323.2024.10825132,Journal Article,Ziegenbein CB; Ortiz BL; Gupta V; Choi SW,Q1_ml_imputation_clinical,False,S1_excluded_title
40761812,"Machine learning-based strategies for improving healthcare data quality: an evaluation of accuracy, completeness, and reusability.",2025,Front Artif Intell,10.1016/j.eng.2024.04.024,Journal Article,Jarmakovica A,Q1_ml_imputation_clinical,False,S1_excluded_title
40763138,Machine learning-based predictive modeling of angina pectoris in an elderly community-dwelling population: Results from the PoCOsteo study.,2025,PLoS One,10.1016/j.ihj.2012.09.008,Journal Article,Mousavi S; Jalalian Z; Afrashteh S; Farhadi A; Nabipour I; Larijani B,Q1_ml_imputation_clinical,False,S1_excluded_title
40772740,Combining Missing Data Imputation and Internal Validation in Clinical Risk Prediction Models.,2025,Stat Med,10.1245/s10434-018-6370-4,Journal Article,Mi J; Tendulkar RD; Sittenfeld SMC; Patil S; Zabor EC,Q2_MI_prediction_models,True,included
40774461,Generative AI-powered explainable prediction model: Enhancing early in-hospital mortality alert for patients with acute myocardial infarction.,2025,Int J Cardiol,10.1016/j.ijcard.2025.133649,"Journal Article;Research Support, Non-U.S. Gov't",Xie P; Wang H; Xiao J; Xu F; Guo R; Xie B; Li T; Ma R; Ding H; Ma Y; Xiao J,Q1_ml_imputation_clinical,False,S1_excluded_title
40785964,The status of Saudi measures of deprivation: A review with policy recommendations on a missing indicator in Saudi epidemiologic research.,2025,J Family Community Med,10.4103/jfcm.jfcm_331_24,Journal Article;Review,AlOmar RS,Q4_missing_indicator_deployment,True,included
40787210,Robust causal inference for point exposures with missing confounders.,2025,Can J Stat,10.2202/1544-6115.1309,Journal Article,Levis AW; Mukherjee R; Wang R; Haneuse S,Q1_ml_imputation_clinical,True,included
40790736,Risk factors for tuberculosis treatment outcomes: a statistical learning-based exploration using the SINAN database with incomplete observations.,2025,BMC Med Inform Decis Mak,10.1186/s12911-025-03139-9,Journal Article,Phat NK; Lee Y; Vu DH; Long NP; Park S,Q1_ml_imputation_clinical,False,S1_excluded_title
40795573,AI-driven diagnosis of Lassa fever: Evidence from Nigerian clinical records.,2026,Comput Biol Chem,10.1016/j.compbiolchem.2025.108627,Journal Article,Esan A; Adejo G; Okomba N; Soladoye AA; Aderinto N; Olawade DB,Q1_ml_imputation_clinical,False,S1_excluded_title
40796458,"Assessment of dementia risk scores in predicting mild cognitive impairment: A comparison of CogDrisk, CAIDE, LIBRA, and ANU-ADRI.",2025,J Prev Alzheimers Dis,10.1093/ageing/afaf201,Journal Article;Comparative Study,Huque MH; Anstey KJ,Q2_MI_prediction_models,False,S1_excluded_title
40800568,Development and Validation of a Dynamic Online Nomogram for Predicting Inpatient Fall Risk: A Cohort Study.,2025,J Multidiscip Healthc,10.1111/j.1365-2648.2008.04950.x,Journal Article,Jiang S; Zhao F; Liang Y; Wang S; Xu Q; Wang R; Wu T; Yang H,Q2_MI_prediction_models,False,S1_excluded_title
40802824,Image Imputation with conditional generative adversarial networks captures clinically relevant imaging features on computed tomography.,2025,PLOS Digit Health,10.1016/j.jacr.2014.12.012,Journal Article,Rich J; Le J; Raad R; Tejura T; Rastegarpour A; Gill I; Duddalwar V; Oberai A,Q1_ml_imputation_clinical,True,included
40804281,XGBoost models based on non imaging features for the prediction of mild cognitive impairment in older adults.,2025,Sci Rep,10.1038/s41598-025-14832-0,Journal Article,Fernández-Blázquez MA; Ruiz-Sánchez de León JM; Sanz-Blasco R; Verche E; Ávila-Villanueva M; Gil-Moreno MJ; Montenegro-Peña M; Terrón C; Fernández-García C; Gómez-Ramírez J,Q1_ml_imputation_clinical,False,S1_excluded_title
40811016,Cumulative Logit Ordinal Regression With Proportional Odds Under Nonignorable Missing Responses-Application to Phase III Trial.,2025,Stat Med,10.1002/sim.70114,Journal Article,Maity AK; Tan H; Pradhan V; Bandyopadhyay S,Q3_MNAR_informative,True,included
40817221,Risk prediction of QTc prolongation occurrence in cancer patients treated with commonly used oral tyrosine kinase inhibitors: machine learning modeling or conventional statistical analysis better?,2025,BMC Med Inform Decis Mak,10.17482/uumfd.1296479,Journal Article,Lin HW; Lin TC; Hsu CN; Yeh TP; Chen YC; Liu LC; Lin CY,Q1_ml_imputation_clinical,False,S1_excluded_title
40819603,Multimodal data fusion with irregular PSA kinetics for automated prostate cancer grading.,2025,Comput Med Imaging Graph,10.1016/j.compmedimag.2025.102625,"Journal Article;Research Support, Non-U.S. Gov't",Bashkanov O; Engelage L; Behnel N; Ehrlich P; Hansen C; Rak M,Q1_ml_imputation_clinical,False,S1_excluded_title
40822962,Correlation study on the risk of cardiovascular adverse events in diabetic foot patients based on machine learning - a retrospective cohort study.,2025,Front Endocrinol (Lausanne),10.1111/dme.2018.35.issue-1,Journal Article,Zheng L; Chen J; Xu W; Ding M; Li J; Tian F; Zhang L; Li Q; Wang S; Wang Z; Ma H; Cui X; Chang B; Wang M,Q1_ml_imputation_clinical;Q2_MI_prediction_models,False,S1_excluded_title
40826343,Risk prediction models for ovarian hyperstimulation syndrome: a systematic review and meta-analysis.,2025,BMC Pregnancy Childbirth,10.17352/ijcem.000035,Journal Article;Systematic Review;Meta-Analysis,Liu J; Liu F; Xu W; Zhang L; Tian Q; Du L; Li S; Zhang M,Q5_reporting_guidance,False,S1_excluded_title
40834423,Deep Phenotyping of Obesity: Electronic Health Record-Based Temporal Modeling Study.,2025,J Med Internet Res,10.1186/s12859-023-05595-4,Journal Article,Ruan X; Lu S; Wang L; Wen A; Murali S; Liu H,Q1_ml_imputation_clinical,False,S1_excluded_title
40837819,Applications of generative artificial intelligence in outcome prediction in intensive care medicine-a scoping review.,2025,Front Digit Health,10.1186/s12874-016-0116-4,Journal Article;Review,Stamm T; Bader-El-Den M; McNicholas J; Briggs J; Zhao P,Q1_ml_imputation_clinical,False,S1_excluded_title
40845324,"Diagnostic Prediction Models for Primary Care, Based on AI and Electronic Health Records: Systematic Review.",2025,JMIR Med Inform,10.1136/bmj-2023-078378,"Journal Article;Systematic Review;Research Support, Non-U.S. Gov't",Hunik L; Chaabouni A; van Laarhoven T; Olde Hartman TC; Leijenaar RTH; Cals JWL; Uijen AA; Schers HJ,Q5_reporting_guidance,False,S1_excluded_title
40845608,Transparency in Externally Validated Models: A systematic review of machine learning vs. logistic regression for predicting colorectal anastomotic leakage.,2025,Eur J Surg Oncol,10.1016/j.ejso.2025.110367,Comparative Study;Journal Article;Systematic Review,Ben Hmido S; Abder Rahim H; Ingwersen EW; Burchell G; Hompes R; van der Peet D; Sonneveld E; Kazemier G; Daams F,Q1_ml_imputation_clinical;Q5_reporting_guidance,False,S1_excluded_title
40854951,A novel machine learning framework for stroke type identification in resource constrained settings with robustness to missing data.,2025,Sci Rep,10.1038/s41598-025-16660-8,Journal Article,Bhardwaj A; Antil Y; Srivastava MVP; Vinny PW; Vishnu VY; Garg R,Q1_ml_imputation_clinical,True,included
40856906,Development and Validation of an Artificial Intelligence-Driven Model for Accurate Classification of Erythrodermic Psoriasis Severity: Erythrodermic Psoriasis Integrated Classification System (EPICS).,2025,Am J Clin Dermatol,10.1038/s41467-022-31384-3,Journal Article;Validation Study,Yang Y; Wu C; Zhang X; Yu C; Zhang H; Jin H,Q1_ml_imputation_clinical,False,S1_excluded_title
40859240,Explainable machine learning identifies key quality-of-life-related predictors of arthritis status: evidence from the China health and retirement longitudinal study.,2025,Health Qual Life Outcomes,10.1186/s12955-025-02412-9,Journal Article,Lin K; Jiang T; Liao J; Zhou X; Wang Z; Chen Y; Xu X; Zhou B,Q1_ml_imputation_clinical;Q4_missing_indicator_deployment,False,S1_excluded_title
40859427,Machine-Learning Models With Multiple Imputation With Sequential Nearest Neighbors Imputation for Predicting the Prognosis of Idiopathic Sudden Sensorineural Hearing Loss Patients.,2026,Ear Hear,10.1097/AUD.0000000000001711,Journal Article,Jin Y; Li M; Li M; Fan H; Gong H; Chen W; Zhang M; Yu Y; Luo W; Zhang X,Q1_ml_imputation_clinical,True,included
40861216,Random forest-driven mortality prediction in critical IBD care: a dual-database model integrating comorbidity patterns and real-time physiometrics.,2025,Front Med (Lausanne),10.1016/s0016-5085(23)02010-3,Journal Article,Zhang Z; Zhao C; Zhou Y; Yao L; Liu P; Fang Z; Fang N,Q1_ml_imputation_clinical;Q4_missing_indicator_deployment,False,S1_excluded_title
40863133,Machine Learning-Driven Insights in Cancer Metabolomics: From Subtyping to Biomarker Discovery and Prognostic Modeling.,2025,Metabolites,10.1177/1177932219899051,Journal Article;Review,Elguoshy A; Zedan H; Saito S,Q1_ml_imputation_clinical,False,S1_excluded_title
40869676,Are We Accurately Predicting Mortality in Renal Cancer? A Systematic Review of Prognostic Models.,2025,J Clin Med,10.3390/cancers13225755,Journal Article;Review,Martinez-Cayuelas L; Sarrio-Sanz P; Lumbreras B; Gil-Guillen VF; Romero-Maroto J; Gomez-Perez L,Q5_reporting_guidance,False,S1_excluded_title
40870913,"Development and Validation of a Machine Learning Model for Early Prediction of Acute Kidney Injury in Neurocritical Care: A Comparative Analysis of XGBoost, GBM, and Random Forest Algorithms.",2025,Diagnostics (Basel),10.1007/s00134-014-3505-3,Journal Article,Kim KS; Yoon TJ; Ahn J; Ryu JA,Q1_ml_imputation_clinical,False,S1_excluded_title
40879452,Implementing response-adaptive designs when responses are missing: Impute or ignore?,2025,Stat Methods Med Res,10.1177/09622802251366843,Journal Article,Tackney MS; Villar SS,Q3_MNAR_informative,True,included
40886713,Prediction of postoperative infections by strategic data imputation and explainable machine learning.,2025,J Am Med Inform Assoc,10.1093/bjsopen/zrac031,Journal Article,Guillen-Ramirez H; Sanchez-Taltavull D; Perrodin S; Peisl S; Triep K; Gaudet-Blavignac C; Endrich O; Beldi G,Q1_ml_imputation_clinical,True,included
40889016,Beyond black boxes: using explainable causal artificial intelligence to separate signal from noise in pharmacovigilance.,2026,Int J Clin Pharm,10.3233/SHTI240533,Journal Article,Ferreira-da-Silva R; Cruz-Correia R; Ribeiro I,Q1_ml_imputation_clinical,False,S1_excluded_title
40890281,Kolmogorov-Arnold Networks for predicting carotid intima-media thickness in cardiovascular risk assessment.,2025,Sci Rep,10.17632/x49n5w2t3h.1,Journal Article,Al Bataineh A; Vamsi B; El-Abd M; Doppala BP,Q1_ml_imputation_clinical,False,S1_excluded_title
40890392,Deep hierarchical subtyping of multi-organ systemic sclerosis trajectories - a EUSTAR study.,2025,NPJ Digit Med,10.1038/s41746-025-01962-y,Journal Article,Trottet C; Schürch M; Allam A; Petelytska L; Castellví I; Bečvář R; de Vries-Bouwstra J; Iannone F; Carreira P; Truchetet ME; Cuomo G; Rezus E; Cantatore FP; Simeón-Aznar CP; Parvu M; Dzhus M; Distler O; Hoffmann-Vold AM; Krauthammer M;  ,Q1_ml_imputation_clinical,False,S1_excluded_title
40890689,Developing multimodal cervical cancer risk assessment and prediction model based on LMIC hospital patient card sheets and histopathological images.,2025,BMC Med Inform Decis Mak,10.1002/widm.1312,Journal Article,Jemane KC; Kuyu MB; Tegenaw GS,Q1_ml_imputation_clinical,False,S1_excluded_title
40895332,A Machine Learning and Bayesian Belief Network Approach to Predicting Cervical Cancer Risk: Implications for Risk Management.,2025,J Multidiscip Healthc,10.1158/1055-9965.EPI-10-0394,Journal Article,Toffaha K; Simsekler MCE; Sleptchenko A; Kortt MA; Bukasa LL,Q1_ml_imputation_clinical;Q2_MI_prediction_models,False,S1_excluded_title
40897432,Biases in Glucose Metrics Are Directly Related to Low Coverage of Continuous Glucose Monitoring: Insights from Diverse Populations.,2026,Diabetes Technol Ther,10.1177/15209156251376007,Journal Article,Cichosz SL; Hartvig NV; Kronborg T; Hangaard S; Vestergaard P; Jensen MH,Q3_MNAR_informative,False,S1_excluded_title
40901692,Insights into a machine learning-based prediction model for colorectal polyp recurrence after endoscopic mucosal resection.,2025,World J Gastroenterol,10.3748/wjg.v31.i31.109389,Letter,Li GY; Zhai LL,Q1_ml_imputation_clinical,False,S1_excluded_title
40904574,Diagnosing schizophrenia with routine blood tests: a comparative analysis of machine learning algorithms.,2025,Front Psychiatry,10.4103/0976-500X.114596,Journal Article,Ogur YS; Kaya AE; Ogur NB; Akturk BE,Q1_ml_imputation_clinical,False,S1_excluded_title
40907572,Deep Learning-Based Multimodal Prediction of NAC Response in LARC by Integrating MRI and Proteomics.,2025,Cancer Res Treat,10.4143/crt.2025.707,Journal Article,Li Y; Ding J; Du F; Wang Z; Liu Z; Liu Y; Zhou Y; Zhang Q,Q1_ml_imputation_clinical,False,S1_excluded_title
40923962,Application of Multistrategy Improvement Gray Wolf Algorithm to Optimize Extreme Gradient Boosting in Emergency Triage.,2026,J Emerg Nurs,10.1016/j.jen.2025.07.015,Journal Article,Huang T; Jiang Y; Gan R; Wang H; Wang F; Li Y,Q1_ml_imputation_clinical,False,S1_excluded_title
40927527,Fully-connected network-based prediction model for lymph node metastasis in clinical early-stage endometrial cancer: development and validation in two centers.,2025,Front Oncol,10.1016/j.ygyno.2022.02.019,Journal Article,Cai S; Huang Y; Liu W; Ren Y; Wang H; Xu Z; Xue Y; Wang Y; Chen X,Q1_ml_imputation_clinical,False,S1_excluded_title
40929733,The effects of missing data due to study dropout on longitudinal analysis inference using outcome-dependent sampling.,2025,Int J Epidemiol,10.1093/ije/dyaf150,Journal Article,Wilson MP; Erlandson KM; Moore CM; MaWhinney S,Q3_MNAR_informative,True,included
40930058,Biological Age Estimation From the Age Gap Using Deep Learning Integrating Morbidity and Mortality: Model Development and Validation Study.,2025,J Med Internet Res,10.1038/s41551-023-01049-7,Journal Article;Validation Study,Moon SE; Yoon JW; Bae JH; Joo S; Kim YH; Lee BH; Yoon S; Yoo H; Cho YM,Q1_ml_imputation_clinical,False,S1_excluded_title
40931817,"Preclinical Ischemic Stroke Multicenter Trials (PRISM) Collective Statement: Opportunities, Challenges, and Recommendations for a New Era.",2026,Stroke,10.1161/STROKEAHA.125.052056,Journal Article;Review,Ayata C; Bath PM; Planas AM; Allan SM; Boltze J; Cabeen RP; Gibson CL; Cipolla MJ; Diniz MA; Fumagalli S; Hyder F; Koehler RC; Liesz A; McCann SK; Magnus T; McCullough LD; Sena ES; Beretta S; Aronowski J; Bosetti F; Wright CB; Lyden PD; Sansing LH,Q1_ml_imputation_clinical,False,S1_excluded_title
40932135,Validation of the American Heart Association Predicting Risk of Cardiovascular Disease Events Equations in Diverse Socioeconomic Groups: The All of Us Cohort.,2025,J Am Heart Assoc,10.1001/jamacardio.2025.1865,"Journal Article;Validation Study;Research Support, N.I.H., Extramural",Lewis AA; Bacong AM; Palaniappan L; Hernandez-Boussard T,Q3_MNAR_informative,False,S1_excluded_title
40938864,An interpretable LightGBM model for predicting coronary heart disease: Enhancing clinical decision-making with machine learning.,2025,PLoS One,10.1016/j.jacc.2010.09.001,"Journal Article;Research Support, Non-U.S. Gov't",Deng L; Lu K; Hu H,Q1_ml_imputation_clinical,False,S1_excluded_title
40944104,Missing Data in OHCA Registries: How Imputation Methods Affect Research Conclusions-Paper I.,2025,J Clin Med,10.18637/jss.v074.i07,Journal Article,Zhan SJ; Saffari SE; Ong MEH; Siddiqui FJ,Q1_ml_imputation_clinical,True,included
40953036,Risk prediction model for post-endoscopic retrograde cholangiopancreatography pancreatitis: A systematic review and meta-analysis.,2025,PLoS One,10.1016/j.surge.2014.11.005,"Journal Article;Systematic Review;Meta-Analysis;Research Support, Non-U.S. Gov't",Mao Y; Liu Q; Fan H; He W; Zhang C; Ouyang X; Li E; Wang X; Qiu L; Dong H,Q1_ml_imputation_clinical;Q5_reporting_guidance,False,S1_excluded_title
40953703,IoT-based approach for diabetes patient monitoring using machine learning.,2025,SLAS Technol,10.1016/j.slast.2025.100348,Journal Article;Review,Ayouni S; Khan MH; Ibrahim M; Maddeh M; Sarwar N; Alturki N,Q4_missing_indicator_deployment,False,S1_excluded_title
40954231,Short-term mortality prediction in children with gastrointestinal congenital anomalies using a random forest classifier.,2026,Pediatr Res,10.2147/JHC.S496481,Journal Article,Serban AM,Q1_ml_imputation_clinical,False,S1_excluded_title
40956744,A Novel Multi-Task Teacher-Student Architecture With Self-Supervised Pretraining for 48-Hour Vasoactive-Inotropic Trend Analysis in Sepsis Mortality Prediction.,2026,IEEE J Biomed Health Inform,10.1109/JBHI.2025.3609667,Journal Article,Jin H; Ashrafi N; Alaei K; Pishgar E; Placencia G; Pishgar M,Q1_ml_imputation_clinical,False,S1_excluded_title
40967672,"Comparative performance of logistic regression, multilayer perceptron and decision tree models for predicting surgical pressure injuries: a retrospective cohort study.",2025,BMJ Health Care Inform,10.1097/01.ASW.0000833612.84272,Journal Article;Comparative Study,Li CY; Chu CM; Chen CW; Ke HY; Hsiao PC; Pan HH,Q1_ml_imputation_clinical,False,S1_excluded_title
40971792,Knowledge and Perceptions of AI Among Medical Students in Morocco: Cross-Sectional Study.,2025,JMIR Form Res,10.1177/20552076231174095,Journal Article;Observational Study,Chakri I; El Khayali O; Lahlou L,Q1_ml_imputation_clinical,False,S1_excluded_title
40976514,Prognostic outcomes of spinal metastasis: timing of metastasis presentation matters.,2026,Spine J,10.1016/j.spinee.2025.09.002,Journal Article,Tsao SL; Tsou CW; Pan YT; Yen HK; Lin HC; Liu JH; Tsuang FY; Ho UC; Lin WH; Hu MH; Ogink P; Groot OQ,Q2_MI_prediction_models,False,S1_excluded_title
40989359,Fuzzy evaluation and explainable machine learning for diagnosis of rheumatic and autoimmune diseases.,2025,PeerJ Comput Sci,10.48550/arXiv.2409.14912,Journal Article,Mahdi MF; Jahani A; Abd DH,Q1_ml_imputation_clinical,False,S1_excluded_title
40989384,Advanced deep learning and transfer learning approaches for breast cancer classification using advanced multi-line classifiers and datasets with model optimization and interpretability.,2025,PeerJ Comput Sci,10.1016/j.bspc.2023.105263,Journal Article,Zhang X; Shao W; Qiu M; Xiao C; Ma L,Q1_ml_imputation_clinical,False,S1_excluded_title
40989810,From Ulcer to Amputation: A Systematic Review of Prognostic Models for Diabetic Foot Ulcer Amputation.,2025,Risk Manag Healthc Policy,10.2196/44065,Journal Article;Review,Xie XR; Yu MF; Xu R; Liu Y; Zhang J,Q5_reporting_guidance,False,S1_excluded_title
40990082,Machine Learning-Based Prediction of Quality of Life Improvement After Surgery for Spinal Metastases: A Prospective Multicenter Study.,2025,Spine (Phila Pa 1976),10.1097/BRS.0000000000005367,Journal Article;Multicenter Study,Kitagawa K; Maki S; Shiratani Y; Suzuki A; Tamai K; Shimizu T; Kakutani K; Kanda Y; Tominaga H; Kawamura I; Ishihara M; Paku M; Takahashi Y; Funayama T; Miura K; Shirasawa E; Inoue H; Kimura A; Iimura T; Moridaira H; Nakajima H; Watanabe S; Akeda K; Takegami N; Nakanishi K; Sawada H; Matsumoto K; Funaba M; Suzuki H; Funao H; Oshigiri T; Hirai T; Otsuki B; Kobayakawa K; Uotani K; Sairyo K; Tanishima S; Hashimoto K; Iwai C; Yamabe D; Hiyama A; Seki S; Kato K; Miyazaki M; Watanabe K; Nakamae T; Kaito T; Nakashima H; Nagoshi N; Kato S; Imagama S; Watanabe K; Ohtori S; Inoue G; Furuya T,Q1_ml_imputation_clinical,False,S1_excluded_title
40990498,Data imputation and domain-adaptive prediction of 1-year postoperative mortality in geriatric hip fracture patients following arthroplasty from multi-center study.,2026,Int J Surg,10.1097/JS9.0000000000003427,Journal Article;Multicenter Study,Lu X; Zeng C; Gong Z; Jin R; Zhang Z; Liu K; Hu N; Xiao J; Xiong Y,Q1_ml_imputation_clinical,True,included
40991939,Diabetic Foot Ulcer Classification Models Using Artificial Intelligence and Machine Learning Techniques: Systematic Review.,2025,J Med Internet Res,10.2337/dc24-1112,Journal Article;Systematic Review,Silva MA; Hamilton EJ; Russell DA; Game F; Wang SC; Baptista S; Monteiro-Soares M,Q1_ml_imputation_clinical;Q5_reporting_guidance,False,S1_excluded_title
40992553,"Improving Risk Prediction in Complex High-Risk Percutaneous Coronary Intervention: Addressing Missing Data, Calibration, and Clinical Utility.",2026,Can J Cardiol,10.1016/j.cjca.2025.09.032,Letter,Gupta R; Gupta N; Yadav A; Vohra S; Mody R,Q2_MI_prediction_models,True,S2_ex_E3
40993724,Machine learning model to predict mortality in patients with skin and soft tissue infection in emergency department.,2025,Scand J Trauma Resusc Emerg Med,10.4274/cjms.2024.2024-119,Journal Article,Chen YW; Wu KH; Wu PH; Hsiao CT; Hsieh CH; Fann WC; Lin LC; Chang CP,Q1_ml_imputation_clinical,False,S1_excluded_title
41001462,Multimodal AI-driven Biomarker for Early Detection of Cancer Cachexia.,2025,medRxiv,10.1101/2025.09.17.25336028,Journal Article;Preprint,Ahmed S; Parker N; Park M; Davis EW; Jeong D; Permuth JB; Schabath MB; Yilmaz Y; Rasool G,Q1_ml_imputation_clinical,False,S1_excluded_title
41002921,High-Accuracy Classification of Parkinson's Disease Using Ensemble Machine Learning and Stabilometric Biomarkers.,2025,Neurol Int,10.1093/brain/113.3.767,Journal Article,Brizzi ACB; Pinto Neto O; Pedreiro RCM; Moreira LH,Q1_ml_imputation_clinical,False,S1_excluded_title
41010666,Improving Sepsis Prediction in the ICU with Explainable Artificial Intelligence: The Promise of Bayesian Networks.,2025,J Clin Med,10.1056/NEJMhle2308901,Journal Article,Agard G; Roman C; Guervilly C; Ouladsine M; Boyer L; Hraiech S,Q1_ml_imputation_clinical;Q4_missing_indicator_deployment,False,S1_excluded_title
41010848,Building a Machine Learning Model to Predict Postpartum Depression from Electronic Health Records in a Tertiary Care Setting.,2025,J Clin Med,10.1016/j.jth.2022.101353,Journal Article,Ma Z; Horvath M; Stamilio DM; Sekyere K; Gurcan MN,Q1_ml_imputation_clinical,False,S1_excluded_title
41013668,Machine learning and nomogram prediction model to explore the relationship between monocyte-to-high-density lipoprotein cholesterol ratio and asthma: results from the NHANES 2001-2018.,2025,Eur J Med Res,10.1111/j.1365-2222.2011.03940.x,Journal Article,Zou L; Zhao J; Ruan Y; Wang Y,Q1_ml_imputation_clinical,False,S1_excluded_title
41018513,Maternal perinatal risk factors and full-term neonatal early-onset sepsis: A novel prediction model based on machine learning.,2025,Digit Health,10.1177/20552076251376968,Journal Article,Youmei C; Min L; Xiaoqing C; Quanfu Z,Q1_ml_imputation_clinical,False,S1_excluded_title
41022643,Predicting risk of early-onset sepsis in low-resource neonatal units using routine healthcare data: development and evaluation of multivariable statistical and machine learning models.,2025,BMJ Paediatr Open,10.1093/cid/ciab815,Journal Article,Lowther E; Khan N; Cortina-Borja M; Chimhini GL; Neal SR; Mangiza M; Fitzgerald F; Heys M; Chimhuya S,Q1_ml_imputation_clinical,False,S1_excluded_title
41026707,DiabetesXpertNet: An innovative attention-based CNN for accurate type 2 diabetes prediction.,2025,PLoS One,10.1186/s40537-022-00582-7,Journal Article;Retracted Publication,Farnoosh R; Abnoosian K; Isewid RA; Javaheri D,Q1_ml_imputation_clinical,False,S1_excluded_title
41029251,"Predicting malnutrition in PLWHIV using machine learning in gondar, Ethiopia.",2025,BMC Public Health,10.1038/s41598-022-27077-y,Journal Article,Gedefaw AE; Mengistu AK; Maru TC; Walle AD; Alemayehu MA; Yehuala TZ; Baykemagn ND,Q1_ml_imputation_clinical,False,S1_excluded_title
41029822,Generative and integrative modeling for transcriptomics with formalin fixed paraffin embedded material.,2025,J Transl Med,10.1186/s12859-015-0494-3,"Journal Article;Research Support, Non-U.S. Gov't",Mucaki EJ; Zhang W; Saha A; Trebinjac S; Nofech-Mozes S; Rakovitch E; Dumeaux V; Hallett MT,Q1_ml_imputation_clinical,False,S1_excluded_title
41034564,Large language models forecast patient health trajectories enabling digital twins.,2025,NPJ Digit Med,10.1371/journal.pdig.0000651,Journal Article,Makarov N; Bordukova M; Quengdaeng P; Garger D; Rodriguez-Esteban R; Schmich F; Menden MP,Q1_ml_imputation_clinical,False,S1_excluded_title
41037206,Deep Neural Network-Based Risk Prediction of Glioblastoma Multiforme Recurrence.,2025,J Mol Neurosci,10.1007/s00330-022-09066-x,Journal Article,Wankhede DS; Shahade AK; Deshmukh PV; Manikjade A; Shahade M; Gohatre PH; Tidke K,Q1_ml_imputation_clinical,False,S1_excluded_title
41040798,HEIST: A Graph Foundation Model for Spatial Transcriptomics and Proteomics Data.,2025,ArXiv,10.1101/2023.03.28.534644,Journal Article;Preprint,Madhu H; Rocha JF; Huang T; Viswanath S; Krishnaswamy S; Ying R,Q1_ml_imputation_clinical,False,S1_excluded_title
41041579,Q RadFusion: Hybrid Quantum Classical Radiogenomic Framework for Breast Cancer Diagnosis.,2025,Res Sq,10.1007/s10462-024-10768-5,Journal Article;Preprint,C P; S SBK; S R; Chakrabarti P,Q1_ml_imputation_clinical,False,S1_excluded_title
41043704,Screening and selection of a machine learning algorithm for development of a model to select cows for clinical examination using data from automated health monitoring technologies and other predictors of cow health.,2025,J Dairy Sci,10.3168/jds.2025-26511,Journal Article,Perez MM; Cabrera E; Rial C; You Y; Wang Y; Weinberger K; Nydam DV; Giordano JO,Q1_ml_imputation_clinical,False,S1_excluded_title
41056791,Applying an interpretation model for body fluid mixture identification.,2026,Forensic Sci Int Genet,10.1016/j.fsigen.2025.103362,Journal Article,Lynch CRH; Wen Z; Curran JM,Q4_missing_indicator_deployment,False,S1_excluded_title
41058630,Interpretable machine learning model to predict 90-day radiographically confirmed pneumonia after chemotherapy initiation in non-Hodgkin lymphoma: development and internal validation of a single-center cohort.,2025,Front Med (Lausanne),10.1186/s40001-024-01940-2,Journal Article,Zhang Z; Su M; Jiang P; Wang X; Kong L; Tong X; Wu G,Q1_ml_imputation_clinical,False,S1_excluded_title
41062130,"Leveraging Machine Learning Models to Explore Disparities in Prostate Cancer Diagnosis, Treatment, and Survival.",2025,Cancer Control,10.7759/cureus.44374,Journal Article,Adatorwovor R; Oladapo R; Ghasemi P; Kumar G; Morton DJ; Ogunsanya ME; Abraham O,Q1_ml_imputation_clinical,False,S1_excluded_title
41062725,Artificial intelligence in student management systems to enhance academic performance monitoring and intervention.,2025,Sci Rep,10.1007/s10639-023-12010-1,Journal Article,Wang Y,Q4_missing_indicator_deployment,False,S1_excluded_title
41063002,Exploring the impact of missing data on maternal tobacco program results: an analysis of self-efficacy on smoking cessation.,2025,BMC Public Health,10.1002/sim.9299,Journal Article,Zhao M; Langworthy B,Q3_MNAR_informative,True,included
41068959,Prediction models for self-harm and suicide: a systematic review and critical appraisal.,2025,BMC Med,10.1136/heartjnl-2011-301246,Systematic Review;Journal Article,Seyedsalehi A; Bailey J; Ogonah MGT; Fanshawe TR; Fazel S,Q5_reporting_guidance,False,S1_excluded_title
41069357,Assessing the quality of reporting in artificial intelligence/machine learning research for cardiac amyloidosis.,2025,JAMIA Open,10.1093/jamiaopen/ooaf104,Journal Article,Arefeen A; Singh S; Razavi C; Ghasemzadeh H; Dev S,Q1_ml_imputation_clinical;Q5_reporting_guidance,False,S1_excluded_title
41070156,Clinical prediction models using machine learning in oncology: challenges and recommendations.,2025,BMJ Oncol,10.1136/bmj.l737,Journal Article;Review,Collins GS; Chester-Jones M; Gerry S; Ma J; Matos J; Sehjal J; Tsegaye B; Dhiman P,Q1_ml_imputation_clinical;Q4_missing_indicator_deployment,False,S1_excluded_title
41070239,Augmenting Mortality Prediction in Critically Ill Adults With Medication Data and Machine Learning Models.,2025,Crit Care Explor,10.1097/CCE.0000000000001331,Journal Article,Murray B; Zhang T; Chen Z; Chen X; Zhao B; Smith SE; Devlin JW; Murphy DJ; Kamaleswaran R; Sikora A;  ,Q4_missing_indicator_deployment,False,S1_excluded_title
41072008,Evaluation of Machine Learning Model Performance in Diabetic Foot Ulcer: Retrospective Cohort Study.,2025,JMIR Med Inform,10.1371/journal.pone.0272147,"Journal Article;Research Support, Non-U.S. Gov't",van Velze VY; Burger HL; van der Steenhoven TJ; Al-Ers H; Goncalves LN; Eefting D; de Jong WJ; Smeets HJ; Welleweerd JCS; van der Vorst JR; Uchtmann S; Rissmann R; Hamming JF; Stergioulas L; van der Bogt KE,Q1_ml_imputation_clinical,False,S1_excluded_title
41073633,Regulatory Experiences with the Use of Multiple Imputation for Missing Data in a Phase 3 Confirmatory Trial.,2026,Ther Innov Regul Sci,10.1111/jch.14517,Journal Article,Sassi-Sayadi M; Verweij P; Cornelisse P,Q3_MNAR_informative,True,S2_ex_E1
41075354,"Optimised machine learning for time-to-event prediction in healthcare applied to timing of gastrostomy in ALS: a multi-centre, retrospective model development and validation study.",2025,EBioMedicine,10.18637/jss.v070.i08,Journal Article;Multicenter Study;Validation Study,Weinreich M; McDonough H; Heverin M; Domhnaill ÉM; Yacovzada N; Magen I; Cohen Y; Harvey C; Elazzab A; Gornall S; Boddy S; Alix JJP; Kurz JM; Kenna KP; Zhang S; Iacoangeli A; Al-Khleifat A; Snyder MP; Hobson E; Chio A; Malaspina A; Hermann A; Ingre C; Costa JV; van den Berg L; Panadés MP; van Damme P; Corcia P; de Carvalho M; Al-Chalabi A; Hornstein E; Elhaik E; Shaw PJ; Hardiman O; McDermott C; Cooper-Knock J,Q1_ml_imputation_clinical,False,S1_excluded_title
41077265,Using Machine Learning With Wearable Devices to Advance Research and Patient Care Using Spinal Cord Injury as a Model.,2026,Arch Phys Med Rehabil,10.1016/j.apmr.2025.09.025,"Journal Article;Research Support, Non-U.S. Gov't",Delgado AD; Balthazaar SJT; Soltesz AE; Nightingale TE; Panza GS,Q1_ml_imputation_clinical;Q4_missing_indicator_deployment,False,S1_excluded_title
41087282,A Novel Machine Learning-Driven Voice and Clinical Biomarkers Framework for Robust Prediction of Type 2 Diabetes Mellitus.,2025,J Voice,10.1016/j.jvoice.2025.09.033,Journal Article,Guo J; Peng W; Hu S; Lu D; Chen S,Q1_ml_imputation_clinical,False,S1_excluded_title
41088036,Prediction model for depression risk in middle-aged and elderly patients with metabolic syndrome: a nomogram and interpretable machine learning approach based on CHARLS.,2025,BMC Psychiatry,10.1016/j.jad.2020.04.028,Journal Article,Chen J; Lin Y; Hu R; Hu C,Q1_ml_imputation_clinical,False,S1_excluded_title
41089818,Prediction of Pancreatic Cancer Risk in Patients with New-Onset Diabetes.,2025,Visc Med,10.1159/000543479,Journal Article;Review,Khan S,Q1_ml_imputation_clinical,False,S1_excluded_title
41094997,Med-Diffusion: Diffusion Model-Based Imputation of Multimodal Sensor Data for Surgical Patients.,2025,Sensors (Basel),10.18637/jss.v045.i04,Journal Article,Cheng Z; Zhang B; Hu Y; Du Y; Liu T; Zhang Z; Lu C; Zhou S; Cui Z,Q1_ml_imputation_clinical,True,included
41098984,Integrating convolutional neural networks with ensemble methods for enhanced diabetes diagnosis: a multi-dataset evaluation.,2025,Front Med (Lausanne),10.1002/hsr2.70488,Journal Article,Zhuang K; Zhang C; Chen Z; She T; Wang M,Q1_ml_imputation_clinical,False,S1_excluded_title
41102236,"Development and validation of a predictive model for diabetic peripheral neuropathy with type 2 diabetes mellitus in Xinjiang, China.",2025,Sci Rep,10.1002/dmrr.3702,Journal Article,Adili A; Aikemu M; Rana KS; Wei Y; Yusufu A; Jiang S,Q1_ml_imputation_clinical,False,S1_excluded_title
41103673,Comparison of missing data handling methods for variant pathogenicity predictors.,2025,NAR Genom Bioinform,10.5281/zenodo.6656616,Journal Article;Comparative Study,Särkkä M; Myöhänen S; Marinov K; Saarinen I; Lahti L; Fortino V; Paananen J,Q1_ml_imputation_clinical,True,included
41107168,Predicting In-Hospital Acute Kidney Injury after Cardiac Surgery Using Machine Learning.,2026,J Cardiothorac Vasc Anesth,10.1053/j.ajkd.2022.06.004,"Journal Article;Observational Study;Research Support, N.I.H., Extramural;Research Support, Non-U.S. Gov't",Nezafati K; Cheruku S; Wanyan T; Yang DM; Zhou Q; Jessen ME; Neyra JA; Zhan X; Xie Y; Fox A,Q1_ml_imputation_clinical,False,S1_excluded_title
41107747,Methodological and applicability pitfalls of clinical prediction models for asthma diagnosis: a systematic review and critical appraisal of evidence.,2025,BMC Med Res Methodol,10.7499/j.issn.1008-8830.2204036,Journal Article;Systematic Review,Wongyikul P; Phinyo P; Seephueng P; Tanasombatkul K; Kawamatawong T; Wongsa C; Thongngarm T,Q1_ml_imputation_clinical;Q5_reporting_guidance,False,S1_excluded_title
41110017,Clinical impact of gastrectomy in surgically proven stage IV gastric cancers: retrospective analysis from Korean multicenter dataset (PASS-META).,2026,Gastric Cancer,10.1097/sla.0000000000003217,"Journal Article;Multicenter Study;Research Support, Non-U.S. Gov't",Shin HJ; Song JH; Kim SE; Lee IS; Kim HI; Lee HH; Jeong O; Jung MR; Hur H;  ,Q1_ml_imputation_clinical,False,S1_excluded_title
41124652,Interpretable Machine Learning Model for Predicting and Assessing the Risk of Diabetic Nephropathy: Prediction Model Study.,2025,JMIR Med Inform,10.2337/diaspect.21.1.30,"Journal Article;Research Support, Non-U.S. Gov't",Wen Y; Wan Z; Ren H; Wang X; Wang W,Q1_ml_imputation_clinical;Q2_MI_prediction_models,False,S1_excluded_title
41124942,Hybrid CNN-GRU-XGBoost framework for optimized coronary artery disease diagnosis and risk stratification.,2026,Comput Biol Chem,10.1016/j.compbiolchem.2025.108725,Journal Article,Adnan M; Yang Y; Biswas AK; Khan S,Q1_ml_imputation_clinical,False,S1_excluded_title
41129394,Predicting dropout in intensive longitudinal data: Extending the joint model for autocorrelated data.,2025,Psychol Assess,10.1037/pas0001397,Journal Article,Petersen F; Bringmann LF; Rizopoulos D,Q3_MNAR_informative,False,S1_excluded_title
41133165,Machine learning-based mortality risk prediction models in patients with sepsis-associated acute kidney injury: a systematic review.,2025,Front Med (Lausanne),10.1021/acs.jcim.3c01079,Journal Article;Systematic Review,Li X; Hu X; Xu H; Yu P; Ju H,Q1_ml_imputation_clinical;Q2_MI_prediction_models;Q5_reporting_guidance,False,S1_excluded_title
41134103,Data-driven biomarker discovery and risk profiling for polycystic ovary syndrome in Indian women using ensemble learning.,2025,Reprod Fertil Dev,10.1071/RD25081,Journal Article,Verma P; Agarwal R; Sharma LK; Sindwani N,Q1_ml_imputation_clinical,False,S1_excluded_title
41134947,An Alignment and Imputation Network (AINet) for Breast Cancer Diagnosis With Multimodal Multi-View Ultrasound Images.,2026,IEEE Trans Med Imaging,10.1109/TMI.2025.3625254,Journal Article,Chen H; Li Y; Zhang J; Yang L; Sun Y; Chen Y; Zhou S; Li Z; Qian X; Xu Q; Shen D,Q1_ml_imputation_clinical,True,included
41136622,Artificial intelligence for predicting depression anxiety and stress using psychometric data.,2025,Sci Rep,10.1109/TPAMI.2022.3220744,Journal Article,ShamsEldin T; Gaber S; Ansari S; Elgohary R; Shawky MA; Elbahnasawy M; Abdrabou M,Q1_ml_imputation_clinical,False,S1_excluded_title
41137082,Use of machine learning for risk stratification of chest pain patients in the emergency department.,2025,BMC Med Inform Decis Mak,10.1001/jama.2013.393,Journal Article;Validation Study,Li Y; Jiang S; Dai S; Jiang C; Yang F; Tu X; Wu M; Li C; Zhao Y,Q1_ml_imputation_clinical,False,S1_excluded_title
41140663,Diagnosing autism spectrum disorder based on eye tracking technology using deep learning models.,2025,Front Med (Lausanne),10.1155/2015/741480,Journal Article,Al-Adhaileh MH; Alsubari SNM; Al-Nefaie AH; Ahmad S; Alhamadi AA,Q1_ml_imputation_clinical;Q4_missing_indicator_deployment,False,S1_excluded_title
41144909,Development of an Explainable Machine Learning Model to Predict Mortality Risk in Sepsis Patients: Insights From a Real-World Clinical Data.,2026,Shock,10.1097/SHK.0000000000002744,Journal Article,Hu X; Gu X; Jin Y; Liang F; Wang J; Wang H; Tang D,Q1_ml_imputation_clinical,False,S1_excluded_title
41153765,Multidimensional Visualization and AI-Driven Prediction Using Clinical and Biochemical Biomarkers in Premature Cardiovascular Aging.,2025,Biomedicines,10.3390/diagnostics15151903,Journal Article,Abzaliyev K; Suleimenova M; Abzaliyeva S; Mansurova M; Shomanov A; Bugibayeva A; Tolemisova A; Kurmanova A; Nassyrova N,Q1_ml_imputation_clinical,False,S1_excluded_title
41161723,Trajectories of Glasgow Outcome Scale-Extended after traumatic brain injury: an analysis of the TRACK-TBI cohort.,2026,J Neurol Neurosurg Psychiatry,10.1136/jnnp-2025-336835,Journal Article;Multicenter Study,Curpen PP; To XV; Lu M; Winter C; Bellapart J; Newcombe VF; Nasrallah F,Q2_MI_prediction_models,False,S1_excluded_title
41164752,A study on a real-world data-based VTE risk prediction model for lymphoma patients.,2025,Front Pharmacol,10.1378/chest.13-2379,Journal Article,He C; Wang Y; Zhang H; Li S; Kang F; Cai F; Han L; Yin Q; Li G; Song X; Bian Y,Q1_ml_imputation_clinical,False,S1_excluded_title
41167252,Within- and Between-Individual Compliance in Mobile Health: Joint Modeling Approach to Nonrandom Missingness in an Intensive Longitudinal Observational Study.,2025,JMIR Mhealth Uhealth,10.1037/hea0000292,"Journal Article;Observational Study;Research Support, N.I.H., Extramural",Cho YW; Chow SM; Li J; Wang WL; Wang S; Ji L; Chinchilli VM; Intille SS; Dunton GF,Q3_MNAR_informative,True,included
41171661,Gaussian Mixture Conditional Variational Recurrent Neural Network for Unified Trajectory Imputation and Prediction.,2026,IEEE Trans Pattern Anal Mach Intell,10.1109/TPAMI.2025.3627470,Journal Article,Xu Y; Fu Y,Q4_missing_indicator_deployment,True,included
41174635,Leveraging XGBoost and explainable AI for accurate prediction of type 2 diabetes.,2025,BMC Public Health,10.2147/TCRM.S155753,Journal Article,Rafie Z; Talab MS; Koor BEZ; Garavand A; Salehnasab C; Ghaderzadeh M,Q1_ml_imputation_clinical,False,S1_excluded_title
41175308,Functional disability screening in the elderly: a machine learning approach with ELSI-Brazil data.,2026,Geroscience,10.1186/s12877-022-03460-2,Journal Article,Costa DB; Moret-Tatay C; Néto JC; Irigaray TQ,Q1_ml_imputation_clinical,False,S1_excluded_title
41189192,Supervised machine learning-based bias risk of prognostic models for total knee or hip arthroplasty patients: A systematic review.,2025,Medicine (Baltimore),10.1097/MD.0000000000045230,Journal Article;Systematic Review,Zhang H; Jiang L; Zheng J; Li C,Q5_reporting_guidance,False,S1_excluded_title
41193533,Using item response theory as a methodology to impute categorical missing values.,2025,Sci Rep,10.1007/s10462-019-09709-4,Journal Article,Kline A; Luo Y,Q1_ml_imputation_clinical,True,included
41193557,Development of a machine learning-based interface for insulin dependency prediction using clinical data.,2025,Sci Rep,10.1038/s42256-019-0048-x,Journal Article,Yata VK; Das OP; Lakshmi BVS; Vaishnavi M; Uddin MA; Srikantam A; Bukke SPN,Q1_ml_imputation_clinical,False,S1_excluded_title
41195375,Enhancing deep learning models for predicting smoking Status using clinical data in patients with chronic obstructive pulmonary disease.,2025,Digit Health,10.1109/esic60604.2024.10481583.,Journal Article,Cho S; Jin H; Kim K; Cho S; Choi JY,Q1_ml_imputation_clinical,False,S1_excluded_title
41214653,Predicting the risk of preterm birth with machine learning and electronic health records in China.,2025,BMC Med Inform Decis Mak,10.1038/s41390-024-03604-7,Journal Article,Qian L; Jia H; Chang Z; Hu Y; Chen C; Li X; Zhang H,Q1_ml_imputation_clinical,False,S1_excluded_title
41217606,Risk prediction models for adverse drug reactions in pediatrics: a scoping review.,2026,Int J Clin Pharm,10.1200/JCO.24.00326,Journal Article;Scoping Review,Gao R; Liu J; Huang L; Zeng L; Zhu YZ; Yu Q; Gao Y; Xu Z; Peng Q; Xu Y; Li H; Zhang L,Q1_ml_imputation_clinical;Q5_reporting_guidance,False,S1_excluded_title
41223197,Machine learning-based prediction of metabolic dysfunction-associated steatotic liver disease using National Health and Nutrition Examination Survey (NHANES) data.,2025,PLoS One,10.1111/joim.13531,Journal Article,Zhang Y; Liu X; Zhang X; Fei Y; Li X,Q1_ml_imputation_clinical,False,S1_excluded_title
41226019,Early Sepsis Prediction Using Publicly Available Data: High-Performance AI/ML Models with First-Hour Clinical Information.,2025,Diagnostics (Basel),10.3390/jcm12030915,Journal Article,Wang H; Pounds D; Zhang W; Mokbel AY; Kabir MN; Lin XY; Highlander A; Dehzangi I,Q4_missing_indicator_deployment,False,S1_excluded_title
41228852,Lightweight Signal Processing and Edge AI for Real-Time Anomaly Detection in IoT Sensor Networks.,2025,Sensors (Basel),10.3390/electronics13173562,Journal Article,Reis MJCS,Q4_missing_indicator_deployment,False,S1_excluded_title
41229473,Machine learning enables early risk stratification of hymenopteran stings: evidence from a tropical multicenter cohort.,2025,Front Public Health,10.1016/J.Eclinm.2025.103074,Journal Article;Multicenter Study,Han F; Liu Y; Li H; Chen X; Liang L; Xu D; Ye L; Ouyang Y; He P; Liao W,Q1_ml_imputation_clinical,False,S1_excluded_title
41229934,Lactate dehydrogenase-to-albumin ratio as a predictor of 28-day mortality in critically Ill patients with gastrointestinal cancers: Insights from machine learning and the Medical Information Mart for Intensive Care IV database.,2025,Digit Health,10.1177/20552076251395708,Journal Article,Chen X; Cai Y; Yuan X,Q1_ml_imputation_clinical,False,S1_excluded_title
41237168,Predicting 30-day and 1-year mortality in heart failure with preserved ejection fraction (HFpEF).,2025,PLoS One,10.1016/j.cardfail.2016.01.007,Journal Article,Shin I; Bhatt N; Alashi A; Kandala K; Murugiah K,Q1_ml_imputation_clinical,False,S1_excluded_title
41237368,Methods for Addressing Missingness in Electronic Health Record Data for Clinical Prediction Models: Comparative Evaluation.,2025,JMIR Med Inform,10.2202/1544-6115.1309,"Journal Article;Comparative Study;Research Support, N.I.H., Extramural",Digitale J; Franzon D; Pletcher MJ; McCulloch CE; Gennatas ED,Q1_ml_imputation_clinical;Q2_MI_prediction_models;Q4_missing_indicator_deployment,True,included
41239307,Machine learning to examine adequate awareness and positive perception of HIV pre-exposure prophylaxis among women in sub-Saharan Africa: evidence from 2021-2024 surveys.,2025,BMC Infect Dis,10.1186/1471-2458-11-727,Journal Article,Terefe B; Mengistu AK; Gedefaw AE; Taye EA; Kebede FB; Sani J; Baykemagn ND; Yehuala TZ; Worku A,Q1_ml_imputation_clinical,False,S1_excluded_title
41245546,"Association between cardiovascular-kidney-metabolic syndrome, lifestyle, and all-cause and cause-specific mortality: a prospective cohort study.",2025,EClinicalMedicine,10.1093/aje/kwx246,Journal Article,Wang M; Qiao Y; Lin R; Yu Y; Zhao M; Standl M; Magnussen CG; Xi B,Q4_missing_indicator_deployment,False,S1_excluded_title
41246018,In-hospital mortality risk prediction models for patients with acute coronary syndrome: a systematic review and meta-analysis.,2025,Front Cardiovasc Med,10.1097/FJC.0000000000001678,Journal Article;Systematic Review,Jian R; Zhang J; Zeng Y; Zhou T; Wu Y; Wu L; Yu Y; Xi C,Q5_reporting_guidance,False,S1_excluded_title
41248222,Minimizing Missing Data in Clinical Trials.,2025,Circulation,10.1161/CIRCULATIONAHA.125.074160,Journal Article;Review,Gibson CM; Mears SJ; Bahit MC,Q3_MNAR_informative,True,S2_ex_E1
41256012,A lightweight machine learning tool for Alzheimer's disease prediction.,2025,Alzheimers Dement (Amst),10.1007/s44248-025-00068-w,Journal Article,Suresh V; Nahar T; Sharma A; Panchawagh S; Mohammed O; Muneer MA; Mishra D; Verma A; Sanker V; Mishra A; Malhotra HS; Garg RK,Q1_ml_imputation_clinical,False,S1_excluded_title
41257023,Development of a prediction model for urinary tract infection risk after open reimplantation in children with primary unilateral vesicoureteral reflux: A multicentre study.,2025,BJUI Compass,10.1016/j.urology.2011.11.005,Journal Article,Ismail K; Moussa M; Aoun B; Abou Chakra M; Kallas-Chemaly A; Yadav P; Kruppa C; Schuchardt K; Wilke A; Salameh P; Al-Hajje A,Q2_MI_prediction_models,False,S1_excluded_title
41257183,A practical approach to handling missing sputum samples in airway disease research.,2025,ERJ Open Res,10.1016/j.jclinepi.2006.01.014,Journal Article,Frøssing L; Hansen S; Hvidtfeldt M; Sverrild A; Porsbjerg C,Q2_MI_prediction_models,True,included
41257449,A Bayesian Two-Step Multiple Imputation Approach Based on Mixed Models for Missing EMA Data.,2025,Stat Med,10.18637/jss.v067.i01,Journal Article,Wei Y; Siddique J; Spring B; Hedeker D,Q4_missing_indicator_deployment,True,included
41258065,Bridging the gap: explainable ai for autism diagnosis and parental support with TabPFNMix and SHAP.,2025,Sci Rep,10.3991/ijet.v15i06.11231,Journal Article;Retracted Publication,Jiang S,Q1_ml_imputation_clinical,False,S1_excluded_title
41258357,Robust missing data reconstruction in schizophrenia using tracking-removed autoencoder with fuzzy confidence integration.,2025,Sci Rep,10.1371/journal.pbio.3000966,Journal Article,Mateen M; Fatima U,Q1_ml_imputation_clinical,True,included
41258421,Construction and validation of a risk prediction model for complications in patients with acute leukemia based on machine learning.,2025,Sci Rep,10.1016/S0923-7534(20)33660-7,Journal Article;Validation Study,Xu R; Tian H; Zhao S; Gu S,Q1_ml_imputation_clinical;Q2_MI_prediction_models;Q5_reporting_guidance,False,S1_excluded_title
41260499,Proteomics Data Imputation With a Deep Model That Learns From Many Datasets.,2025,Mol Cell Proteomics,10.1101/2020.07.21.214205,Journal Article,Harris L; Noble WS,Q1_ml_imputation_clinical,True,S2_ex_E4
41265477,"Prediction of quality-of-life improvement after total hip arthroplasty : a simplified and internally validated model based on 82,526 total hip arthroplasties from the Swedish Arthroplasty Register.",2025,Bone Jt Open,10.1136/bmj-2022-071058,Journal Article,Alagha MA; Cobb JP; Liddle AD; Malchau H; Mohaddes M; Rolfson O,Q1_ml_imputation_clinical,False,S1_excluded_title
41266514,Natural language processing techniques to detect delirium in hospitalized patients from clinical notes: a systematic review.,2025,NPJ Digit Med,10.1007/s00134-022-06650-z,Journal Article,Shankar R; Kannan J; Tan YH; Xu Q,Q1_ml_imputation_clinical;Q4_missing_indicator_deployment;Q5_reporting_guidance,False,S1_excluded_title
41266662,AI-driven multi-omics integration in precision oncology: bridging the data deluge to clinical decisions.,2025,Clin Exp Med,10.1186/s12943-025-02369-9,Journal Article;Review,Hsu CY; Askar S; Alshkarchy SS; Nayak PP; Attabi KAL; Khan MA; Mayan JA; Sharma MK; Islomov S; Soleimani Samarkhazan H,Q1_ml_imputation_clinical,False,S1_excluded_title
41268193,Unsupervized clustering reveals a tri-phenotype model of hospitalized COVID-19 patients: Beirut cohort study and literature synthesis.,2025,Digit Health,10.1101/2022.05.27.22275708,Journal Article,El Hadi C; Saliba R; Maalouly G; Riachy M; Sleilaty G,Q1_ml_imputation_clinical,False,S1_excluded_title
41274943,A dynamic weighted ensemble learning framework for cardiovascular risk prediction in type 2 diabetes: a comparative study with SHAP-based interpretability.,2025,Sci Rep,10.9781/ijimai.2021.10.003,Journal Article;Comparative Study,Yuan C; Liu Z; Li X; Zhou X; Wang D; Fan Y; Sun X; Tian Z,Q1_ml_imputation_clinical,False,S1_excluded_title
41281291,Adopting machine learning to predict breast cancer patients adherence with lifestyle recommendations and quality of life outcomes.,2025,Front Digit Health,10.1186/s12889-023-17457-y,Journal Article,Crispo A; Pagnano ME; Bonfigli A; Pecchia L; Luongo A; Porciello G; Coluccia S; Prete M; Bacco L; Vitale S; Palumbo E; Giaccone P; Pica R; Grimaldi M; Cascella M; Cavalcanti E; Minopoli A; De Laurentiis M; Libra M; Polesel J; Massarut S; Celentano E; Augustin LSA,Q1_ml_imputation_clinical,False,S1_excluded_title
41282605,Development of a venous thromboembolism risk prediction model for patients with primary membranous nephropathy based on machine learning.,2025,Front Pharmacol,10.1080/0886022X.2022.2057861,Journal Article,Li L; Wu L; Wang Y; Wang H; Zheng X; Han L; Yin Q; Wu X; Bian Y,Q1_ml_imputation_clinical,False,S1_excluded_title
41282689,A Self-Explainable Dynamic Risk Monitoring Framework for Predicting Alzheimer's Disease and Related Dementias.,2025,medRxiv,10.1002/alz.039,Journal Article;Preprint,Ruan X; Lu S; Fu S; Ahn J; Chen F; Li R; Wen A; Wang L; Onyema E; Tang V; Liu H,Q1_ml_imputation_clinical,False,S1_excluded_title
41291471,How to manage missing covariates in randomized controlled trials: a comparison of strategies.,2025,BMC Med Res Methodol,10.1056/NEJMsr1203730,Journal Article;Comparative Study,Zhang S; Si Y; Dziak JJ,Q4_missing_indicator_deployment,True,included
41294470,Artificial Intelligence in Endodontic Education: A Systematic Review with Frequentist and Bayesian Meta-Analysis of Student-Based Evidence.,2025,Dent J (Basel),10.1016/j.joen.2024.05.012,Journal Article;Review,Ardila CM; Pineda-Vélez E; Vivares-Builes AM,Q5_reporting_guidance,False,S1_excluded_title
41296239,Deep learning model outperforms traditional models in clinical data-based prognostic prediction for adult-type diffuse glioma.,2025,Discov Oncol,10.3390/ijms221910373,Journal Article,Li X; Zhao C; Xia Y; Zhang Y; Zhang Q; Miao M; Xie Z; Yan H; Zhou T; Xin S,Q1_ml_imputation_clinical,False,S1_excluded_title
41297023,Comparison of Machine Learning Models for Colon Cancer Survival: Predictive Modeling Approach.,2025,JMIR Cancer,10.1177/00031348241312124,Journal Article;Comparative Study,Adatorwovor R; Ogunsanya ME; Huang B; Charnigo R; Abraham O,Q1_ml_imputation_clinical,False,S1_excluded_title
41298509,Predictive engine model incorporating physics based model estimation and machine learning.,2025,Sci Rep,10.1023/A:1010933404324,Journal Article,Jung JS; Son C; Rimell A; Clarkson RJ,Q4_missing_indicator_deployment,False,S1_excluded_title
41302288,Incompleteness of Electronic Health Records: An Impending Process Problem Within Healthcare.,2025,Healthcare (Basel),10.3390/electronics14173443,Journal Article,Gurupur V; Hooshmand S; Prabhu DF; Trader E; Salvi S,Q1_ml_imputation_clinical,False,S1_excluded_title
41304904,Machine Learning-Integrated Explainable Artificial Intelligence Approach for Predicting Steroid Resistance in Pediatric Nephrotic Syndrome: A Metabolomic Biomarker Discovery Study.,2025,Pharmaceuticals (Basel),10.1007/s13198-025-02966-3,Journal Article,Yagin FH; Inceoglu F; Colak C; Alkhalifa AK; Alzakari SA; Aghaei M,Q1_ml_imputation_clinical,False,S1_excluded_title
41305929,Adverse Short-Term Cardiometabolic Outcomes in Psychosis Early Intervention Services: Which Risk Prediction Algorithm?,2025,Early Interv Psychiatry,10.1111/eip.70116,Journal Article,Hughes J; Asok AM; Lim MF; Galindo L; Perry BI,Q2_MI_prediction_models,False,S1_excluded_title
41309776,Enhanced early chronic kidney disease prediction using hybrid waterwheel plant algorithm for deep neural network optimization.,2025,Sci Rep,10.1016/j.knosys.2014.07.025,"Journal Article;Research Support, Non-U.S. Gov't",Khafaga DS; Khodadadi N; Khodadadi E; Ali Alhussan A; Eid MM; El-Kenawy EM,Q1_ml_imputation_clinical,False,S1_excluded_title
41309844,Global performance of machine learning models to predict all-cause mortality: systematic review and meta-analysis.,2025,Sci Rep,10.1016/j.jvs.2016.04.026,Journal Article;Systematic Review;Meta-Analysis,Delpino FM; Pimenta LP; Gonzalez DF; Victor A; Fonseca Araujo C; De Araujo-Moura K; Miranda JJ; Batista SRR; Dias Porto Chiavegatto Filho A; Nunes BP,Q5_reporting_guidance,False,S1_excluded_title
41311546,Machine Learning Models for Predicting Vestibular Function After Cochlear Implantation.,2025,J Otol,10.3233/VES-190760,Journal Article,Shen M; Zhu X; Zhang W; Xue S; Wei X; Kong Y; Sun J; Li Y; Wang H,Q1_ml_imputation_clinical,False,S1_excluded_title
41315868,Unlocking the potential of real-time ICU mortality prediction: redefining risk assessment with continuous data recovery.,2025,NPJ Digit Med,10.1111/iwj.13691,Journal Article,Xie P; Hu Y; Li J; Ma Y; Xiao J,Q1_ml_imputation_clinical;Q4_missing_indicator_deployment,False,S1_excluded_title
41326754,Cardiovascular risk prediction via ensemble machine learning and oversampling methods.,2025,Sci Rep,10.1007/s10462-020-09896-5,Journal Article,Reátegui R; Tandazo-Malla C; Suárez R; Ramírez-Cerna L,Q1_ml_imputation_clinical,False,S1_excluded_title
41328611,An accurate predictive model for depressive symptoms in patients with primary Sjögren's disease based on machine learning algorithms.,2025,Clin Exp Rheumatol,10.55563/clinexprheumatol/ar9d4k,Journal Article;Validation Study,Yang L; Tong Y; Jin Y; Wang X; Yan Y; Lu W; Su D; Zou J; Huang K,Q1_ml_imputation_clinical,False,S1_excluded_title
41330045,Irritable bowel syndrome-specific volatile organic compounds in faecal headspace do not associate with classical symptom-based subtypes.,2026,J Breath Res,10.1088/1752-7163/ae26be,Journal Article,Van Vorstenbosch R; Skawinski M; Jonkers D; Elizalde Vilalta M; Keszthelyi D; Pachen D; van Schooten FJ; Mujagic Z; Smolinska A,Q1_ml_imputation_clinical,False,S1_excluded_title
41332389,Clustering-Informed Shared-Structure Variational Autoencoder for Missing Data Imputation in Large-Scale Healthcare Data.,2025,Stat Med,10.1093/jamiaopen/ooae008,Journal Article,Khadem Charvadeh Y; Seier K; Panageas KS; Vaithilingam D; Gönen M; Chen Y,Q1_ml_imputation_clinical;Q3_MNAR_informative,True,included
41332622,cpiVAE: Robust and Interpretable Cross-Platform Proteomics Imputation.,2025,bioRxiv,10.6084/m9.figshare.27931350,Journal Article;Preprint,Li Y; Duong T; Rooney MR; Ballantyne CM; Coresh J; Brody JA; Sotoodehnia N; Arking DE; Bader JS,Q1_ml_imputation_clinical,True,S2_ex_E4
41334340,Multidimensional dietary assessment and interpretable machine learning models predict the risk of prediabetes/diabetes and osteoporosis comorbidity in older adults.,2025,Front Nutr,10.1096/fj.202500415R,Journal Article,ShangGuan Y; Ji K; Lin Z; He C; Sim YJ; Liu H; Huang K; Wu K; Yan L; Xu K; Li H,Q1_ml_imputation_clinical;Q4_missing_indicator_deployment,False,S1_excluded_title
41335883,Advancing Survival Analysis with Large Language Models: A Solution to Data Scarcity and Missing Information in Healthcare.,2025,Annu Int Conf IEEE Eng Med Biol Soc,10.1109/EMBC58623.2025.11254763,Journal Article,Vestengen A; Qadir HA; Fretland AA; Von Gohren Edwin B; Balasingham I,Q1_ml_imputation_clinical,True,included
41335926,Identifying Hypothyroidism as Complication of Type 1 Diabetes from Continuous Glucose Monitoring Data.,2025,Annu Int Conf IEEE Eng Med Biol Soc,10.1109/EMBC58623.2025.11252628,Journal Article,Piersanti A; Callegari A; Del Giudice LL; Gobl C; Burattini L; Tura A; Morettini M,Q1_ml_imputation_clinical;Q4_missing_indicator_deployment,False,S1_excluded_title
41336033,Statistical and Machine Learning Approaches for Virtual Population Generation in In-Silico Cardiovascular Trials.,2025,Annu Int Conf IEEE Eng Med Biol Soc,10.1109/EMBC58623.2025.11252914,Journal Article,Pleouras DS; Siogkas PK; Sakellarios AI; Anic M; Aboarab M; Karanasiou G; Michail PI; Aidonis R; Michalis LK; Fotiadis DI,Q1_ml_imputation_clinical,False,S1_excluded_title
41336241,Machine Learning-Based Adjudication of Acute Infection for Diagnostic Classifier Development with Silver-Standard Labels.,2025,Annu Int Conf IEEE Eng Med Biol Soc,10.1109/EMBC58623.2025.11253361,Journal Article,Shorvon MLWW; Mayhew MB,Q1_ml_imputation_clinical,False,S1_excluded_title
41336367,A Personalized and Evidence-Based Clinical Decision Support System Using Ensemble Learning.,2025,Annu Int Conf IEEE Eng Med Biol Soc,10.1109/EMBC58623.2025.11253016,Journal Article,Brandl C; Nitschke AK; Egersdoerfer F; Ommer B; Weidemuller M,Q1_ml_imputation_clinical,False,S1_excluded_title
41336764,Post-Processing of R Wave Detection to Enhance Heart Rate Variability Analysis.,2025,Annu Int Conf IEEE Eng Med Biol Soc,10.1109/EMBC58623.2025.11254363,Journal Article,Tateyama Y; Eguchi K; Kano M,Q1_ml_imputation_clinical,False,S1_excluded_title
41336779,MTID-TS: Multimodal Training with Incomplete Data using Teacher-Student-Based Strategy on Medical Domain.,2025,Annu Int Conf IEEE Eng Med Biol Soc,10.1109/EMBC58623.2025.11254421,Journal Article,Chen OT; Li IH; Jong YJ; Yang YH; Hsieh HM; Chou MC; Tseng VS,Q4_missing_indicator_deployment,True,included
41337452,Maximizing Sample Utilization in CKD Classification: Fusion and Alignment of Locally Trained Models with a Global Model.,2025,Annu Int Conf IEEE Eng Med Biol Soc,10.1109/EMBC58623.2025.11253104,Journal Article,Guran A; Siris A; Tam GKL; Chess J; Xie X,Q1_ml_imputation_clinical,False,S1_excluded_title
41339488,Reforming disease prognosis and treatment prediction for palliative care with hybrid metaheuristic deep neural architectures in IoT healthcare ecosystems.,2025,Sci Rep,10.1080/10255842.2023.2281277,Journal Article,Kavitha MS; Sreeja GG; Karthik S; Sabitha R,Q1_ml_imputation_clinical,False,S1_excluded_title
41341340,Machine Learning-Based Mortality Prediction Model Using Minimal Features to Assist Decision-Making in End-of-Life Care.,2025,Cureus,10.7759/cureus.95874,Journal Article,Kong TH; Kim JH; Kim MS,Q1_ml_imputation_clinical,False,S1_excluded_title
41341467,Harnessing digital health interventions to address the heterogeneity of depression: a systematic review.,2025,Front Digit Health,10.1016/j.psychres.2024.116330,Journal Article;Systematic Review,Alsalloum G; Dalibalta S; Hadijat Y,Q1_ml_imputation_clinical;Q5_reporting_guidance,False,S1_excluded_title
41346001,Machine learning methods for predicting adverse drug events: A systematic review.,2026,Br J Clin Pharmacol,10.1038/s41746-022-00614-9,Journal Article;Systematic Review,Chalabianloo N; Ahmadi F; Omrani MA; Abdullah SS; Rostamzadeh N; Jafari A; Izzedin L; Sedig K; Muanda FT,Q1_ml_imputation_clinical;Q5_reporting_guidance,False,S1_excluded_title
41352488,"A modern AI framework integrating deep imputation, synthetic data balancing, and explainable modeling for survival prediction in horse colic.",2026,Ann Anat,10.1016/j.aanat.2025.152767,Journal Article,Ozger ZB; Cihan P; Ozaydin I,Q1_ml_imputation_clinical,True,included
41353694,Development of a machine learning-based prediction model for postoperative delirium in frail elderly patients undergoing noncardiac surgery under general anesthesia.,2026,Eur Geriatr Med,10.1371/journal.pone.0236720,Journal Article,Wang Q; Mu D; Wang X; Han W; Wang J; Shen J; Cai N; Xu G,Q1_ml_imputation_clinical;Q2_MI_prediction_models,False,S1_excluded_title
41355079,Prediction of postoperative nausea and vomiting in patients undergoing sedated gastrointestinal endoscopy based on machine learning.,2025,Ann Med,10.1213/ANE.0000000000006942,"Journal Article;Multicenter Study;Research Support, Non-U.S. Gov't",Yao Y; Li Y; Xing F; Yang Z; Li X; Jing M; Li H; Lu X; Chu Q; Zhang W; Ma Y; Xing N,Q1_ml_imputation_clinical;Q4_missing_indicator_deployment,False,S1_excluded_title
41359071,Neural network-aided unsupervised input function estimation for dual-time-window PET Patlak analysis.,2025,EJNMMI Phys,10.1109/TMI.2024.3395349,Journal Article,Shao W; Zhang Y; Du F; Cheng F; Chen Y; Meng X; Liang Y; Xie Z,Q1_ml_imputation_clinical,False,S1_excluded_title
41359715,Development of Machine Learning Models for Predicting Effectiveness and Adherence in Cardiac Rehabilitation.,2025,IEEE J Biomed Health Inform,10.1109/JBHI.2025.3613802,"Journal Article;Research Support, Non-U.S. Gov't",Tsarapatsani KH; Tsakanikas VD; Schmitz B; Sakellarios A; Sestayo-Fernandez M; Pena-Gil C; Matsopoulos GK; Fotiadis DI,Q1_ml_imputation_clinical,False,S1_excluded_title
41361858,Natriuretic peptides testing and survival prediction models for chronic heart failure: a systematic review of added prognostic value.,2025,Diagn Progn Res,10.1093/aje/kwr086,Journal Article;Review,Smith CA; Taylor KS; Jones NR; Roth D; Magona A; Roberts N; Taylor CJ; Hobbs FDR; Vazquez-Montes MDLA,Q5_reporting_guidance,False,S1_excluded_title
41361970,A Machine Learning Approach to Predict Health Care-acquired Urinary Tract Infections From Electronic Nursing Documentation.,2026,Comput Inform Nurs,10.48550/arxiv.1804.02543,Journal Article,Alqarrain Y; Roudsari A; Courtney KL; Tanaka JW,Q1_ml_imputation_clinical,False,S1_excluded_title
41364117,Uncovering Dental Caries Heterogeneity in NHANES Using Machine Learning.,2026,J Dent Res,10.1148/radiol.2020192224,"Journal Article;Research Support, N.I.H., Extramural",Orlenko A; Mure JD; Gluch JI; Gregg J; Compher CW; Ren Z; Koo H; Moore JH,Q1_ml_imputation_clinical,False,S1_excluded_title
41364803,Effectiveness of a Cardiovascular Management System on Triple Risk Factor Control in High-Risk Older Adults: Protocol for a Randomized Controlled Trial.,2025,JMIR Res Protoc,10.1136/bmj-2024-081477,"Journal Article;Clinical Trial Protocol;Research Support, Non-U.S. Gov't",Wang Y; Su L; Xiao J; He X; Hong H; Xu L,Q2_MI_prediction_models,False,S1_excluded_title
41366510,Creation and validation of a mortality risk prediction model for ICU patients with traumatic brain injury: a multicenter retrospective cohort study.,2025,Eur J Med Res,10.1007/s00701-023-05647-x,Journal Article;Multicenter Study;Validation Study,Wu W; Li Q,Q2_MI_prediction_models,False,S1_excluded_title
41368432,An interpretable machine learning model for early prediction of Escherichia coli infection in ICU patients.,2025,Front Cell Infect Microbiol,10.1016/j.jinf.2023.02.004,Journal Article,Yang S; Zou L; Liang H; Xu X; Chen X,Q1_ml_imputation_clinical;Q4_missing_indicator_deployment,False,S1_excluded_title
41373009,Machine learning predicts non-thyroidal illness syndrome (NTIS) occurrence and mortality in sepsis patients.,2025,Eur J Med Res,10.1097/00003246-198510000-00009,Journal Article,Li Y; Li Y; He J; Wang Y; Cai Y; Li Y; Luo J; Zhang Z; Su H,Q1_ml_imputation_clinical,False,S1_excluded_title
41374569,Self-Attention-Based Deep Learning for Missing Sensor Data Imputation in Real-Time Probe Card Monitoring.,2025,Sensors (Basel),10.1016/j.atmosenv.2014.11.049,Journal Article,Bejani M; Mauri M; Mariani S,Q4_missing_indicator_deployment,True,included
41375053,Identification of Potential Biomarkers in Prostate Cancer Microarray Gene Expression Leveraging Explainable Machine Learning Classifiers.,2025,Cancers (Basel),10.5489/cuaj.6008,Journal Article,Marouf AA; Rokne JG; Alhajj R,Q1_ml_imputation_clinical,False,S1_excluded_title
41379846,DynamicSeq2SeqXGB for PM2.5 imputation in extremely sparse environmental monitoring networks.,2025,PLoS One,10.1371/journal.pone.0334252,Journal Article,Safarov R; Shomanova Z; Nossenko Y; Kopishev E; Bexeitova Z; Atasoy E,Q4_missing_indicator_deployment,True,included
41383808,One-year survival prediction models following ST-elevation myocardial infarction: A comparative analysis of the Cox Frailty Model and machine learning.,2025,Caspian J Intern Med,10.22088/cjim.16.4.775,Journal Article,Rezaei M; Montaseri M; Mostafaei S; Khayati A; Taheri M,Q2_MI_prediction_models,False,S1_excluded_title
41384339,Development and Validation of an Interpretable Machine Learning Model for Predicting Early Fusion After Anterior Cervical Discectomy and Fusion.,2026,Spine (Phila Pa 1976),10.1097/BRS.0000000000005595,Journal Article;Validation Study,Wang H; Liang S; Huang K; Ding C; Wang B; Wu T; Liu H,Q1_ml_imputation_clinical,False,S1_excluded_title
41390165,Predicting unplanned hospital revisits among community-dwelling older adults: a dynamic cohort study.,2026,Eur J Hosp Pharm,10.1136/ejhpharm-2025-004622,Journal Article,Hias J; Saud N; Blocquiaux L; Hellemans L; Molenberghs G; Vaes B; Rygaert X; Tournoy J; Van der Linden LR,Q2_MI_prediction_models;Q5_reporting_guidance,False,S1_excluded_title
41390628,Risk prediction models for delirium in ICU patients: a systematic review and critical appraisal.,2025,BMC Anesthesiol,10.1016/S0140-6736(19)30037-6,Systematic Review;Journal Article,Chen WH; Ding L; Sha Y; Lu G; Qian K; Wang B; Wang H,Q5_reporting_guidance,False,S1_excluded_title
41391586,Integrative machine learning approaches with genomic data for predicting antitubercular drug resistance: A systematic review and meta-analysis.,2026,J Glob Antimicrob Resist,10.1016/j.jgar.2025.11.021,Journal Article;Systematic Review;Meta-Analysis,Shrivastava R; Sharma K; Mishra S; Parihar P; Das G; Pandey KM; Maurya AK; Sharma VK; Mishra A; Kushwaha S; Khandia R; Yadav KS; Malhotra AG; Agrawal A; Singh J; Pandey MK,Q1_ml_imputation_clinical,False,S1_excluded_title
41393607,"Artificial Intelligence in Traumatic Brain Injury: A Systematic Review of Prognostic, Diagnostic, and Monitoring Applications.",2025,Cureus,10.7759/cureus.96600,Journal Article;Review,Ahmed AE; Alyami RM; Al Ghazwi FH; Hamzi RH; Alshammari NK; Jali FM; Al Alduwayh AA; Almujami TM; Alamri AS; Sabban JA; Alsum GF,Q1_ml_imputation_clinical;Q5_reporting_guidance,False,S1_excluded_title
41395651,"Literature-informed ensemble machine learning for three-year diabetic kidney disease risk prediction in type 2 diabetes: Development, validation, and deployment of the PSMMC NephraRisk model.",2026,Diabetes Obes Metab,10.1136/bmj.321.7258.405,Journal Article;Validation Study,Tourkmani AM; Al-Harbi TJ; Alghamdi AA; Youzghadli IM; Alosaimi FS; Azzam AY,Q1_ml_imputation_clinical;Q2_MI_prediction_models,False,S1_excluded_title
41396809,Lab tests can be used to predict phosphatidylethanol-measured high-risk alcohol use among people with HIV: a proof-of-concept using machine learning.,2025,Alcohol Alcohol,10.21037/atm.2018.07.02,Journal Article,Espinosa da Silva C; Scheffler A; Fatch R; Muyindike W; Emenyonu NI; Adong J; Chamie G; Ngabirano C; Kekibiina A; Tumwegamire A; Marson K; Beesiga B; Kindoli E; Allen IE; Hahn JA;  ,Q1_ml_imputation_clinical,False,S1_excluded_title
41407102,Evaluating missing outcome data methods for the analysis of the MEL-SELF trial of patient-led surveillance for early-stage melanoma: A simulation study.,2026,Contemp Clin Trials,10.1016/j.cct.2025.108186,Journal Article,Medcalf E; Turner RM; Espinoza D; Zhu L; Bell KJL,Q3_MNAR_informative,True,included
41407383,Improving Genotype Imputation in High-Dimensional Pharmacogenomics Using Multiple Imputation: Evaluation with Machine Learning Approaches.,2026,Clin Pharmacol Ther,10.1002/cpt.70171,"Journal Article;Research Support, Non-U.S. Gov't",Asiimwe IG; You T; Carr DF; Pirmohamed M; Davies G; Jorgensen AL;  ,Q1_ml_imputation_clinical,True,S2_ex_E4
41408835,Missing Values in Empirical Research: Theory and Practice. Part 39 of a Series on the Evaluation of Scientific Publications.,2026,Dtsch Arztebl Int,10.3238/arztebl.m2025.0213,Journal Article;Review,Schaefer E; Lang A; Piedboeuf-Potyka K; Kuss O,Q3_MNAR_informative,True,included
41409680,Ocrelizumab versus Natalizumab in Relapsing-Remitting Multiple Sclerosis: A Registry-Linked Electronic Health Records Study.,2025,medRxiv,10.64898/2025.12.01.25341331,Journal Article;Preprint,Huang F; Zhu W; Hou J; Morini Sweet S; Han Y; Wen J; Liao KP; Cai T; Chitnis T; Bourgeois F; Xia Z; Cai T,Q1_ml_imputation_clinical,False,S1_excluded_title
41410935,A review on the utility of sensitivity analysis in trauma research: Methods and challenges from recent trauma studies.,2025,Eur J Trauma Emerg Surg,10.1007/s00068-025-03033-z,Journal Article;Review,El-Menyar A; Mekkodathil A; Al-Thani H; Pollock BH,Q1_ml_imputation_clinical,False,S1_excluded_title
41415620,"Comparative analysis of frequentist, Bayesian, and machine learning models for predicting SARS-CoV-2 PCR positivity.",2025,Front Artif Intell,10.1038/s41746-020-00372-6,Journal Article,Ihenetu FC; Okoro CI; Ozoude MM; Okechukwu EH; Nwokah EG,Q1_ml_imputation_clinical,False,S1_excluded_title
41418805,Utilizing Machine Learning to Forecast 3-Month Remission Outcomes in Bipolar Disorder Patients Treated with Lithium.,2026,Pharmacopsychiatry,10.1055/a-2751-7163,Journal Article,Cuomo A; Koukouna D; Pardossi S; Pinzi M; Pierini C; Rescalli MB; Fagiolini A,Q1_ml_imputation_clinical,False,S1_excluded_title
41419964,"Predicting and classifying type 2 diabetes using a transparent ensemble model combining random forest, k-nearest neighbor, and neural networks.",2025,Sci Rep,10.1109/TKDE.2008.239,Journal Article,Zaferani N; Afrash MR; Moulaei K,Q1_ml_imputation_clinical,False,S1_excluded_title
41422132,HMLA: A hybrid machine learning approach for enhancing stroke prediction models with missing data imputation techniques.,2025,Sci Rep,10.1038/d41586-019-03013-5,Journal Article,Singh MS; Thongam K; Kumar K; Choudhary P,Q1_ml_imputation_clinical,True,included
41423822,Interpretable machine learning for the early prediction of acute kidney injury in preterm infants in the neonatal intensive care unit.,2025,Ren Fail,10.1016/j.lers.2022.10.002,Journal Article,Liu D; Lyu J; Yang F,Q1_ml_imputation_clinical,False,S1_excluded_title
41424785,Machine learning-based prediction model for teicoplanin plasma concentrations in adults with liver disease using real-world data.,2025,Front Pharmacol,10.1111/bcp.15912,Journal Article,Jian F; Chen X; Wang M; Guo Z; Li X; Jian H; Ji R; Liang L; Yu Z; Chen Y,Q1_ml_imputation_clinical,False,S1_excluded_title
41426313,Systematic review of artificial intelligence and radiomics for preoperative prediction of extranodal extension and lymph node metastasis in oropharyngeal cancer.,2025,Front Oncol,10.3389/fonc.2023.1121485,Journal Article;Systematic Review,Stawarz K; Gorzelnik A; Klos W; Korzon J; Kissin F; Bieńkowska-Pluta K; Stawarz G; Rusetska N; Zwolinski J,Q1_ml_imputation_clinical;Q5_reporting_guidance,False,S1_excluded_title
41432650,The Gut Microbiome at the Onset of Inflammatory Bowel Disease: A Systematic Review and Unified Bioinformatic Synthesis.,2026,Gastroenterology,10.1053/j.gastro.2025.09.014,Journal Article;Systematic Review,Peter Rimmer ; Zhang F; Scott G;  ; Hold GL; Gordon M; Iqbal TH; Hansen R,Q5_reporting_guidance,False,S1_excluded_title
41433036,Machine Learning in the Prediction of Venous Thromboembolism: Systematic Review and Meta-Analysis.,2025,J Med Internet Res,10.1016/S0035-9203(02)90265-8,Journal Article;Systematic Review;Meta-Analysis,Ma R; Yu W; Tian J; Tang Y; Fang H; Ming X; Liu H,Q1_ml_imputation_clinical;Q5_reporting_guidance,False,S1_excluded_title
41436947,Risk prediction models for sarcopenia in maintenance hemodialysis patients: a systematic review and meta-analysis.,2025,BMC Nephrol,10.3109/09638288.2015.1107771,Journal Article;Systematic Review;Meta-Analysis,Chen L; Shen H; Dong Y; Xu X; Zhong Q; Zhuang D; Zhao M,Q5_reporting_guidance,False,S1_excluded_title
41437334,Visit‑to‑visit variability of inflammation-immunity indices and prognosis in hepatocellular carcinoma.,2025,BMC Gastroenterol,10.1136/bmj.g7594,Journal Article,Du Q; Zhao Y; Yang J; Yang Y,Q2_MI_prediction_models,False,S1_excluded_title
41439377,Predicting self-administered biologic nonadherence in Medicare fee-for-service beneficiaries with inflammatory bowel disease using machine learning models.,2026,J Manag Care Spec Pharm,10.1002/pds.1230,Journal Article,Rhudy C; Perry C; Bumgardner C; Wesley MJ; Fardo DW; Barrett T; Talbert J,Q1_ml_imputation_clinical,False,S1_excluded_title
41441191,A Study Protocol on Risk Prediction Modelling of Mortality and In-Hospital Major Bleeding Following Percutaneous Coronary Intervention in an Australian Population: Machine Learning Approach.,2025,Methods Protoc,10.1016/j.cmet.2012.11.012,Journal Article,Chowdhury MRK; Rashid M; Stub D; Dinh D; Karim MN; Billah B,Q1_ml_imputation_clinical,False,S1_excluded_title
41442289,CSAI: Conditional Self-Attention Imputation for Healthcare Time-Series.,2026,IEEE J Biomed Health Inform,10.1109/JBHI.2025.3648181,Journal Article,Qian L; Raj JA; Logan-Ellis H; Zhang A; Zhang Y; Wang T; Dobson RJ; Ibrahim Z,Q1_ml_imputation_clinical,True,included
41445632,Predictors of One-Year Mortality among Patients with Heart Failure with Preserved Ejection Fraction.,2025,medRxiv,10.64898/2025.12.17.25342526,Journal Article;Preprint,Alahdab F; Lopuszynski J; Alkhateeb M; Scott C; Zahid M,Q2_MI_prediction_models,False,S1_excluded_title
41446856,Artificial intelligence-driven diagnosis of autism spectrum disorder in children.,2025,Front Med (Lausanne),10.3390/info15100625,Journal Article,Alsharif N; Al-Nefaie AH; Ahmad S; Farhah NS,Q1_ml_imputation_clinical,False,S1_excluded_title
41446898,Machine learning techniques for improved prediction of cardiovascular diseases using integrated healthcare data.,2025,Front Artif Intell,10.1007/s10462-024-10899-9,Journal Article,Kahraman A,Q1_ml_imputation_clinical,False,S1_excluded_title
41450719,Lung Cancer Risk Estimation with Incomplete Data: A Joint Missing Imputation Perspective.,2021,Med Image Comput Comput Assist Interv,10.1016/j.patrec.2005.10.010,Journal Article,Gao R; Tang Y; Xu K; Lee HH; Deppen S; Sandler K; Massion P; Lasko TA; Huo Y; Landman BA,Q1_ml_imputation_clinical,True,included
41454297,The risk prediction models for deep venous thrombosis in perioperative patients with lower limb fractures: a systematic review and meta-analysis.,2025,BMC Musculoskelet Disord,10.1186/s12891-025-09457-3,Journal Article;Systematic Review;Meta-Analysis,He R; Li X; He J; Deng H,Q5_reporting_guidance,False,S1_excluded_title
41462119,Explainable machine learning model for 1-year readmission risk prediction in AECOPD patients: integrating relief feature selection with sample augmentation.,2025,BMC Infect Dis,10.1186/s13613-021-00929-y,Journal Article,Huang Y; Feng T; Song X; Luo K; Chen H; Xie Y; Xu Y; Chen X,Q1_ml_imputation_clinical;Q2_MI_prediction_models,False,S1_excluded_title
41462375,A temporal-aware machine learning framework enables microbial community dynamics prediction with personalized precision.,2025,Microbiome,10.1093/bioinformatics/btl417,"Journal Article;Research Support, Non-U.S. Gov't",Zhang Y; Zhou K; Chen X; Zhang H; Han J; Ning K,Q1_ml_imputation_clinical,False,S1_excluded_title
41466406,Prediction of intraoperative acquired pressure injury in elderly cardiac surgery patients via machine learning: model development with the MIMIC-IV and external validation.,2025,BMC Med Inform Decis Mak,10.1097/01.ASW.0000544613.10878.ed,Journal Article;Validation Study,Cheng Y; Li L; Zhang J; Zhou J; Chen L; Shi H; Wang Y; He W; Yang F,Q1_ml_imputation_clinical;Q2_MI_prediction_models,False,S1_excluded_title
41474475,Antepartum prediction of shoulder dystocia using machine learning.,2025,Arch Gynecol Obstet,10.1097/GRF.0B013E31811EABA2,Journal Article,Heresco L; Levy N; Todress O; Gluska H; Biron-Shental T; Weitzner O,Q1_ml_imputation_clinical,False,S1_excluded_title
41475375,Patient-reported outcomes may be 'missing not at random' in hip and knee arthroplasty.,2026,Bone Joint J,10.1302/0301-620X.108B1.BJJ-2025-0683.R1,Journal Article;Multicenter Study,Kornvig S; Jakobsen TH; Gromov K; Timm S; Varnum C,Q3_MNAR_informative,True,included
41478161,Ensemble machine learning for early mortality risk stratification in septic orthopedic trauma: an international cohort study.,2026,Int J Med Inform,10.1016/j.ijmedinf.2025.106240,Journal Article,Guo J; Xiong F; Sun B; Lei M; Qin Y,Q1_ml_imputation_clinical,False,S1_excluded_title
41487074,Prediction Models for Severe Maternal Outcomes in Non-ICU Settings: Systematic Review.,2026,BJOG,10.1111/1471-0528.70124,Journal Article;Systematic Review,Luo Z; Li J; Liu X; Lu X; Tang J; Zhang H; Wang Q; Ding X; Chen H; Li Z,Q5_reporting_guidance,False,S1_excluded_title
41488076,Development and validation of a predictive model for oral mucosal pressure injury risk in ICU patients with endotracheal intubation.,2025,Front Med (Lausanne),10.1111/nicc.70009,Journal Article,Cai L; Li Y; Zheng M; Liu Y; Ma G; Zhang Q; Li X; Li N,Q2_MI_prediction_models,False,S1_excluded_title
41497350,Impact of High Tacrolimus Exposure on Graft Function and Development of a Prediction Model in Kidney Transplant Recipients: A Single-Center Retrospective Cohort Study.,2025,Drug Des Devel Ther,10.2165/00003088-200443100-00001,Journal Article,Yang W; Xia R; Zhao P; Du J; Liu R; Zeng W; Chen Y; Luo X; Zheng P; Li Y; Mo L,Q2_MI_prediction_models,False,S1_excluded_title
41499164,Deep Learning for Dynamic Prognostic Prediction in Minimally Invasive Surgery for Intracerebral Hemorrhage: Model Development and Validation Study.,2026,JMIR Med Inform,10.1007/s12028-020-00962-y,"Journal Article;Validation Study;Research Support, Non-U.S. Gov't",Wang J; Shi J; Ye Q; Chen D; Sun Y; Pan C; Tang Y; Zhang P; Tang Z,Q1_ml_imputation_clinical,False,S1_excluded_title
41500389,Is chronic low back pain related to sleep disturbances? A self-organizing maps for unsupervised machine learning-based patient phenotyping.,2026,Spine J,10.1016/j.spinee.2026.01.007,Journal Article,Petrucci G; Russo S; Russo F; Vadalà G; Marchetti A; Piredda M; Iavicoli S; De Marinis MG; Papalia R; Denaro V,Q1_ml_imputation_clinical,False,S1_excluded_title
41505715,AI for Detecting and Predicting Postpartum Depression: Scoping Review.,2026,J Med Internet Res,10.3389/fmed.2024.1407034,Journal Article;Scoping Review,Alkhateeb M; Nayeem A; Ahmed A; Alsahli M; Sheikh J; Abd-Alrazaq A,Q1_ml_imputation_clinical;Q5_reporting_guidance,False,S1_excluded_title
41507815,Joint modelling on clinical trials in clinical journals: a systematic review.,2026,BMC Med Res Methodol,10.1186/1745-6215-14-S1-O108,Journal Article;Systematic Review,Yonemoto N; Ohtsu H,Q3_MNAR_informative,False,S1_excluded_title
41508097,Discovery of data quality issues in electronic health records: profound consequences for critical care medicine applications - a systematized review.,2026,Crit Care,10.1038/s41598-024-61380-0,Journal Article;Review,de Andrade JBC; de Medeiros Cavalcante MAO; Lopes TLM; Treigher JMS; Balsells MD; Vasconcelos JL; Monteiro LC; da Silveira Mota DD,Q1_ml_imputation_clinical;Q4_missing_indicator_deployment,False,S1_excluded_title
41510180,Predicting Chronic Kidney Disease in Type 2 Diabetes Using Natural Language Processing on Healthcare Data.,2026,Kidney Dis (Basel),10.1159/000547604,Journal Article,Navarro-González JF; Pérez de Isla L; Cánovas Molina G; Brito-Sanfiel MÁ; Barajas Galindo DE; Cuellar Olmedo LÁ; Mauricio D; Povedano ST; Balsa Barro JA; Rubio Almanza M; Aparicio Sánchez JJ; Sequera Mutiozabal M; Pimentel B; Domínguez AP; Arias-Cabrales C; Fanjul V; Blanco-Carrasco AJ; Merino Torres JF,Q1_ml_imputation_clinical,False,S1_excluded_title
41512677,"Real world deployment of a pancreatic cancer risk model: impact of refitting, imputation, and computational burden.",2026,EBioMedicine,10.1016/j.ebiom.2025.106118,Journal Article,Chen W; Zhou B; Luong TQ; Xie F; Wu BU,Q2_MI_prediction_models;Q4_missing_indicator_deployment,True,included
41513683,Cross-platform metabolomics imputation using importance-weighted autoencoders.,2026,NPJ Syst Biol Appl,10.1038/s41598-022-26377-7,Journal Article,Smith A; Pinto R; Zagkos L; Tzoulaki I; Elliott P; Dehghan A,Q1_ml_imputation_clinical,True,S2_ex_E4
41513955,Multi-omics fusion network for prediction of early recurrence in colorectal liver metastases.,2026,NPJ Precis Oncol,10.1186/s41512-019-0064-7,Journal Article,Saber R; Carneiro M; Montagnon E; Tang A; Turcotte S; Kadoury S,Q1_ml_imputation_clinical,False,S1_excluded_title
41521030,An Integrated Analysis of Emerging Predictive Models for Preoperative Prediction of Complicated Acute Appendicitis.,2026,World J Surg,10.1002/wjs.70232,Journal Article;Review,Zhang S; Wu W; Wang Q; Zeng C; Du W; He J,Q5_reporting_guidance,False,S1_excluded_title
41525169,A two-stage joint modeling approach for multiple longitudinal markers and time-to-event data.,2026,Stat Methods Med Res,10.1177/09622802251406588,Journal Article,Baghfalaki T; Hashemi R; Helmer C; Jacqmin-Gadda H,Q2_MI_prediction_models,False,S1_excluded_title
41525224,CatBoost Machine Learning Model for Thrombosis Risk Prediction in Critically Ill Cancer Patients: A MIMIC-IV Database Study.,2026,Clin Appl Thromb Hemost,10.1177/10760296251408357,Journal Article;Observational Study,Yang C; Ma H; Zeng X; Yang J; Xiao B; Tan R; Liu Y; Zeng Q,Q1_ml_imputation_clinical;Q2_MI_prediction_models;Q4_missing_indicator_deployment,False,S1_excluded_title
41530306,An intelligent ensemble machine learning model for early detection of chronic kidney disease in aging populations.,2026,Sci Rep,10.4258/hir.2023.29.4.315,Journal Article,Iftikhar H; Hashem AF; Mohamud LA; Al-Moisheer AS; Medina RIG; López-Gonzales JL,Q1_ml_imputation_clinical,False,S1_excluded_title
41533691,Peak strain dispersion as a nonlinear mediator in HFpEF: Unraveling subtype-specific pathways via SHAP-augmented ensemble modeling.,2026,PLoS Comput Biol,10.1159/000535371,Journal Article,Lin M; Li K; Wang X; Sun J; Gong K; Wang Z; Sun P,Q1_ml_imputation_clinical,False,S1_excluded_title
41534082,Developing a Suicide Risk Prediction Algorithm Using Electronic Health Record Data in Mental Health Care: Real-World Case Study.,2026,JMIR Med Inform,10.1016/j.inffus.2019.12.012,Journal Article,Hummel L; Lorenz-Artz KCAG; Bierbooms JJPA; Bongers IMB,Q5_reporting_guidance,False,S1_excluded_title
41536506,"Selective nonreporting of 5-min Apgar scores and its safety assessment of out-of-hospital births: a population-based study of United States' birth data, 2016-2023 a population based study.",2026,Lancet Reg Health Am,10.1016/j.ajog.2012.08.018,Journal Article,Grünebaum A; Landau R; Chervenak FA,Q3_MNAR_informative,False,S1_excluded_title
41540988,Identification of alkaline phosphatase as a putative biomarker of anti-NGF treatment-associated arthropathies: Machine learning-assisted analyses of clinical trial data.,2026,Osteoarthr Cartil Open,10.1016/j.ocarto.2025.100735,Journal Article,Wipperman MF; Ehmann PJ; McIntyre DAG; Wang CG; Gao H; Banerjee P; Ogawa K; Ushirogawa Y; Chio E; Li D; Hectors S; Wei HG; Hamilton JD; Hamon SC; Ota KT; Eng S; Manvelian G; Ho T; Musser BJ; DiMartino SJ; Patel Y; Geba GP,Q1_ml_imputation_clinical,False,S1_excluded_title
41542066,A Framework for Locally Imputing and Predicting Biomarker Trajectories Under Irregular Monitoring: Application to Chronic Myeloid Leukemia.,2026,Res Sq,10.1200/CCI-2500003,Journal Article;Preprint,Montano-Campos F; Heagerty P; Haupt E; Hahn E; Radich J; Bansal A,Q1_ml_imputation_clinical,True,included
41544526,Development and external validation of a mortality prediction model for community-dwelling adults aged ≥50 years with frailty or pre-frailty.,2026,Arch Gerontol Geriatr,10.1016/j.archger.2026.106143,"Journal Article;Validation Study;Research Support, Non-U.S. Gov't",Fu K; Chen R; Li S; Zhang Y; Fang K; Zheng L; Lin Y; Li L; Wu J,Q2_MI_prediction_models,False,S1_excluded_title
41547726,Association of depressive symptoms with systemic immune-inflammation index and platelet parameters among survivors of myocardial infarction: a cross-sectional NHANES study enhanced by machine learning and SHAP analysis.,2026,BMC Psychiatry,10.1016/j.bbi.2022.07.009,Journal Article,Wang Z; Xu Q; Yu S; Sun J; Lv J; Huang Q; Huang C; Sun Y,Q1_ml_imputation_clinical,False,S1_excluded_title
41559273,Integrative multimodal hybrid data fusion for mortality prediction.,2026,Sci Rep,10.1016/j.csbj.2022.06.003,Journal Article,Abuhamad H; Zainudin S; Abu Bakar A,Q1_ml_imputation_clinical,False,S1_excluded_title
41562212,Machine learning-based prediction of inborn errors of immunity in patients with low IgE levels.,2026,Pediatr Allergy Immunol,10.1111/pai.70283,Journal Article,Şahin A; Sonmez G; Unsal H; Cagdas D,Q1_ml_imputation_clinical,False,S1_excluded_title
41565332,Risk prediction models for detecting a new diagnosis of heart failure within 5 years in the community: a systematic review.,2026,BMJ Open,10.1002/ejhf.1381,Journal Article;Systematic Review,Thaitirarot C; Sze S; Jones N; Barker J; Chan A; Hobbs FDR; Taylor KS; Taylor CJ,Q1_ml_imputation_clinical;Q5_reporting_guidance,False,S1_excluded_title
41566371,Development and validation of an inflammatory index-based interpretable machine learning model for mortality risk stratification in hemodialysis patients.,2026,Eur J Med Res,10.1007/s10047-011-0615-3,Journal Article,Yang Z; Shu P; Wen Z; Wang X; Xu F,Q1_ml_imputation_clinical;Q5_reporting_guidance,False,S1_excluded_title
41567345,Machine learning risk prediction models for medication harm in hospitalised adult patients.,2026,Ther Adv Drug Saf,10.1177/20420986251409325,Journal Article,Lam JYJ; Barras M; Scott IA; Masood H; Abdel-Hafez A; Falconer N,Q1_ml_imputation_clinical,False,S1_excluded_title
41568507,Hybrid Deep Learning Framework for Continuous Blood Glucose Monitoring and Gestational Diabetes Risk Prediction.,2026,Curr Diabetes Rev,10.2174/0115733998380389251111041618,Journal Article;Review,Chanumolu KK; Nagamani GM; Hemalatha GM,Q1_ml_imputation_clinical,False,S1_excluded_title
41569397,"Sequential Parallel Comparison Design for Assessing Induction, Maintenance, Long-Term, and Other Treatment Effects on a Binary Endpoint.",2026,Stat Med,10.1002/sim.70382,Journal Article,Quan H; Xu Z; Chen X,Q3_MNAR_informative,False,S1_excluded_title
41573050,The proportion of chronic periprosthetic joint infection patients with Candida isolates.,2026,J Bone Jt Infect,10.1007/s00264-024-06152-1,Journal Article,Osifo SE; Santana A; Shannon MF; Wong VR; Tyndall CF; Cisneros C; Parvizi N; Klatt BA; Plate JF; Piuzzi NS; Urish KL,Q3_MNAR_informative,False,S1_excluded_title
41573720,Association between vancomycin therapeutic drug monitoring and improved clinical outcomes in critically ill patients receiving renal replacement therapy: a retrospective cohort study.,2025,Front Pharmacol,10.1038/s41598-024-82587-1,Journal Article,Peng H; Tang X; Chen L; Yang Q; Cai J; Xie T; Xu D,Q4_missing_indicator_deployment,False,S1_excluded_title
41580731,An online non-radiographic osteoporosis prediction calculator constructed using interpretable machine learning.,2026,BioData Min,10.1001/jamanetworkopen.2024.9640,Journal Article,Zhang Y; Li S; Mai P; Su Q; Gao M; Zeng K; Tong C; Zhang K; Huang H,Q1_ml_imputation_clinical,False,S1_excluded_title
41586484,Identification of risk factors and construction of a predictive model for postoperative new-onset stress urinary incontinence in patients with pelvic organ prolapse: A single-center retrospective study.,2026,Afr J Reprod Health,10.29063/ajrh2026/v30i2.11,Journal Article,Yue Y; Wu W; Zhou J; Wang L,Q2_MI_prediction_models,False,S1_excluded_title
41589715,Optimal Single or Combined Parameters for Dyssynergic Defecation on Anorectal Manometry: A Proof-of-Concept Machine Learning Study.,2026,Am J Gastroenterol,10.14309/ajg.0000000000003932,Journal Article,Damianos JA; Dilmaghani S; Matar A; Halawi H; Oblizajek N; Camilleri M,Q1_ml_imputation_clinical,False,S1_excluded_title
41593513,Prediction models for caesarean section following induction of labour: a systematic review of methodology and reporting quality.,2026,BMC Med Res Methodol,10.1186/s12916-019-1425-3,Journal Article;Systematic Review,Hu Y; Zhang X; Gokhale S; Slavin V; Enticott J; Callander E,Q5_reporting_guidance,False,S1_excluded_title
41595302,Predictive Models for Early Infection Detection in Nursing Home Residents: Evaluation of Imputation Techniques and Complementary Data Sources.,2026,Healthcare (Basel),10.1016/j.ipm.2020.102213,Journal Article,Granda M; Santamera-Lastras M; Garcés-Jiménez A; Bueno-Guillén FJ; Rodríguez-Puyol DM; Gómez-Pulido JM,Q1_ml_imputation_clinical,True,included
41598766,Development of Deep Learning Models for AI-Enhanced Telemedicine in Nursing Home Care.,2026,J Clin Med,10.1016/j.aprim.2023.102626,Journal Article,Luque-Reigal N; Cantón-Habas V; Rich-Ruiz M; Sabater-García G; Cosculluela-Fernández Á; Ávila-Jiménez JL,Q1_ml_imputation_clinical,False,S1_excluded_title
41600625,"Evaluating Machine Learning Models for Classifying Diabetes Using Demographic, Clinical, Lifestyle, Anthropometric, and Environmental Exposure Factors.",2026,Toxics,10.1002/ijop.13257,Journal Article,Tasnia R; Obeng-Gyasi E,Q1_ml_imputation_clinical,False,S1_excluded_title
41601923,"Association between the total bilirubin to prothrombin time ratio index and diabetic retinopathy, nephropathy, peripheral neuropathy, and foot disease: a retrospective study and risk prediction model construction.",2025,Front Endocrinol (Lausanne),10.3390/s21082636,Journal Article,Sun T; Li S; Liu J,Q2_MI_prediction_models,False,S1_excluded_title
41606067,Early prediction of pressure injury risk in hospitalized patients using supervised machine learning models based on nursing records.,2026,Sci Rep,10.1016/j.comnet.2024.110543,Journal Article,Barriga-Gallegos F; Ríos-Vásquez G; Tapia GM; Garrido CA; Vergara NF,Q1_ml_imputation_clinical,False,S1_excluded_title
41612111,Handcrafted vs. Deep Radiomics vs. Fusion vs. Deep Learning: A Comprehensive Review of Machine Learning -Based Cancer Outcome Prediction in PET and SPECT Imaging.,2026,J Imaging Inform Med,10.1007/s10278-025-01804-z,Journal Article;Review,Salmanpour MR; Mehrnia SS; Jabarzadeh Ghandilu S; Safahi Z; Falahati S; Taeb S; Mousavi G; Maghsudi M; Shariftabrizi A; Hacihaliloglu I; Rahmim A,Q1_ml_imputation_clinical;Q5_reporting_guidance,False,S1_excluded_title
41614064,Transparency of reporting and methodological conduct of prognostic and diagnostic clinical prediction models developed using machine learning in total shoulder arthroplasty: A systematic review and critical appraisal.,2026,Shoulder Elbow,10.1177/17585732251412368,Journal Article;Review,Shanmugaraj A; Khalid B; Kumar MV; Kunze KN; Sheth U,Q1_ml_imputation_clinical;Q5_reporting_guidance,False,S1_excluded_title
41616738,The association of environmental exposure with multiple sclerosis severity score: A study based on sequential data modeling.,2026,Int J Med Inform,10.1016/j.ijmedinf.2026.106295,Journal Article,Vazifehdan M; Bosoni P; Tavazzi E; Longato E; Tavazzi E; Bergamaschi R; Di Camillo B; Abu-Hanna A; Bellazzi R; Dagliati A,Q1_ml_imputation_clinical,False,S1_excluded_title
41616740,A comparative evaluation of handling missing data points and modalities in electronic health records.,2026,Int J Med Inform,10.1016/j.ijmedinf.2026.106302,Journal Article;Comparative Study;Review,Bhandari A; Tyagi S,Q1_ml_imputation_clinical;Q3_MNAR_informative,True,included
41620021,Handling missing data in longitudinal randomized clinical trials within the framework of targeted learning under MAR and MNAR.,2026,Contemp Clin Trials,10.1016/j.cct.2026.108245,Journal Article,Jin M,Q3_MNAR_informative,True,included
41620595,A machine learning model for the early prediction of Gram-negative bloodstream infection in ICU patients.,2026,BMC Med Inform Decis Mak,10.1016/j.cmi.2023.02.024,Journal Article,Zhou YL; Da HT; Wang TT; Wang ZX; Cheng ZL,Q1_ml_imputation_clinical;Q2_MI_prediction_models,False,S1_excluded_title
41620611,Toward precision risk stratification: predicting in-hospital death in sepsis patients with MRSA bacteremia.,2026,BMC Infect Dis,10.3389/fmicb.2024.1516584,Journal Article,Chen L; Huang Y; Zhao W,Q1_ml_imputation_clinical;Q2_MI_prediction_models,False,S1_excluded_title
41624303,"A clinical dataset on type-2 diabetes including demographic, anthropometric, and biochemical parameters from Bangladesh.",2026,Data Brief,10.17632/rn9m3zb7nt.1,Journal Article,Bhuiyan MY; Ayon SS; Hossain ME; Miah MSU; Sarower AH; Bappee FK,Q1_ml_imputation_clinical,False,S1_excluded_title
41626932,Exploring the potential of Claude 2 for risk of bias assessment: Using a large language model to assess randomized controlled trials with RoB 2.,2025,Res Synth Methods,10.1002/14651858.CD002990.pub4,Journal Article,Eisele-Metzger A; Lieberum JL; Toews M; Siemens W; Heilmeyer F; Haverkamp C; Boehringer D; Meerpohl JJ,Q5_reporting_guidance,False,S1_excluded_title
41631000,Predicting cardiovascular diseases using imbalanced data: An XGBoost-based analysis of the 2022 BRFSS dataset.,2026,Am Heart J Plus,10.1186/1471-2288-13-49,Journal Article,Imani M; Maroosi A; Shojaei S; Heidari K; Hoseinzadeh SM; Daneshi N; Saber Z; Sajadi N; Mohammadzadeh M,Q1_ml_imputation_clinical,False,S1_excluded_title
41640879,Coronary heart disease risk prediction based on GAIN imputation and interpretable machine learning.,2025,Front Genet,10.3389/fmed.2023.1291352,Journal Article,Zhao S; Nan B; Guo J; Xu W; Li Z,Q1_ml_imputation_clinical,True,included
41645114,Multiple imputation for missing values in ordinal variables from cancer registry data when performing Cox proportional hazards regression.,2026,BMC Med Res Methodol,10.1177/0962280218772592,Journal Article,Kästner A; Hoffmann W; Hüsing J; Stang A; Hüsing A,Q3_MNAR_informative,True,included
41646324,Development and validation of an interpretable machine learning model for predicting the risk of 8-year all-cause mortality in Cardiovascular-Kidney-Metabolic Syndrome among older adults: A multicenter and cohort study.,2026,Res Sq,10.21203/rs.3.rs-8473902/v1,Journal Article;Preprint,Zhu Z; Zhang J; Wu P; Xue H; Gu D,Q2_MI_prediction_models,False,S1_excluded_title
41646733,Time-series ECG Imputation Using a Pattern-Based Masking Framework.,2026,medRxiv,10.1007/s41666-020-00077-1,Journal Article;Preprint,Suba S; Novak A; Xia X; Al-Zaiti SS; Pelter MM,Q1_ml_imputation_clinical;Q4_missing_indicator_deployment,True,included
41649129,A machine learning model for predicting 28-day mortality in patients with alcoholic cirrhosis and sepsis: a study based on the MIMIC-IV database.,2026,Scand J Gastroenterol,10.1080/00365521.2026.2625822,Journal Article,Cao X; Wang D; Li W; Cheng C; Fei S,Q1_ml_imputation_clinical,False,S1_excluded_title
41650080,Developing and validating a machine learning model for predicting post-thrombolysis seizures in acute ischemic stroke.,2026,Medicine (Baltimore),10.1097/MD.0000000000047587,Journal Article,Jia L; Hu Y; Jin G; Zhou Z,Q1_ml_imputation_clinical,False,S1_excluded_title
41654709,Risk prediction model for peripherally inserted central catheters related bloodstream infection: a systematic review.,2026,BMC Infect Dis,10.1016/j.jclinepi.2006.01.014,Journal Article;Systematic Review,Li L; Lan X; Zeng W; Xu Y; Chen Q,Q1_ml_imputation_clinical;Q5_reporting_guidance,False,S1_excluded_title
41662302,Early Prediction of Adverse Stroke Outcomes Using Nonclinical Factors and Missing Data: A Machine Learning Study.,2026,Cerebrovasc Dis,10.1159/000550930,Journal Article,Tvrda L; Mavromati K; Lamprou S; Cisek K; Zihni E; Kelleher JD; Quinn TJ,Q1_ml_imputation_clinical,True,included
41662408,Interpretable ensemble machine learning framework for cardiovascular disease prediction using EMR data and large language models in Ethiopia.,2026,PLoS One,10.2196/40721,Journal Article,Tegegnie AK; Tewolde K,Q1_ml_imputation_clinical,False,S1_excluded_title
41667568,Benchmarking imputation strategies for missing time-series data in critical care using real-world-inspired scenarios.,2026,Sci Rep,10.1101/2022.05.09.22274680v1,Journal Article,Poette M; Mouysset S; Ruiz D; Pey V; Alliot JM; Minville V,Q1_ml_imputation_clinical,True,included
41670376,Comparison and validation of multiple machine learning algorithms for predicting MDRO infection in catheter-related bloodstream patients: a multicenter cohort study.,2026,Microbiol Spectr,10.7326/M14-0698,Journal Article;Multicenter Study;Comparative Study;Validation Study,Wang H; Yang C; Zhao M; Ren F; Wang X; Yan H; Qin W; Tian F; Li L,Q1_ml_imputation_clinical;Q2_MI_prediction_models,False,S1_excluded_title
41672468,A Comprehensive Approach to Days' Supply Estimation in a Real-World Prescription Database: Algorithm Development and Validation Study.,2026,Online J Public Health Inform,10.1186/s12874-023-01935-3,Journal Article,Malk M; Mooses K; Oja M; Holm J; Keidong H; Umov N; Tamm S; Reisberg S; Vilo J; Kolde R,Q1_ml_imputation_clinical,False,S1_excluded_title
41674800,Risk Stratification and Outcome Prediction in Heart Failure Patients With Cardiac Implantable Electronic Devices Using Machine Learning Analysis From the HINODE Study.,2026,Circ Rep,10.1253/circrep.CR-25-0204,Journal Article,Nakamura K; Aonuma K; Kayser T; Yamamoto J; Shimizu T; Asami M; Sahara N; Enomoto Y; Hara H; Ikeda T,Q2_MI_prediction_models,False,S1_excluded_title
41674965,Development and validation of a machine learning model for predicting early death in metastatic pancreatic ductal adenocarcinoma: a study based on the SEER database.,2026,Transl Cancer Res,10.1186/s13054-019-2411-z,Journal Article,Zhang L; He J,Q1_ml_imputation_clinical,False,S1_excluded_title
41677336,Explainable machine learning model based on clinical and radiological features for predicting hematoma expansion or rebleeding after decompressive craniectomy in traumatic brain injury: a bicentric cohort study.,2026,Int J Surg,10.1097/JS9.0000000000004933,Journal Article,Ding Y; Yao L; Wang Y; Qi M; Jiang K; Jiang M; Wu D,Q1_ml_imputation_clinical;Q2_MI_prediction_models,False,S1_excluded_title
41680206,A novel approach to preeclampsia early prediction addressing predictive uncertainty due to missing data in clinical dataset.,2026,Sci Rep,10.1038/s41746-021-00521-5,Journal Article,Kim JW; Kim N; Kim JY; Han HJ; Yang SJ; Han YJ; Park HJ; Boo HY; Kwak DW; Lee HJ; Jung SH; Ahn EH; Lim JH; Ryu HM,Q1_ml_imputation_clinical,True,included
41680373,A hybrid LSTM-GRU framework for lung cancer classification using GWO-WOA algorithm for hyperparameter tuning and BPSO for feature selection.,2026,Sci Rep,10.1155/bmri/6666688,Journal Article,Amrir MMS; Ayid YM; Elshewey AM; Fouad Y,Q1_ml_imputation_clinical,False,S1_excluded_title
41681401,Preoperative Clinical Predictors of Histologic Malignancy and Carcinoma Grade in 286 Canine Mammary Nodules from 92 Bitches: A Retrospective Study.,2026,Animals (Basel),10.1177/030098588302000201,Journal Article,Fuertes-Recuero M; García San José P; Valdivia G; Suarez-Redondo M; Penelo S; Arenillas M; Camacho-Alonso L; Peña L; Pérez-Alenza D; Ortiz-Díez G,Q2_MI_prediction_models,False,S1_excluded_title
41682255,Early Detection of Chronic Kidney Disease in Men Using Lifestyle and Demographic Indicators: A Machine Learning Approach for Primary Healthcare Settings.,2026,Healthcare (Basel),10.1007/s10787-025-02044-x,Journal Article,Valencia MN; Kim J; Abbas Z; Lee SW,Q1_ml_imputation_clinical,False,S1_excluded_title
41684263,Machine learning for hemodynamic instability prediction and hemorrhage management in trauma and perioperative care.,2026,Curr Opin Anaesthesiol,10.1097/ACO.0000000000001624,Journal Article,Le J; Rusin W; Joosten A; Cannesson M; Pal R,Q1_ml_imputation_clinical,False,S1_excluded_title
41684921,Exploration of the correlation between clinical indicators and prognosis in hospitalized children with pneumonia and construction of a risk prediction model based on machine learning algorithms.,2026,Front Med (Lausanne),10.1007/978-3-030-16399-0,Journal Article,Xue J; He G; Chen Q,Q1_ml_imputation_clinical;Q2_MI_prediction_models,False,S1_excluded_title
41686572,Interpretable four-factor day-1 nomogram for predicting sepsis-associated encephalopathy in septic ICU patients with AKI: Development and internal validation in MIMIC-IV.,2026,Medicine (Baltimore),10.1097/MD.0000000000047726,Journal Article;Validation Study,Zhang Z; Zhang Z; Li D; Guo L; Zhao H; Shen L,Q1_ml_imputation_clinical;Q2_MI_prediction_models,False,S1_excluded_title
41690816,Harmonizing neuropsychological test data across prospective studies.,2026,Alzheimers Dement,10.1002/alz.71186,Journal Article,Shishegar R; Doecke JD; Lim YY; Bourgeat P; Dore V; Tallapragada B; Laws SM; Porter T; Burnham S; Feizpour A; Gillman A; Weiner M; Hassenstab J; Rowe CC; Villemagne VL; Masters CL; Fripp J; Sohrabi H; Maruff P;  ,Q1_ml_imputation_clinical,False,S1_excluded_title
41690938,"Longitudinal modeling of Post-COVID-19 condition over three years: A machine learning approach using clinical, neuropsychological, and fluid markers.",2026,Sci Rep,10.1016/j.psyneuen.2023.106104,Journal Article,Walders J; Wetz S; Costa AS; Hofmann A; Schulz JB; Reetz K; Dadsena R,Q1_ml_imputation_clinical,False,S1_excluded_title
41693049,Toward an explainable AI-Based clinical decision support system for predicting adverse outcomes in Rhabdomyolysis.,2026,Inform Health Soc Care,10.1080/17538157.2026.2628838,Journal Article,Cantaş Türkiş F; Varol B; Golcuk Y; Karakoyun ÖF,Q1_ml_imputation_clinical,False,S1_excluded_title
41697037,Identification of prognostic factors and development of a prognostic model in patients with acute diquat (200 g/L) poisoning.,2026,Clin Toxicol (Phila),10.1080/15563650.2026.2621060,Journal Article;Multicenter Study,Ren Y; Guo F; Liu Y; Wang L,Q2_MI_prediction_models,False,S1_excluded_title
41697204,Current role of artificial intelligence in the management of benign prostatic hyperplasia: a systematic review.,2026,Minerva Urol Nephrol,10.23736/S2724-6051.25.06658-3,Journal Article;Systematic Review,Sequi MB; Pastore AL; Al Salhi Y; Lombardo R; Valenzi FM; Suraci PP; Rera OA; Scalzo S; Antonioni A; Graziani D; Martino G; Candita G; Gianfrancesco F; Benanti P; Erra L; DI Gregorio G; Cicione A; DE Nunzio C; Carbone A; Fuschi A,Q1_ml_imputation_clinical;Q5_reporting_guidance,False,S1_excluded_title
41701300,An online machine learning model for predicting medication adherence in hypertensive patients: data from the China health and retirement longitudinal study (CHARLS).,2026,Int J Clin Pharm,10.1111/jan.14025,Journal Article,Zhang H; Sun M; Hou X; Zhang J; Zhang J; Ye Y; Yuan H,Q1_ml_imputation_clinical;Q4_missing_indicator_deployment,False,S1_excluded_title
41705520,Rank-based learning: a novel high-throughput algorithm resilient to missing data and effective for datasets with small sample size.,2025,Brief Bioinform,10.1210/clinem/dgad315,Journal Article,Song L; Rudsari HK; Fahrmann JF; Vykoukal J; Hanash S; Long JP; Do KA; Irajizad E,Q1_ml_imputation_clinical,True,S2_ex_E4
41709726,Retrieval Augmented Generation (RAG) for Evaluating Regulatory Compliance of Drug Information and Clinical Trial Protocols.,2026,CPT Pharmacometrics Syst Pharmacol,10.1002/psp4.70201,Journal Article,Waikar S; Bhat AG; Ramanathan M,Q1_ml_imputation_clinical,False,S1_excluded_title
41710295,Development and Validation of an Interpretable Machine Learning Model for Predicting Thrombocythemia Risk During Third Generation Cephalosporin Therapy.,2026,J Blood Med,10.1515/med-2021-0407,Journal Article,Du K; Wang M; Yu P,Q1_ml_imputation_clinical;Q2_MI_prediction_models,False,S1_excluded_title
41710361,MedGAITS: a graph autoencoder network for modeling irregular time series data in electronic medical records.,2026,Health Inf Sci Syst,10.1186/1752-0509-6-s1-s6,Journal Article,Wang Y; Jiang S; Wang C; Wan Z; Fan Y; Li K; Huang L; Zhou F,Q1_ml_imputation_clinical,False,S1_excluded_title
41711716,Independent external validation of the LIFE-HF clinical prediction model using the GUIDE-IT trial.,2026,ESC Heart Fail,10.1002/ejhf.3090,Journal Article;Validation Study,Turgeon RD; Hawkins NM; Sadatsafavi M; Lee DS,Q2_MI_prediction_models,False,S1_excluded_title
41715180,Prognostic models in populations with heart failure: a systematic review and meta-analysis.,2026,Syst Rev,10.1016/j.jclinepi.2025.111675,"Journal Article;Systematic Review;Meta-Analysis;Research Support, Non-U.S. Gov't",Occhino G; Musa A; Andreano A; Magnoni P; Bussa M; Testa D; Zanfino A; Petrosino M; Valsecchi MG; Bisceglia L; Rebora P; Russo AG;  ,Q1_ml_imputation_clinical,False,S1_excluded_title
41719848,Predicting neoadjuvant immunotherapy efficacy with machine learning models in non-small cell lung cancer: A systematic review and meta analysis.,2026,Int J Med Inform,10.1016/j.ijmedinf.2026.106345,Journal Article;Systematic Review;Meta-Analysis,Liu W; Feng Z; Zhang M; Mao R; Li J,Q1_ml_imputation_clinical;Q5_reporting_guidance,False,S1_excluded_title
41723323,AI-based imputation of anti-Müllerian hormone enables robust prediction of oocyte retrieval during controlled ovarian stimulation.,2026,J Assist Reprod Genet,10.1016/j.rbmo.2024.104451,Journal Article,Lee J; Park HJ; Yang SG; Kim KY,Q1_ml_imputation_clinical,True,included
41725903,Estimating average causal effects with incomplete exposure and confounders.,2026,J Causal Inference,10.1016/j.spa.2016.04.005,Journal Article,Wen L; McGee G,Q3_MNAR_informative,False,S1_excluded_title
41727763,Risk factors and a nomogram for bovine jugular vein conduit failure after right ventricular outflow tract reconstruction: a 10-year single-center cohort.,2026,Front Pediatr,10.1161/jaha.119.013388,Journal Article,Chen J; Zhong J; Guo J; Bai Y; Su J; Guo Z,Q2_MI_prediction_models,False,S1_excluded_title
41727933,Comparing Neural Networks and Naive Bayes in the Prediction of Drug Gene Interactions of Type 4 Collagenase for Gingival Epithelialization.,2026,Int J Dent,10.1016/j.bmc.2017.07.012,Journal Article,Arya S; Arumuganainar D; Yadalam PK; Ardila CM,Q1_ml_imputation_clinical,False,S1_excluded_title
41730967,Designing an explainable algorithm based on XGBoost and genetic algorithm for predicting hospitalization needs of COVID-19 patients.,2026,Sci Rep,10.1016/S0140-6736(20)30566-3,Journal Article,Abkar A; Mehrabi M; Golabpour A; Shayegan MA,Q1_ml_imputation_clinical,False,S1_excluded_title
41731369,Association of allostatic load index with cognitive impairment in high-risk stroke populations.,2026,BMC Geriatr,10.1111/j.1747-4949.2009.00387.x,Journal Article;Observational Study,Yan F; Ning L; Chen X; Ni H; Jiang X; Sun H; Zhu J,Q1_ml_imputation_clinical,False,S1_excluded_title
41734354,Machine Learning Models for Mortality Prediction in Intensive Care Unit Patients With Ischemic Stroke Associated With Intracranial Artery Stenosis: Retrospective Cohort Study.,2026,JMIR Cardio,10.3389/fneur.2023.1096153,Journal Article,Zhang K; Chen R; Yang J; Yan Y; Liu L; Meng C; Li P; Xing G; Liu X,Q1_ml_imputation_clinical,False,S1_excluded_title
41741522,Early detection of chronic kidney disease based on a SURD-enhanced machine learning model.,2026,Sci Rep,10.1038/s41597-022-01899-x,Journal Article,Xue N; Bai T; Jia X; Wei X,Q1_ml_imputation_clinical;Q2_MI_prediction_models,False,S1_excluded_title
41750755,"Machine Learning Framework for HbA1c Prediction: Data Enrichment, Cost Optimization, and Interpretability Through Stratified Regression and Multi-Stage Feature Selection.",2026,Diagnostics (Basel),10.1201/9780429492259,Journal Article,Ezz M; Alrowaily MA; Alshammeri M; Tantawy AA; Allahim A; Mostafa AM,Q1_ml_imputation_clinical,False,S1_excluded_title
41756508,Risk prediction models for cardiac rupture after acute myocardial infarction: a systematic review and meta-analysis.,2026,Front Cardiovasc Med,10.1136/bmj-2023-078378,Journal Article;Review,Mao Y; Liu Q; Fan H; Ouyang X; Wang X,Q5_reporting_guidance,False,S1_excluded_title
41757206,High-Performance Classification of Mpox Symptoms Using Support Vector Classifier and Quadratic Discriminant Analysis.,2026,medRxiv,10.64898/2026.02.12.26346046,Journal Article;Preprint,Okoli SC; Ligali FC; Olufemi M; Oyebola K,Q1_ml_imputation_clinical,False,S1_excluded_title
41764510,Machine learning for predictive risk stratification in recurrent miscarriage: a systematic review.,2026,BMC Med Inform Decis Mak,10.1136/bmj.n236,Journal Article;Systematic Review,Imani M; Sadeghi-Nodoushan F; Heydari S; Dehghani-Sanij S; Fesahat F,Q1_ml_imputation_clinical;Q5_reporting_guidance,False,S1_excluded_title
41767533,An interpretable machine-learning model for predicting in-hospital mortality in patients with sepsis-associated acute kidney injury.,2026,Front Med (Lausanne),10.1161/01.cir.101.23,Journal Article,Wang JZ; Zhang N; Ma RR; Yang M; Chen YG; Zhou WJ,Q1_ml_imputation_clinical,False,S1_excluded_title
41775155,Assessing the completeness of reporting in imaging studies using artificial neural network models for cancer diagnosis: Adherence to the TRIPOD-AI guideline.,2026,Eur J Radiol,10.1016/j.ejrad.2026.112760,Journal Article;Review,Zoubi T; White SJ; Tiwari S; Perperidis A; To MS,Q1_ml_imputation_clinical;Q5_reporting_guidance,False,S1_excluded_title
41780078,Can machine learning models predict oocyte yield during assisted conception?: a systematic review.,2026,Reprod Biomed Online,10.1016/j.rbmo.2025.105362,"Journal Article;Systematic Review;Research Support, Non-U.S. Gov't",Wilkinson J; Gogna K; Gallagher M; Richardson A; Devall A; Sephton V; Campbell A; Dhillon-Smith R; Bamford T; Coomarasamy A,Q1_ml_imputation_clinical;Q5_reporting_guidance,False,S1_excluded_title
41782170,Reliable Multi-Class Mental Health Prediction Using a WiSARD Discriminator Model on Imbalanced Data.,2026,Inquiry,10.1038/s41467-019-14050-z,Journal Article,Binsawad M,Q1_ml_imputation_clinical,False,S1_excluded_title
41782760,Interpretable Machine Learning Analysis of Inflammatory Biomarkers for Predicting Arteriovenous Fistula Stenosis in Hemodialysis Patients: A Retrospective Cohort Study.,2026,Int J Gen Med,10.5301/jva.5000053,Journal Article,Wang X; Shu P; Wen Z; Xie Q; Xu F,Q1_ml_imputation_clinical,False,S1_excluded_title
41783714,Value of an automated machine learning model with post-hoc explanation for predicting healthcare-seeking delays among residents in Tibetan regions.,2026,Front Public Health,10.1097/ADM.0000000000001019,Journal Article,Xi Z; Meng C; Li Q; Xu Y; Wu P; Zhang Z; Han T; Zhang L; Han X,Q1_ml_imputation_clinical,False,S1_excluded_title
41784887,GA-SPARF: Genetic algorithm-tuned random forest for sleep position monitoring using accelerometer.,2026,Sleep Breath,10.1007/s13534-018-0091-2,Journal Article,Vu HD; Tran DN; Pham QT; Tran DT,Q1_ml_imputation_clinical,False,S1_excluded_title
41786801,Enhanced cervical cancer diagnosis using a novel Bayesian fusion ensemble method with explainable AI.,2026,Sci Rep,10.1016/j.jpi.2024.100389,Journal Article,Islam O; Assaduzzaman M; Akter S; Fahad N; Hossen MJ,Q1_ml_imputation_clinical,False,S1_excluded_title
41791269,"Pipeline-optimized machine learning for chronic fatigue syndrome diagnosis: A lightweight, interpretable model using blood biochemical and metabolomic data.",2026,Comput Biol Chem,10.1016/j.compbiolchem.2026.108995,Journal Article,Li J; Cao H; Zhu Z; Zhai X; Xing A; Zeng S; Luo G; Sha Y; Li P; Li K,Q1_ml_imputation_clinical,False,S1_excluded_title
41794080,Context-Aware adaptive normalization LSTM (CAAN-LSTM) for immunotherapy decision support in cancer clinical data analysis.,2026,J Biomed Inform,10.1016/j.jbi.2026.105006,Journal Article,Balafkhar R; Baalawi Y; Almashhor AM; Alasheq AK; Alhebshi O; Mohaini MA,Q1_ml_imputation_clinical;Q4_missing_indicator_deployment,False,S1_excluded_title
41794739,"Deep learning approaches for time series prediction of renal recovery in medical critically Ill patients with acute kidney injury: LSTM, GRU, and transformer models.",2026,Crit Care,10.1007/s10877-022-00865-7,Journal Article,Ratchatorn A; Ketdao N; Sonsilphong S; Triamwichanon D; Panitchote A,Q1_ml_imputation_clinical,False,S1_excluded_title
41797609,External validation and recalibration of the psychosis metabolic risk calculator (PsyMetRiC) in young adults with chronic psychotic disorders in the Netherlands.,2026,Eur Psychiatry,10.1016/j.jclinepi.2015.01.007,Journal Article;Validation Study,Quadackers DMC; Perry BI; Gangadin SS; Visser E;  ; Riese H; Cath DC,Q2_MI_prediction_models,False,S1_excluded_title
41799328,Identifying recurrent stone formers with machine learning: A single-centre observational study.,2026,BJUI Compass,10.1093/joneph/23.S16.S165,Journal Article,Amado P; Fuster DG; Bargagli M; Obrist D; Burkhard F; Roth B; Clavica F; Zheng S,Q1_ml_imputation_clinical,False,S1_excluded_title
41803650,MedFusion-gP-AKI: development and multicenter validation of a machine learning fusion model for early prediction of KDIGO stage 3 acute kidney injury in critically ill traumatic cervicothoracic spinal cord injury patients.,2026,Ren Fail,10.1681/ASN.0000000929,Journal Article;Multicenter Study;Validation Study,Wang Y; Wang J; Li W; Wang Y; Pan P; Xiao Y; Li Y,Q1_ml_imputation_clinical,False,S1_excluded_title
41809349,Development of a machine learning-based model for predicting postoperative survival in gastric cancer.,2026,World J Gastrointest Surg,10.4240/wjgs.v18.i2.114951,Journal Article,Lü YN; Liu D; Tao S; Wu J; Yu SJ; Yuan HL,Q1_ml_imputation_clinical,False,S1_excluded_title
41809475,Development and prospective validation of a machine learning model to predict mortality in cirrhosis with esophageal variceal bleeding.,2026,World J Hepatol,10.4254/wjh.v18.i2.111099,Journal Article,Rech MM; Corso LL; Dal Bó EF; Ferraza AD; Tomé F; Terres AZ; Balbinot RS; Balbinot RA; Balbinot SS; Soldera J,Q1_ml_imputation_clinical,False,S1_excluded_title
41818481,Development of a Practical Nomogram for Depression Risk Stratification in Older Adults With Hypertension and Diabetes: Retrospective Analysis of Data From the China Health and Retirement Longitudinal Study.,2026,JMIR Med Inform,10.1016/j.ssmph.2023.101368,"Journal Article;Research Support, Non-U.S. Gov't",Peng T; Zhang Y; Miao R; Wang J,Q2_MI_prediction_models,False,S1_excluded_title
41820490,Machine-learning prediction and risk stratification of 12-month cognitive decline in Alzheimer's disease using routine clinical and MRI data.,2026,Sci Rep,10.1186/s12916-024-03252-y,Journal Article,Geng Y; Zhang H,Q1_ml_imputation_clinical,False,S1_excluded_title
41821041,BPX-Net: biomarker-preserved explainable networks for disease diagnosis and prognosis.,2026,BioData Min,10.3389/fmed.2024.1254467,Journal Article,Wang J; Chen S; Wen R; Ying H; Xu W; Yin L; Deng X; Han C; Zhu Q; Zhang B; Tong H; Liu C; Chen W; Jin J; Jin K; Xu C; Huang H; Wang H; Qian D,Q1_ml_imputation_clinical,False,S1_excluded_title
41821858,Age and sex adjusted adiposity estimators predict all cause and pneumonia related mortality in hospitalized older patients with severe dysphagia receiving artificial nutrition.,2026,Front Nutr,10.1113/JP280977,Journal Article,Liu Z; Chen H; Yang J; Lu Y; Li J; Chen Z; Jin M,Q2_MI_prediction_models,False,S1_excluded_title
41822042,From raw data to actionable insights: preprocessing real-world data for machine learning in diabetes care.,2026,Front Digit Health,10.1145/2487575.2487579,Journal Article,Montagna M; Rabadzhiev AS; Traverso A; Setola E; Draetta E; Dimonte A; Barbieri S; Fabiani B; Piemonti L; Esposito A; Tacchetti C; Rovere Querini P,Q1_ml_imputation_clinical,False,S1_excluded_title
41826845,From raw clinical data to robust prediction: an AI framework for early lymphedema detection.,2026,BMC Med Res Methodol,10.1093/bioinformatics/btr597,Journal Article,Sadek I; Rehman SU; Gehad A; Eltasawi EG; AbdelKader A; Abdelnasser R; Nashaat D; Zaki RM; Mahmoud LN,Q1_ml_imputation_clinical,False,S1_excluded_title
41826967,Explainable machine learning for postoperative respiratory failure prediction in open-heart surgery patients - a study based on the MIMIC-IV database.,2026,BMC Med Inform Decis Mak,10.1186/s12911-025-02922-y,Journal Article,Ma R; Wang H; Lv C; Li Y; Yang G; Fang H; Liang N; Ma L; Hu Y; Mo Y,Q1_ml_imputation_clinical,False,S1_excluded_title
41829485,A Machine Learning Pipeline for Prognostic Modeling of Alzheimer's Disease Using Multimodal Data.,2026,Sensors (Basel),10.1186/s13195-024-01589-3,Journal Article,De Palma L; D'Alessandro VI; Attivissimo F; Lanzolla AML; Pich EM; Di Nisio A;  ;  ,Q1_ml_imputation_clinical,False,S1_excluded_title
41832549,Anticipating incomplete patient-reported outcomes in schizophrenia: a machine learning approach to predict the occurrence of missing data.,2026,Health Qual Life Outcomes,10.1186/s12913-024-12103-8,Journal Article,Barbalat G; Plasse J; Chéreau-Boudet I; Gouache B; Legros-Lafarge E; Guillard-Bouhet N; Franck N,Q1_ml_imputation_clinical,True,included
41835861,Latent trait or sum score: addressing measurement challenges in the prediction of self-rated symptom outcomes in psychological treatment.,2026,Front Psychol,10.1177/20552076241248920,Journal Article,Hentati Isacsson N; Johansson M; Kaldo V,Q1_ml_imputation_clinical,False,S1_excluded_title
41838695,Detection of rare medical events in electronic health records using machine learning: Current practices and suggestions - A scoping review.,2026,PLoS One,10.2196/medinform.8960,Journal Article;Scoping Review,Gebeyehu B; Kleinberg B; Van Deun K; de Vries E,Q1_ml_imputation_clinical,False,S1_excluded_title
41840520,Explainable tabular deep learning models for antenatal cesarean delivery prediction in multiparous women.,2026,BMC Pregnancy Childbirth,10.1038/s41591-018-0300-7,Journal Article,Yalçın E; Tanyıldız H; Aslan S; Demir SC; Sucu M; Uzay Fİ; Aykut S; Yalçın EM; Biçer A,Q1_ml_imputation_clinical,False,S1_excluded_title
41844342,Interpretable laboratory-data model for risk stratification of elevated NT-proBNP and its deployment in diagnostic support middleware.,2026,Ann Clin Biochem,10.1177/00045632261438009,Journal Article,Ishida H; Ozawa N; Tachikawa M; Nagasawa H; Shirakami Y; Watanabe T; Okura H; Kikuchi R,Q1_ml_imputation_clinical,False,S1_excluded_title
41845380,Development of machine learning-based predictive models for seroma formation after transabdominal preperitoneal inguinal hernia repair.,2026,BMC Surg,10.4240/wjgs.v16.i1.103,Journal Article,Zhai Y; Zhao Y; Chen C; Bao W; Tang D,Q1_ml_imputation_clinical,False,S1_excluded_title
41851885,Development and internal validation of a machine learning-based model for predicting 2-year mortality in interstitial lung disease.,2026,Respir Res,10.1186/s12931-022-01925-x,Journal Article;Validation Study,Jin X; Yu X; Xiang J; Wang X; He M; Zhang C; Sun J; Zhong Z,Q1_ml_imputation_clinical,False,S1_excluded_title
41853155,Equity at the point of care: auditing AI-supported resource allocation in obstetric emergencies.,2026,Front Public Health,10.1056/aidbp2401267,Journal Article,Gao F; Xie D,Q1_ml_imputation_clinical,False,S1_excluded_title
41857511,scZiva: imputation method for single-cell RNA-seq data with zero-inflated variational autoencoder.,2026,BMC Bioinformatics,10.1038/nbt.2859,Journal Article,Vo LT; Le VV; Ha QT; Nguyen AQ,Q1_ml_imputation_clinical,True,S2_ex_E4
41867451,Development of the Neutrophil-to-Platelet Ratio (NPR) Integrated with Machine Learning for Predicting Early Mortality After Mechanical Thrombectomy in Acute Ischemic Stroke.,2026,J Inflamm Res,10.3390/jpm12050833,Journal Article,Xia S; Hu J; Wu J; Liao Y; Liang G; Li J; Fan X; Xia X; Zhong X; Chen L,Q1_ml_imputation_clinical,False,S1_excluded_title
41868868,Machine learning in predicting treatment response and remission in inflammatory bowel disease: a systematic review.,2026,Ann Gastroenterol,10.20524/aog.2026.1041,Journal Article,Malik S; Redij R; Dahiya DS; Niu C; Adler DG,Q5_reporting_guidance,False,S1_excluded_title
41870128,A cancer-type-aware framework for robust multimodal survival prediction under missing modalities.,2026,Brief Bioinform,10.1093/bib/bbag124,Journal Article,Song Y; Zhan Z; Xie F; Wang N; Peng Y; Zhang R; Lin M,Q1_ml_imputation_clinical,True,S2_ex_E4
41877399,A Systematic Review of Multivariate Models for Predicting Fall-Related Injuries in Older Adults.,2026,J Nurs Manag,10.1186/s12916-022-02350-z,Journal Article;Systematic Review,Cai Y; Zhu W; Zhang X; Wang C; Liu S; Jiang Y,Q5_reporting_guidance,False,S1_excluded_title
41879924,Personalized prediction of initial valproic acid dose in children with epilepsy using machine learning techniques.,2026,Int J Clin Pharm,10.1155/2023/9996553,Journal Article,Zhang Y; Ren S; Yu J; Xu S; Zhang Y; Zhang J; Li X; Shao J; Lu L; Gao F; Tian J,Q1_ml_imputation_clinical,False,S1_excluded_title
41881117,Machine learning models for detecting suicidal ideation in Chinese in-patients with major depressive disorder: A single-centre retrospective study.,2026,J Affect Disord,10.1016/j.jad.2026.121679,Journal Article,Gu C; Zheng H; Xie Y; Pan M; Zhang X; Wang A; Chen J; Cheng X,Q1_ml_imputation_clinical,False,S1_excluded_title
41883838,Joint Damage Prediction in Non-Severe Hemophilia A with Artificial Intelligence.,2026,J Blood Med,10.2147/JBM.S517596,Journal Article,Marco-Rico A; Calvo-Villas JM; Lopez-Jaime FJ; Canaro Hirnyk M; Nieto-Hernández MDM; Herrero Martín S; Entrena-Ureña L; Marcellini-Antonio S; Diaz-Jordan BL; Jurado-Herrera S; Pérez-González NF; García-Díaz C; García-Candel F; Fernández-Bello I; Mateo-Sotos J; Marco-Vera P,Q1_ml_imputation_clinical,False,S1_excluded_title
41886728,SGA-DT: An adaptive fusion framework for missing data imputation and interpretable healthcare classification.,2026,PLoS One,10.1016/j.health.2022.100130,Journal Article,Jena M; Dehuri S; Cho SB,Q1_ml_imputation_clinical,True,included
41892778,Predicting Dental Anxiety and Cooperative Behavior in Children Using Machine Learning: A Cross-Sectional Predictive Modeling Study.,2026,Dent J (Basel),10.3390/app142311073,Journal Article,Helal NM; Sabbagh H,Q1_ml_imputation_clinical,False,S1_excluded_title
41895787,Development and Internal Validation of a Gradient Boosting Model for Pressure Injury Risk in the ICU.,2026,Int Wound J,10.1111/iwj.70893,Journal Article;Validation Study,Qian S; Wang J; Zhang L; Zhang X; Zhao J; Zhang Z; Liu S; Huang Y; Sun Q; Li X,Q1_ml_imputation_clinical,False,S1_excluded_title
41897261,Prediction of Diabetes Among Homeless Adults Using Artificial Intelligence: Suggested Recommendations.,2026,Healthcare (Basel),10.1002/hsr2.1834,Journal Article,Mousa KM; Mousa FA; Abdelhamid NM; Atress MS; Abdelwahed AY; Gushgari OY; Alshwail F; Bawaked RA; Elsawy MM,Q1_ml_imputation_clinical,False,S1_excluded_title
41899530,Development and Internal Multicenter Validation of a Deep Learning Model for Predicting Post-Hepatectomy Liver Failure in Patients with Hepatocellular Carcinoma: A Multicenter Study.,2026,Cancers (Basel),10.1007/s00423-020-01956-2,Journal Article,Chen Q; Xia F; Guo B; Liu Z; Liu X; Shu C; Yan J; Qiu Z; Zhang Q; Wu Z; Huang Z; Chen X; Zhang B; Zhu P,Q1_ml_imputation_clinical,False,S1_excluded_title
41900421,Handling Missing Race and Ethnicity in an EHR-Based Study Through Integration of Individual Measures and Neighborhood Sociodemographic and Socioeconomic Measures.,2026,Microorganisms,10.3390/app14219863,Journal Article,Li C; Mosaddegh A; Immergluck L; Owusu S; Chowdhury SF; Baltrus P,Q1_ml_imputation_clinical,True,included
41902754,Bridging the Scales via Personalized Cellular Modeling and Deep Phenotyping in Schizophrenia.,2026,JAMA Psychiatry,10.1016/j.pneurobio.2010.09.003,Journal Article,Raabe FJ; Popovic D; Vetter C; Fischer LE; Hasanaj G; Karsli B; Schäfer TJ; Almeida V; Atella A; Gagliardi M; Boudriot E; Yakimov V; Trastulla L; Jiang T; Weyer C; Roell L; Moussiopoulou J; Krcmár L; Galinski S; Papazova I; Pogarell O; Hasan A; Schulte EC; Schmitt A; Koutsouleris N; Levina A; Wagner E; Rossner MJ; Papiol S; Falkai P; Keeser D; Ziller MJ;  ,Q1_ml_imputation_clinical,False,S1_excluded_title
41903518,Predicting acute kidney injury after CABG: Identification of modifiable intraoperative risk factors.,2026,Perfusion,10.1177/02676591261440360,Journal Article,Pierri MD; Galeazzi M; D'Alessio S; Silvano R; Mali E; Josa I; Di Eusanio M,Q2_MI_prediction_models,False,S1_excluded_title
41904493,Machine learning-based risk predictive model for postoperative refractures in patients with osteoporotic vertebral compression fractures: a systematic review and critical appraisal.,2026,BMC Musculoskelet Disord,10.1161/CIRCIMAGING.122.014519,Journal Article;Systematic Review,Shi J; Xiao J; Ai Y; Lu M; Li Z; Wang H; Pan J,Q1_ml_imputation_clinical;Q5_reporting_guidance,False,S1_excluded_title
41905724,Handling missing patient-reported outcomes in longitudinal clinical trials: a simulation study.,2026,J Clin Epidemiol,10.1016/j.jclinepi.2026.112254,Journal Article,Khan H,Q1_ml_imputation_clinical;Q3_MNAR_informative,True,included
41907581,Tabular LLMs for Interpretable Few-Shot Alzheimer's Disease Prexdiction with Multimodal Biomedical Data.,2026,ArXiv,10.1145/3765612.3767229,Journal Article;Preprint,Kearney S; Yang S; Wen Z; Lyu W; Hou B; Duong-Tran D; Chen T; Moore JH; Ritchie MD; Chen C; Shen L;  ,Q1_ml_imputation_clinical,False,S1_excluded_title
41918802,Denoising autoencoder framework for reconstructing missing periodontal clinical records.,2026,Front Dent Med,10.1016/j.cmpb.2024.108523,Journal Article,Mathew A; Yadalam PK,Q1_ml_imputation_clinical,True,included
41920571,Predicting Laryngeal Involvement in Pemphigus Vulgaris Using a Clinical Risk Score.,2026,JAMA Dermatol,10.1172/JCI180076,Journal Article;Validation Study,Ariel D; Tsur N; Mimouni D; Lotan T; Trieman G; Oren-Shabtai M,Q2_MI_prediction_models,False,S1_excluded_title
41922656,An explainable artificial intelligence framework for ischemic heart disease prediction using enhanced squirrel search feature selection.,2026,Sci Rep,10.1016/j.chaos.2020.110434,Journal Article,Cenitta D; Arul N; Arjunan RV; Chadaga K; Andrew J,Q1_ml_imputation_clinical,False,S1_excluded_title
41924851,Prognostic factors for in-hospital mortality in elderly patients undergoing emergency intubation and invasive mechanical ventilation.,2026,Int J Artif Organs,10.1177/03913988261429899,Journal Article,Liu X; Tian Z,Q2_MI_prediction_models,False,S1_excluded_title
41925147,Machine learning-based DNA microarray analysis for disease detection using the MICRO-AI framework.,2026,Sci Prog,10.1177/00368504261436834,Journal Article,Othman MA,Q1_ml_imputation_clinical,False,S1_excluded_title
41927618,A hybrid bio-inspired model for predicting urban air pollution using deep learning.,2026,Sci Rep,10.1016/j.entcom.2024.100723,Journal Article,Chaudhary D; Vats P; Vats S; Yadav SL; Sharma A,Q4_missing_indicator_deployment,False,S1_excluded_title
41928289,Transformer-based multimodal model for estimation of appendicular lean mass using incomplete chest radiographs and electronic health record.,2026,J Transl Med,10.1038/s41586-024-08328-6,"Journal Article;Research Support, Non-U.S. Gov't",Kita K; Suzuki Y; Fujimoto T; Uemura K; Otake Y; Furuya M; Kanie Y; Wataya T; Nishigaki D; Sato J; Tomiyama M; Tomiyama N; Okada S; Hori M; Fujimori T,Q1_ml_imputation_clinical;Q5_reporting_guidance,False,S1_excluded_title
41930364,MUSE-Net: Missingness-aware mUlti-branching Self-attention Encoder for Irregular Longitudinal Electronic Health Records.,2026,IEEE Trans Autom Sci Eng,10.1109/tase.2026.3672337,Journal Article,Wang Z; Liu T; Yao B,Q1_ml_imputation_clinical,True,included
41930768,Predictive Value of Machine Learning Models for Functional Recovery Following Endovascular Thrombectomy in Patients with Acute Vertebrobasilar Artery Occlusion.,2026,Curr Neurovasc Res,10.2174/0115672026420610260121074852,Journal Article,Zhang R; Zhang M; Wang X; Zhou B; Xie Q; Ju S; Feng Y; Cheng Y,Q1_ml_imputation_clinical;Q2_MI_prediction_models,False,S1_excluded_title
41933807,A minimalist and robust diagnostic model for neonatal biliary atresia: Harnessing MMP-7 and machine learning in a time-critical setting.,2026,J Pediatr Surg,10.1016/j.jpedsurg.2026.163090,Journal Article;Validation Study,Li G; Wang D; Sun D; Li S; Hua K; Gu Y; Zhang Y; Zhao Y; Liao J; Huang J,Q1_ml_imputation_clinical,False,S1_excluded_title
41934166,Machine Learning-Based Prediction Model Construction for Type 2 Diabetes Mellitus: A Comparison of Algorithms and Multilevel Risk Factor Analysis.,2026,J Diabetes Res,10.3969/j.issn.2095-5227.2019.08.004,Journal Article;Comparative Study,Xu Q; Yu R; Qiu H; Jiang Y; Ball J; Xu C; Sun J,Q2_MI_prediction_models,False,S1_excluded_title
41935146,Machine learning-based risk stratification of early graft failure in simultaneous pancreas-kidney transplantation.,2026,Sci Rep,10.3389/fendo.2023.1106087,Journal Article,Altamimi O; Nabulsi H; Al-Shehab M; Abbasi Y,Q1_ml_imputation_clinical,False,S1_excluded_title
41939451,Prediction models for fear of cancer recurrence in adults with cancer: a systematic review.,2026,Front Oncol,10.1080/17437199.2021.1878050,Journal Article;Systematic Review,Wang J; Wu H; Xu T; Lu Z; Chen H; Zhu X; Wang Y; Liu H,Q5_reporting_guidance,False,S1_excluded_title
41942649,AI based ECG data recovery and cardiovascular diseases classification (CEDRC-network).,2026,Sci Rep,10.3390/a18110689,Journal Article,Khan MR; Haider ZM; Hussain J; Khan MA; Abdullah S,Q1_ml_imputation_clinical;Q4_missing_indicator_deployment,False,S1_excluded_title
41943141,"Latent pain class identification, longitudinal transitions, and machine learning prediction of incident low back pain in middle-aged and older Chinese adults.",2026,BMC Med Inform Decis Mak,10.3389/fcvm.2022.907990,Journal Article,Liu J; Zhao Z; Li S; Liu X; Xu S; Lu B; Meng X,Q1_ml_imputation_clinical,False,S1_excluded_title
41946890,The future of power forecasting: neuromorphic-axolotl hybrid intelligence revolutionizing grid operations through bio-inspired missing data mastery.,2026,Sci Rep,10.1016/j.eswa.2008.02.066,Journal Article,Alhag SK; Elbaz M; Moghanm FS; Al-Shuraym LA; El-Mesery HS; Mahdi AA; Draz MM,Q4_missing_indicator_deployment,True,included
41951258,Development and cross-site validation of machine-learning models for diagnosis and prognosis of stable angina with and without obstructive coronary artery disease: a study protocol.,2026,BMJ Open,10.1016/S2589-7500(20)30186-2,Clinical Trial Protocol;Journal Article,Deng J; Patel SK; Fung M; Heybati K; Layard B; Wang B; Rubin B; Simard T; Hibbert B; Anderson T; Subasri V,Q1_ml_imputation_clinical,False,S1_excluded_title
41955863,Why we need to maintain a critical view on big data and artificial intelligence predictions.,2026,Curr Opin Immunol,10.1016/j.coi.2026.102776,Journal Article;Review,Temiz A; Tascilar K,Q1_ml_imputation_clinical,False,S1_excluded_title
41956912,Associations Between Quality of Life and Disease Progression in Metastatic Hormone-sensitive Prostate Cancer: Insights from ARASENS and ARANOTE Trials.,2026,Eur Urol Oncol,10.1016/j.euo.2026.03.009,Journal Article,Morgans AK; Ekberg S; Boegemann M; Paracha N; Gallagher E; Gasparini A; Crowther MJ; Shore N; Wallis CJD,Q3_MNAR_informative,False,S1_excluded_title
41961673,Real-world safety profile of anifrolumab: An observational disproportionality analysis of the FAERS database.,2026,Medicine (Baltimore),10.1097/MD.0000000000048274,Journal Article;Observational Study,Zhou Q; He X,Q1_ml_imputation_clinical,False,S1_excluded_title
41964891,Missing data considerations for patient reported outcome measures in randomized controlled trials.,2026,J Patient Rep Outcomes,10.1177/0962280216654511,Journal Article,Wang F; Deng S; Sun J; Lin C; Jiang S; Norquist JM; Golm GT; Xie J; Guan Y; Wang WWB; Xu L; Mei H; Li Y,Q3_MNAR_informative,True,included
41967052,Electronic health record-based prediction models for dementia detection: a systematic review of model performance and quality.,2026,J Am Med Inform Assoc,10.1093/jamia/ocad168,Journal Article;Systematic Review,Lu A; Srikanth V; Westworth S; Baey YG; Moran C; Beare R; Siostrom K; Andrew N; Collyer T,Q1_ml_imputation_clinical;Q5_reporting_guidance,False,S1_excluded_title
41968022,Comparison of Patient-Reported Outcomes for Elranatamab in MagnetisMM-3 Versus Real-World Physician Choice of Therapy for Triple-Class Refractory Multiple Myeloma.,2026,Clin Lymphoma Myeloma Leuk,10.1016/j.clml.2026.03.014,"Journal Article;Comparative Study;Clinical Trial, Phase II",Hebraud B; Charalampous C; Parrondo R; Chhabra S; Nagaraj M; DiBonaventura M; Duh MS; Bobbili PJ; Wang A; Frey-Koba S; Milce J; Levy M; Chafetz L; Faucher A; Johnson SMA; Hlavacek P; Cislo P; Hughes D; Nador G; Kumar SK,Q3_MNAR_informative,False,S1_excluded_title
41969787,Smartphone-based digital phenotyping for detection of high-risk depression and anxiety in Korean community settings.,2026,Internet Interv,10.1038/s41746-025-01602-5,Journal Article,Kim AY; Kim S; Lee J; Han Y; Lee HJ; Cho CH,Q1_ml_imputation_clinical;Q4_missing_indicator_deployment,False,S1_excluded_title
41970522,Prediction of maturity-onset diabetes of the young subtypes using machine learning.,2026,Front Digit Health,10.30630/joiv.6.1-2.935,Journal Article,Figueroa I; Flores R; Millán A; de Dios A; Frechtel GD; López AP; Mennickent D,Q1_ml_imputation_clinical,False,S1_excluded_title
41970943,Regression-Based Analysis of Vestibular Laboratory Tests for the Prediction of Unilateral Vestibular Schwannoma.,2026,IEEE J Transl Eng Health Med,10.3389/fneur.2023.1153102,Journal Article,Di Ruggiero GR; Hosli S; Bockisch CJ; Dlugaiczyk J; Straumann D; Beppi C,Q1_ml_imputation_clinical,False,S1_excluded_title
41973872,Enhancing Model Generalizability in Medical Artificial Intelligence: Systematic Comparison of Categorical Encoding and Sampling Techniques for Imbalanced Data.,2026,JMIR Med Inform,10.1161/JAHA.121.023466,"Journal Article;Research Support, Non-U.S. Gov't",Chuang CW; Wu CK; Wu CH; Shia BC; Chen M,Q1_ml_imputation_clinical,False,S1_excluded_title
41974959,Development and internal validation of a clinical prediction model for venous thromboembolism in patients with renal insufficiency.,2026,Sci Rep,10.1111/j.1525-139X.2008.00444.x,Journal Article;Validation Study,Yang R; Kang W; Wan J; Yang J; Wang X; Zhang Q; Wang Q; Ye X; He H; Zhang X; Zhou H; Liu G; Xu S; Yang J; Xing X,Q2_MI_prediction_models,False,S1_excluded_title
41975401,"Multimodal deep learning with missing data robustness for enhanced early diagnosis of coronary artery disease using CCTA, clinical, and ECG data.",2026,BMC Med Inform Decis Mak,10.1038/s41467-023-38125-0,Journal Article,Tu Y; Yang X; Liu F; Ai R; Luo Y; ChunYan R; Yang G; Zhang T; Jiang L,Q1_ml_imputation_clinical,True,included
41975801,Usefulness of Laboratory-Based Machine Learning for Detection and Severity Classification of Acute Appendicitis in a Resource-Limited Healthcare Setting.,2026,Diagnostics (Basel),10.1016/j.jamcollsurg.2014.12.019,Journal Article,Martinez-Fierro ML; Gonzalez-Rodarte JG; Vazquez-Reyes S; Gonzalez-Plascencia M; Garza-Veloz I; Velasco-Elizondo P; Zorrilla-Alfaro SM; Burciaga-Paez JY; Ibarra-Bañuelos G; Flores-Chaires LA; Mauricio-Gonzalez A,Q1_ml_imputation_clinical,False,S1_excluded_title
41979878,Performance of PREVENT Cardiovascular Risk in Electronic Health Record-Based Clinical Practice.,2026,JAMA Netw Open,10.1201/9780429492259,"Journal Article;Research Support, Non-U.S. Gov't",Hong C; Niu M; Wang H; Wojdyla DM; Economou-Zavlanos N; Engelhard MM; Pignone M; Patel MR; Pencina MJ,Q1_ml_imputation_clinical,False,S1_excluded_title
41980703,Transfer Learning and Machine Learning for Training Five-Year Survival Prognostic Models in Early Breast Cancer: Development and Validation Study.,2026,J Med Internet Res,10.1186/s13104-025-07552-1,Journal Article;Validation Study,Pilgram L; Yang K; Beltran-Bless AA; Pond GR; Vandermeer L; Hilton J; Savard MF; LeBlanc A; Shepherd L; Chen B; Bartlett JM; Taylor KJ; Bayani J; Barker S; Spears M; van der Velde CJ; Meershoek-Klein Kranenbarg E; Dirix L; Mallon E; Hasenburg A; Markopoulos C; Juwara L; Dankar FK; Clemons M; El Emam K,Q1_ml_imputation_clinical;Q4_missing_indicator_deployment,False,S1_excluded_title
41982750,Hybrid expert system for lifestyle recommendations in hypertensive patients.,2026,Front Artif Intell,10.1111/jch.14597,Journal Article,Valles-Coral MA; Pinedo L; Injante R; Navarro-Cabrera JR; Quintanilla-Morales KL; Saavedra S; Valverde-Iparraguirre J; Leveau-Barrera FE; Gonzalez-Gonzalez N,Q1_ml_imputation_clinical,False,S1_excluded_title
41982786,Explainability Challenges in Medical AI: The Conceptual Hidden Cost of Machine Learning Preprocessing.,2026,Health Sci Rep,10.1002/hsr2.71776,Journal Article,Salih AM,Q1_ml_imputation_clinical,False,S1_excluded_title
41984903,Unusual outcome variances as a method to identify potentially problematic clinical trials.,2026,PLoS One,10.1016/j.jclinepi.2006.07.009,Journal Article,Hujoel PP; Hujoel MLA,Q3_MNAR_informative,False,S1_excluded_title
41986433,System-level clustering of testosterone-related biomarkers identifies high-risk aging profiles linked to inflammation and renal function.,2026,Commun Med (Lond),10.1038/s43587-025-00897-z,Journal Article,Okui N; Horie S,Q1_ml_imputation_clinical,False,S1_excluded_title
41986823,"Evaluating Homoscedastic Uncertainty Weighting and Generative Tau Imputation in a Multimodal, Multitask Deep Learning Framework for Alzheimer's Disease.",2026,Neuroinformatics,10.3390/app13158953,Journal Article,Caposova R; Blackwell T,Q1_ml_imputation_clinical,True,included
41995939,"Development of a real-world, therapeutic drug monitoring-informed model to predict teicoplanin daily dose in pediatric intensive care unit patients with bacterial infections.",2026,Int J Clin Pharm,10.1007/s11096-024-01729-7,Journal Article,Wang F; Zhang M; Ye S; Yan J; Li X; Zhang J; Yu X; Wang Y; Yu Z; Gao F; Wu J,Q1_ml_imputation_clinical,False,S1_excluded_title
41996889,MEDiT: A mask-enhanced diffusion transformer model for fetal heart rate signal generation.,2026,Neural Netw,10.1016/j.neunet.2026.108961,Journal Article,Zhang Y; Hu J; Jiao P; Deng Y; Chen Y; Zhao Z,Q1_ml_imputation_clinical,False,S1_excluded_title
41997220,Reporting of withdrawn participants in randomized controlled trials assessing targeted therapies in immune-mediated skin diseases: a cross-sectional study of trials from systematic reviews.,2026,J Clin Epidemiol,10.1016/j.jclinepi.2026.112273,"Journal Article;Research Support, Non-U.S. Gov't",Kottler D; Guelimi R; Afach S; Mubuanga Nkusu A; Sbidian E; Ollivier C; Le Cleach L,Q3_MNAR_informative,False,S1_excluded_title
41998703,A leakage-controlled and SHAP driven machine learning framework for paediatric respiratory disease classification using Indian hospital EHR data.,2026,BMC Med Inform Decis Mak,10.1109/ACCESS.2024.3516045,Journal Article,Shetty AP; Shetty S; Hegde P; Shetty S; Shetty N,Q1_ml_imputation_clinical,False,S1_excluded_title
42007183,Machine Learning-Based Model for Predicting Acute Kidney Injury in Patients Hospitalized with Heart Failure: Development and Validation Study.,2026,CJC Open,10.1016/j.cjco.2025.11.019,Journal Article,Li Y; Liu X; Wang X; Zhou L; Zhao C,Q1_ml_imputation_clinical,False,S1_excluded_title
42008598,Drug-associated road traffic accidents: insights from an analysis of the FDA adverse event reporting system (FAERS) database.,2026,Traffic Inj Prev,10.1080/15389588.2026.2645211,Journal Article,Ma F; Shen N; Wu Y; Yu Y,Q1_ml_imputation_clinical,False,S1_excluded_title
42011380,Development and validation of a prediction model for moderate-to-severe radiation dermatitis in patients with nasopharyngeal carcinoma: A machine learning study.,2026,Asia Pac J Oncol Nurs,10.1007/s00520-024-08583-3,Journal Article,Shi K; Liu J; Zhong W; Chen C; Su X; Hou M; Luo B; Feng H; Zhou H,Q1_ml_imputation_clinical;Q2_MI_prediction_models,False,S1_excluded_title
42015033,Comparing methods for handling missing data in electronic health records for dynamic risk prediction of central-line associated bloodstream infection.,2026,BMC Med Res Methodol,10.3390/bdcc9120321,Journal Article;Comparative Study,Gao S; Albu E; Stijnen P; Rademakers F; Cossey V; Debaveye Y; Janssens C; Van Calster B; Wynants L,Q2_MI_prediction_models;Q4_missing_indicator_deployment,True,included
42015062,Machine learning-based precision subtyping and risk prediction in sepsis: a retrospective analysis using MIMIC-IV database.,2026,BMC Infect Dis,10.3390/medicina59071190,Journal Article,Li Y; Luo W; Qian Zhang Q; Bai F; Wei J; Tang L; Deng Y; Zuo D; Peng T; Li H; Long Z,Q1_ml_imputation_clinical,False,S1_excluded_title
42016607,A multiparameter model (OsteoSC-M3) for early detection and risk stratification of osteoporosis in women: a multicentre cohort study in China.,2026,EClinicalMedicine,10.1002/hep.24605,Journal Article,Teng X; Qiao J; Xue Y; Wei L; Ji X; Du Y,Q1_ml_imputation_clinical,False,S1_excluded_title
42016808,Development and Validation of Machine Learning Models to Identify Emergency Department Patients at Increased Risk of New or Progressive Acute Kidney Injury.,2026,J Am Coll Emerg Physicians Open,10.5414/CN108072,Journal Article,Hinson JS; Zhao X; Ehmann MR; Copenhaver MS; Shpitser I; Menez S; Parikh C; Strauss AT; Kelen G; Badaki-Makun O; Levin S; Klein E,Q1_ml_imputation_clinical;Q2_MI_prediction_models,False,S1_excluded_title
42019500,"A generative AI framework unifies human multi-omics to model aging, metabolic health, and intervention response.",2026,Cell Metab,10.1016/j.cmet.2026.03.014,Journal Article,Chen J; Ren Y; Zhou Y; Wang Z; Mao K; Yu Z; Li J; Guo X; Xu H; Wang Y; Wang Y; Pang B; Liu H; Tang H; Han JJ,Q1_ml_imputation_clinical,False,S1_excluded_title
42022500,Federated learning for fair autism spectrum disorder screening across age-heterogeneous populations.,2026,Front Digit Health,10.3390/diagnostics11101923,Journal Article,Rekik S; Mehmood S; Berriche L,Q1_ml_imputation_clinical,False,S1_excluded_title
42023282,Predictive model for severe intraventricular hemorrhage risk in preterm infants: a systematic review and meta-analysis.,2026,Front Pediatr,10.3390/ijms21218343,Journal Article;Review,Zhan Z; Zhang J; Rong H; Shen F; Chong Q,Q5_reporting_guidance,False,S1_excluded_title
42031772,A data-driven framework for predicting PEG-defined MacroB12 in hypercobalaminemia.,2026,Sci Rep,10.1016/j.csbj.2025.10.017,Journal Article,Frías-Ruiz C; Gálvez-Navas JM; García-Calcerrada I; de Las Heras Flórez S; Jiménez-Morales A; Fabregas R,Q2_MI_prediction_models,False,S1_excluded_title
42037684,A hybrid random forest model for stroke risk prediction.,2026,Front Neurol,10.3390/brainsci11040453,Journal Article,Lu Q; Li S; Xu H; Shen H; Wei Y,Q1_ml_imputation_clinical,False,S1_excluded_title
42043567,The digital keystone: how artificial intelligence is reshaping HLA research and clinical practice.,2026,Immunogenetics,10.1182/bloodadvances.2023011752,Journal Article;Review,Sonmez G; Yazarkan Y; Cagdas D,Q1_ml_imputation_clinical,False,S1_excluded_title
42044068,Comparative Evaluation of Ensemble Machine Learning Approaches for Heart Disease Prediction.,2026,J Vis Exp,10.3791/70124,Journal Article;Video-Audio Media;Comparative Study,Baral S; Satpathy S; Satpathy RN; Kumar Baral A,Q1_ml_imputation_clinical,False,S1_excluded_title
42045337,Adherence to ecological momentary assessment studies in children and adolescents with psychopathology: A systematic review with meta-analysis.,2026,NPP Digit Psychiatry Neurosci,10.2196/jmir.4954,Journal Article,Henry LM; Pandya U; Malone E; Miller C; Agyemang S; Tandilashvili E; Lewis K; Haeffner CE; Lee K; Livinski AA; Kiderman M; Naim R; Metcalf O; Lopez-Guzman S; Brotman MA,Q4_missing_indicator_deployment,False,S1_excluded_title
42047064,Bayesian Model Prediction for Lung Cancer Survival Based on Demographic and Laboratory Results: A retrospective analysis.,2026,Med Glas (Zenica),10.17392/1970-23-01,Journal Article,Bani Mohammad I; Ahmad M,Q1_ml_imputation_clinical,False,S1_excluded_title
42048495,Machine Learning in HIV Care and Antiretroviral Therapy: Systematic Review.,2026,J Med Internet Res,10.1186/s12985-025-02900-w,Journal Article;Systematic Review,Boudra T; Idrissou A; Barakat O; Davani S; Valnet Rabier MB; Lagoutte-Renosi J,Q1_ml_imputation_clinical;Q5_reporting_guidance,False,S1_excluded_title
42049804,Agrimind intelligent deep learning framework for accurate soil fertility prediction.,2026,Sci Rep,10.1049/cps2.12032,Journal Article,Rao RVR; Reddy US,Q4_missing_indicator_deployment,False,S1_excluded_title
42051120,Hypoglycaemia Risk Prediction Models for Type 2 Diabetes: A Systematic Review and Meta-Analysis.,2026,Endocrinol Diabetes Metab,10.26922/d.cnki.ganzc.2023.000551,Journal Article;Systematic Review;Meta-Analysis,Wei Y; Liu Y; Bo J; Bai X,Q5_reporting_guidance,False,S1_excluded_title
42051456,Development and evaluation of machine learning models for predicting relapse in idiopathic nephrotic syndrome.,2026,Front Endocrinol (Lausanne),10.21037/atm.2016.02.15,Journal Article,Zhao M; Li P; Chen F; Wu Z,Q1_ml_imputation_clinical,False,S1_excluded_title
42058206,Application of machine learning techniques to explore the occurrence of macrophage activation syndrome in Still's disease: results from the GIRRCS AOSD Study Group and the AIDA Network Still's Disease Registry.,2026,Front Immunol,10.3389/fmed.2022.878797,Journal Article;Multicenter Study;Observational Study,Ruscitti P; Masedu F; Vitale A; Caggiano V; Di Cola I; Atzeni F; Sbalchiero J; Lopalco G; Iannone F; Morrone M; Iacono D; Riccio F; Visconti M; Gaggiano C; Caso F; Emmi G; Hinojosa-Azaola A; Torres-Ruiz J; Martín-Nares E; Guggino G; La Barbera L; Batu ED; Ozen S; Sfikakis PP; Navarini L; Costa L; Tufan A; Cakir IY; Perosa F; Hernández-Rodríguez J; Prete M; Dagna L; Campochiaro C; Ursini F; Sfriso P; Bindoli S; Giardini HAM; Fotis L; Kourtesi K; Ragab G; Ghanema M; Saad MA; Direskeneli H; Karamanakos A; Conforti A; La Torre F; Frassi M; Govoni M; Parronchi P; Sarzi-Puttini P; Maggio MC; Bugatti S; De Stefano L; Pelizza J; Bartoloni E; Rigante D; Iagnocco A; Viapiana O; Wiesik-Szewczyk E; Makowska J; Gündüz ÖS; Erten Ş; Ogunjimi B; Sebastiani GD; Del Giudice E; Biancalana E; Conti G; AlMaghlouth IA; Breda L; Gidaro A; Barone P; Olivieri AN; Carubbi F; De Paulis A; Chimenti MS; Lo Gullo A; Tharwat S; Thabet M; Moshrif A; Alessio M; Mauro A; Suzon B; Pucino V; Boyarchuk O; Kovalchuk T; Bes C; Deniz R; Al-Mayouf SM; Cipriani P; Valenti M; Balistreri A; Fabiani C; Ciccia F; Montecucco C; Giacomelli R; Frediani B; Cantarini L,Q1_ml_imputation_clinical,False,S1_excluded_title
42058405,Machine learning predicts clinical response to platelet-rich plasma therapy in knee osteoarthritis.,2026,Front Med (Lausanne),10.1097/BOR.0000000000000373,Journal Article,Zhang H; Yang X; Geng T; Wang R; Li G,Q1_ml_imputation_clinical,False,S1_excluded_title
42063297,Imputation of Missing Continuous Glucose Monitor Data.,2026,J Diabetes Sci Technol,10.2337/dc23-S007,"Journal Article;Research Support, U.S. Gov't, P.H.S.;Research Support, N.I.H., Extramural",Kuang A; Yu Y; Siddique J; Scholtens D,Q1_ml_imputation_clinical,True,included
42064837,Machine learning for immune biomarkers in severe mental illness: a systematic review.,2026,Neurosci Appl,10.1016/j.schres.2023.03.030,Journal Article;Review,Slatni R; Colombo F; Enrico P; Branchi I; De Picker L; Vai B,Q1_ml_imputation_clinical,False,S1_excluded_title
42072228,Prognostic Power of Ensemble Learning in Colorectal Cancer with Peritoneal Metastasis: A Multi-Institutional Analysis.,2026,Bioengineering (Basel),10.2147/DDDT.S511372,Journal Article,Bamba Y; Itabashi M; Kobayashi H; Kotake K; Kawasaki M; Kanemitsu Y; Kinugasa Y; Ueno H; Maeda K; Suto T; Funahashi K; Ozawa H; Koyama F; Noura S; Ishida H; Ohue M; Kiyomatsu T; Ishihara S; Koda K; Baba H; Kawada K; Hashiguchi Y; Goi T; Toiyama Y; Tomita N; Sunami E; Akagi Y; Watanabe J; Hakamada K; Nakayama G; Sugihara K; Ajioka Y,Q1_ml_imputation_clinical,False,S1_excluded_title
42075521,Efficacy and Safety of Vagus Nerve Stimulation for Hospitalized COVID-19 Patients: A Systematic Review and Methodological Evaluation of Randomized Controlled Trials.,2026,Medicina (Kaunas),10.1371/journal.pone.0315606,Journal Article;Systematic Review,Balan A; Graham G; Sorin H; Marcu M; Gheorghe N; Gabriela M; Florescu AR; Popa AM; Lascu A; Mot CI; Mihaicuta S; Frent SM,Q5_reporting_guidance,False,S1_excluded_title
42076541,Missing Data Gap Imputation Methods in Electroencephalogram (EEG) Signals: A Systematic Scoping Review.,2026,Sensors (Basel),10.3390/bioengineering11080740,Journal Article;Scoping Review,Bergmann T; Movshovich M; Shao Y; Ryznar J; Nemoga-Stout X; Marquez I; Herath I; Sainbhi AS; Vakitbilir N; Silvaggio N; Hasan R; Stein KY; Shaheen H; Moon J; Zeiler FA,Q1_ml_imputation_clinical;Q4_missing_indicator_deployment,True,included
42081549,Genetic variants and polygenic risk scores associated with paroxysmal atrial fibrillation in the Japanese population.,2026,PLoS One,10.1038/s41591-020-0800-0,Journal Article,Shiomi M; Nagata Y; Sudo T; Takahashi K; Higuchi C; Ihara K; Asada K; Tanaka Y; Yamauchi Y; Sasaki T; Hachiya H; Imai Y; Fujita H; Sasano T; Furukawa T; Tanaka T,Q1_ml_imputation_clinical,False,S1_excluded_title
42082939,Interpretable machine learning for postoperative nausea and vomiting prediction in elderly orthopedic patients: a comparative study.,2026,BMC Med Inform Decis Mak,10.2147/JPR.S538581,Journal Article;Comparative Study,Li LH; Guo H; Wang H; Xie YB,Q1_ml_imputation_clinical,False,S1_excluded_title
42087146,Geographic disparities and methodological quality of type 2 diabetes prediction models: a systematic review and meta-analysis of 97 models.,2026,BMC Endocr Disord,10.1056/NEJMp1501140,Journal Article;Systematic Review;Meta-Analysis,Queiroz S; Gadelha JG; Husain N,Q5_reporting_guidance,False,S1_excluded_title
42087181,An intelligent auxiliary diagnostic system for early osteoporosis screening using stacking ensemble learning.,2026,BMC Med Inform Decis Mak,10.1038/s41598-022-23184-y,Journal Article,Wang Q; Liu J; Zhu M; Ye HY; Shang Y,Q1_ml_imputation_clinical,False,S1_excluded_title
42088656,A Review of Deep Learning Methods for Irregularly Sampled Medical Time Series Data.,2026,Health Data Sci,10.48550/arXiv.2004.08545,Journal Article;Review,Sun C; Song M; Cai D; Zhang B; Li H; Hong S,Q1_ml_imputation_clinical,False,S1_excluded_title
42091545,[Identification of Factors Associated with Supratherapeutic Voriconazole Concentrations Using Decision Tree Analysis].,2026,Yakugaku Zasshi,10.1248/yakushi.25-00185,English Abstract;Journal Article,Suzuki A; Komatsu T; Uemura Y; Akamada Y; Otori K,Q1_ml_imputation_clinical,False,S1_excluded_title
42096728,Development of treatment-specific outcome prediction models for intracranial aneurysm after coiling or clipping.,2026,J Clin Neurosci,10.1016/j.jocn.2026.112073,Journal Article,de Liyis BG; Iqhrammullah M; Kusdiansah M; Hafif M; Prasetyo BT; Kurniawan RG; Rilianto B; Arham A,Q2_MI_prediction_models,False,S1_excluded_title
42098623,Early prediction of in-hospital mortality in ICU patients with heart failure using an interpretable machine learning model: a retrospective study based on MIMIC-IV.,2026,BMC Cardiovasc Disord,10.1097/SHK.0000000000001582,Journal Article,Sun M; Lu P; Cheng J; Zhao L; Ma J,Q1_ml_imputation_clinical,False,S1_excluded_title
42102144,Machine Learning-Based Predictive Model for Fever and Adverse Clinical Events in Hospitalized Pediatric Burn Patients.,2026,J Burn Care Res,10.1093/jbcr/irag074,Journal Article,Har-Shai L; Gershov S; Lagziel T; Manasseh N; Keller A; Tzarfati GG; Hilewitz D; Ad-El D; Kalish E; Olshinka A,Q1_ml_imputation_clinical,False,S1_excluded_title
42102409,Age-related differences in surgical outcomes for traumatic central cord syndrome: a multi-institutional causal machine learning analysis.,2026,J Neurosurg Spine,10.3171/2025.12.SPINE25166,Journal Article;Multicenter Study,Aude CA; Vattipally VN; Jillala R; Khalifeh J; Hughes LP; Jo J; Byrne JP; Witiw CD; Chryssikos T; Schwartzbauer G; Williams JR; Lubelski D; Bydon A; Witham TF; Theodore N; Azad TD,Q1_ml_imputation_clinical,False,S1_excluded_title
42103899,Bridging survival analysis and machine learning to improve healthy life expectancy estimation using PHR records.,2026,NPJ Digit Med,10.1038/s41598-022-24356-6,Journal Article,Jones BAH; King JH; Watson M; Hudson GT; Al Moubayed N,Q1_ml_imputation_clinical,False,S1_excluded_title
42104143,A systematic review of the assessment model for palliative care needs in cancer patients.,2026,Support Care Cancer,10.1080/15384047.2024.2344600,Journal Article;Systematic Review,Xu C; Xie Y; Li Y; Guan S; Cai T; Song L,Q5_reporting_guidance,False,S1_excluded_title
42106686,Development of a simple clinical score to predict early neurological improvement after mechanical thrombectomy: a single-centre cohort study.,2026,BMC Neurol,10.1016/j.jamda.2020.03.032,Journal Article,Zhao C; Li X; Han Y; Zhou T; Ren X; Sun Y,Q2_MI_prediction_models,False,S1_excluded_title
42110457,Development of a preoperative risk score for predicting blood transfusion in pediatric scoliosis surgery: a two-center retrospective cohort study.,2026,Front Med (Lausanne),10.1111/pan.13987,Journal Article,Gao P; Zhang Y; Gao Z; Zhang J; Bo J; Gu X; Xu L; Zhu B; Huang Y,Q2_MI_prediction_models,False,S1_excluded_title
42110656,Imputation Free Deep Survival Prediction with Conditional Variational Autoencoders.,2026,J Healthc Inform Res,10.1002/sim.2427,Journal Article,Hong N; Acharya A; Gokhale K; Cooper J; Gadd C; Crowe F; Nirantharakumar K; Yau C,Q1_ml_imputation_clinical;Q4_missing_indicator_deployment,True,included
42111063,Development and internal validation of a clinical prediction model for 1-year recurrence after first-ever ischemic stroke.,2026,Front Neurol,10.1161/01.STR.0000069017.78624.37,Journal Article,Fan D; Zhang L; Miao R; Zhu M; Li C; Deng R; Huang H,Q2_MI_prediction_models,False,S1_excluded_title
42119217,Development and validation of a clinlabomics-based machine-learning model for noninvasive risk stratification of moderate-to-severe OSA.,2026,Int J Med Inform,10.1016/j.ijmedinf.2026.106474,Journal Article,Liu P; Guo Z; Sheng Y; Tan L; Li B; Zhang W; Min H; Lyu X,Q1_ml_imputation_clinical,False,S1_excluded_title
42119857,Decoding Parkinson's progression: A multi-modal SuStaIn ensemble approach validated on real-world PPMI data.,2026,Neurobiol Dis,10.1016/j.nbd.2026.107435,Journal Article;Validation Study,Hani M; Mahmoudi S; Benjelloun M,Q1_ml_imputation_clinical,False,S1_excluded_title
42121053,A comparative analysis in a clinical cohort: multiple imputation by chained equations and a novel super learner-based imputation approach.,2026,BMC Med Res Methodol,10.1007/s10462-019-09709-4,Journal Article;Comparative Study,Zbysinski T; Wu L; Dale J; Coates J; Sapiah K; Reuben J; Markson F; Kulkarni U; Islam N,Q1_ml_imputation_clinical,True,included
42121093,Development and validation of a clinical prediction model and risk score for 30-day psychiatric readmission in the United Arab Emirates.,2026,BMC Psychiatry,10.1001/archpsyc.56.3.241,Journal Article;Validation Study,Bokhari SA; Javaid SF,Q2_MI_prediction_models,False,S1_excluded_title
42121180,Development and external validation of an interpretable early prediction model for acute kidney injury using TabPFN and routine admission data: a retrospective cohort study.,2026,BMC Med Inform Decis Mak,10.1016/S2589-7500(24)00047-5,Journal Article;Validation Study,Xu Z; Li C; Guan C; Xu L; Wang X; Jiang S; Zhang N; Gu M; Xin Y; Xu Y,Q1_ml_imputation_clinical;Q4_missing_indicator_deployment,False,S1_excluded_title
42122046,Explainable Machine Learning-Based Overall Survival Classification in Prostate Adenocarcinoma Using Integrated Clinical and Transcriptomic Features.,2026,Diagnostics (Basel),10.1016/j.inffus.2019.12.012,Journal Article,Kurt HA; Kılıçarslan S; Çiçekliyurt MM,Q1_ml_imputation_clinical,False,S1_excluded_title
42125301,Individualized Treatment Effect Inference of Head and Neck Cancer with Multimodal Data.,2026,APSIPA Trans Signal Inf Process,10.1108/atsip-06-2025-0051,Journal Article,Wei Y; Li Z; Woo J; Ouyang J; El Fakhri G; Liu X,Q1_ml_imputation_clinical,False,S1_excluded_title
42131593,MMPro-HIP: multimodal progressive fusion model for elderly HIP fracture risk prediction.,2026,Front Med (Lausanne),10.1371/journal.pmed.1004142,Journal Article,Chen S; Liu Z; Cao Y; Wang W; Lu Y; Lou S; Zi J; Guo B; Yin Z; Yuan Y; Tian W,Q1_ml_imputation_clinical,False,S1_excluded_title
42133887,Mode Effects Between Mobile Web and Telephone Surveys on Patient Experience Scores in South Korea: Secondary Analysis of a Randomized Controlled Trial Under Various Missingness Scenarios.,2026,J Med Internet Res,10.1002/pst.2348,Journal Article;Randomized Controlled Trial,Choi YG; Koo BM; Song Y; Do YK,Q3_MNAR_informative,True,included
42133909,"The Role of Clinical, Plasma, and Imaging Biomarkers in Assessing Future Dementia Risk in Individuals With Subjective Cognitive Decline.",2026,Neurology,10.1016/j.jalz.2018.07.220,Journal Article;Observational Study,Rivera Sánchez M; Mastenbroek SE; Janelidze S; Tideman P; Mattsson-Carlgren N; Van Westen D; Stomrud E; Hansson O; Palmqvist S; Ossenkoppele R,Q2_MI_prediction_models,False,S1_excluded_title
42136803,Prediction models for aspiration risk in stroke patients: a systematic review.,2026,Front Neurol,10.1016/j.clineuro.2024.108593,Journal Article;Systematic Review,Li XR; Zhou H; Mao FJ,Q5_reporting_guidance,False,S1_excluded_title
42136843,A three-factor nomogram predicts the use of invasive mechanical ventilation within 72 h in preterm infants.,2026,Front Med (Lausanne),10.1542/peds.2019-1881,Journal Article,Guo L; Zhang Z; Zhang Z; Zhao C; Chen H,Q2_MI_prediction_models,False,S1_excluded_title
42141903,Missing Data Essentials Part 1: Detecting and Evaluating Patterns of Missingness in Longitudinal Cardiovascular Studies.,2026,Eur J Cardiovasc Nurs,10.1093/eurjcn/zvag130,Journal Article,Denfeld QE; Hiatt SO; Dieckmann N; Lee CS,Q3_MNAR_informative,True,included
42142114,Robust deep learning for incomplete MRI sequences in glioma grading and IDH mutation status prediction: a large-scale multicenter study.,2026,Eur Radiol,10.1007/s00234-020-02532-7,Journal Article;Multicenter Study,Liang F; Yan J; Lai S; Zhang C; Lin J; Wei R; Wu Y; Cheng J; Liu Y; Wang W; Zhen X; Yang R,Q1_ml_imputation_clinical,False,S1_excluded_title
42142603,Realizing the full potential of registry-based randomized controlled trials.,2026,J Clin Epidemiol,10.1016/j.jclinepi.2026.112335,"Journal Article;Research Support, Non-U.S. Gov't",Humphreys ABC; Lindahl B; Olarte Parra C,Q3_MNAR_informative,False,S1_excluded_title
42142788,DispFormer: A dual attention transformer with denoising for biomedical irregular time series classification.,2026,J Biomed Inform,10.1016/j.jbi.2026.105054,"Journal Article;Research Support, Non-U.S. Gov't",Zhang J; Zang X; Chen H; Yan X; Tang B,Q1_ml_imputation_clinical,False,S1_excluded_title
42144367,Development of Machine Learning Models to Predict Candidemia in Hospitalized Adult Patients.,2026,Kurume Med J,10.2739/kurumemedj.MS721234017,Journal Article,Hashimoto K; Matsumoto K; Murotani K,Q1_ml_imputation_clinical,False,S1_excluded_title
42144942,Missing Data Sensitivity Analyses for Alcohol Research.,2026,Alcohol Clin Exp Res (Hoboken),10.1037/met0000826,Journal Article,Enders CK; Ray LA,Q3_MNAR_informative,True,included
42147060,Evaluation of coronary heart disease risk prediction based on simple physical examination parameters by machine learning model: a retrospective cohort model development and validation study.,2026,Front Cardiovasc Med,10.1016/j.pbiomolbio.2012.10.001,Journal Article,Xiong H; Cao X; Han X; Zhang JX; Zhuang JR; He S; Zhu M; Li J; Qin W,Q1_ml_imputation_clinical,False,S1_excluded_title
42147846,Clinical multidimensional prediction model for futile reperfusion in acute ischemic stroke after endovascular thrombectomy.,2026,Front Neurol,10.1136/jnis-2024-021759,Journal Article,Jiang S; Fan W; Wu Y; Liu X; Li D; Zhang O; Xie X; Chen F; Yao Y,Q2_MI_prediction_models,False,S1_excluded_title
42151063,[Analysis on prediction and mediating effects of triglyceride-glucose body mass index on stroke incidence based on cohort study].,2026,Zhonghua Liu Xing Bing Xue Za Zhi,10.3760/cma.j.cn112338-20250915-00648,English Abstract;Journal Article,Liu Y; Ruan XN; Gao JJ; Ke JZ; Wu K; Wang XN; Liu QP; Xu Q; Wu MY; Meng QQ; Zhou Y,Q2_MI_prediction_models,False,S1_excluded_title
42152864,Development of a machine learning-based depression risk prediction model for middle-aged and elderly Chinese heart disease patients: Evidence from CHARLS data.,2026,Digit Health,10.1136/bjsports-2024-109173,Journal Article,Fu G; Shen Y; Yang J; Li Y; Huang T; Yang L; Yang X; Zhao J,Q1_ml_imputation_clinical,False,S1_excluded_title
42153008,Leveraging Clinical Data for Early Heart Disease Prediction: A Machine Learning Approach With Interpretability Analysis.,2026,Biomed Eng Comput Biol,10.3389/fcvm.2023.1243436/full,Journal Article,Qumsiyeh E; Al-Wirdian Q; Ersoz NS,Q1_ml_imputation_clinical,False,S1_excluded_title
42155534,Explainable TabNet for gestational diabetes prediction with physician-in-the-loop and multi-site clinical validation.,2026,Int J Med Inform,10.1016/j.ijmedinf.2026.106488,Journal Article;Validation Study,Narayanan A; Sankaran P; Sankar UV; Kurian S; John T,Q1_ml_imputation_clinical,False,S1_excluded_title
42158462,Machine Learning-Based Prediction of Breast Cancer in Women: Insights From Feature Selection of Clinical and Lifestyle Data.,2026,Int J Breast Cancer,10.1200/CCI.23.00049,Journal Article,Allahqoli L; Behzadi MH; Aghamohammadi SZ; Hakimi S; Salehiniya H; Fallahi A; Rahmani A; Shahabinia Z; Mazidimoradi A; Momenimovahed Z; Ghiyasvand M,Q1_ml_imputation_clinical,False,S1_excluded_title
42158654,Early postnatal risk stratification for severe adverse outcomes in twin neonates admitted to the neonatal intensive care unit: development and temporal validation of an interpretable machine learning model.,2026,Transl Pediatr,10.1080/10641955.2016.1242605,Journal Article,Xu D; Li Y; Li S; Wang J; Yang Y; Wei S; Ji Y,Q1_ml_imputation_clinical;Q2_MI_prediction_models,False,S1_excluded_title
42159665,Incorporating Auxiliary Information into Assessment of Accuracy and Discrimination of Risk Models When Some Predictors are Missing.,2026,Stat Med,10.1002/sim.70587,Journal Article,Pfeiffer RM; Loeb TR; Shin YE,Q2_MI_prediction_models,True,included
42163261,Dynamic Bayesian networks to predict loss of kidney function: a cross-institution use case in a large cohort with or at-risk of CKD.,2026,BMC Med Inform Decis Mak,10.1186/s12874-024-02310-6,Journal Article,Petousis P; Gordon D; Duru OK; Norris KC; Tuttle KR; Nicholas SB; Bui AAT,Q1_ml_imputation_clinical,False,S1_excluded_title
42169948,Perioperative clinicopathologic model for predicting 12-month early recurrence after curative hepatectomy in hepatocellular carcinoma.,2026,J Gastrointest Oncol,10.1038/s41379-020-00671-z,Journal Article,Zhang L; Lu Q; Wang X,Q1_ml_imputation_clinical,False,S1_excluded_title
42171127,Development and Internal Evaluation of EAST-BMS (East Asian Survival Tool for Bone Metastasis Surgery): A Multinational Machine-learning Survival Prediction Model for Patients Undergoing Surgery for Nonspinal Bone Metastasis in East Asia.,2026,Clin Orthop Relat Res,10.1097/CORR.0000000000003958,Evaluation Study;Journal Article;Multicenter Study,Yang E; Lin HC; Shimomura S; Lee J; Kim HS; Yen HK; Iwata S; Lin WH; Han I,Q1_ml_imputation_clinical,False,S1_excluded_title
42174923,Qualifying Missingness in Real-World Clinical Data for Secondary Use.,2026,Stud Health Technol Inform,10.3233/SHTI260248,Journal Article,Fracasso P; Pierre-Jean M; Coatrieux G; Cuggia M; Cabon S,Q3_MNAR_informative,True,included
42175357,A Novel Approach for Handling Missing Data in Multivariate Time Series Clustering: Case Study on Predicting Delayed Graft Function.,2026,Stud Health Technol Inform,10.3233/SHTI260690,Journal Article,Momaya M; Simon G; Duarte S; Pruinelli L,Q1_ml_imputation_clinical;Q3_MNAR_informative,True,included
42177280,Machine learning-based risk prediction of 28-day mortality for sepsis patients with augmented renal clearance.,2026,Sci Rep,10.1016/j.jbi.2020.103611,Journal Article,Wu Y; Yang F; Yang H; Wu T; Zhuang R; Wang X; Lu Y; Dong D,Q1_ml_imputation_clinical,False,S1_excluded_title
42179965,Explainable Machine Learning Model Based on Routine Admission Laboratory Tests for Predicting New-Onset Hypoalbuminemia in Hospitalized Older Patients with Acute Exacerbation of COPD.,2026,Clin Interv Aging,10.1136/heartjnl-2014-305747,Journal Article;Multicenter Study,Xiao L; Qin Y; Wen Y; Guo X; Wang Y; Wang Y; Wang Z,Q1_ml_imputation_clinical;Q2_MI_prediction_models,False,S1_excluded_title
42180676,Development and validation of a risk score heatmap for in-hospital adverse events in older adults with acute myocardial infarction.,2026,Front Med (Lausanne),10.1016/j.ijcard.2014.09.002,Journal Article,Lian Z; Xu Y; Liu S; Yang X,Q2_MI_prediction_models,False,S1_excluded_title
42180684,Clinically aligned COPD severity prediction using ordinal neural networks.,2026,Front Med (Lausanne),10.1164/rccm.201710-2028PP,Journal Article,Yata VK; Vinod H; Indracanti M; Chitta S; Kolliputi N,Q1_ml_imputation_clinical,False,S1_excluded_title
42180697,Analysis of risk factors for heart failure in patients with type 2 diabetes mellitus and acute ST-segment elevation myocardial infarction after percutaneous coronary intervention.,2026,Front Med (Lausanne),10.1016/S0895-4356(96)00236-3,Journal Article,Xie J; Asaiti A; Xu P; Liu H,Q2_MI_prediction_models,False,S1_excluded_title
42186096,Predicting immune checkpoint inhibitor cardiotoxicity using machine learning: a systematic review of model performance and methodological quality.,2026,Cardiooncology,10.3760/cma.j.cn112148-20231210-00489,Journal Article;Review,Roy V,Q1_ml_imputation_clinical;Q5_reporting_guidance,False,S1_excluded_title
42186203,Higher Serum Testosterone Protects Against the Development of Type 2 Diabetes in Middle-Aged but Not Older Men.,2026,Diabetes Obes Metab,10.1111/dom.70885,Journal Article,Umapathysivam MM; Vincent AD; Tan J; Ashagre A; Jesudason D; Wittert G,Q2_MI_prediction_models,False,S1_excluded_title
42190694,Predictors of Massive Transfusion in Adult Blunt Trauma Patients: Analysis of a Nationwide Trauma Registry in Korea.,2026,J Korean Med Sci,10.3346/jkms.2026.41.e146,Journal Article,Seo D; Kim J; Jung K; Park J; Kwon J; Sohn HM; Kim S; Yoo J; Kim JH; Cho H; Kim Y; Kim T,Q2_MI_prediction_models,False,S1_excluded_title
42193478,Machine Learning-Based Prediction of Ultrasound-Detected Hepatic Steatosis Within the Metabolic Dysfunction-Associated Steatotic Liver Disease Spectrum Using Routine Clinical and Biochemical Parameters.,2026,Biomedicines,10.1136/bmj-2023-078378,Journal Article,Akkus C; Sonmez G; Sahin A; Yazarkan Y; Gokgoz M; Caglar F; Kayhan S,Q1_ml_imputation_clinical,False,S1_excluded_title
42194254,Prediction Pipeline Selection for Incomplete Clinical Data via Missingness Fingerprints and Instance Augmentation.,2026,Bioengineering (Basel),10.13026/KPB9-MT58,Journal Article,Li R; Shen Z; Wu C; Li J; Tian Y,Q1_ml_imputation_clinical;Q3_MNAR_informative;Q4_missing_indicator_deployment,True,included
42194602,Development of an Artificial Intelligence Model to Predict Endotracheal Intubation in Critically Ill Patients in Real Time.,2026,J Clin Med,10.3390/biomedicines13112658,Journal Article,Moon DH; Kim M; Han SS; Kim TH; Kim D; Kim WJ; Lee SJ; Kim Y; Heo J; Choi HS; Heo Y,Q1_ml_imputation_clinical,False,S1_excluded_title
42196938,Enhanced Prediction of Cardiovascular Disease Through Integrated Machine Learning Models Combining Clinical and Demographic Characteristics.,2026,Diagnostics (Basel),10.3389/frai.2024.1363226,Journal Article,Zhang Z; Li D; Zhao J; Ma H; Wang F; Hao Q,Q1_ml_imputation_clinical,False,S1_excluded_title
42197818,Online Friction Measurement and Wear-Life Determination for Textile Needle Hooks Based on Closed-Loop Tension Control and the Capstan Model.,2026,Sensors (Basel),10.3390/s23083800,Journal Article,Chen Y; Zeng Y; Xu W; Gan H; Xiao M; Zhu J; Wu Y; Wang P; Mei S; Yu L,Q4_missing_indicator_deployment,False,S1_excluded_title
42199434,Interpretable survival modeling integrating nutritional-inflammatory biomarkers in elderly patients with locally advanced esophageal squamous cell carcinoma treated with definitive radiotherapy.,2026,Front Immunol,10.1016/j.intimp.2018.10.002,Journal Article,Zou J; Fan W; Xia X; Zhang M; Han T; Wu Q,Q1_ml_imputation_clinical,False,S1_excluded_title
42200120,A machine learning approach with SHAP interpretability for classifying drug craving levels.,2026,Front Public Health,10.1146/annurev.clinpsy.3.022806.091415,Journal Article,Zeng W; Liu F; Liang T; Zhao C; Liu X; Yang P,Q1_ml_imputation_clinical,False,S1_excluded_title
42201678,PhosSight: A Unified Deep Learning Framework Boosting and Accelerating Phosphoproteome Identification to Enable Biological Discoveries.,2026,Adv Sci (Weinh),10.1038/nmeth1113,Journal Article,Wang B; Cheng Z; She C; Zhao H; Zhang J; Lv L; Yan Z; Zhu H; Liu L; Fu Y; Yi X,Q1_ml_imputation_clinical,False,S1_excluded_title
42204678,Quality and performance of machine learning versus logistic regression for predicting IVIG resistance in Kawasaki disease: a PROBAST+AI systematic comparison.,2026,BMC Med Res Methodol,10.12771/emj.2025.00668,Comparative Study;Journal Article;Meta-Analysis,Zhang J; Wang D; Dong J; He Y; Liu Y; You T; Li J; Li L; Wu X; Tang Q; Ma S; Liu P; Lv H; Huang H,Q1_ml_imputation_clinical;Q5_reporting_guidance,False,S1_excluded_title
42206479,Interpretable machine-learning prognosis of mycetoma from routine clinical data.,2026,Trans R Soc Trop Med Hyg,10.1093/trstmh/trag061,Journal Article,Yousif MH; Alsammani A; Abdalla MH; Bashier EBM; Mohammed MAY; Saeed AA; Fahal AH,Q1_ml_imputation_clinical,False,S1_excluded_title
42207277,Tree-based and sparse logistic models for predicting one-month postoperative performance status after surgery for spinal metastases.,2026,Eur Spine J,10.1016/j.jos.2022.06.006,Journal Article,Maki S; Shiratani Y; Orita S; Suzuki A; Tamai K; Shimizu T; Kakutani K; Kanda Y; Tominaga H; Kawamura I; Ishihara M; Paku M; Takahashi Y; Funayama T; Miura K; Shirasawa E; Inoue H; Kimura A; Iimura T; Moridaira H; Nakajima H; Watanabe S; Akeda K; Takegami N; Nakanishi K; Sawada H; Matsumoto K; Funaba M; Suzuki H; Funao H; Oshigiri T; Hirai T; Otsuki B; Kobayakawa K; Uotani K; Manabe H; Tanishima S; Hashimoto K; Iwai C; Yamabe D; Hiyama A; Seki S; Kato K; Miyazaki M; Watanabe K; Nakamae T; Kaito T; Nakashima H; Nagoshi N; Inoue G; Imagama S; Watanabe K; Kato S; Ohtori S; Furuya T,Q1_ml_imputation_clinical,False,S1_excluded_title
42208665,Frequency and risk factors for symptomatic pulmonary embolism following spinal fusion surgery exceeding 6 hours: dynamic risk stratification using a 2-stage predictive model.,2026,Spine J,10.1016/j.spinee.2026.05.001,Journal Article,Heinig SA; Corr F; Stieger A; Luedi MM; Bozinov O; Martens B; Stienen MN,Q2_MI_prediction_models,False,S1_excluded_title
42209800,"Effectiveness of AI and rule-based conversational agents for depression, anxiety and stress: A meta-analysis.",2026,NPJ Digit Med,10.1002/cesm.12047,Journal Article,Mokhtari Masoumi Alamdarloo S; Mirzakhani A; Azhdarloo M; Haghani-Samani E; Nazari A,Q5_reporting_guidance,False,S1_excluded_title
42215892,"The impact of an artificial intelligence (AI)-assisted education program on mental health, social support and quality of life in older individuals with head and neck cancer: study protocol of a randomized controlled trial.",2026,BMC Geriatr,10.2147/TCRM.S305623,Journal Article;Clinical Trial Protocol,Sun Y; Ma H; Zhong W; Peng Y; Fan X; Liang Y; Zeng F; Zhao H; Yin X; Xue M; Huang Y,Q4_missing_indicator_deployment,False,S1_excluded_title
42216348,Predicting depressive symptoms in older adults with hearing impairment development and validation of NHANES-based machine-learning models: A cross-sectional study.,2026,Medicine (Baltimore),10.1097/MD.0000000000049004,Journal Article;Validation Study,Shang L; Jiang S; Dai Q,Q1_ml_imputation_clinical;Q2_MI_prediction_models,False,S1_excluded_title
42218476,Machine learning prediction of PICC-associated thrombotic complications in critically ill patients.,2026,BMC Med Inform Decis Mak,10.1016/j.thromres.2024.05.003,Journal Article,Xia L; Jiang H; Zhang Y; Guo J; Sun M; Wu H; Cui Y; Wang Y,Q1_ml_imputation_clinical;Q2_MI_prediction_models;Q5_reporting_guidance,False,S1_excluded_title
42223121,Risk prediction models for familial breast cancer.,2026,Cochrane Database Syst Rev,10.1136/bmj-2023-078378,Journal Article;Systematic Review;Meta-Analysis,McGarrigle SA; Hanhauser YP; Mockler D; Gallagher DJ; Kennedy MJ; Damen JA; Bennett K; Connolly EM;  ,Q5_reporting_guidance,False,S1_excluded_title
42224360,On real-time calibrated prediction for complex model-based decision support in pandemics: Part 2.,2026,PLoS Comput Biol,10.1093/bioinformatics/bty867,Journal Article,McKinley TJ; Williamson DB; Xiong X; Salter JM; Challen R; Danon L; Youngman B; McNeall D,Q4_missing_indicator_deployment,False,S1_excluded_title
42228445,Predicting Massive Transfusion Needs in Trauma Using Machine Learning: Systematic Review and Meta-Analysis.,2026,J Trauma Nurs,10.1136/bmjopen-2021-055336,Journal Article;Systematic Review;Meta-Analysis,Han C; Zhang G; Gao H; Zhang Y,Q1_ml_imputation_clinical;Q5_reporting_guidance,False,S1_excluded_title
42230868,Missing-data-aware machine learning prediction of in-hospital major adverse cardiovascular events after primary percutaneous coronary intervention for ST-segment elevation myocardial infarction.,2026,Sci Rep,10.1007/s10557-018-6783-0,Journal Article,Mirzohreh ST; Roshanravan N; Suleymanov T; Makarov DM; Zargarzadeh A; Javanshir E; Separham A; Ghaffari A; Motlagh PM; Ghaffari S; Jouyban A,Q1_ml_imputation_clinical,True,included
42234843,Development and Interpretability Analysis of a Stacking Ensemble Model for Early Prediction of Nutritional Risk in Intensive Care Unit Patients: Retrospective Cohort Study.,2026,JMIR Med Inform,10.1016/j.smhl.2023.100429,"Journal Article;Research Support, N.I.H., Extramural",Zhang X; Fang A; Lou P; Yao K; Huang T; Hu J,Q1_ml_imputation_clinical,False,S1_excluded_title
42234897,Machine Learning-Based Prediction of 30-Day Hospital Readmission in Patients with Chronic Kidney Disease: A Retrospective Cohort Study.,2026,Iran J Kidney Dis,10.61882/ijkd.20.02.9522,Journal Article,Sanadgol H; Barati S; Rady Raz N,Q1_ml_imputation_clinical,False,S1_excluded_title
42237282,SeqBoost: a sequential explainable model for predicting ED revisits within 72 hours.,2026,BMC Med Inform Decis Mak,10.1007/s40121-022-00628-6,Journal Article,Vatiwutipong P; Noraset T,Q1_ml_imputation_clinical,False,S1_excluded_title
42238067,An Open Multi-Center Whole-Body FDG PET/CT Foundation Model for Tumor Segmentation.,2026,ArXiv,10.5281/zenodo.15281784,Journal Article;Preprint,Liu X; Zhang Q; Marin T; Xia M; Liu C; Fakhri GE; Ouyang J,Q1_ml_imputation_clinical,False,S1_excluded_title
42254647,Developing a digital ecological momentary assessment tool for 'real time' evaluation in implementation science: testing through evaluation of a novel digital social prescribing intervention.,2026,Front Public Health,10.1177/0141076819890548,Journal Article,Tucker I; Bertotti M; Hanafiah A; Hossain S; Watts P; Ahad MAR,Q4_missing_indicator_deployment,False,S1_excluded_title
42256570,Early prediction of incident delirium in traumatic brain injury: a multicenter validated and interpretable machine learning approach.,2026,Front Neurol,10.1038/s42256-019-0138-9,Journal Article,Li C; Zhang T; Chen H; Wang S; Wang L; Huan Y; Liu J; Liu L,Q1_ml_imputation_clinical,False,S1_excluded_title
42256643,DaRenCa risk score: A prognostic model for recurrence in clear cell renal cell carcinoma.,2026,BJUI Compass,10.3390/app131910778,Journal Article,Hedegaard P; Petersson RD; Al-Husseinawi H; Heeno E; Lunetcas M; Tolouee S; Bak R; Pedersen OB; Vásquez JL; Lund L; Thomsen FF,Q1_ml_imputation_clinical;Q2_MI_prediction_models,False,S1_excluded_title
42256678,Generalisable prediction models for outcomes after lumbar spinal stenosis surgery: a model development and external validation study.,2026,EClinicalMedicine,10.1016/j.eclinm.2026.103989,Journal Article,Berg B; Abbott A; Pedersen CF; Hedevik H; Gorosito MA; Joakimsen HL; Burman PJ; Mikalsen KØ; Andersen MØ; Ingebrigtsen T; Solberg T; Grotle M,Q1_ml_imputation_clinical;Q2_MI_prediction_models,False,S1_excluded_title
42257579,Pancreatic Cancer Risk Stratification across Diabetes Stages: Development and Internal Validation of a Machine Learning Model.,2026,Cancer Epidemiol Biomarkers Prev,10.1158/1055-9965.EPI-25-1782,Journal Article;Validation Study,Khan S,Q1_ml_imputation_clinical,False,S1_excluded_title
42260815,Development and validation of a machine learning model for colorectal cancer status classification using NHANES data: A cross-sectional study.,2026,Medicine (Baltimore),10.1097/MD.0000000000049114,Journal Article;Validation Study,Chen J,Q1_ml_imputation_clinical,False,S1_excluded_title
42263948,"High four-pillar guideline-directed medical therapy adoption in heart failure with reduced ejection fraction: A tertiary-centre registry from eastern India, 2019-2024.",2026,Int J Cardiol,10.1016/j.ijcard.2026.134616,Journal Article,Tripathi S,Q3_MNAR_informative,False,S1_excluded_title
42264962,Predicting Harm: A Systematic Review of Pediatric Pressure Injury Models and Their Clinical Shortcomings.,2026,Adv Wound Care (New Rochelle),10.1177/21621918261455528,Journal Article;Review,Zhang X; Yang Z; Li X; Wang J; Pang R; Li H; Yao K; Pan H; Xu Y,Q1_ml_imputation_clinical;Q5_reporting_guidance,False,S1_excluded_title
42265190,Deep learning based individualized cross-platform molecular subtype classification of B-lineage acute lymphoblastic leukemia.,2026,NPJ Precis Oncol,10.32604/cmc.2025.061700,Journal Article,Cui B; Sun H; Zhao S; Fan R; Rao J; Wu W; Zhong Y; Wang R; Wang Y; Shi Q; Guo Y; Lin J; Huang Y; Han Y; Liu H; Chen X; Shen S; Wang H; Liu Y,Q1_ml_imputation_clinical,False,S1_excluded_title
42266325,Evaluating Large Language Models for Automated Data Cleaning and Feature Engineering in Clinical Datasets.,2026,Cureus,10.7759/cureus.108550,Journal Article,Babli SA; Gairola P; Ogbu CE; Alessi Longa F; Rautaray A; Alamu OS; Haider Rizvi SF,Q1_ml_imputation_clinical,False,S1_excluded_title
42266687,Explainable machine learning-based mortality risk stratification for older adults with COVID-19: pinpointing core immunological biomarkers and revealing dose-threshold effects.,2026,Front Immunol,10.1136/bmjopen-2020-041983,Journal Article,Luo L; Wang L; Wang H; Li H; Liu T; Yu S,Q1_ml_imputation_clinical,False,S1_excluded_title
42267321,Machine learning for Alzheimer's disease progression under extreme class imbalance.,2026,Front Neurosci,10.1109/TMI.2021.3077079,Journal Article,Akinwumi PO; Qian M; Olorunsogbon TA; Zhou C; Huang S,Q1_ml_imputation_clinical,False,S1_excluded_title
42268755,RST-Guided Adaptive Multimodal Fusion Transformer for Interpretable Infant Pain Assessment.,2026,IEEE J Biomed Health Inform,10.1109/JBHI.2026.3702415,Journal Article,Othmani OE; Naouali S,Q1_ml_imputation_clinical,False,S1_excluded_title
42271239,Predictive averaging and Rubin's rule-based model pooling to predict survival risk with imputations in the presence of missing patient data: methodology and verification using two case studies and simulations.,2026,BMC Med Res Methodol,10.1080/01621459.1965.10480817,Journal Article,Mertens BJA; van der Burg LLJ; Donal E; Ajmone Marsan N; de Wreede LC,Q2_MI_prediction_models,True,included
42271312,Interpretable machine learning for endometriosis classification: a rule-based approach.,2026,BMC Med Inform Decis Mak,10.1186/s12911-025-03116-2,Journal Article,Anbari Moghadam S; Akhondzadeh Noughabi E; Jahanian Sadatmahalleh S,Q1_ml_imputation_clinical,False,S1_excluded_title
42272673,Machine learning prediction models for deep vein thrombosis in hospitalized patients: a systematic review and meta-analysis.,2026,Front Med (Lausanne),10.1016/j.jvsv.2013.09.006,Journal Article;Systematic Review,Liu A; Varathan KD; Ramoo V; Gunarathne TGNS,Q1_ml_imputation_clinical;Q5_reporting_guidance,False,S1_excluded_title
42276103,Transformer imputation in CTG: a length-dependent evaluation of reconstruction methods.,2026,Biomed Phys Eng Express,10.1088/2057-1976/ae7c08,Journal Article,Hirono Y; Kai C; Ishizuka S; Kasai S,Q1_ml_imputation_clinical,True,included
42277719,Machine learning-based prediction of bronchiolitis in children under two years: a multicenter study within a single metropolitan area.,2026,BMC Infect Dis,10.1016/j.compbiomed.2025.110562,Journal Article;Multicenter Study,Nopour R; Barzegari S; Shanbehzadeh M; Mahmoudvand Z,Q1_ml_imputation_clinical,False,S1_excluded_title
42279511,Explainable Boosting Machine in Sepsis Prediction Using Platelet Metabolomics: An Interpretable Machine Learning Approach.,2026,Diagnostics (Basel),10.1038/s41467-018-03078-2,Journal Article,Guldogan E; Yagin B; Korkmaz Y; Alzakari SA; Alkhalifa AK; Al-Hashem F; Yagin FH,Q1_ml_imputation_clinical,False,S1_excluded_title
42281079,Wearable Sensors and Artificial Intelligence for Ecological Knee Osteoarthritis Assessment: Development and Feasibility of a Hybrid Digital Phenotyping Framework.,2026,Sensors (Basel),10.2340/jrm.v56.24969,Journal Article,Mapinduzi J; Daniels K; Kossi O; Verbrugghe J; Bonnechère B,Q1_ml_imputation_clinical,False,S1_excluded_title
42282149,Predicting the timing of first sustained cognitive worsening in Alzheimer's disease using real-world clinical data and machine learning.,2026,medRxiv,10.64898/2026.06.02.26354764,Journal Article;Preprint,Venkatesh S; Zhang S; Zhu W; Morris M; Mercurio R; Berman SB; Mathys H; Olsen AL; Shaaban CE; Visweswaran S; Lopez OL; Cai T; Hou J; Xia Z,Q1_ml_imputation_clinical,False,S1_excluded_title
42284182,Water-Content-Aware Machine Learning for Screening Multiphysics Tissue Property Tables.,2026,IEEE Pulse,10.1109/MPULS.2026.3677945,Journal Article,AlZaabi F; Al Bataineh A,Q4_missing_indicator_deployment,False,S1_excluded_title
42288763,Real-time prediction of trauma-induced coagulopathy using an inverted transformer (trauma-former): a methodological feasibility and simulation study based on the ADEMP framework.,2026,BMC Med Res Methodol,10.1186/s12874-022-01801-8,Journal Article,Huang X; Chen W; Wei G; Lin W,Q4_missing_indicator_deployment,False,S1_excluded_title
42288844,Beyond classical models: LLM-driven survival analysis for breast cancer prognosis using European cancer registry data.,2026,BMC Med Inform Decis Mak,10.1002/sim.9717,Journal Article,Consoli S; Katsimpokis D; Meloni A; Reforgiato Recupero D; Sloep M,Q1_ml_imputation_clinical,False,S1_excluded_title
42293035,"Development and Validation of a Robust Prediction Model for Postoperative Pneumonia in Elderly Patients with Hip Fracture: Integrating Frailty, Nutrition, and Comprehensive Risk Assessment.",2026,Risk Manag Healthc Policy,10.1016/j.jamda.2023.03.011,Journal Article,Ma L; Tu J; Fu Y; Guan L; Tian Z,Q1_ml_imputation_clinical;Q2_MI_prediction_models,False,S1_excluded_title
42303583,Identifying Older Adults at Risk for Future Poor Sleep Quality: A Multidimensional Predictive Framework.,2026,Clin Gerontol,10.1080/07317115.2026.2690117,Journal Article,Xu J; Ma Y,Q1_ml_imputation_clinical,False,S1_excluded_title
42307593,Development of an Arterial Carbon Dioxide Estimation Model Using End-tidal Carbon Dioxide Levels during Surgery in the Pediatric Population.,2026,Anesthesiology,10.1371/journal.pone.0180187,Journal Article,Park JH; Cho C; Kim HS; Hong B; Koo CH; Kim K; Kim HH,Q1_ml_imputation_clinical,False,S1_excluded_title
42311241,Clinical predictors of BRCA1/2 P/LP variants for high-risk breast cancer patients in China: HBRCA-risk prediction.,2026,Front Oncol,10.1136/jmg-2024-110332,Journal Article,Gu W; Xu C; Fu J; Lei H; Khan NU; Lei R; Chen X; Wang XJ; Chen T,Q2_MI_prediction_models,False,S1_excluded_title
42312773,Predictors of 1-Year Mortality Among Patients With Heart Failure With Preserved Ejection Fraction.,2026,JACC Adv,10.1016/j.jacadv.2026.102847,Journal Article,Alahdab F; Lopuszynski J; Alkhateeb M; Scott C; Zahid M,Q2_MI_prediction_models,False,S1_excluded_title
42323443,A machine learning-based framework for predicting hypertension using serum hematological factors.,2026,Sci Rep,10.2174/0122115501356874250311074358,Journal Article,Moradi M; Mahdavizadeh V; Kondori AY; Kamkar N; Mansoori A; Nasiri JA; Ferns G; Esmaily H; Ghayour-Mobarhan M,Q1_ml_imputation_clinical,False,S1_excluded_title
42326934,Dynamic temporal partitioning enhanced transformer for pediatric viral load forecasting.,2026,Front Public Health,10.62762/TACS.2025.190575,Journal Article,Li S; Li Z; Mo Y; Chen S; Ning Z; Ren J; He X,Q1_ml_imputation_clinical,False,S1_excluded_title
42327444,Initial Cardiovascular Disease Risk Assessment in Nonclinical Settings: Framingham-Simplified Model Predictive Performance in a Canadian Cohort.,2026,CJC Open,10.1007/978-0-387-77244-8,Journal Article,Garçon J; Lavigne-Robichaud M; Milot A; Talbot D; Gilbert-Ouimet M; Brisson C; Dionne CE; Trudel X,Q2_MI_prediction_models,False,S1_excluded_title
42327900,Development and validation of a predictive model for chronic or persistent immune thrombocytopenia in children incorporating anti-glycoprotein IIb antibody: a retrospective cohort study utilizing LASSO regression and bootstrap stability analysis.,2026,Front Pediatr,10.1182/blood-2023-181606,Journal Article,Yang X; Wan X; Ying L; Chen X; Liu Z; Huang W; Ke J,Q2_MI_prediction_models,False,S1_excluded_title
42330738,Machine Learning Prediction of Heart Failure Readmissions: Insights From a Multicenter Emergency Department Trial.,2026,JACC Adv,10.1038/s41569-021-00605-5,Journal Article,Goel V; Scanlon L; Lambrakis K; Lim A; Rao S; Lankaputhra M; Verjans J; Khan E; Stub D; Fanning J; Lin A; Chew D,Q1_ml_imputation_clinical,False,S1_excluded_title
42331506,Alzheimer's disease risk prediction from clinical and social determinants of health: a machine learning cohort study in UK Biobank.,2026,BMJ Health Care Inform,10.1159/000531847,Journal Article,Hu J; Lu S; Zhang Q; Qian K; Rehman H; Zhu C; Farrell J; Castrillon-Candas JE; Au R; Farrer LA; Qiu WQ; Chen J; Zhang X,Q1_ml_imputation_clinical,False,S1_excluded_title
42331883,A lightweight hybrid framework for real-time data refinement in resource-constrained underwater and underground wireless sensor networks.,2026,Sci Rep,10.3390/jsan11040064,Journal Article,Chelloug SA; Nazir S; Khan R; Khattak MAK; Alturise F; Alkhalaf S,Q4_missing_indicator_deployment,False,S1_excluded_title
42332139,Handling missing modalities in multimodal survival prediction for non-small cell lung cancer.,2026,NPJ Digit Med,10.1038/s41746-026-02783-3,Journal Article,Ruffini F; Caruso CM; Tacconi C; Nibid L; Miccolis F; Lovino M; Greco C; Ippolito E; Fiore M; Cortellini A; Beomonte Zobel B; Perrone G; Vincenzi B; Marrocco C; Bria A; Ficarra E; Ramella S; Guarrasi V; Soda P,Q1_ml_imputation_clinical,True,S2_ex_E4
42334080,Outcome and Exposure Polygenic Risk Scores Can Help Reduce Information Bias and Selection Bias in Regression Estimates From Biobank Data.,2026,Genet Epidemiol,10.1002/gepi.70047,Journal Article,Salvatore M; Kundu R; Du J; Friese CR; Mondul AM; Hanauer D; Lu H; Pearce CL; Mukherjee B,Q3_MNAR_informative,False,S1_excluded_title
42336353,Machine Learning-Based Prognostic Models for Functional Outcomes in Spinal Cord Injury: Systematic Review.,2026,JMIR Med Inform,10.1016/j.expneurol.2024.114905,Journal Article;Systematic Review,Liu Y; Meng X; Ding Y; Yao R; Xu S,Q1_ml_imputation_clinical;Q5_reporting_guidance,False,S1_excluded_title
42338951,Development and internal validation of a prediction model for hypoxic hepatitis after coronary artery bypass grafting with cardiopulmonary bypass.,2026,Front Med (Lausanne),10.1136/gutjnl-2020-321299,Journal Article,Cui Y; Sun YM; Zhang J,Q2_MI_prediction_models,False,S1_excluded_title
42339208,"A multimodal, risk-stratified framework for AI-driven early risk prediction and personalised prevention in obesity.",2026,Front Artif Intell,10.2196/69220,Journal Article,Zhao S; Cheang C; Lin J; Mio W; Che S; Kuok K,Q3_MNAR_informative,False,S1_excluded_title
42340123,"Recalibrating PTSD Screening and Prediction: A Pragmatic Agenda to Reduce Missed Cases, False Alarms and Model Hype.",2026,J Eval Clin Pract,10.1111/jep.70496,Journal Article;Review,Parker M,Q2_MI_prediction_models;Q5_reporting_guidance,False,S1_excluded_title
42341639,Early prediction of prolonged mechanical ventilation in invasively ventilated patients with subarachnoid hemorrhage: A MIMIC-IV prediction model study.,2026,Clin Neurol Neurosurg,10.1016/j.clineuro.2026.109556,Journal Article,Rao D; Li B; Dai X; Liu H; Wang J; Zhang B; Liu J,Q1_ml_imputation_clinical;Q2_MI_prediction_models,False,S1_excluded_title
42342721,"Leakage-free evaluation of heart disease prediction models under nested cross-validation: discrimination, calibration, and decision-curve analysis.",2026,Sci Rep,10.1038/s41598-026-56565-8,Journal Article,Gedik N,Q1_ml_imputation_clinical,False,S1_excluded_title
42344243,MLP-CKD: a clinically informed deep learning framework for admission laboratory-based screening and risk stratification of uremia-associated advanced renal dysfunction.,2026,Front Public Health,10.7326/M18-1376,Journal Article,Chen X; Yang H; Huang Y; Jin W; Zhu X; Zhao J; Huang X,Q4_missing_indicator_deployment,False,S1_excluded_title
42348933,A biologically informed hierarchical feature engineering and learning framework for genetic disorder prediction.,2026,Comput Biol Med,10.1016/j.compbiomed.2026.111823,Journal Article,Amalraj JS; Dhivya P; Vanithamani S; Deepa K,Q4_missing_indicator_deployment,False,S1_excluded_title
42350989,"The hidden bias of missing data: multiple imputation reveals geographic disparities and nutrition-WASH synergy as drivers of childhood diarrhea in Nigeria- a cross-sectional analysis of 33,924 children.",2026,BMC Pediatr,10.1016/S0140-6736(21)00394-9,Journal Article,Ashaolu JO; Kaisi LA; Alabi GO; Esther OA; Sylvain YM,Q3_MNAR_informative,True,included
42351512,Bridging Machine Learning and Clinical Endpoints: A METABRIC-Informed Simulation Study of Missing Data Imputation for RECIST-Based Best Overall Response.,2026,Diagnostics (Basel),10.1001/jama.2016.18305,Journal Article,Tan F; Long B,Q1_ml_imputation_clinical;Q3_MNAR_informative,True,included
42352401,Multi-Model Machine Learning for Survival Predictions for Castration-Resistant Prostate Cancer.,2026,Cancers (Basel),10.1007/s00330-025-11360-3,Journal Article,Kim TJ; Jeong J; Ahn YJ; Lee KS; Lee JS; Lee SH; Ham WS; Chung BH; Lee JH; Koo KC,Q1_ml_imputation_clinical,False,S1_excluded_title
42354567,Exploratory Machine Learning-Based Classification of Type 2 Diabetes Using Routine Clinical Parameters: A Single-Center Comparative Study.,2026,Healthcare (Basel),10.2337/dc24-S002,Journal Article,Bülbül N; Çiftçi R; Atik İ; Eken Ö; Efe Ertürk N; Aldhahi MI,Q1_ml_imputation_clinical,False,S1_excluded_title
42356621,Early Sepsis Detection Using Heterogeneous Structured ICU Data with Explainable Deep Learning.,2026,Sensors (Basel),10.1038/s41598-023-43380-8,Journal Article,Taparugssanagorn A; Särestöniemi M; Hämäläinen M; Iinatti J,Q1_ml_imputation_clinical,False,S1_excluded_title
42358632,Clinical characteristics and predictors of adverse outcomes in children with acute rheumatic fever from a high-endemic region of Brazil.,2026,Front Cardiovasc Med,10.1161/JAHA.114.001282,Journal Article,Mendoza RF; de Oliveira LL; Mendoza BF; da Silva JLP; Melo PHM; Barbosa JAA; Santana GS; Pinto A; Fall N; Beaton A; Nunes MCP,Q2_MI_prediction_models,False,S1_excluded_title
42361023,Use of explainable machine learning in risk classification of Cesarean section delivery: A cross-sectional analysis of Demographic and Health Surveys from ten Sub-Saharan African countries (2016-2024).,2026,PLOS Glob Public Health,10.1001/jamanetworkopen.2023.5436,Journal Article,Birhanu WA; Tilahun B; Yehuala TZ; Maru TC; Ayalaw TB; Baykemagn ND; Gedefaw AE,Q1_ml_imputation_clinical,False,S1_excluded_title
42369110,Development and external validation of a prediction model for 90-day readmission in elderly patients with COPD complicated by pulmonary heart disease.,2026,Front Med (Lausanne),10.1183/13993003.02426-2016,Journal Article,Zhang G; Wang D; Chen H; Dai W; Fan X; Liu Y; Du J; Jiang L,Q2_MI_prediction_models,False,S1_excluded_title
42370267,From Structure to Function and Back Again: A GAN-Guided Diffusion Framework for Generating Clinically Meaningful Multimodal Neuroimaging Data.,2026,Res Sq,10.1016/j.nicl.2020.102375,Journal Article;Preprint,Hassanzadeh R; Abrol A; Hassanzadeh HR; Calhoun VD,Q1_ml_imputation_clinical,False,S1_excluded_title
42374368,Predicting high perceived stress in late adolescence: development and validation of a prognostic model.,2026,BMC Public Health,10.2196/41868,Journal Article;Validation Study,Steen PB; Dalgaard VL; Andersen JH; Willert MV; Biering K,Q2_MI_prediction_models,False,S1_excluded_title
42379572,Missing not at random : how much missing patient-reported outcome measure data is too much?,2026,Bone Joint J,10.1302/0301-620X.108B7.BJJ-2026-0357.R1,Editorial,Williamson TR; Clement ND; Yapp LZ; Duckworth AD; Haddad FS; Scott CEH,Q3_MNAR_informative,True,S2_ex_E3
42380832,Clinical efficacy of ultrasound-guided serratus posterior superior intercostal plane block in unilateral cervicothoracic myofascial pain syndrome: a retrospective study.,2026,BMC Anesthesiol,10.1097/AJP.0b013e3182021612,Journal Article,Tan S; Baydogan Tan BG; Reisli R; Tuncer Uzun S,Q3_MNAR_informative,False,S1_excluded_title
42381014,Multitask learning of longitudinal circulating biomarkers and clinical outcomes: identification of optimal machine-learning and deep-learning models.,2026,BMC Med Inform Decis Mak,10.1186/s12911-026-03671-2,Journal Article,Yuan M; Su S; Ding H; Yang Y; Gupta M; Xu XS,Q1_ml_imputation_clinical,False,S1_excluded_title
42381111,Methods for incorporating test result information within the high-dimensional propensity score framework: application in UK electronic health record data.,2026,BMC Med Res Methodol,10.1002/pds.5500,Journal Article,Tazare J; Brown JP; Morales DR; Smeeth L; Evans SJW; Douglas IJ; Williamson EJ,Q4_missing_indicator_deployment,False,S1_excluded_title
42381729,Noninvasive Prediction of Significant Hepatic Injury in Treatment-Naïve Children with Chronic HBV Infection.,2026,Infect Drug Resist,10.1002/hep.23190,Journal Article,Wu J; Peng X; Chang Y; Xu H,Q1_ml_imputation_clinical,False,S1_excluded_title
42383233,Machine-Learning Based Prognostic Model for Predicting Early Recurrence in HCC Patients After Hepatectomies: An Explainable AI Approach.,2026,J Hepatocell Carcinoma,10.1002/1097-0142(20000801)89:3<500::AID-CNCR4>3.0.CO;2-O,Journal Article,Hsu HY; Lin JC; Huang CW; Huang SF; Wu CY; Huang TS; Lai HF; Yu MC,Q1_ml_imputation_clinical;Q4_missing_indicator_deployment,False,S1_excluded_title
42384514,Explanation-Guided Reconstruction of Missing Clinical Features for Survival Prediction in Pancreatic Cancer.,2026,IEEE J Biomed Health Inform,10.1109/JBHI.2026.3708916,Journal Article,Karimzadeh R; Kollbeck S; Brandt EGS; Andersen MB; Muller CF; Rodell AB; Sillesen M; Ibragimov B,Q1_ml_imputation_clinical,True,included
42387459,Preoperative CT and inflammatory index-based risk scores for predicting short-term recurrence following resection of pancreatic ductal adenocarcinoma.,2026,BMC Surg,10.1158/1538-7445.AM2025-6232,Journal Article;Multicenter Study,Mansouri-Tehrani MM; Zamani F; Iraji H; Safarnezhad Tameshkel F; Mansouri Tehrani MM; Ghasemi M,Q2_MI_prediction_models,False,S1_excluded_title
42387470,An explainable machine learning model for predicting one-year osteoporosis risk: development and validation in a prospective cohort.,2026,BMC Musculoskelet Disord,10.1007/s00198-024-07378-w,Journal Article;Validation Study,Wu J; Yu D; Huang D; Yin C; Li L,Q1_ml_imputation_clinical,False,S1_excluded_title
42391635,"Monitoring Health Status: Development and Preliminary Validation of a Personal Health Index Using the International Classification of Functioning, Disability and Health.",2026,JMIR Hum Factors,10.1080/09638288.2018.1431812,"Journal Article;Research Support, Non-U.S. Gov't",Rautiainen I; Parviainen L; Jakoaho V; Äyrämö S; Kauppi JP,Q1_ml_imputation_clinical,False,S1_excluded_title
42392592,Development and Validation of an Explainable Machine Learning Model to Assess the Prevalence Probability of Gastrointestinal Heat Retention Syndrome in Children: Cross-Sectional Study.,2026,J Med Internet Res,10.3390/healthcare14030405,Journal Article;Validation Study,Hou S; Jiang J; Li X; Yang M; Chen Q; Ma X; Gu X,Q1_ml_imputation_clinical,False,S1_excluded_title
42393535,Developing and validating an interpretable machine learning model for predicting postoperative nausea and vomiting in pulmonary resection patients: a retrospective observational study.,2026,BMC Anesthesiol,10.1186/s12871-026-03942-5,Journal Article,Huang Z; Wang S; Liu Y; Lan L; Li Y; Luo X; Lv X; Zhong W; Xie J,Q1_ml_imputation_clinical,False,S1_excluded_title
42394025,Challenges in Preprocessing Routine Laboratory Data for Machine Learning.,2026,Stud Health Technol Inform,10.3233/SHTI260863,Journal Article,Wendt K; Marschollek M; Illig T;  ; Wolff D; Nee S,Q1_ml_imputation_clinical,False,S1_excluded_title
42394433,A dynamic machine learning model for predicting organ transplant success to optimize donor organ utilization and reduce costs.,2026,Clin Transplant Res,10.4285/ctr.25.0074,Journal Article,Shukla M; Kaur N; Kressel AM,Q1_ml_imputation_clinical,False,S1_excluded_title
42395262,AutoBiGluNet: transformer-based time series modeling for blood glucose prediction in Type 1 diabetes patients.,2026,Health Inf Sci Syst,10.48084/etasr.16217,Journal Article,Sarwar MA; Maqsood S; Belousoviene E; Maskeliūnas R,Q1_ml_imputation_clinical,False,S1_excluded_title
42396305,A Multidomain Model for Dementia Classification using Harmonized LASI and LASI-DAD Data.,2026,medRxiv,10.1136/jnnp-2019-321913,Journal Article;Preprint,Anand S; Miyapuram KP,Q1_ml_imputation_clinical,False,S1_excluded_title
42398019,Graph Network Feature Space Fusion for Predicting Irregularly Sampled Medical Time-Series Data: Deep Learning Model Development and Validation Study.,2026,JMIR Med Inform,10.1016/j.heliyon.2024.e30625,"Journal Article;Validation Study;Research Support, Non-U.S. Gov't",Hong T; Ren Z; Fang J; Quan S; Pan J; Lin Y,Q1_ml_imputation_clinical,False,S1_excluded_title
42403560,Host Susceptibility Phenotypes and Construction of an Inflammation-Vascular-Metabolic (IVM) Integrated Score for Hard-to-Heal Wounds After Low-Energy Foot Trauma in Older Adults.,2026,Clin Interv Aging,10.1016/j.jvs.2019.08.244,Journal Article,Xiu L; Liu T; Ji Z; Zhang X; Yuan G; Li J; Yang P,Q2_MI_prediction_models,False,S1_excluded_title
42403562,Development and Internal Validation of a Machine Learning-Based Classification Model for Identifying Cognitive Frailty in Older Inpatients with Type 2 Diabetes Mellitus.,2026,Clin Interv Aging,10.1123/ijspp.2025-0500,Journal Article;Validation Study,Wang S; Tan T; Wang Q; Xu C; Yang C; Wang M; Dai K,Q1_ml_imputation_clinical,False,S1_excluded_title
42404907,An IHC-derived TLS-CD8-macrophage immune niche score predicts major pathological response to neoadjuvant chemoimmunotherapy in resectable NSCLC.,2026,Front Immunol,10.21037/tlcr-22-72,Journal Article;Multicenter Study,Tan J; Liu Y; Wang B; Liu H,Q1_ml_imputation_clinical,False,S1_excluded_title
42406758,Development and internal validation of an early inpatient risk score for in-hospital mortality in acute pancreatitis: A retrospective cohort study.,2026,PLoS One,10.1136/egastro-2025-100232,Journal Article;Validation Study,Al-Dawoudi A; Varlamov D; Dalain M; Kopytko N; Staka A; Freimanis D,Q2_MI_prediction_models,False,S1_excluded_title
42407258,Essential tips on sample size calculation and biostatistics.,2026,Best Pract Res Clin Obstet Gynaecol,10.1016/j.bpobgyn.2026.102749,Journal Article;Review,Fong DYT; Chau PH; Lam KF; Lee CF; Takemura N,Q1_ml_imputation_clinical,False,S1_excluded_title
42410187,DeepTriage-CN: integrating clinical text with vital signs for emergency department admission prediction in an aging population.,2026,Sci Rep,10.1038/s41598-026-61270-7,Journal Article,Lin W; Chen W; Wei G; Huang X,Q3_MNAR_informative,False,S1_excluded_title
42410552,Analysis of factors associated with persistent night pain after locking plate fixation of proximal humerus fractures and development of a prediction model.,2026,BMC Musculoskelet Disord,10.1186/s12916-019-1466-7,Journal Article;Observational Study,Wu Z; Yang J; Shao F; Qiao L; Li K; Yang H,Q2_MI_prediction_models,False,S1_excluded_title
42410811,SeLECTS-assisted identification based on structured EEG reports: Development and external validation of a multicenter machine learning model.,2026,Medicine (Baltimore),10.1097/MD.0000000000049480,Journal Article;Multicenter Study;Validation Study,Li L; Ao L; Li L; Wang L; Liu X; Liu K,Q1_ml_imputation_clinical;Q4_missing_indicator_deployment,False,S1_excluded_title
42414569,msBayesImpute as a versatile framework for addressing missing values in biomedical mass spectrometry proteomics data.,2026,Commun Chem,10.18637/jss.v106.i01,Journal Article,He J; Helm B; Gödtel F; Büchner K; Schilling M; Schneider MA; Klotz LV; Braunger J; Winter H; Velten B; Klingmüller U; Lu J,Q3_MNAR_informative,True,S2_ex_E4
42415121,Construction and validation of a machine learning model for predicting early pregnancy in patients with polycystic ovary syndrome: a retrospective cohort study.,2026,J Ovarian Res,10.1002/uog.29171,Journal Article;Validation Study,Liu Y; Yu H; Peng J; Zhao J; Gao Z; Yu J; Wu X,Q1_ml_imputation_clinical,False,S1_excluded_title
42415178,Predicting sentinel lymph node metastasis in breast cancer using an interpretable machine learning approach based on multi-domain clinical features.,2026,Breast Cancer Res,10.1186/s12874-021-01272-3,Journal Article,Wang R; Li X; Zhu H; Li L; Xiong T; Li F; Ran L; Yang Y,Q1_ml_imputation_clinical;Q2_MI_prediction_models,False,S1_excluded_title
42415805,Integrative and interpretable machine learning framework for early non-invasive detection of clinically significant liver fibrosis.,2026,Front Med (Lausanne),10.1016/j.metabol.2009.12.012,Journal Article,Cao D; Wang J; Hou C; Zeng J; Tian B; Liu Y; Luo X; Tian J; Zhou M; Li P; Fang H; Liu Z; Gong Z,Q1_ml_imputation_clinical,False,S1_excluded_title
42423173,"Bedside Triage by Large Language Models in Acute Pancreatitis: A Scenario-Based Comparative Evaluation of GPT-4, GPT-5, and Gemini.",2026,World J Surg,10.7326/M23-2772,Journal Article;Comparative Study,Çalışkan YK; Başak F; Erdem O,Q4_missing_indicator_deployment,False,S1_excluded_title
42428138,"Integrating Genetic, Environmental, Cognitive, and Temperament Data for ADHD Prediction in Explainable Deep Learning Models.",2026,medRxiv,10.1207/s15374424jccp3403_5,Journal Article;Preprint,Barnett EJ; Mooney MA; James YZ; Ryabinin P; Faraone SV,Q4_missing_indicator_deployment,False,S1_excluded_title
42433655,Artificial Intelligence Chatbots in Surgical Care: A Systematic Review of Clinical Applications.,2025,J Artif Intell Med Sci,10.55578/joaims.250603.001,Journal Article,Hall AE; Perrotta AT; Shariati K; Patel AK; Lee JC,Q1_ml_imputation_clinical;Q5_reporting_guidance,False,S1_excluded_title
42435658,Causality-Guided Diffusion and Fusion of incomplete multi-modal data for robust survival prognosis.,2026,Med Image Anal,10.1016/j.media.2026.104207,Journal Article,Huang Y; Zheng X; Dong S,Q1_ml_imputation_clinical,False,S1_excluded_title
42437014,A qEEG-based prognostic model for cognitive impairment after ischemic stroke: Development and internal validation.,2026,IBRO Neurosci Rep,10.3389/fnagi.2025.1639970,Journal Article,Nguyen VT; Quach THT; Do H; Duong KT; Bui KN; Ha H; Pham AG; Tran TC,Q2_MI_prediction_models,False,S1_excluded_title
42437452,Prognostic models for predicting sight-threatening retinopathy of prematurity in preterm infants: A systematic review.,2026,Acta Ophthalmol,10.1111/aos.70188,Journal Article;Review,Moutzouri S; Haidich AB; Seliniotaki AK; Lithoxopoulou M; Talimtzi P; Tsakalidis C; Ziakas N; Mataftsi A,Q5_reporting_guidance,False,S1_excluded_title
42440594,Predicting heart failure in asymptomatic diabetes: derivation and internal validation of a clinical prediction model for early detection of diabetic cardiomyopathy.,2026,Front Endocrinol (Lausanne),10.1016/j.jacc.2024.08.021,Journal Article;Validation Study,Cao Y; Chen W; Tian Y; Li Y; Xu L; Tang H,Q2_MI_prediction_models,False,S1_excluded_title
42449264,Development and internal validation of a dynamic Prealbumin-Immune-Inflammation-NLR Prognostic Score (PINPS) for esophageal squamous cell carcinoma treated with immune checkpoint inhibitors: a retrospective cohort study.,2026,BMC Cancer,10.1186/s12885-026-16536-8,Journal Article,Ding H; Hao S; He G; Zhao K; Ling Y,Q2_MI_prediction_models,False,S1_excluded_title
42450879,Machine Learning Prediction of Clostridioides difficile Infection in Hospitalized COVID-19 Patients Across Pandemic Waves.,2026,Healthcare (Basel),10.1145/2939672.2939778,Journal Article,Lohaj O; Kočan P; Biceková A; Javorská D,Q1_ml_imputation_clinical,False,S1_excluded_title
42451470,Physiological Data Analysis Framework for Pain Prediction in Physical Rehabilitation.,2026,Sensors (Basel),10.1109/TPAMI.2009.187,Journal Article,Cital Duarte AH; Borrego G; González-López S; Ruiz Ibarra EC,Q1_ml_imputation_clinical,False,S1_excluded_title
42453006,Molecular-Based Risk Prediction Models for Recurrence After Curative Treatment of Early-Stage Lung Cancer: A Systematic Review and Meta-Analysis.,2026,Thorac Cancer,10.1634/theoncologist.2017-0659,Journal Article;Systematic Review;Meta-Analysis,Ling A; Samuel E; Mahendran R; Zalcberg J; Stirling RG,Q5_reporting_guidance,False,S1_excluded_title
42453371,Multi‑feature Prediction Model for Coronary Heart Disease Comorbidity in Middle‑aged and Older Adults with COPD Based on Machine Learning and SHAP.,2026,Int J Chron Obstruct Pulmon Dis,10.3389/fnagi.2025.1735892,Journal Article,Li R; Wang Q; Zhang X; Zhou F,Q1_ml_imputation_clinical,False,S1_excluded_title
42453694,MANNERS: A strategy for representation learning in multivariate datasets with high proportions of missing data.,2026,Patterns (N Y),10.5281/zenodo.19111199,Journal Article,Bellmann L; Nielsen M; Breitfeld P,Q1_ml_imputation_clinical,True,included
42455044,A comparison of missing data approaches for linear regression with missing not at random outcome and predictors.,2026,Stat Methods Med Res,10.32614/CRAN.package.ui,Journal Article;Comparative Study,Gorbach T; Morris TP; Carpenter JR,Q3_MNAR_informative,True,included
42456155,Metrics Used for the Evaluation of Chatbots Providing Cancer Genetic Risk Assessment and Education: Systematic Review.,2026,JMIR AI,10.1038/s41746-023-00923-7,Journal Article;Review,Scalia JL; Laprise JL; Thrift JR; Farrell CL; Sarasua SM,Q5_reporting_guidance,False,S1_excluded_title
42457934,Explainable machine learning for 10-year prediction of cognitive impairment in a rural Chinese population.,2026,NPJ Digit Med,10.1038/s41746-026-03023-4,Journal Article,Guo B; Li S; Li M; Ma Y; Fu Y; Shu Y; Su Y; Li K; Liang J; Chen T; Yang L; Ni Z; Zhao Y; Fu X; Wu Y; Wen L; Huo W; Yang H; Hu F; Zhang M; Liu Y; Tang P; Yin L; Hu D,Q1_ml_imputation_clinical,False,S1_excluded_title
42461468,Machine learning-based prediction of hospital-associated complications after tibial fracture surgery in older patients: a nationwide Japanese database study.,2026,Aging Clin Exp Res,10.1007/s40520-026-03460-x,Journal Article,Shimizu A; Sakamoto R; Nagayama H; Momosaki R,Q2_MI_prediction_models,False,S1_excluded_title
42461742,Enhancing Medical Data Imputation Using a Denoising Autoencoder with Missing-Neighborhood Perturbation.,2026,IEEE Trans Nanobioscience,10.1109/TNB.2026.3714127,Journal Article,Qi H; Cao C; Yang W; Deng L,Q1_ml_imputation_clinical,True,included
42461813,Machine learning prediction of physician-assigned treatment categories from pre-procedural electronic medical record data in cardiac patients: A multiclass classification study.,2026,PLOS Digit Health,10.1613/jair.953,Journal Article,Tanhaei M,Q1_ml_imputation_clinical;Q4_missing_indicator_deployment,False,S1_excluded_title
42461941,Acute kidney injury severity in ICU patients: Developing and evaluating a data-driven analysis of clinical covariates using machine learning.,2026,PLoS One,10.1093/ndt/gfx026,Journal Article,Fathi M; Markazi Moghaddam N; Fathi M; Hajiesmaeili M; Nooraei N; Malekpour Alamdari N; Zargar Balaye Jame S; Markazi Moghadam H,Q1_ml_imputation_clinical,False,S1_excluded_title
42463625,Multiparametric PET/CT Tensor Radiomics for Stability-Aware Machine Learning in Lung Cancer Survival Prediction.,2026,J Imaging Inform Med,10.1111/cts.13909,Journal Article,Luo M; Harsini S; Rahmim A; Salmanpour MR,Q1_ml_imputation_clinical,False,S1_excluded_title
42465886,Robust Longitudinal Dementia Prediction under Systemic Missingness via Hierarchical Fusion and Test-Time Adaptation.,2026,medRxiv,10.1002/hbm.70280,Journal Article;Preprint,Zhang C; Li H; Tian F; Sina ML; Orban C; Chen C; Zhou JH; Yeo BTT;  ;  ,Q1_ml_imputation_clinical,True,included
42470007,"Construction and validation of a machine learning-based risk prediction model for venous thromboembolism in older adult patients: A multifactorial analysis of 28,231 cases.",2026,Medicine (Baltimore),10.1097/MD.0000000000049729,Journal Article;Validation Study,Zhou S; Tang Z; Tan Y; Ni N; Liang D,Q1_ml_imputation_clinical,False,S1_excluded_title
42470896,Artificial intelligence for short-term post-mortem interval estimation: a systematic review with PROBAST and TRIPOD+AI appraisal.,2026,Leg Med (Tokyo),10.1016/j.legalmed.2026.102931,Journal Article;Systematic Review,Sirago G; Solarino B; Dell'Erba A; Ferorelli D,Q5_reporting_guidance,False,S1_excluded_title
42474674,"Efficacy and safety of sodium zirconium cyclosilicate on non-dialysis days for long-term management of chronic hyperkalemia in maintenance hemodialysis: a single-center, prospective, open-label, randomized controlled trial.",2026,Int Urol Nephrol,10.1159/000448341,Journal Article,Jiang Y; Fang Y; Gong F; Wang H; Zhang C; Zhang H; Zhou W; Zhang Y,Q3_MNAR_informative,False,S1_excluded_title
42476815,A multicentre evaluation of cardiovascular risk prediction tools in people living with HIV across England (ECARTH study).,2026,HIV Med,10.1038/S41591-024-02905-Y;SUBJMETA,Journal Article;Multicenter Study,Lee MJ; Murray A; Smith C; Abdi Z; Duncan A; Dwyer E; Gompels M; Henderson M; Johnson M; Lander F; Manmathan G; Mok J; Ngwu N; Pratt C; Reeves I; Saman R; Sharp A; Taylor E; Teh JJ; Stevens R; Fanshawe TR; Dorward J; Kulasegaram R; Wierzbicki AS,Q2_MI_prediction_models,False,S1_excluded_title
42480328,Machine Learning-Based Prediction of Planned Home Care Follow-Up Intervals in Older Adults: Evidence From the YASAM Observational Cohort.,2026,J Am Med Dir Assoc,10.1016/j.jamda.2026.106381,"Journal Article;Observational Study;Multicenter Study;Research Support, Non-U.S. Gov't",Katipoğlu B; Karaman F,Q1_ml_imputation_clinical,False,S1_excluded_title
42486195,Missing lactate values in critical care registries: a multiple imputation framework for cardiogenic shock research.,2026,J Clin Epidemiol,10.1016/j.jclinepi.2026.112426,Journal Article,Thiesmeier R; Park JG; Patel SM; Murphy SA; Orsini N; Morrow DA; Bellavia A,Q2_MI_prediction_models,True,included
42486871,VN1K is a pangenome-informed multi-omics and phenomics resource for the Vietnamese population.,2026,Nat Commun,10.1186/s12859-019-3145-2,"Journal Article;Research Support, Non-U.S. Gov't",Tran TTH; Hoang TH; Tran MH; Pham TM; Nguyen NN; Vu GM; Duong VC; Vu QT; Nguyen NT; Vu HQ; Nguyen TM; Nguyen TK; Nguyen SV; Dang T; Nguyen H; Do T; Le C; Nguyen DT; Nguyen HTT; Le NQ; Nguyen QH; Le LT; Pham T; Vu DM; Le HTT; Ngo TD; Nguyen LT; Hoang Y; Dao DX; Phan GH; Tran T; Tran Q; Ha CT; Nguyen L; Luu HN; Dao M; Le L; Le VS; Thuy Duong N; Nguyen Q; Le DH; Vu V; Vo NS,Q1_ml_imputation_clinical,False,S1_excluded_title
42488543,Development and validation of an interpretable machine learning model for predicting atrial fibrillation risk in middle-aged and older patients with coronary heart disease.,2026,Front Cardiovasc Med,10.3390/healthcare13070817,Journal Article,Chen F; Fu Q; Li L; Zhang X; Ge Y; Chen J,Q1_ml_imputation_clinical,False,S1_excluded_title
42489787,Continuous imputation of blood gas and metabolic panel laboratory values in the intensive care unit using machine learning.,2026,J Clin Monit Comput,10.1001/jamainternmed.2016.6834,Journal Article,Mamandipoor B; Krause M; Korti P; Hsu CN; Gabriel RA,Q1_ml_imputation_clinical,True,included
42495257,Comparison of bedside abdominal ultrasonography and abdominal radiography in predicting surgical intervention in neonatal necrotising enterocolitis.,2026,Front Pediatr,10.1007/s00247-025-06408-x,Journal Article,Huang H; Yuan Y; Qin F; Dong H; Chen X; Chu X; Liu Q; Huang H,Q2_MI_prediction_models,False,S1_excluded_title
42497237,Multi-scenario evaluation of federated learning for privacy-preserving malaria prediction with Ghana DHS data.,2026,PLOS Digit Health,10.2307/2531595,Journal Article,Kovor DK; Osei EO,Q4_missing_indicator_deployment,False,S1_excluded_title
42500317,Factors associated with unmet psychological care needs and development of a Neuman systems model-based risk prediction model in patients with hepatocellular carcinoma.,2026,Front Psychiatry,10.2147/JMDH.S407908,Journal Article,Wu T; Xu Q; Zhang M,Q2_MI_prediction_models,False,S1_excluded_title
42500666,Immune-inflammatory and metabolic signatures for osteoporosis risk stratification in primary Sjögren's syndrome: development and internal validation of an interpretable machine-learning model.,2026,Front Immunol,10.3389/fimmu.2025.1698283,Journal Article;Validation Study,Dong J; Zhang J; Wang Z; Liang S,Q1_ml_imputation_clinical;Q2_MI_prediction_models,False,S1_excluded_title
42502685,Development and validation of an interpretable machine learning model for predicting hypertension risk in patients with psoriasis.,2026,Digit Health,10.12659/MSM.889197,Journal Article,Xue GH; Guo XY; Chen JQ; Xu HN; Zhou DM,Q1_ml_imputation_clinical,False,S1_excluded_title
42507527,THESS-ROP study: Development of a prediction model for treatment-warranted retinopathy of prematurity and external validation of postnatal weight-gain-based models in Greece.,2026,Acta Ophthalmol,10.1111/aos.70203,Journal Article,Moutzouri S; Haidich AB; Lithoxopoulou M; Pappas G; Tsakalidis C; Ziakas N; Mataftsi A,Q2_MI_prediction_models,False,S1_excluded_title
42507705,Mission imputable: Effects of missing data processing on infectious disease detection and prognosis.,2026,PLoS One,10.1109/mcse.2007.55,Journal Article,Roy SS; Nguyen NT; Zuniga A; Sarhaddi F; Lagerspetz E; Flores H; Nurmi P,Q3_MNAR_informative,True,included
42508148,Environmental exposure-integrated risk stratification for adverse outcomes after acute coronary syndrome: a multi-cohort machine learning approach.,2026,Int J Med Inform,10.1016/j.ijmedinf.2026.106635,"Journal Article;Research Support, Non-U.S. Gov't",Zhang M; Zhang J; Cui Y; Wang J; Wang M; Zheng W,Q1_ml_imputation_clinical,False,S1_excluded_title
42508588,Conduct and reporting of studies developing pre-endoscopic prognostic scores in upper gastrointestinal bleeding: a methodological systematic review.,2026,J Clin Epidemiol,10.1016/j.jclinepi.2026.112434,Journal Article,Thiebaud PC; Beauvais A; Fainelli M; Esquina H; Fourgnier T; Dechartres A; Yordanov Y,Q5_reporting_guidance,False,S1_excluded_title
42509013,"Dynamic prediction of cardiovascular risk from linked primary care records in New South Wales, Australia: protocol for a retrospective prognostic modelling study.",2026,BMJ Open,10.1038/s41598-018-24271-9,Journal Article,Kuo NI; Welberry H; Lujic S; Campain A; Wilson D; Harris K; Kidd M; Correll P; Peiris D; Jorm L,Q1_ml_imputation_clinical;Q5_reporting_guidance,False,S1_excluded_title
42513290,Development and External Validation of an Explainable Machine-Learning Model for Predicting Postoperative Pulmonary Complications in Older Adults Undergoing Degenerative Spine Surgery.,2026,J Clin Med,10.1038/s41598-022-13190-5,Journal Article,Lei R; Ou J; Chen Y; Luo M; Ruan X; Wei J; Li Z; Qin J,Q1_ml_imputation_clinical;Q2_MI_prediction_models,False,S1_excluded_title
42517497,Machine Learning Analysis of Maternal Mortality Determinants in Nigeria: An Exploratory Study.,2026,Int J Health Plann Manage,10.1016/S2214-109X(16)30180-2,Journal Article,Olaniran A; Ojo OA; Olubodun T; Al-Mujtaba M; Babalola L; Olaniran GO; Kothapalli A; Nwamata OC; Banke-Thomas A,Q1_ml_imputation_clinical,False,S1_excluded_title
42520085,Artificial intelligence in spine care: A scoping review of diagnostic applications.,2026,PLoS One,10.3389/fhumd.2024.1421273,Journal Article;Scoping Review,Bensel VA; Habeck A; Brunot MH; Becton EJ; Ray M; Brackett AL; Lisi AJ,Q1_ml_imputation_clinical,False,S1_excluded_title
42522897,Identification and importance analysis of osteoporosis risk factors in perimenopausal women based on the Transformer-LSTM hybrid model and SMOTE.,2026,Climacteric,10.1080/13697137.2026.2671750,Journal Article,Hu HX; Wang W; Liang HM,Q1_ml_imputation_clinical,False,S1_excluded_title
42523517,Imputation-free transformer learning enables robust Alzheimer's disease prediction and calibrated uncertainty quantification across heterogeneous clinical cohorts.,2026,ArXiv,10.48550/arXiv.2504.14610,Journal Article;Preprint,Diaz CS; Baghirova N; Vũ DT; Can DC; Allali G; Ryvlin P; Chén OY,Q1_ml_imputation_clinical;Q4_missing_indicator_deployment,True,included
42523671,Development and validation of an interpretable machine-learning model for enteral nutrition-associated diarrhea in critically ill patients with ischemic stroke: a retrospective cohort study.,2026,Front Nutr,10.1016/j.jns.2022.120270,Journal Article,He Y; Jin D; Liu M; Liu J,Q1_ml_imputation_clinical,False,S1_excluded_title
42528727,Prediction models for postoperative recurrence in papillary thyroid carcinoma: a systematic review and critical appraisal.,2026,Front Endocrinol (Lausanne),10.1590/1806-9282.20210763,Journal Article;Systematic Review;Meta-Analysis,Yang Y; Wang P; Zhou L; Diao R; Guo C,Q5_reporting_guidance,False,S1_excluded_title
42528780,Development and validation of a prediction model for lower extremity deep vein thrombosis risk in elderly patients with intracerebral hemorrhage.,2026,Front Neurol,10.1016/j.exphem.2019.08.006,Journal Article,Yang Y; Guo X; Luo K; Zhao W; Li H; Zhang Y,Q2_MI_prediction_models,False,S1_excluded_title
42528836,Multimodal machine learning predicts type 2 respiratory failure in COPD exacerbations: a multicenter XGBoost model with clinical nomogram.,2026,Front Med (Lausanne),10.2147/JIR.S461961,Journal Article,Liu Y; Zhou Y; Zhang Y; Tan J; Gong J,Q1_ml_imputation_clinical,False,S1_excluded_title
42530935,Interpretable Machine Learning for Population-Level Tooth Loss Prediction.,2026,J Dent Res,10.1177/00220345261464887,Journal Article,Lam QT; Fan FY; Wang YL; Wu CY; Sun YS; Vo TTT; Kuo H; Kha QH; Le MHN; Vu G; Le NQK; Lee IT,Q5_reporting_guidance,False,S1_excluded_title
42533015,Manual federated simulation for multiple sclerosis integrating XGBoost algorithm with SHAP explanation.,2026,Sci Rep,10.1109/ACCESS.2023.3312343,Journal Article,Ghazy HE; Ali ZH; Medhat T,Q1_ml_imputation_clinical,False,S1_excluded_title
42534164,Structural predictors and latent maturity regimes of robotic readiness in global health systems: evidence from machine learning-based latent clustering and class prediction.,2026,Front Robot AI,10.3390/ijerph20043407,Journal Article,Mukherjee M; Ali RH,Q4_missing_indicator_deployment,False,S1_excluded_title
42539221,Bayesian Factor Analysis for Binary and Ordinal Phenotypes with Missingness.,2026,bioRxiv,10.1038/s41562-024-02061-w,Journal Article;Preprint,Shashaank N; Knowles DA,Q3_MNAR_informative,True,included
42539899,Ultrasound-based machine learning models for assisting the prediction of neonatal size and mode of delivery.,2026,Ther Adv Reprod Health,10.1177/26334941261469943,Journal Article,Elad D; Gordon Z; Gordon D; Fux A; Grisaru D; Jaffa AJ,Q1_ml_imputation_clinical,False,S1_excluded_title
42543192,Optimizing Cancer Drug Treatments Using Big Data Integration of Genomic and Clinical Data for Personalized Medicine.,2026,Cancer Invest,10.1080/07357907.2026.2703811,Journal Article,Chimanna AM; Shingne H; Pathan S; Chikmurge D; Patil LV,Q1_ml_imputation_clinical,False,S1_excluded_title
42546984,Dietary exposure-outcome associations do not systematically differ by risk of bias in observational studies: a meta-epidemiological study.,2026,J Clin Epidemiol,10.1016/j.jclinepi.2026.112440,Journal Article,Stadelmaier J; Bantle G; Petropoulou M; Meerpohl JJ; Schwingshackl L,Q5_reporting_guidance,False,S1_excluded_title
42548679,An interpretable machine-learning model for early prediction of acute kidney injury in polytrauma patients.,2026,Front Med (Lausanne),10.1186/s13613-024-01360-9,Journal Article,He Y; Wang X; Huang J; Liu J,Q1_ml_imputation_clinical,False,S1_excluded_title
42553352,Explainable machine learning for risk stratification following TAVI.,2026,Digit Health,10.1007/s12471-019-1285-7,Journal Article,Atick Faisal MA; Sulaiman R; Chowdhury MEH; Bensaali F; Alnabti A; Yalcin HC,Q1_ml_imputation_clinical,False,S1_excluded_title
42553427,Clinically interpretable deep learning for breast cancer missense variant pathogenicity prediction.,2026,Front Bioinform,10.1016/j.eswa.2023.122807,Journal Article,Ahmad RM; AlDhaheri N; Mohamad MS; Ali BR,Q1_ml_imputation_clinical,False,S1_excluded_title
42553473,"Predicting Outcomes of Traumatic Brain Injury Using Machine Learning Models Among Patients at Kilimanjaro Christian Medical Centre, Tanzania: A Registry-Based Cohort Study.",2026,Health Sci Rep,10.1186/s12874-022-01801-8,Journal Article,Nkenguye W; Shewiyo EJ; Souza JVP; Peter TA; Andongolile A; Njau R; Moshi B; George J; O'Leary P; Staton C; Mmbaga BT; Sakita FM; Vissoci JRN; Mboya IB,Q1_ml_imputation_clinical;Q2_MI_prediction_models,False,S1_excluded_title
42556439,"Machine learning classification of prevalent chronic disease using multidimensional social, behavioral, and psychological determinants: A cross-sectional analysis of the 2024 national health interview survey.",2026,Ann Epidemiol,10.1016/j.annepidem.2026.110249,Journal Article,Zhang C; Hao J; Lin S,Q1_ml_imputation_clinical,False,S1_excluded_title
42558459,Leveraging machine learning models to forecast pediatric allergic rhinitis exacerbation risk based on environmental exposure data.,2026,Front Pediatr,10.1186/s13601-019-0252-0,Journal Article,Li Z; Huang S; Xia Z,Q1_ml_imputation_clinical;Q2_MI_prediction_models;Q5_reporting_guidance,False,S1_excluded_title
42564216,Sex-related molecular phenotypes in anxiety-depressive disorders: a machine learning analysis of routine blood biomarkers.,2026,Front Psychiatry,10.1186/s12888-023-05047-6,Journal Article,Zhen W; Chen J; Zhen H; Zhang Y; Du S; Zhang W; Peng D,Q1_ml_imputation_clinical,False,S1_excluded_title
42565228,Reconstruction of Cell Diversity and Cell Lineages from Somatic Mutations in Single-Cell Transcriptomic Data.,2026,DNA Res,10.1038/s41586-018-0414-6,Journal Article,Oota S; Abe K; Pan CT; Yokota H; Li WH; Ikeo K,Q4_missing_indicator_deployment,False,S1_excluded_title
42567199,Development and Validation of an Interpretable Machine Learning Model for Staging Helicobacter pylori-Initiated Intestinal-Type Gastric Cancer in the Correa Cascade: Cross-Sectional Study.,2026,J Med Internet Res,10.1038/s41571-023-00747-0,Journal Article;Validation Study,Tang J; Chen H; Zhang W; Tay ACY; Marshall BJ; Ma C; Wang L,Q1_ml_imputation_clinical,False,S1_excluded_title
42567682,Prediction of Clinically Meaningful Improvement After Internet-Delivered Cognitive Behavioral Therapy for Depression and Anxiety Disorders: Machine Learning-Based Predictive Model Development and Temporal Validation Study.,2026,J Med Internet Res,10.1177/20552076241248920,Journal Article;Validation Study,Kravchenko O; Halvorsen M; Bäckman J; Kaldo V; Crowley JJ; Kuja-Halkola R; Rück C; Wallert J,Q1_ml_imputation_clinical,False,S1_excluded_title
42567701,Mortality prediction of road traffic crash with artificial intelligence: a systematic review.,2026,Inj Prev,10.1136/ip-2025-046038,Journal Article,Zarei A; Sadeghi-Bazargani H; Azadmanjir Z,Q1_ml_imputation_clinical,False,S1_excluded_title
42568101,Modeling Treatment Response in Tuberculosis Early Bactericidal Activity Trials.,2026,CPT Pharmacometrics Syst Pharmacol,10.1002/psp4.70311,"Journal Article;Clinical Trial, Phase II",McClean MCW; Koele SE; Dreisbach J; Mirold-Mei S; Njeleka F; Mapamba D; Mtafya B; Phillips PPJ; De Jager VR; Dawson R; Narunsky K; Diacon AH; Svensson EM; Heinrich N; Casale FP; Hoelscher M,Q1_ml_imputation_clinical,False,S1_excluded_title
42568351,Machine learning-based prediction of cerebral artery territorial infarcts in acute ischemic stroke using non-contrast CT.,2026,Front Neurol,10.1161/STROKEAHA.118.024293,Journal Article,Guo Y; Liu S; Sun H; Jin X; Zhang Y; Sun J; Wang Z; Zhang L,Q1_ml_imputation_clinical,False,S1_excluded_title
42569197,Predicting lifetime cervical cancer screening among sexually active women in low- and middle-income countries using machine learning models: evidence from Demographic and Health Surveys.,2026,AJOG Glob Rep,10.1214/10-STS330,Journal Article,Kebede FB; Mare KU; Arage FG; Tiyou A; Teshale G; Kebede AZ; Tefera NL; Worku A; Terefe B,Q1_ml_imputation_clinical,False,S1_excluded_title
42577821,Bounding causal effects with an unknown mixture of informative and non-informative missingness.,2026,J Causal Inference,10.1515/jci-2025-0028,Journal Article,Rubinstein M; Agniel D; Han L; Horvitz-Lennon M; Normand SL,Q3_MNAR_informative,True,included
42577948,Development and External Validation of an Interpretable Machine Learning Model Using Routine Blood Biomarkers for Differentiating Malignant Breast Nodules.,2026,J Inflamm Res,10.1038/s41598-025-30087-1,Journal Article,Chen L; Teng X; Tian J; DU Y; Liu W,Q1_ml_imputation_clinical,False,S1_excluded_title
42578588,An integrated methodological roadmap for real-world biomarker studies: advancing oncology precision medicine through robust methodologies and machine learning integration.,2026,J Biopharm Stat,10.1080/10543406.2026.2703576,Journal Article,Feng D; Lind A; He W,Q1_ml_imputation_clinical,False,S1_excluded_title
42579885,Therapist-Facilitated Virtual Reality Intervention for Social Anxiety Among Youth: Protocol for a Randomized Controlled Trial.,2026,JMIR Res Protoc,10.1111/acps.12275,"Journal Article;Clinical Trial Protocol;Research Support, Non-U.S. Gov't",Wang YZ; Hue MT; Lau KW; Zhou H; Ng SM; Weng X,Q4_missing_indicator_deployment,False,S1_excluded_title
42582984,From Promising Capabilities to Pervasive Bias: Assessing Large Language Models for Emergency Department Triage.,2026,J Healthc Inform Res,10.52202/079017-1939,Journal Article,Lee J; Shang T; Baik JY; Duong-Tran D; Yang S; Li L; Shen L,Q1_ml_imputation_clinical,False,S1_excluded_title
42583186,The ASIA Data Science Challenge: Predicting Functional and Neurological Recovery from Acute ISNCSCI Scores.,2026,Top Spinal Cord Inj Rehabil,10.48550/ARXIV.1705.07874,Journal Article,Villines J; Stirnimann R; Lukas LP; Taran O; Tuci M; Li Y; Jutzeler CR; Kramer JLK; Geisler FH; Bourbeau D; Cotton RJ; Brüningk SC;  ;  ,Q1_ml_imputation_clinical,False,S1_excluded_title
42583200,Controllable diffusion-based generation for multi-channel biological data.,2026,Int Conf Learn Represent,,Journal Article,Zhang H; Zhou M; Tansey W,Q1_ml_imputation_clinical,False,S1_excluded_title
42588243,Personalized Treatment Recommendation System in Head and Neck Cancer Using Survival Analysis and Deep Learning.,2026,Healthcare (Basel),10.1002/pon.70182,Journal Article,Fei X; Liu K; Balakrishnan N,Q1_ml_imputation_clinical,False,S1_excluded_title
42591299,Predicting 12-month functional outcome in Guillain-Barré syndrome by combining acute-phase clinical data and traditional Chinese medicine syndrome features: a retrospective machine learning study.,2026,Front Neurol,10.1177/0272989X06295361,Journal Article,Hu P; Liu J; Tang Y; Huang J; Chen X; Liu C; Wang Y,Q1_ml_imputation_clinical,False,S1_excluded_title
42591753,A comparative evaluation of quantum machine learning architectures for breast cancer classification using clinical and genomic data.,2026,Front Artif Intell,10.1109/access.2024.3449814,Journal Article,Allena S; G S S; Chandrasekaran B,Q1_ml_imputation_clinical,False,S1_excluded_title
42597157,Comparing machine learning models and traditional approaches for predicting obstructive coronary artery disease: a systematic review and meta-analysis.,2026,Front Cardiovasc Med,10.1136/bmj.m3919,Journal Article;Systematic Review,Guo J; Bao C; Gong L; Zhang Z,Q1_ml_imputation_clinical;Q5_reporting_guidance,False,S1_excluded_title
42597187,Development and internal validation of machine learning models for gouty arthritis classification using routine clinical variables: a retrospective study.,2026,Front Med (Lausanne),10.2196/79307,Journal Article,Ma W; Sun W; Hu Z; Liang W; Li H,Q1_ml_imputation_clinical;Q2_MI_prediction_models,False,S1_excluded_title
42597428,Use of explainable cluster analysis to identify distinct subtypes of Meige syndrome patients and associated biomarker profiles.,2026,Front Immunol,10.3390/antiox9070597,Journal Article,Sun X; Feng X; Zhu Y; Fu R,Q1_ml_imputation_clinical,False,S1_excluded_title
42597694,Improving Survival Prediction of Head and Neck Cancer Patients by Modeling Long-term Symptom Burden.,2026,Proc (IEEE Int Conf Healthc Inform),10.1145/3472163.3472177,Journal Article,Wang Y; Anyimadu EA; Fuller CD; Moreno AC; Zhang X; Marai GE; Canahuate G,Q1_ml_imputation_clinical,False,S1_excluded_title
42598057,Prediction model for successful liberation from continuous renal replacement therapy in patients with acute kidney injury: development and temporal validation.,2026,Front Med (Lausanne),10.2196/63709,Journal Article,Hu Z; Yu X; Liu X; Jiang T; Chen L,Q2_MI_prediction_models,False,S1_excluded_title
42599707,Posttraumatic Stress Dynamics and 15-Year Persistence in Great East Japan Earthquake Survivors.,2026,JAMA Netw Open,10.1176/appi.ajp.159.5.855,Journal Article,Li X; Usukura H; Utsumi Y; Seto M; Sakuma A; Tomimoto K; Machida T; Hamaie Y; Kobayashi N; Komatsu H; Kikuchi S; Kuriyama S; Nakaya N; Hozawa A; Kunii Y; Tomita H,Q2_MI_prediction_models,False,S1_excluded_title
42600144,Detecting and Mitigating AI Bias in Health Care: Development and Validation of a Unified Multistage Framework.,2026,JMIR AI,10.1155/2014/781670,Journal Article,Mateedulsatit R; Srisa-An C,Q1_ml_imputation_clinical,False,S1_excluded_title
42600185,What predicts prolonged length of stay after surgery for cervical spondylotic myelopathy? A QOD CSM study.,2026,J Neurosurg Spine,10.3171/2026.3.SPINE251066,Journal Article,Howell HJ; Joiner EF; Mummaneni PV; Chou D; Bisson EF; Bydon M; Asher AL; Coric D; Kim PK; McGirt MJ; Potts EA; Foley KT; Park P; Wang MY; Fu KG; Virk MS; Shaffrey CI; Gottfried ON; Knightly JJ; Meyer SA; Upadhyaya CD; Yen CP; Tumialán LM; Uribe JS; Turner JD; Haid RW; Chan AK,Q1_ml_imputation_clinical,False,S1_excluded_title
42601818,Machine learning-based prediction of cardiovascular adverse events in patients with cancer: a systematic review.,2026,Expert Rev Pharmacoecon Outcomes Res,10.1080/14737167.2026.2719628,Journal Article;Review,Wu LW; Le-Dang MA; Okoye BI; Park C,Q1_ml_imputation_clinical,False,S1_excluded_title
42608514,B-mode ultrasound radiomics of the masseter muscle for differentiating individuals with and without clinically defined probable bruxism.,2026,Oral Radiol,10.1007/s00330-019-06390-z,Journal Article,Tekin A; Arsan Özcan B,Q1_ml_imputation_clinical,False,S1_excluded_title
42609336,A clinical prediction model integrating cardiovascular-kidney-metabolic biomarkers for the composite outcome of quality-of-life deterioration and rehospitalization in elderly HFpEF patients.,2026,Front Endocrinol (Lausanne),10.1161/CIRCULATIONAHA.116.026807,Journal Article,He C; Zhao H; Liu H; Zhao X; Zhang M; Li J,Q2_MI_prediction_models,False,S1_excluded_title
42617692,Machine Learning versus Penalized Logistic Regression for Predicting In-Hospital Mortality in Ruptured Abdominal Aortic Aneurysm: A Comparison Using a Uniform Validation Framework.,2026,Ann Vasc Surg,10.1016/j.avsg.2026.08.006,Journal Article,Lourdes Del Río-Solá M; de la Torre-Casaseca C; Jiménez-Caja M; García-Padrón C; Álvarez-García E; Brizuela-Sanz JA,Q1_ml_imputation_clinical,False,S1_excluded_title
42619975,Machine learning approaches for tuberculosis prevalence and risk factor association among high-risk groups in Kigali health facilities.,2026,Res Sq,10.1016/j.ijregi.2025.100621,Journal Article;Preprint,Igihozo T; Rugero FR; Umutoniwase EM; Ndoli E; Niyonshuti E; Eugene R; Sibomana E; Uwase M; Kayiranga D; Mugisha M; Twizere C; Mbalawata IS; Victor DR; Wilcox A; Foraker R; Gomina I; Schneider M; Tumusiime D; Mugisha E,Q1_ml_imputation_clinical,False,S1_excluded_title
42622227,Role of Social Determinants of Health in Risk Prediction Models for ST-Segment-Elevation Myocardial Infarction Death: A Registry-Based Study.,2026,J Am Heart Assoc,10.1161/JAHA.125.047813,"Journal Article;Research Support, Non-U.S. Gov't",Pliakos EE; Shultz K; Reddy KP; Eberly LA; Khatana SAM; Fanaroff AC; Groeneveld PW; Giri J; Nathan AS,Q2_MI_prediction_models,False,S1_excluded_title
42622853,Within-person reliability of composite scores or single-item responses with missing intensive longitudinal data.,2026,Psychol Methods,10.1037/met0000865,Journal Article,McNeish D,Q3_MNAR_informative,True,included
42625900,Evaluating the effectiveness and safety of Xiyanping injection for severe pneumonia: a target trial emulation protocol using real-world data.,2026,Front Pharmacol,10.14033/j.cnki.cfmr.2024.01.029,Journal Article,Qiao M; Tan C; Peng W; Lei C; Zhang Q; Ban C; Xie Y; Wang Z,Q1_ml_imputation_clinical,False,S1_excluded_title
42628011,Automating Diagnosis of Skin Neglected Tropical Diseases via Patient Metadata through Machine Learning Model with Adaptive Balancing and Dual Cross-Validation: Retrospective Diagnostic Accuracy Study.,2026,Online J Public Health Inform,10.3934/fods.2024021,Journal Article,Minyilu Y; Yimer MA; Meshesha M,Q1_ml_imputation_clinical,False,S1_excluded_title
42630411,"Quantifying the imputation paradox and XAI inconsistency in multi-source diabetes prediction: a 353,680-record leakage-free stacking ensemble with dynamic routing architecture.",2026,Front Artif Intell,10.3389/fgene.2018.00515,Journal Article,Nanda Kishore M; Navaneethan C,Q1_ml_imputation_clinical;Q3_MNAR_informative,True,included
42630963,DOMAIN-AWARE MATRIX COMPLETION FOR PHENOTYPE IMPUTATION USING ELECTRONIC HEALTH RECORD DATA WITH APPLICATIONS IN GENOMIC RESEARCH.,2026,Ann Appl Stat,10.1214/26-AOAS2165SUPPB,Journal Article,Wu H; Lee CH; Abiri N; Ionita-Laza I,Q1_ml_imputation_clinical,True,S2_ex_E4
42634411,Machine learning-based prediction of incident delirium after a 24-hour landmark in critically ill patients with acute pancreatitis: Model development and external validation using the MIMIC-IV and eICU databases.,2026,Sci Prog,10.1097/CCM.0000000000003482,Journal Article,Fu K; Song B; Luo Y; Liu C,Q1_ml_imputation_clinical,False,S1_excluded_title
42634999,"Pathogenic Genetic Variants, Comorbid Autism and Adaptive Developmental Quotient as Independent Predictors of Intellectual Disability in Children With Global Developmental Delay: An Interpretable Machine Learning Model With Calibrated Risk Estimation.",2026,J Intellect Disabil Res,10.1111/jir.70164,Journal Article,Yiwen W; Junying Y; Dengna Z,Q1_ml_imputation_clinical;Q2_MI_prediction_models,False,S1_excluded_title
42638875,Development and validation of an interpretable machine learning model for predicting multidrug-resistant infections in ICU patients.,2026,Front Cell Infect Microbiol,10.2147/IDR.S459830,Journal Article;Validation Study,Yang Y; Lv J; Tian J; Yu S; Wang G; Ma L,Q1_ml_imputation_clinical,False,S1_excluded_title
42638989,Machine learning-based identification of heart failure with reduced ejection fraction using routine laboratory indicators.,2026,Front Cardiovasc Med,10.1093/postmj/qgae027,Journal Article,Meng Z; Qin X; Liang B; Lin W; Xie W; Du G,Q1_ml_imputation_clinical,False,S1_excluded_title
42639073,Development and internal validation of an interpretable machine learning model using first-24-h postpartum nursing variables to predict delayed lactogenesis II after cesarean delivery.,2026,Front Med (Lausanne),10.1016/j.jclinepi.2014.06.018,Journal Article,Guo T; Sun Y,Q1_ml_imputation_clinical,False,S1_excluded_title
42639652,Decision-Support Framework for Nutritional Risk in Small Cell Lung Cancer: A Time-Series Model Using Imputation Strategies for Incomplete Clinical Data.,2026,Thorac Cancer,10.1002/jcsm.12383,Journal Article,Pan R; Zhao Y; Wang M; Liu W; Ji S; Liu Y; Zhang Y; Ma C; Chen M; Xu Y,Q1_ml_imputation_clinical,True,included
42640374,Development and internal validation of an interpretable machine learning model for predicting vancomycin-induced nephrotoxicity in hospitalized children.,2026,Int J Clin Pharm,10.1177/8755122517747088,Journal Article,Wang X; Fu Y; Chen J; Wan J; Kong W,Q1_ml_imputation_clinical,False,S1_excluded_title
42640902,The multi-omics fallacy in microbiome science.,2026,PLoS Comput Biol,10.1136/bmj-2024-082505,Journal Article,Lewandowski R,Q1_ml_imputation_clinical,False,S1_excluded_title
42643612,A 24-hour landmark machine learning model for predicting new-onset sepsis-associated encephalopathy.,2026,Front Med (Lausanne),10.7326/0003-4819-149-4-200808190-00010,Journal Article,Hong W; Jiang Z; Ruan J; Weng D; Zhang R; Dong L,Q1_ml_imputation_clinical;Q2_MI_prediction_models,False,S1_excluded_title
42649380,Risk prediction model for brain metastasis risk among patients diagnosed with primary gastrointestinal cancers.,2026,Br J Cancer,10.1038/s41598-023-45939-x,Journal Article,Barcelona MVN; Kataki KJ; Rahman FA; Moraes FY; Millar BA; Conrad T; Keilty D; Hope A; Sun A; Kongkham P; Elimova E; Deng Y; Shultz D; Yan M,Q2_MI_prediction_models,False,S1_excluded_title
42649840,A Leakage-Free Survival-Modelling Benchmark for Hepatocellular Carcinoma Recurrence After Liver Transplantation: Nested Cross-Validation Against the Milan Criteria.,2026,Bioengineering (Basel),10.1136/bmj-2023-078378,Journal Article,Akbulut S; Colak C; Guldogan E,Q1_ml_imputation_clinical,False,S1_excluded_title
42650960,Optimizing In-Hospital Mortality Prediction After Cardiac Surgery: A Machine Learning Approach Using Feature Engineering for Imbalanced Data.,2026,Diagnostics (Basel),10.1016/j.bjae.2023.01.002,Journal Article,Kao PC; Wu CC; Yeh JC,Q1_ml_imputation_clinical,False,S1_excluded_title
42651307,"Algorithmic Prognostication in Female Oncofertility Counseling: Ethical Challenges of Bias, Autonomy, and Predictive Uncertainty.",2026,Healthcare (Basel),10.7759/cureus.63072,Journal Article;Review,Chiu HY; Chuang YT; Zaami S; Chen TA,Q1_ml_imputation_clinical,False,S1_excluded_title
42652700,From Medical Records to AI-Ready Datasets: A Practical Guide for Clinical Researchers.,2026,J Clin Med,10.3390/app112411920,Journal Article,Anghel C; Anghel AA; Craciun MV; Moldovanu S; Cocu A; Vulpe DE; Maier C; Potop V; Dragosloveanu CDM; Andrei CA; Dragosloveanu S; Scheau C,Q1_ml_imputation_clinical,False,S1_excluded_title
42658748,"Predicting 7-Year Survival in Individuals with Chronic Spinal Cord Injury: The Role of Self-Reported Functional Independence, Secondary Health Conditions, Comorbidities, and Health-Related Well-Being.",2026,Neuroepidemiology,10.1159/ned/adwag018,Journal Article,Feller A; Buzzell A; Eriks-Hoogland I; Hund M; Jordan X; Schubert M; Brinkhof MWG,Q2_MI_prediction_models,False,S1_excluded_title
42664904,Generative AI dependency and self-perceived clinical decision-making in nursing students: A three-wave longitudinal study of metacognitive awareness as a mediator.,2026,Nurse Educ Today,10.1016/j.nedt.2026.107347,Journal Article,Xin Y; Yan D; Shuren L; Weina H; Shusheng D; Minyang L; Liuheng L,Q1_ml_imputation_clinical,False,S1_excluded_title
42666503,A Systematic Review of Deep Learning and Machine Learning Applications in Longitudinal Multimodal Clinical Data.,2026,J Healthc Inform Res,10.1007/s41666-020-00082-4,Journal Article;Review,Pan J; Chang T; Lyu M; Meng W; Wang Q; Ma Y; Chen Z; Li X; Sun C; Liang R; Fishe J; Xu J,Q1_ml_imputation_clinical,False,S1_excluded_title
42673789,Machine learning versus logistic regression for differentiating Kawasaki disease from febrile illnesses: methodological and performance comparisons.,2026,Int J Med Inform,10.1016/j.ijmedinf.2026.106689,Journal Article;Review,Wang D; Huang H; Xue X; Li J; You T; Dong J; Tian T; Liu Y; Liu Z; Wang Y; Liu P; Zhang M; Lv H; Zhang J,Q1_ml_imputation_clinical;Q4_missing_indicator_deployment;Q5_reporting_guidance,False,S1_excluded_title
42673793,Nomogram for predicting successful ear molding in infants with congenital auricular deformities: A retrospective cohort study.,2026,Int J Pediatr Otorhinolaryngol,10.1016/j.ijporl.2026.112992,Journal Article,Yang Q; Yang K; Liu Y; Wang J; Feng G,Q2_MI_prediction_models,False,S1_excluded_title
42676635,Baseline Body Mass Index Category and Incident Treated Hypertension in Australian Men: A Linked Prospective Cohort Study Using PBS/MBS Data.,2026,Chronic Dis Transl Med,10.1093/eurheartj/ehy161,Journal Article,Afrifa-Yamoah E,Q2_MI_prediction_models,False,S1_excluded_title
42682537,Prediction of carotid vulnerable plaques in patients with type 2 diabetes using interpretable machine learning models.,2026,Front Endocrinol (Lausanne),10.1161/strokeaha.119.027779,Journal Article,Cheng Q; Zhang F; Wang H; Qian Y; Tang P; Cai W; Chen P; Li D; Shi L,Q1_ml_imputation_clinical,False,S1_excluded_title
42682631,Development of a nomogram to predict acute liver injury in children with Mycoplasma pneumoniae pneumonia.,2026,Front Pediatr,10.1038/s41598-025-96533-2,Journal Article,Xiong S; Tan Y; Bian J; Bao X; Zhou J; Liang M,Q2_MI_prediction_models,False,S1_excluded_title
42683491,Predictors of surgical site infection/fracture related infection after open tibial fracture.,2026,Open Med (Wars),10.7326/M18-1376,Journal Article,Liu Y; Ji G; Cai C; Shu H,Q2_MI_prediction_models;Q4_missing_indicator_deployment,False,S1_excluded_title
42684644,Unsupervised machine learning with Cluster Analysis in patients with rheumatoid arthritis: insights in CV risk phenotypes from a multicentre Italian cohort.,2026,Intern Emerg Med,10.1016/j.biopha.2024.116357,Journal Article,Venerito V; Bartoloni E; Erre GL; Piga M; Sakellariou G; Viapiana O; Manfredi A; Gremese E; Atzeni F; Spinelli FR; Cacciapaglia F,Q1_ml_imputation_clinical,False,S1_excluded_title
42688426,Factors associated with concurrent cardiovascular disease in patients with rheumatoid arthritis and development of machine learning models for comorbidity identification.,2026,Front Cardiovasc Med,10.1136/bmj-2023-074819,Journal Article,Shen X; Wang T; Guan Y,Q1_ml_imputation_clinical,False,S1_excluded_title
42690293,Prognostic modeling of overall survival in metastatic pancreatic cancer: an inflammation-based tool validated in PANTHEIA-SEOM cohort.,2026,Clin Transl Oncol,10.1056/NEJMoa2409515,Journal Article,Pacheco-Barcia V; Mariño-Mendez A; Vicente Conesa MÁ; de Toro Carmena M; Cerdà Serdà P; Guillen-Ponce C; Benavente Lucas M; Hernández San Gil R; Lamarca Á; Gallego J; Soriano Tabares de Nava ML; Hernando J; Brozos-Vazquez E; López-Alfonso A; Adeva J; Ghanem I; Soriano S; Soto-Alsar J; Muñoz A; Jimenez-Fonseca P; Carmona-Bayonas A,Q2_MI_prediction_models,False,S1_excluded_title
42691541,Home- and Community-Based Services Use Is Not Associated With Lower Elder Abuse Likelihood.,2026,J Am Med Dir Assoc,10.1016/j.jamda.2026.106446,Journal Article,Batista-Malat E; Wilber KH; Gassoumis Z; Keller M,Q4_missing_indicator_deployment,False,S1_excluded_title
42692952,"Status, challenges, and future directions of machine learning in the management of epilepsy: a systematic review and meta-analysis.",2026,Lancet Digit Health,10.1016/j.landig.2026.101029,"Journal Article;Systematic Review;Meta-Analysis;Research Support, Non-U.S. Gov't",Chang RS; Nguyen S; Mishra D; Nazem-Zadeh MR; Jiang Y; Feng W; Thom D; Nhu D; Sinclair B; Mehta D; Chen Z; Ge Z; O'Brien TJ; Foster E; Kwan P,Q1_ml_imputation_clinical;Q5_reporting_guidance,False,S1_excluded_title
42693563,The Challenges of Predicting Rare Outcomes: A Critical Appraisal of Machine Learning Using the Pediatric Resuscitation and Trauma Outcome (PRESTO) Model in a Tanzanian Injury Registry.,2026,World J Surg,10.1002/wjs.70553,Journal Article,de Souza JVP; Keating EM; Nkenguye W; Njau R; Kajoka H; Santos PCP; Shewiyo EJ; Staton CA; Mmbaga BT; Vissoci JRN,Q1_ml_imputation_clinical,False,S1_excluded_title
42693954,ToxCompl Completion of the DrugMatrix Toxicogenomics Database: An Integrated Resource for Toxicological Hypothesis Generation.,2026,Toxicol Sci,10.1093/toxsci/kfag113,Journal Article,Word LJ; Cong G; Patton RM; Chao F; Svoboda DL; Casey WM; Schmitt CP; Erickson JN; Combs P; Auerbach SS,Q1_ml_imputation_clinical,False,S1_excluded_title
42696642,Frailty index deficit interchangeability: an empirical test using random survival forests in adults with cardiovascular disease.,2026,Age Ageing,10.1016/s0047-6374(02)00082-9,"Journal Article;Research Support, Non-U.S. Gov't",Quach J; Theou O; Rockwood K; Kehler S; Blodgett J,Q1_ml_imputation_clinical,False,S1_excluded_title
42698556,Development and internal validation of a task-conditioned multimodal radiology-pathology model for breast cancer staging and biomarker profiling: a retrospective cohort study.,2026,Front Cell Dev Biol,10.1148/radiol.2021203758,Journal Article,Liu Y; Dong Y; Zhang G; Wu Y; Zhang S; Chen Y; Cao R; Wang R; Yin C; Li Y,Q1_ml_imputation_clinical,False,S1_excluded_title
42698584,Prediction models for progression and outcomes in degenerative cervical myelopathy: a systematic review and critical appraisal.,2026,Front Neurol,10.1007/s00586-013-2658-z,Journal Article;Systematic Review,Zhao R; Xu B; Qin X; Zhang P; Ma G; Wang Z; Yuan D; Li P; Zheng J; Gao Y; Yin H; Yang B; Chen X,Q1_ml_imputation_clinical;Q5_reporting_guidance,False,S1_excluded_title
42699498,Polycystic Ovary Syndrome Prediction Using Machine Learning: A Comparative Analysis of Classification Algorithms.,2026,EJIFCC,,Journal Article,Adiga U; Sampara V; P PR; P S; Kanchi S; Farzia K,Q1_ml_imputation_clinical,False,S1_excluded_title
42701048,The Translational Gap in AI for Oropharyngeal Squamous Cell Carcinoma: A TRIPOD+AI Scoping Review of Methodological Barriers to Treatment Deintensification.,2026,Acad Radiol,10.1016/j.acra.2026.08.075,Journal Article;Review,Salvaggio G; Gargano R; Cutaia G; Bencivinni F; La Grutta L; Sireci F; Comelli A; Lalwani N,Q1_ml_imputation_clinical;Q5_reporting_guidance,False,S1_excluded_title
42702469,Multimodal serum vibrational spectroscopy with availability-aware deep learning for prediction of pathological complete response in breast cancer.,2026,Anal Chim Acta,10.1016/j.aca.2026.346055,Journal Article,Wang Z; Xie F; Yin L; Cai X; Chen S; Yu W; Yu S; Wu G; Wang S,Q1_ml_imputation_clinical,False,S1_excluded_title
42704758,Early Mortality in Incident Hemodialysis Patients: Risk Factors and Nomogram Prediction.,2026,Blood Purif,10.1159/bpu/abpag012,Journal Article,Zhang S; Wang X; Zeng P; Li W; Gao H; Wei X; Xu Z; Wang S; Li D; Luan S; Zhang X,Q2_MI_prediction_models,False,S1_excluded_title
42705386,Connecting Risk Prediction to Intervention: Evidence from a Randomized Trial Testing Patient Navigation and Education to Improve Postpartum Outcomes.,2026,Am J Obstet Gynecol MFM,10.1016/j.ajogmf.2026.102108,Journal Article,Glazer KB; Lindley S; Malenda A; Burdick M; Oshewa O; Levine LD; Zeitlin J; Janevic T; Howell EA,Q4_missing_indicator_deployment,False,S1_excluded_title
42706453,"Secondary fragility fractures after hip fracture surgery in four thousand, four hundred and eighteen older adults: risk factors and internal validation of an interpretable machine-learning model.",2026,Int Orthop,10.1007/s11657-023-01215-z,Journal Article;Validation Study,He S; Wu D; Jiang D; Lin S; Bian Y; Shi H; Jia W,Q1_ml_imputation_clinical;Q2_MI_prediction_models,False,S1_excluded_title
42707271,Predicting extubation failure in patients with cardiorespiratory decompensation: development and validation of an interpretable machine learning-based risk calculator.,2026,Front Cardiovasc Med,10.1186/s13613-021-00902-9,Journal Article,Zhang T; Lu T; Yang S,Q1_ml_imputation_clinical,False,S1_excluded_title
42707308,Construction and external validation of an early warning model for piperacillin/tazobactam-associated hypokalemia in critically ill patients.,2026,Front Pharmacol,10.3389/fphar.2025.1538074,Journal Article,Wang YM; Zhao FK; Ou-Yang CH; Zhu RP; Luo M,Q1_ml_imputation_clinical,False,S1_excluded_title
42709893,Spatially guided translation from histology images to transcriptomic profiles using foundation model-driven contrastive learning.,2026,PLoS Comput Biol,10.1038/s41588-021-00911-1,"Journal Article;Research Support, Non-U.S. Gov't",Huang ZH; Xu Z; Hu P,Q1_ml_imputation_clinical,False,S1_excluded_title
42712294,Machine learning and deep learning predictive models for prognosis in patients with atrial fibrillation: a systematic review and meta-analysis.,2025,BMJ Digit Health Ai,10.1093/ckj/sfaa188,Journal Article,Wang X; Bampton TJ; Dharmaprani D; Mahajan R; Palmer LJ,Q1_ml_imputation_clinical;Q5_reporting_guidance,False,S1_excluded_title
42712302,"Machine learning for prediction of weaning and extubation from mechanical ventilation: a systematic review of methodology, reporting and bias.",2026,BMJ Digit Health Ai,10.1038/d41586-025-01067-2,Journal Article,Murali M; Dave DS; Serban O; Ni M; Ramnarayan P; Patel B,Q1_ml_imputation_clinical;Q5_reporting_guidance,False,S1_excluded_title
42718817,Recorded gestational violence and neonatal outcomes in a cohort of deliveries requiring neonatal hospitalization: a 15-year hospital-based perinatal registry study.,2026,Front Glob Womens Health,10.3389/fmed.2023.1140787,Journal Article,Vasco-Morales S; Rosero-Quintana M; Amaguaya-Guala A; Tamayo-Saenz E; Toapanta-Pinta P,Q3_MNAR_informative;Q4_missing_indicator_deployment,False,S1_excluded_title
42720977,Reliable fairness auditing with semi-supervised inference.,2026,Biometrics,10.1093/biomtc/ujag142,Journal Article,Gao J; Gronsbell J,Q1_ml_imputation_clinical,False,S1_excluded_title
42723942,Risk prediction models for post-stroke cognitive impairment: a systematic review and meta-analysis.,2026,Front Neurol,10.1016/j.jad.2021.12.011,Journal Article;Systematic Review;Meta-Analysis,Li C; Lv X; Wang X; Xu X; Liu D; Chen X; Dou D; Lin L; Chen L; Huang C; Chen L,Q5_reporting_guidance,False,S1_excluded_title
42724220,Development and internal validation of an interpretable machine learning prognostic prediction model for postoperative delirium after esophagectomy.,2026,J Thorac Dis,10.1111/psyg.12511,Journal Article,Meng X; Wu W,Q1_ml_imputation_clinical;Q2_MI_prediction_models,False,S1_excluded_title
42731053,Chronic Disease Management Using Big Data and Predictive Models (Big Data & Predictive Analytics).,2026,J Intensive Care Med,10.1177/08850666261487154,Journal Article,Hegenbart J,Q1_ml_imputation_clinical,False,S1_excluded_title
42736528,Prediction Model for Intensive Care Unit Mortality in Patients with Spine Fracture: Can Machine Learning be Used to Improve Current Standards?,2026,Neurocrit Care,10.3390/e23010018,Journal Article,Shir M; Sacknovitz A; Blakley M; Shir B; Serwatien M; Patel HA; Kinon MD; Wainwright JV,Q1_ml_imputation_clinical,False,S1_excluded_title
42739193,Development and Internal Validation of the CLIMPOUT Score: A Multimodal Prediction Model for Neurological Outcome After Pediatric Intracerebral Hemorrhage.,2026,Diagnostics (Basel),10.1161/SVIN.123.001314,Journal Article,Pazos E; Bobillo-Perez S; Farras-Riu M; Cambra-Lasaosa FJ; Hernandez-Platero L; Muchart J; Romagosa-Pérez J; Stephan-Otto C; Jordan I; Balaguer M,Q2_MI_prediction_models,False,S1_excluded_title
42739270,Limited Predictability of Traumatic Intracranial Hemorrhage from Routine Pre-CT Clinical Variables in Older Adults with Low-Energy Falls: A Systematic Benchmarking Study in a Retrospective Bicentric Cohort.,2026,Diagnostics (Basel),10.1038/s42256-021-00307-0,Journal Article,Stahl R; Stüber AT; Wania R; Ingrisch M; Ostadi Ataabadi M; Öchsner M; Forbrig R; Trumm CG; Liebig T; Böcker W; Pedersen V,Q1_ml_imputation_clinical,False,S1_excluded_title
42739273,"Age, Sex, and Waist-to-Height Ratio Approach the Discrimination of Fifty-Four Model Inputs for Prevalent Hypertension: An Explainable Machine Learning Analysis of the Chilean National Health Survey.",2026,Diagnostics (Basel),10.4067/S0034-98872021000200178,Journal Article,Yáñez-Sepúlveda R; Becerra-Patiño BA; Montalva-Valenzuela F; Olivares R; Uribe-Díaz A; Guzmán-Muñoz E; Concha-Cisternas Y; Rojas-Valverde D; Tornero-Aguilera JF; Clemente-Suárez VJ; López-Gil JF,Q4_missing_indicator_deployment,False,S1_excluded_title
42741314,Development and validation of an explainable XGBoost model for early mortality prediction in pediatric sepsis.,2026,Front Pediatr,10.2307/2531595,Journal Article,Chen HM; Wang LN; Fu YB; Hua J,Q1_ml_imputation_clinical,False,S1_excluded_title
42743616,Scalable multiple imputation for national-scale healthcare registries and EHR pipelines.,2026,Int J Med Inform,10.1016/j.ijmedinf.2026.106717,Journal Article,Morvan H; Agholme J; Eliasson B; Olofsson K; Grote L; Iredahl F; Sysoev O,Q1_ml_imputation_clinical,True,included
42743618,"Comment on ""Development and validation of an interpretable machine learning model for early risk prediction of acute myocardial infarction"".",2026,Int J Med Inform,10.1016/j.ijmedinf.2026.106714,Letter,Tahir HN; Haider E; Javed S; Tariq U; Yusuf MZ; Ali Y,Q1_ml_imputation_clinical,False,S1_excluded_title
42747766,"Epidemiology, antimicrobial resistance trends, and predictors of mortality among vancomycin-resistant enterococci: a six-year retrospective cohort study from Oman.",2026,Infection,10.3390/pathogens15010082,Journal Article,Sannathimmappa MB; Qureshi MI; Heyam S; Al Lawati M; Alamri TS; Al-Harmali QH; Nambiar V; Al-Maqbali S,Q2_MI_prediction_models,False,S1_excluded_title
42748424,Dynamic Prediction of Day Mortality in Patients With Trauma Using a Hybrid Neural Network Model: Model Development and Evaluation Study.,2026,J Med Internet Res,10.1016/j.suc.2012.01.003,Journal Article,Millarch AS; Kaafarani H; Chamseddine I; Folke F; Rudolph SS; Sillesen M,Q1_ml_imputation_clinical,False,S1_excluded_title
42749554,Development and internal validation of machine-learning models to predict adverse pathological features in upper tract urothelial carcinoma.,2026,Urol Oncol,10.1016/j.urolonc.2026.08.017,Journal Article,Korn P; Pallauf M; Lokeshwar S; Musso G; Wu Z; Wang L; Kutikov A; Lee R; Ditonno F; Veccia A; Bertolo R; Antonelli A; Lin L; Margulis V; Ghoreifi A; Ebrahimi H; Djaladat H; Kinoshita H; Yoshida T; Tuderti G; Proietti F; Simone G; Mari A; Lambertini L; Minervini A; Tozzi M; Ferro M; Contieri R; Perdona S; Amparore D; Bignante G; Porpiglia F; Nativ OF; Gonzalgo ML; Santangelo A; Silvani C; Stephens A; Abdollah F; Fu M; Ghodoussipour S; Zhu A; Mehrazin R; Sidhom DA; Sundaram CP; Matsumoto T; Shiota M; Dehghanmanshadi A; Rais-Bahrami S; Daher K; Derweesh IH; Autorino R; Singla N,Q1_ml_imputation_clinical,False,S1_excluded_title
42752606,Patterns and determinants of formal healthcare utilisation among individuals with and without proxy-identified mental health need in Tanzania: A cross-sectional analysis of the National Panel Survey.,2026,PLOS Ment Health,10.4314/thrb.v24i1.4,Journal Article,Mlenge G; Bilame O; Mwinuka L,Q3_MNAR_informative,False,S1_excluded_title
42755437,Prediction of overall survival in primary lung adenocarcinoma using machine learning and deep learning: a cohort study in Latin America country cancer center.,2026,Front Oncol,10.1177/10732748231189785,Journal Article,Gil-Gómez JH; Carvajal-Fierro C; Bruges-Maya R; Rodríguez Parada I; Mosquera-Zamudio A; Riaño-Moreno J; Polo JF; Gómez-Suárez M; Sprockel JJ; Parra-Medina R,Q1_ml_imputation_clinical,False,S1_excluded_title
42755582,Time-Series modeling for predicting mortality risk in intensive care unit patients with pulmonary inflammation.,2026,Front Med (Lausanne),10.1186/s12871-022-01625-5,Journal Article,Zhai Y; Xu R; Lu H; Lv S; Mo L,Q1_ml_imputation_clinical;Q2_MI_prediction_models,False,S1_excluded_title
42756335,SSR-stacking: a hybrid GNN-ensemble framework for high-myopia classification under simulated baseline-SE missingness.,2026,Front Public Health,10.1038/s41746-025-02308-4,Journal Article,Zhao N; Zheng R; Huang Z; Li C; Lu J; Dai C; Tang Z; Wang J,Q1_ml_imputation_clinical;Q4_missing_indicator_deployment,True,included
42757871,Multimodal Respiratory Event Detection Leveraging Signal Complementarity under Intermittent SpO₂ Loss.,2026,Sleep,10.1093/sleep/zsag247,Journal Article,Tran ALTD; Nguyen HT; Vu DQ; Loan BTH; Nguyen VN; Dang TN,Q1_ml_imputation_clinical,False,S1_excluded_title
42760222,Interpretable Acoustic Domains in Smoking-Status Prediction From Sustained Phonation: A Speaker-Independent Secondary Analysis.,2026,J Voice,10.1016/j.jvoice.2026.08.044,Journal Article,Aydoğan Y; Cantürk İ,Q1_ml_imputation_clinical,False,S1_excluded_title
42760648,Development and temporal validation of a machine learning-based prediction model for long-term depressive symptoms in older adults with cardiovascular disease or hypertension: A longitudinal cohort study.,2026,Medicine (Baltimore),10.1097/MD.0000000000050520,Journal Article;Observational Study;Validation Study;Validation Study,Zhao Y; Chen S; Pang C; Tang Y; Long S; Zheng H; Zeng M; Lin S,Q1_ml_imputation_clinical,False,S1_excluded_title
42761332,AutoGluon-based interpretable machine learning for clinical risk stratification of retinopathy of prematurity in very preterm infants.,2026,Front Pediatr,10.1038/s41598-025-24303-1,Journal Article,Chen S; Deng S; Liu X; Xu W; Dong W; Wan L; Kang L,Q1_ml_imputation_clinical,False,S1_excluded_title
42769477,Exploratory evaluation of the systemic inflammatory response index and internally evaluated machine learning models for prognosis in acute pesticide poisoning.,2026,Am J Transl Res,10.62347/QLAP2073,Journal Article,Yu Q; Zhu J; Yang F,Q1_ml_imputation_clinical,False,S1_excluded_title
42770166,Real-time Quality Assessment of Donor Kidneys During Normothermic Machine Perfusion Using Perfusate and Urinary Biomarkers.,2026,Transplant Direct,10.1097/TXD.0000000000002010,Journal Article,Slagter JS; Papamanoli A; Akram F; Azam MA; Stubbs A; Clahsen-van Groningen MC; Porte RJ; Minnee RC,Q4_missing_indicator_deployment,False,S1_excluded_title
42777146,Two-Stage Gamified Digital Assessment for Autism Spectrum Disorder Screening and the Limits of Differentiating Social Communication Disorder in Children and Adolescents: Cross-Sectional Diagnostic Accuracy Study Using Explainable Machine Learning.,2026,JMIR Serious Games,10.1007/s10803-025-07061-x,Journal Article,Jung M; Ran J; Lee E; Sunwoo Y; Kim S; Kim JH; Cho S,Q1_ml_imputation_clinical,False,S1_excluded_title
42780474,Effectiveness and retention of certolizumab pegol and JAK inhibitors in rheumatoid arthritis: a multicenter retrospective study stratified by rheumatoid factor status.,2026,Front Med (Lausanne),10.1111/1756-185X.70173,Journal Article,Parra-Moreno M; Ladehesa-Pineda L; Calvo-Gutierrez J; Cepas-Guitérrez FJ; Moreno-Caño E; Robustillo-Villarino M; Zúñiga-Vera A; Plasencia-Rodríguez C; Martinez-Feito A; Costa-Moya E; Taverner-Torrent D; Sainz-Comas L; Díaz-Torné C; Ruiz-Esquide V; Rojas C; Martin-de la Sierra Lopez L; Jiménez-Rodríguez L; Velasco-Sánchez D; Faré-García R; Juan-Mas A; Moreno-García MS; Acosta-Alfaro AV; Muñoz-Fernández S; Martín-López M; Zas R; Godoy-Navarrete J; Añon-Oñate I; Ortiz-Márquez F; Mena-Vázquez N; Estrada P; Ortega-Castro R; Escudero-Contreras A; López-Medina C,Q3_MNAR_informative,False,S1_excluded_title
42783429,Machine Learning-Predicted Length of Hospital Stay in Pediatric Appendicitis: An Exploratory Comparative Study of Clinical and Ultrasound-Based Models with Explainable Artificial Intelligence and Bayesian Analysis.,2026,Med Sci (Basel),10.1089/sur.2023.370,Journal Article;Comparative Study,Sridharan K; Sivaramakrishnan G,Q1_ml_imputation_clinical,False,S1_excluded_title
42787048,Prediction models for infection after kidney transplantation: a systematic review.,2026,Front Med (Lausanne),10.1080/14787210.2020.1733976,Journal Article;Systematic Review,Zhao X; Zhang Y; Tang H; Long J; Dong H; Kuang G; Song J,Q1_ml_imputation_clinical;Q5_reporting_guidance,False,S1_excluded_title
42788551,Persistent Right Ventricular Dysfunction and Hemodynamic Evolution Predict In-Hospital Deterioration in Intermediate-High- and High-Risk Pulmonary Embolism.,2026,Arq Bras Cardiol,10.36660/abc.20260468,Journal Article,Quintana MA; Perea J; Villarreal R; Soto M; Castro M; Cortês R; Sanhueza P; Saavedra I; Quispe Y; Tenezaca R; Colque R; Arias A; Toquica AR; Álvarez M; Pérez YD; Morejón P; Fernández KG; Mogollón A; Cardona M; Pérez GE; López-Ruiz A,Q3_MNAR_informative,False,S1_excluded_title
42789770,Perinatal Mental Health Detection and Prediction Using Mobile Sensing Data: Systematic Review.,2026,JMIR Ment Health,10.2196/29368,Systematic Review;Journal Article;Review,Sun Y; Che K; Lantta T; Axelin A; Azimi I; Liljeberg P,Q1_ml_imputation_clinical;Q5_reporting_guidance,False,S1_excluded_title
42790811,Implications of different SOFA score variants for outcome prediction in emergency department patients with an infection: a multicenter cohort study.,2026,Int J Infect Dis,10.1016/j.ijid.2026.109147,Journal Article,van der Aart TJ; Hincapié-Osorno C; Arango-Gil IS; Föhse K; Hoogerwerf JJ; Jaimes F; Koeze J; van Londen M; Ter Maaten JC; Ten Oever J; Tuinte RAM; Vallejo CE; van Wijk RJ; Bouma HR; Postma DF,Q2_MI_prediction_models,False,S1_excluded_title
42791621,Improving early risk stratification for bronchopulmonary Dysplasia in preterm infants using machine learning: development and external validation.,2026,Ann Med,10.1016/s0002-9629(24)00537-8,Journal Article;Validation Study,Xu Y; Zhang Y; Ye D; Jiang S; Yu R,Q1_ml_imputation_clinical,False,S1_excluded_title
42793788,Development and Temporal Evaluation of a Tiered Clinical-Ultrasound Prediction Model and Simplified Integer Score for Time-Sensitive Pathology in Women with Acute Pelvic Pain: A Retrospective Cohort Study.,2026,Diagnostics (Basel),10.1186/s41512-019-0064-7,Journal Article,Basta Nikolić M; Vasin D; Pilipović Grubor J; Juković M; Nićiforović D; Nikolić D; Stojanović S,Q2_MI_prediction_models,False,S1_excluded_title
42794919,The Role of Circulating Extracellular DNA in Patients with Bladder Cancer: Clinical Associations and Exploratory Links with Heart Rate Variability.,2026,Cancers (Basel),10.3390/ijms161126000,Journal Article,Palacka P; Kováčová Ilijew H; Mikolášková I; Suchánková M; Paulovičová M; Rondziková B; Kollárik B; Celec P; Hunáková Ľ,Q4_missing_indicator_deployment,False,S1_excluded_title
42798580,Systematic review and meta-analysis of risk prediction models for anti-tuberculosis drug-induced liver injury in East Asian populations.,2026,Front Public Health,10.1109/TCBB.2023.3343808,Journal Article;Systematic Review;Meta-Analysis,Li H; Feng X; Zheng X; Zhong X,Q5_reporting_guidance,False,S1_excluded_title
42802447,[Prediction Model of Systemic Lupus Erythematosus Based on Machine Learning Algorithms].,2026,Zhongguo Shi Yan Xue Ye Xue Za Zhi,10.19746/j.cnki.issn1009-2137.2026.04.022,English Abstract;Journal Article,Zhang J; Zhao TQ; Zhang J,Q1_ml_imputation_clinical,False,S1_excluded_title
42806783,"Artificial intelligence-assisted perioperative risk prediction, decision support, and supervised automation in anesthesia: A narrative review.",2026,J Int Med Res,10.1177/03000605261491422,Journal Article;Review,An R; Meng B; Lu X,Q1_ml_imputation_clinical;Q4_missing_indicator_deployment,False,S1_excluded_title
42809583,"Evaluating the Cyclical Hybrid Imputation Technique (CHIT) under MCAR, MAR, and MNAR missing data mechanisms: Evidence from health datasets.",2026,PLoS One,10.3390/su17041536,Journal Article,Kotan K; Kırışoğlu S,Q1_ml_imputation_clinical;Q3_MNAR_informative,True,included
42809584,Deep learning for cardiac CT segmentation for congenital heart disease: A systematic review.,2026,PLoS One,10.1007/978-3-030-59719-1_8,Journal Article;Systematic Review,Yu ST; Amini Z; Fouad S; Novak J; Fratini A,Q1_ml_imputation_clinical;Q5_reporting_guidance,False,S1_excluded_title
42813619,MADE: leveraging informative missingness and temporal evaluation for electronic health record-based deterioration prediction in general wards.,2026,J Am Med Inform Assoc,10.1093/jamia/ocag124,Journal Article,Mun Y; Ahn JH; Lee CY; Ahn B; Huh JW; Chung KS,Q1_ml_imputation_clinical;Q3_MNAR_informative,True,included
42815208,Development and external validation of a machine-learning model for classifying documented pressure injury status during ICU stays among patients receiving invasive mechanical ventilation: A MIMIC-IV and eICU study.,2026,J Tissue Viability,10.1016/j.jtv.2026.101058,Journal Article,Zhao Y; Chen S; Pang C; Tang Y; Zeng M; Lin S,Q1_ml_imputation_clinical,False,S1_excluded_title
42824444,Factors associated with prior pregnancy loss among multigravid women: a retrospective machine learning analysis from an African population cohort.,2026,Front Glob Womens Health,10.1186/s12911-026-03395-3,Journal Article,Nabisubi P; Kintu TM; Atwine MT; Bumba J; Muwonge L; Agasi H; Kiberu D; Okwir J; Kakembo FE; Jjingo D; Nakimuli A; Galiwango R,Q1_ml_imputation_clinical,False,S1_excluded_title
42827437,Robust forecasting of sedentary bouts in chronic pelvic pain disorders for on-device learning and real-time deployment.,2026,NPJ Womens Health,10.1016/j.sleh.2023.04.001,Journal Article,Jegminat J; Shahnawaz S; Rodrigues J; Danieletto M; Landell K; Campanella G; Garber CE; Fayad ZA; Ensari I,Q4_missing_indicator_deployment,False,S1_excluded_title
42827729,Interpretable admission-stage machine learning for early Sepsis-3 identification in the emergency department.,2026,Front Med (Lausanne),10.1371/journal.pone.0181704,Journal Article,Cantaş Türkiş F; Varol B,Q1_ml_imputation_clinical,False,S1_excluded_title
42827898,Machine learning-based early prediction of severe pneumonia risk in hospitalized leukemia patients: a dual-center retrospective cohort study.,2026,Front Cell Dev Biol,10.3389/fcimb.2022.962139,Journal Article,Huang J; Wu Q; Zhang Y; Wang K; Wang Y; Tang C; Li C; Lin N,Q1_ml_imputation_clinical;Q2_MI_prediction_models,False,S1_excluded_title
