case,rep,method,est,se,df,mean,mean_se,mean_df,sec,cc_frac,miss_lac,miss_cr,miss_sbp,prev
A,0,Complete-case,0.7106633969478345,0.0735368095874204,1000000.0,-0.0054761916344287,0.0229721762686657,1000000.0,0.0137786865234375,0.8655,0.0495,0.0445,0.049,0.196
A,0,Mean imputation,0.6894731780558825,0.0698660269412004,1000000.0,-0.0054761916344287,0.0218347691186215,1000000.0,0.0378525257110595,0.8655,0.0495,0.0445,0.049,0.196
A,0,KNN (k=5),0.7231146436268987,0.0703431498280892,1000000.0,-0.0086051045860668,0.0221245991810554,1000000.0,0.1093559265136718,0.8655,0.0495,0.0445,0.049,0.196
A,0,MissForest (single),0.7150175891282916,0.0702966552959775,1000000.0,-0.0082817041147229,0.0221644524587882,1000000.0,3.4078080654144287,0.8655,0.0495,0.0445,0.049,0.196
A,0,MI without outcome,0.6922553793939294,0.0692914534626245,28195.375150232845,-0.0107484739842383,0.0226654338209291,24270.4170172777,1.4563782215118408,0.8655,0.0495,0.0445,0.049,0.196
A,0,MI with outcome,0.6906954387915171,0.069359084764906,29010.04495628377,-0.0107524778770219,0.0226662541642981,24240.22290218192,1.5699095726013184,0.8655,0.0495,0.0445,0.049,0.196
A,1,Complete-case,0.601539204339747,0.0738576010207362,1000000.0,-0.004436281651216,0.0228412395383278,1000000.0,0.0115303993225097,0.855,0.047,0.0535,0.053,0.1795
A,1,Mean imputation,0.6353652786469951,0.0701897341167292,1000000.0,-0.004436281651216,0.0217674327595462,1000000.0,0.0303289890289306,0.855,0.047,0.0535,0.053,0.1795
A,1,KNN (k=5),0.6522182729945003,0.0702784323896003,1000000.0,-0.0068449945999811,0.0220019119790592,1000000.0,0.0786824226379394,0.855,0.047,0.0535,0.053,0.1795
A,1,MissForest (single),0.6489621565001036,0.0704827730682623,1000000.0,-0.0018376312194752,0.0219904317925736,1000000.0,3.2283122539520264,0.855,0.047,0.0535,0.053,0.1795
A,1,MI without outcome,0.6394192592805296,0.0713418835147363,2686.1879540971004,-0.0013326380465542,0.0225871778449134,11985.654419218612,1.2369132041931152,0.855,0.047,0.0535,0.053,0.1795
A,1,MI with outcome,0.6343673344047611,0.0713645938971175,2528.6328150604536,-0.0012951369730089,0.0225885103991193,11946.85225055431,1.635608434677124,0.855,0.047,0.0535,0.053,0.1795
A,2,Complete-case,0.6329426619286,0.0755797676569088,1000000.0,-0.0019640750060823,0.0227461134751006,1000000.0,0.0115425586700439,0.8405,0.0495,0.06,0.0565,0.1845
A,2,Mean imputation,0.6038279321080485,0.0692959402256297,1000000.0,-0.0019640750060823,0.0216198992322826,1000000.0,0.0331997871398925,0.8405,0.0495,0.06,0.0565,0.1845
A,2,KNN (k=5),0.6328808704934459,0.0698673756637692,1000000.0,-0.0020646876968305,0.0218179966143109,1000000.0,0.0926716327667236,0.8405,0.0495,0.06,0.0565,0.1845
A,2,MissForest (single),0.6404857158064634,0.0697074806317728,1000000.0,-0.0027173490233447,0.0218941920716144,1000000.0,3.425243616104126,0.8405,0.0495,0.06,0.0565,0.1845
A,2,MI without outcome,0.624873474909384,0.0698948181054122,5410.786859436264,-0.0016055727987328,0.0223148841137011,70123.38266594807,1.4386274814605713,0.8405,0.0495,0.06,0.0565,0.1845
A,2,MI with outcome,0.621213103137676,0.0700374452186461,4999.513615292593,-0.0016838161054831,0.0223121681595428,70430.02803772326,1.6103301048278809,0.8405,0.0495,0.06,0.0565,0.1845
A,3,Complete-case,0.6560770830387095,0.0753739892352852,1000000.0,-0.0200006602677614,0.0222398177703149,1000000.0,0.0091092586517333,0.8615,0.051,0.044,0.0495,0.192
A,3,Mean imputation,0.6509630024893693,0.0711341012743608,1000000.0,-0.0200006602677614,0.0211053033625958,1000000.0,0.0227413177490234,0.8615,0.051,0.044,0.0495,0.192
A,3,KNN (k=5),0.6829596278526916,0.0717980625453711,1000000.0,-0.013881633683714,0.0214087968857681,1000000.0,0.0607309341430664,0.8615,0.051,0.044,0.0495,0.192
A,3,MissForest (single),0.6816551226558665,0.0716576201714595,1000000.0,-0.0195566185092444,0.0214233515964273,1000000.0,3.413991451263428,0.8615,0.051,0.044,0.0495,0.192
A,3,MI without outcome,0.6646447216969593,0.0725591803213618,1986.230055490817,-0.0187075867172769,0.0218523884900558,56871.37169603007,1.5558595657348633,0.8615,0.051,0.044,0.0495,0.192
A,3,MI with outcome,0.6637347936835184,0.0727078173109955,1946.2902303402705,-0.0186516297967008,0.021852856480683,56860.15878555666,1.5860729217529297,0.8615,0.051,0.044,0.0495,0.192
A,4,Complete-case,0.7384808936031063,0.075347902050257,1000000.0,0.0034476828005607,0.0229496963947298,1000000.0,0.0117435455322265,0.867,0.0455,0.0455,0.0485,0.195
A,4,Mean imputation,0.7141101738151449,0.0701979480484331,1000000.0,0.0034476828005606,0.0219052240238244,1000000.0,0.0242304801940917,0.867,0.0455,0.0455,0.0485,0.195
A,4,KNN (k=5),0.7280620913740381,0.0703389011424543,1000000.0,0.0068716354584866,0.0221350451089096,1000000.0,0.0601530075073242,0.867,0.0455,0.0455,0.0485,0.195
A,4,MissForest (single),0.7273790509316929,0.0704464873686086,1000000.0,0.0031891993806872,0.0221301589360661,1000000.0,3.207465410232544,0.867,0.0455,0.0455,0.0485,0.195
A,4,MI without outcome,0.695171939743471,0.070220343883622,5583.341116700124,0.0042684680193688,0.022611315618814,25020.09237474728,1.4991357326507568,0.867,0.0455,0.0455,0.0485,0.195
A,4,MI with outcome,0.6949107229936485,0.0702968637735888,5699.690747060672,0.0042748623513281,0.0226115061929475,25043.124106580904,1.4782888889312744,0.867,0.0455,0.0455,0.0485,0.195
A,5,Complete-case,0.6177101978481169,0.0705097997435537,1000000.0,-0.0002134792694834,0.0229126771384802,1000000.0,0.0136723518371582,0.872,0.042,0.055,0.0405,0.1935
A,5,Mean imputation,0.6176792075172629,0.0678599368847652,1000000.0,-0.0002134792694834,0.0219501039938826,1000000.0,0.0368707180023193,0.872,0.042,0.055,0.0405,0.1935
A,5,KNN (k=5),0.6311149858599504,0.0679750955832031,1000000.0,0.0025224264455546,0.0221438297028073,1000000.0,0.072319746017456,0.872,0.042,0.055,0.0405,0.1935
A,5,MissForest (single),0.6318949196178859,0.0680226658387865,1000000.0,0.0010916941711512,0.0221500847513574,1000000.0,3.260282278060913,0.872,0.042,0.055,0.0405,0.1935
A,5,MI without outcome,0.6224975488655409,0.0675822869069857,37586.29220539621,-0.0001644822745566,0.0227618035474066,8167.708041081137,1.4143640995025637,0.872,0.042,0.055,0.0405,0.1935
A,5,MI with outcome,0.6190816796527714,0.0676243878368159,36363.004837463166,-1.651330201514552e-05,0.0227633894070079,8136.29920987568,1.5057361125946045,0.872,0.042,0.055,0.0405,0.1935
A,6,Complete-case,0.53717918958791,0.0740093735990017,1000000.0,0.0315227878978646,0.0233304225397651,1000000.0,0.0077860355377197,0.8355,0.054,0.056,0.0625,0.1775
A,6,Mean imputation,0.5386522997783226,0.0682344557935952,1000000.0,0.0315227878978646,0.0220702646021047,1000000.0,0.0315718650817871,0.8355,0.054,0.056,0.0625,0.1775
A,6,KNN (k=5),0.5659533533918014,0.0681817572731411,1000000.0,0.0268175374019899,0.0223593871142127,1000000.0,0.0908944606781005,0.8355,0.054,0.056,0.0625,0.1775
A,6,MissForest (single),0.5629381095519019,0.0685642476175816,1000000.0,0.0271767775636678,0.0223246358629958,1000000.0,3.535184621810913,0.8355,0.054,0.056,0.0625,0.1775
A,6,MI without outcome,0.5454159827500585,0.0679051519830561,11604.94989710299,0.027003022124296,0.0234732629812942,1958.337871871592,1.4759948253631592,0.8355,0.054,0.056,0.0625,0.1775
A,6,MI with outcome,0.5349996186626658,0.0679273095775571,10312.430623882912,0.026788348373984,0.0234724624044177,1966.7756357255184,1.6028821468353271,0.8355,0.054,0.056,0.0625,0.1775
A,7,Complete-case,0.6297780991857348,0.0766267940697372,1000000.0,-0.0187393950997764,0.0227517971703799,1000000.0,0.0102088451385498,0.853,0.05,0.053,0.0505,0.177
A,7,Mean imputation,0.6017705242903737,0.0704603825010067,1000000.0,-0.0187393950997764,0.0216139227702534,1000000.0,0.0134000778198242,0.853,0.05,0.053,0.0505,0.177
A,7,KNN (k=5),0.6412523383046819,0.0710814333759263,1000000.0,-0.0189169587636187,0.0218640718515833,1000000.0,0.0925807952880859,0.853,0.05,0.053,0.0505,0.177
A,7,MissForest (single),0.6428132849578418,0.0710996265856738,1000000.0,-0.0192683103531914,0.0219101767427077,1000000.0,3.6268186569213863,0.853,0.05,0.053,0.0505,0.177
A,7,MI without outcome,0.6283482309627957,0.0705912899758019,15674.684003736009,-0.0174446540545731,0.0224125889891748,26267.16239770377,1.8475773334503172,0.853,0.05,0.053,0.0505,0.177
A,7,MI with outcome,0.6214626529560083,0.0705844522061545,16061.502875181584,-0.0176897607880922,0.0224087770494174,26402.791328321284,2.974644899368286,0.853,0.05,0.053,0.0505,0.177
A,8,Complete-case,0.6220594714220135,0.0768038380204284,1000000.0,0.0242552244034627,0.0225526705718849,1000000.0,0.009911298751831,0.857,0.046,0.0525,0.051,0.179
A,8,Mean imputation,0.6091625693958138,0.0707508196069993,1000000.0,0.0242552244034627,0.0215149882385591,1000000.0,0.0179774761199951,0.857,0.046,0.0525,0.051,0.179
A,8,KNN (k=5),0.6258625445694755,0.070873408751127,1000000.0,0.0237749992779975,0.0217286455432706,1000000.0,0.0936007499694824,0.857,0.046,0.0525,0.051,0.179
A,8,MissForest (single),0.6236026210523596,0.0711483709253773,1000000.0,0.024778608355755,0.0217333470437837,1000000.0,3.448637008666992,0.857,0.046,0.0525,0.051,0.179
A,8,MI without outcome,0.611641721522843,0.0703451631817476,21683.244962332585,0.0241713097753642,0.0222918938941447,16259.26104994087,1.7031898498535156,0.857,0.046,0.0525,0.051,0.179
A,8,MI with outcome,0.6079923162780604,0.0704162373703229,21544.49978688296,0.0241638690672121,0.0222922914608288,16266.76743852626,2.5931236743927,0.857,0.046,0.0525,0.051,0.179
A,9,Complete-case,0.5822112739121166,0.0727247755477691,1000000.0,0.0037394059519274,0.0225297315387786,1000000.0,0.0080995559692382,0.8715,0.04,0.0515,0.047,0.194
A,9,Mean imputation,0.6004969507042295,0.0690752331840293,1000000.0,0.0037394059519275,0.0216283168660325,1000000.0,0.0121474266052246,0.8715,0.04,0.0515,0.047,0.194
A,9,KNN (k=5),0.6058388683310684,0.0690050121950159,1000000.0,-0.0026029843229299,0.0218405034177608,1000000.0,0.0747702121734619,0.8715,0.04,0.0515,0.047,0.194
A,9,MissForest (single),0.614030984139919,0.0693626033880042,1000000.0,0.0004481600127712,0.0217722201767412,1000000.0,3.5531837940216064,0.8715,0.04,0.0515,0.047,0.194
A,9,MI without outcome,0.6013083133593702,0.0690545531047835,12553.54558031864,-0.0015382451191923,0.022280337239905,20781.14786993802,2.131885766983032,0.8715,0.04,0.0515,0.047,0.194
A,9,MI with outcome,0.5938357778284667,0.0691304915976973,11807.607290960415,-0.0017414745684689,0.0222807911617495,20844.63901233721,3.0834031105041504,0.8715,0.04,0.0515,0.047,0.194
A,10,Complete-case,0.5977717333415821,0.0709441667440435,1000000.0,0.0035670180121625,0.0234408310539389,1000000.0,0.0076725482940673,0.8655,0.049,0.0525,0.043,0.1845
A,10,Mean imputation,0.6549436911216783,0.0673271113107108,1000000.0,0.0035670180121625,0.0222919430366173,1000000.0,0.0111052989959716,0.8655,0.049,0.0525,0.043,0.1845
A,10,KNN (k=5),0.6554615266273428,0.0670702236293835,1000000.0,-0.0016314541940142,0.0224935042346553,1000000.0,0.0767574310302734,0.8655,0.049,0.0525,0.043,0.1845
A,10,MissForest (single),0.6651574615435876,0.0675052079658713,1000000.0,0.00107828399074,0.0224834252099679,1000000.0,3.4465887546539307,0.8655,0.049,0.0525,0.043,0.1845
A,10,MI without outcome,0.6521549059711523,0.0676354136423822,5280.382459156645,0.0012523183498525,0.0232358835720177,6789.242728487429,2.040633201599121,0.8655,0.049,0.0525,0.043,0.1845
A,10,MI with outcome,0.6505271247247564,0.0676964588179508,5238.500732046288,0.0012626917951259,0.0232362116438954,6773.46574440684,2.9635872840881348,0.8655,0.049,0.0525,0.043,0.1845
A,11,Complete-case,0.5445433848280662,0.0738888021821015,1000000.0,0.0182123659983188,0.0224021164230266,1000000.0,0.0068976879119873,0.86,0.046,0.054,0.045,0.187
A,11,Mean imputation,0.5337635320992163,0.0689138120633118,1000000.0,0.0182123659983188,0.0213713613127976,1000000.0,0.0103588104248046,0.86,0.046,0.054,0.045,0.187
A,11,KNN (k=5),0.5554204155150141,0.0690268528063192,1000000.0,0.0220168107576185,0.021660256778316,1000000.0,0.0547759532928466,0.86,0.046,0.054,0.045,0.187
A,11,MissForest (single),0.540248536734317,0.0687979263882796,1000000.0,0.0188085731137939,0.0216547828465278,1000000.0,3.3413217067718506,0.86,0.046,0.054,0.045,0.187
A,11,MI without outcome,0.523660337688728,0.0702980033029688,1475.4396350901795,0.0198364156912698,0.022253568764638,11399.13806094258,2.154655694961548,0.86,0.046,0.054,0.045,0.187
A,11,MI with outcome,0.512858071052869,0.0703329389826739,1376.5847986977765,0.0197239905732805,0.0222603245391006,11472.947055457753,2.8662445545196533,0.86,0.046,0.054,0.045,0.187
A,12,Complete-case,0.6197031218969896,0.0744045107002871,1000000.0,0.0117158711957898,0.0228374849093051,1000000.0,0.0069446563720703,0.8605,0.054,0.043,0.0515,0.1925
A,12,Mean imputation,0.6278381496542612,0.0693909795778125,1000000.0,0.0117158711957898,0.0216039522617242,1000000.0,0.0109350681304931,0.8605,0.054,0.043,0.0515,0.1925
A,12,KNN (k=5),0.6468391348441814,0.0694070447046434,1000000.0,0.0120440693837319,0.0218824471708535,1000000.0,0.0576710700988769,0.8605,0.054,0.043,0.0515,0.1925
A,12,MissForest (single),0.6686976611266441,0.0700748413597901,1000000.0,0.0139538332803215,0.0219179808160353,1000000.0,3.755130052566528,0.8605,0.054,0.043,0.0515,0.1925
A,12,MI without outcome,0.6507363174947246,0.0711936250799652,1616.040242427953,0.0131130134907647,0.022536928969612,12725.245641683156,2.01778507232666,0.8605,0.054,0.043,0.0515,0.1925
A,12,MI with outcome,0.643256508647929,0.071259513573087,1537.1640458865809,0.0130293768840583,0.0225356060697467,12691.434141739484,2.76794695854187,0.8605,0.054,0.043,0.0515,0.1925
A,13,Complete-case,0.6284031566384095,0.0699059779602615,1000000.0,0.0096727138092897,0.0233271659386028,1000000.0,0.0082778930664062,0.8525,0.046,0.0585,0.0515,0.2035
A,13,Mean imputation,0.6566688974133797,0.066730452838517,1000000.0,0.0096727138092897,0.022253847907202,1000000.0,0.0126166343688964,0.8525,0.046,0.0585,0.0515,0.2035
A,13,KNN (k=5),0.6749153726378864,0.0671397188684843,1000000.0,0.0071019174850809,0.0224833009933571,1000000.0,0.0615420341491699,0.8525,0.046,0.0585,0.0515,0.2035
A,13,MissForest (single),0.6812539201992983,0.0671926577674436,1000000.0,0.0059867852630584,0.0225137044293588,1000000.0,3.9552314281463614,0.8525,0.046,0.0585,0.0515,0.2035
A,13,MI without outcome,0.66653220905017,0.0664595035610714,42714.53020995375,0.0037006865466463,0.0231466581761301,7206.857480820245,2.5620932579040527,0.8525,0.046,0.0585,0.0515,0.2035
A,13,MI with outcome,0.6642161967573001,0.0666067796077695,39197.83880891939,0.003736789275811,0.0231461609060038,7197.444364404853,2.698695421218872,0.8525,0.046,0.0585,0.0515,0.2035
A,14,Complete-case,0.5674386699107554,0.0735939558065271,1000000.0,-0.0103066364825254,0.0231282263582413,1000000.0,0.011115550994873,0.864,0.0505,0.0465,0.0475,0.1875
A,14,Mean imputation,0.5585519724074042,0.0685026426169041,1000000.0,-0.0103066364825254,0.0219599587852792,1000000.0,0.0157103538513183,0.864,0.0505,0.0465,0.0475,0.1875
A,14,KNN (k=5),0.5845837201419476,0.0686685380726053,1000000.0,-0.0144739352677836,0.022242674674959,1000000.0,0.0855038166046142,0.864,0.0505,0.0465,0.0475,0.1875
A,14,MissForest (single),0.5868758017236309,0.069002425453381,1000000.0,-0.0120406822957916,0.0222531909973323,1000000.0,5.406159400939941,0.864,0.0505,0.0465,0.0475,0.1875
A,14,MI without outcome,0.5640109132800324,0.0678748104574167,25598.336824222897,-0.0146450601158562,0.022875433540803,11262.479786182254,2.064371347427368,0.864,0.0505,0.0465,0.0475,0.1875
A,14,MI with outcome,0.554022971128445,0.0678850759474037,24113.74960665505,-0.015205456368402,0.02287713638727,11286.779179446885,2.6632869243621826,0.864,0.0505,0.0465,0.0475,0.1875
A,15,Complete-case,0.5375618925319655,0.0715254992269102,1000000.0,0.0263186342076347,0.0223505552032308,1000000.0,0.0178606510162353,0.8475,0.053,0.054,0.0515,0.203
A,15,Mean imputation,0.5504274225582914,0.0672965574348632,1000000.0,0.0263186342076347,0.0211656794823828,1000000.0,0.0255630016326904,0.8475,0.053,0.054,0.0515,0.203
A,15,KNN (k=5),0.5727241335005663,0.0673085549109001,1000000.0,0.024790353170123,0.0214419354226702,1000000.0,0.1406781673431396,0.8475,0.053,0.054,0.0515,0.203
A,15,MissForest (single),0.5695533319734328,0.0675056517395143,1000000.0,0.0260695788648154,0.0214359524368567,1000000.0,5.737509250640869,0.8475,0.053,0.054,0.0515,0.203
A,15,MI without outcome,0.5520774695529145,0.0679856021348355,2982.1002742463043,0.0280920699243136,0.0221974489687989,6043.5479498432405,2.166916608810425,0.8475,0.053,0.054,0.0515,0.203
A,15,MI with outcome,0.5439786778502551,0.0679867335512073,2810.040974621259,0.0282669511495653,0.0221992736780076,6063.803546324807,2.6803150177001958,0.8475,0.053,0.054,0.0515,0.203
A,16,Complete-case,0.593794543125407,0.0706369734368478,1000000.0,0.0116902391044268,0.0224718687216688,1000000.0,0.0114800930023193,0.8615,0.0455,0.0575,0.0435,0.2165
A,16,Mean imputation,0.6417443749054617,0.0676817589426766,1000000.0,0.0116902391044268,0.0214491429479288,1000000.0,0.0254914760589599,0.8615,0.0455,0.0575,0.0435,0.2165
A,16,KNN (k=5),0.6586643417467194,0.0675756328531604,1000000.0,0.0066418172665907,0.0216740827645225,1000000.0,0.1119582653045654,0.8615,0.0455,0.0575,0.0435,0.2165
A,16,MissForest (single),0.6500745895775097,0.067591094529304,1000000.0,0.0068111438428156,0.0216708417537912,1000000.0,5.562829971313477,0.8615,0.0455,0.0575,0.0435,0.2165
A,16,MI without outcome,0.6356897261145873,0.0677944464228068,3580.3604137816023,0.0052689768787306,0.02238051217118,7563.032460899121,2.256626605987549,0.8615,0.0455,0.0575,0.0435,0.2165
A,16,MI with outcome,0.6325967179469267,0.0678824881688573,3489.357487539545,0.005237123008203,0.0223815831308987,7550.355438883791,2.733677625656128,0.8615,0.0455,0.0575,0.0435,0.2165
A,17,Complete-case,0.5790167804915681,0.0709068617646654,1000000.0,-0.0076295002087114,0.0230244991728505,1000000.0,0.0262548923492431,0.8535,0.048,0.0455,0.063,0.2015
A,17,Mean imputation,0.5442022597161716,0.066108935344005,1000000.0,-0.0076295002087114,0.0219190467786044,1000000.0,0.0239200592041015,0.8535,0.048,0.0455,0.063,0.2015
A,17,KNN (k=5),0.5492426192273809,0.0661049462898037,1000000.0,-0.0061280716080767,0.0221712619704677,1000000.0,0.0902128219604492,0.8535,0.048,0.0455,0.063,0.2015
A,17,MissForest (single),0.5590554496913396,0.0662661361550416,1000000.0,-0.003949726201589,0.0222387867211778,1000000.0,5.826650619506836,0.8535,0.048,0.0455,0.063,0.2015
A,17,MI without outcome,0.5442935183162863,0.0662930536186807,5443.362826128204,-0.0038900029083858,0.0227587220324218,15281.066555514875,2.2074007987976074,0.8535,0.048,0.0455,0.063,0.2015
A,17,MI with outcome,0.5372998004129842,0.0663404411689985,5032.089323488347,-0.0038119342831736,0.0227622556852731,15294.162690810925,2.8917181491851807,0.8535,0.048,0.0455,0.063,0.2015
A,18,Complete-case,0.5946390707039052,0.0725348172784185,1000000.0,-0.0302930093764813,0.0229682523154856,1000000.0,0.023653507232666,0.857,0.053,0.0485,0.0465,0.191
A,18,Mean imputation,0.5742975931487407,0.0683391351811078,1000000.0,-0.0302930093764813,0.0217506304590497,1000000.0,0.0223486423492431,0.857,0.053,0.0485,0.0465,0.191
A,18,KNN (k=5),0.6064471210116185,0.0686836216323057,1000000.0,-0.0281612215205564,0.0219975888720898,1000000.0,0.0844011306762695,0.857,0.053,0.0485,0.0465,0.191
A,18,MissForest (single),0.6028384646812839,0.0685848848723697,1000000.0,-0.0288244997134315,0.022036505629935,1000000.0,5.791564464569092,0.857,0.053,0.0485,0.0465,0.191
A,18,MI without outcome,0.6039398064053275,0.0683188154634585,12897.202709537543,-0.0268706889825415,0.0227283327127097,6919.707551893465,2.3274545669555664,0.857,0.053,0.0485,0.0465,0.191
A,18,MI with outcome,0.5938637510562076,0.0683326770129319,11939.627245710944,-0.0269934904799417,0.0227213169813814,6973.712733711998,2.6078150272369385,0.857,0.053,0.0485,0.0465,0.191
A,19,Complete-case,0.5618902241827093,0.0703541458483264,1000000.0,-0.0038869349567801,0.0233834302507707,1000000.0,0.024125337600708,0.8575,0.0505,0.0445,0.0555,0.185
A,19,Mean imputation,0.5556857099393555,0.0659699868169334,1000000.0,-0.0038869349567801,0.0222022716576535,1000000.0,0.0230131149291992,0.8575,0.0505,0.0445,0.0555,0.185
A,19,KNN (k=5),0.5775456945969387,0.0659866788621835,1000000.0,-0.0053939201075413,0.0225167506216784,1000000.0,0.0799357891082763,0.8575,0.0505,0.0445,0.0555,0.185
A,19,MissForest (single),0.5796598183907387,0.0660709243669572,1000000.0,-0.0054218748405219,0.0225128687567725,1000000.0,5.609545230865479,0.8575,0.0505,0.0445,0.0555,0.185
A,19,MI without outcome,0.5741143816483821,0.065259660460781,63099.97388360858,-0.0076683471209578,0.0231746864336816,11610.237303242902,2.36104679107666,0.8575,0.0505,0.0445,0.0555,0.185
A,19,MI with outcome,0.5677698319021796,0.0652314004797241,62844.12596665857,-0.0077810141307036,0.023174273208443,11626.24341876252,3.276283502578736,0.8575,0.0505,0.0445,0.0555,0.185
A,20,Complete-case,0.6937377478336362,0.0764836989472604,1000000.0,-0.0237865571727794,0.0227366669243976,1000000.0,0.0201690196990966,0.858,0.054,0.0515,0.0475,0.1915
A,20,Mean imputation,0.6649002451269475,0.0710395274864157,1000000.0,-0.0237865571727794,0.021508579809735,1000000.0,0.0447657108306884,0.858,0.054,0.0515,0.0475,0.1915
A,20,KNN (k=5),0.6855290370666565,0.0711433440843736,1000000.0,-0.0323517822556781,0.0217592273509625,1000000.0,0.0903897285461425,0.858,0.054,0.0515,0.0475,0.1915
A,20,MissForest (single),0.6861956057963081,0.0715803334089623,1000000.0,-0.0286116723179183,0.0217185652478089,1000000.0,5.817397117614746,0.858,0.054,0.0515,0.0475,0.1915
A,20,MI without outcome,0.6687105178238449,0.0715327390738675,3787.204961695295,-0.0298919709299859,0.0224508098775966,9053.422095818712,2.201519250869751,0.858,0.054,0.0515,0.0475,0.1915
A,20,MI with outcome,0.6665061862834245,0.0716204716004429,3699.750984694736,-0.0298871602313968,0.0224513770647005,9022.536939312811,3.388375997543335,0.858,0.054,0.0515,0.0475,0.1915
A,21,Complete-case,0.6028494017490427,0.074445481111367,1000000.0,0.0012791270267301,0.0226783469439574,1000000.0,0.0341427326202392,0.855,0.047,0.0505,0.0535,0.183
A,21,Mean imputation,0.6275014691692815,0.0714448545824926,1000000.0,0.0012791270267301,0.0216121980320685,1000000.0,0.0668754577636718,0.855,0.047,0.0505,0.0535,0.183
A,21,KNN (k=5),0.6518805599167894,0.0717425410827802,1000000.0,0.0001401338843425,0.0218374951285755,1000000.0,0.1616389751434326,0.855,0.047,0.0505,0.0535,0.183
A,21,MissForest (single),0.653734227724062,0.0719120401743785,1000000.0,0.0025769639595123,0.021869073781552,1000000.0,7.968344688415527,0.855,0.047,0.0505,0.0535,0.183
A,21,MI without outcome,0.6272747312381155,0.0716454928826045,6899.614687249029,0.0020950235082323,0.0223572799335841,17447.60877345439,1.9822263717651367,0.855,0.047,0.0505,0.0535,0.183
A,21,MI with outcome,0.6251014307421837,0.0717482371214128,6547.060836325509,0.0021578175107491,0.0223573287465201,17417.8257345372,2.98635482788086,0.855,0.047,0.0505,0.0535,0.183
A,22,Complete-case,0.6408924451906042,0.0710817637704427,1000000.0,-0.0115248028739918,0.023704609121269,1000000.0,0.0114223957061767,0.853,0.0575,0.0475,0.0485,0.199
A,22,Mean imputation,0.6424733493424701,0.0664790918669819,1000000.0,-0.0115248028739918,0.0223412531699766,1000000.0,0.0158219337463378,0.853,0.0575,0.0475,0.0485,0.199
A,22,KNN (k=5),0.6705459221071883,0.0667231970315138,1000000.0,-0.0135145430025359,0.0226870626452603,1000000.0,0.1026465892791748,0.853,0.0575,0.0475,0.0485,0.199
A,22,MissForest (single),0.6778890356622563,0.0669250838968069,1000000.0,-0.013079508099379,0.0226940943881273,1000000.0,7.414040327072143,0.853,0.0575,0.0475,0.0485,0.199
A,22,MI without outcome,0.6622960614108446,0.0660116196608155,30665.575176721773,-0.01340660936992,0.0232347861680829,29587.03771225385,1.8139028549194336,0.853,0.0575,0.0475,0.0485,0.199
A,22,MI with outcome,0.6552203455434742,0.0660429452107338,27142.9663332352,-0.0135590678679303,0.0232324625970133,29703.61143196856,2.3795583248138428,0.853,0.0575,0.0475,0.0485,0.199
A,23,Complete-case,0.6951023587188562,0.0738831251548798,1000000.0,0.0089608791654198,0.0230868571511488,1000000.0,0.0106220245361328,0.869,0.0415,0.045,0.051,0.2025
A,23,Mean imputation,0.6986619811880441,0.0691475477592709,1000000.0,0.0089608791654198,0.0221285129321125,1000000.0,0.0288465023040771,0.869,0.0415,0.045,0.051,0.2025
A,23,KNN (k=5),0.7026312907477601,0.0692801978009141,1000000.0,0.0049818822017883,0.0223953220529604,1000000.0,0.2027051448822021,0.869,0.0415,0.045,0.051,0.2025
A,23,MissForest (single),0.7128253547950341,0.0695707227572224,1000000.0,0.0061996300592428,0.0223520437089383,1000000.0,8.542503833770752,0.869,0.0415,0.045,0.051,0.2025
A,23,MI without outcome,0.6828749386237162,0.0693657838488606,4941.247174359632,0.0066986387887967,0.0228553690084592,18446.4311139332,2.086620330810547,0.869,0.0415,0.045,0.051,0.2025
A,23,MI with outcome,0.6799114997912203,0.0694502938504491,5031.495094324998,0.00674899579583,0.0228552684765675,18532.62930259964,2.272995948791504,0.869,0.0415,0.045,0.051,0.2025
A,24,Complete-case,0.5807675002262642,0.0704955851174463,1000000.0,0.0064558110491256,0.0234152293166924,1000000.0,0.0302016735076904,0.8555,0.046,0.0555,0.05,0.1895
A,24,Mean imputation,0.6244018872107198,0.0676072900507319,1000000.0,0.0064558110491256,0.0223378593566579,1000000.0,0.0373444557189941,0.8555,0.046,0.0555,0.05,0.1895
A,24,KNN (k=5),0.6438598800324958,0.0676903356369644,1000000.0,0.0026523090430331,0.0225945817217636,1000000.0,0.1308155059814453,0.8555,0.046,0.0555,0.05,0.1895
A,24,MissForest (single),0.6406381986584041,0.067745909734003,1000000.0,0.0038804538546458,0.0225863310801539,1000000.0,8.281538724899292,0.8555,0.046,0.0555,0.05,0.1895
A,24,MI without outcome,0.6265210297791494,0.0669571235685291,29735.339793832187,0.0045204707276798,0.0231932132460592,13418.108704621078,2.241586923599243,0.8555,0.046,0.0555,0.05,0.1895
A,24,MI with outcome,0.6233828774022661,0.0670961741231932,28637.29477233388,0.0045927812271193,0.0231937975238401,13365.54300006088,2.4085686206817627,0.8555,0.046,0.0555,0.05,0.1895
A,25,Complete-case,0.6895136436994223,0.0760976236323454,1000000.0,0.0048221432970725,0.0230792974214021,1000000.0,0.0184073448181152,0.863,0.0465,0.052,0.0455,0.19
A,25,Mean imputation,0.6684150680477015,0.0709460725578943,1000000.0,0.0048221432970725,0.0220058416586216,1000000.0,0.0478725433349609,0.863,0.0465,0.052,0.0455,0.19
A,25,KNN (k=5),0.6993670084368248,0.071538225471994,1000000.0,0.0078338289508902,0.0222708290999856,1000000.0,0.1314063072204589,0.863,0.0465,0.052,0.0455,0.19
A,25,MissForest (single),0.7074532731949874,0.0719387477329577,1000000.0,0.0065588863539332,0.0222108256295186,1000000.0,7.297348976135254,0.863,0.0465,0.052,0.0455,0.19
A,25,MI without outcome,0.6986079519986094,0.0718604599560131,4898.307821482433,0.0066198803489075,0.0228593385038401,10024.81701754,2.167015552520752,0.863,0.0465,0.052,0.0455,0.19
A,25,MI with outcome,0.695044135269727,0.0719480912140507,4896.467572195553,0.0066588061226871,0.022857594147164,10017.170912993048,2.3115170001983643,0.863,0.0465,0.052,0.0455,0.19
A,26,Complete-case,0.5261356612201451,0.0721629875702286,1000000.0,-0.0007141372908131,0.023276617824514,1000000.0,0.0375807285308837,0.8595,0.05,0.0525,0.05,0.188
A,26,Mean imputation,0.5353939115697867,0.0685954917042492,1000000.0,-0.0007141372908131,0.0221124958280977,1000000.0,0.0234134197235107,0.8595,0.05,0.0525,0.05,0.188
A,26,KNN (k=5),0.5670720798555261,0.0688298923083847,1000000.0,-0.0001792734596749,0.0223796779256925,1000000.0,0.1592335700988769,0.8595,0.05,0.0525,0.05,0.188
A,26,MissForest (single),0.5627616632176661,0.068915120250583,1000000.0,-0.0030358760284008,0.0223682205367765,1000000.0,7.545300483703613,0.8595,0.05,0.0525,0.05,0.188
A,26,MI without outcome,0.5605990953991646,0.0682985248794273,33765.55157421283,-0.0024540900281365,0.0229250705887827,16608.84032045715,2.2637951374053955,0.8595,0.05,0.0525,0.05,0.188
A,26,MI with outcome,0.5544194448508161,0.0683532449723359,31250.83676756161,-0.002586888717495,0.0229210072305776,16699.873283713354,2.335822582244873,0.8595,0.05,0.0525,0.05,0.188
A,27,Complete-case,0.6836494567037121,0.07721838016923,1000000.0,0.0239198025358216,0.0228015291793802,1000000.0,0.0250041484832763,0.853,0.0545,0.053,0.0485,0.1865
A,27,Mean imputation,0.6756737497387432,0.0720056091027817,1000000.0,0.0239198025358216,0.021558535010615,1000000.0,0.0280303955078125,0.853,0.0545,0.053,0.0485,0.1865
A,27,KNN (k=5),0.707632558874552,0.0724061285589817,1000000.0,0.0255202999407374,0.021800370164772,1000000.0,0.1380136013031005,0.853,0.0545,0.053,0.0485,0.1865
A,27,MissForest (single),0.6977012491795177,0.0721735949039257,1000000.0,0.0234444772240719,0.0217994249007807,1000000.0,7.120388269424439,0.853,0.0545,0.053,0.0485,0.1865
A,27,MI without outcome,0.6737854412200994,0.0744663251220646,813.0180762981346,0.0235470404149975,0.0224683692076383,11479.66859859602,2.0383620262146,0.853,0.0545,0.053,0.0485,0.1865
A,27,MI with outcome,0.6724749325957765,0.0745851177910819,802.937225084593,0.0235436990752779,0.022469067247077,11445.271131877827,2.5088818073272705,0.853,0.0545,0.053,0.0485,0.1865
A,28,Complete-case,0.548586746779539,0.0717621411736658,1000000.0,-0.0111848737878645,0.0227026399553425,1000000.0,0.0113246440887451,0.864,0.046,0.046,0.0505,0.1935
A,28,Mean imputation,0.5671720597166349,0.067714250186747,1000000.0,-0.0111848737878644,0.0216580573048566,1000000.0,0.0162923336029052,0.864,0.046,0.046,0.0505,0.1935
A,28,KNN (k=5),0.5949846440606992,0.0681516453023568,1000000.0,-0.0092614839816389,0.0218653447006552,1000000.0,0.0762734413146972,0.864,0.046,0.046,0.0505,0.1935
A,28,MissForest (single),0.6002689713908363,0.068287981838914,1000000.0,-0.0060354151461174,0.0218709584210787,1000000.0,5.614261865615845,0.864,0.046,0.046,0.0505,0.1935
A,28,MI without outcome,0.5800142943436735,0.0694612356599953,1603.9514744321818,-0.0076981480382183,0.0225342665913537,6450.174705688177,1.7682483196258545,0.864,0.046,0.046,0.0505,0.1935
A,28,MI with outcome,0.5764233325334446,0.0695941432011415,1560.8950026417128,-0.0077859661972274,0.0225343735260242,6422.732314532021,2.1429121494293213,0.864,0.046,0.046,0.0505,0.1935
A,29,Complete-case,0.6150860454518634,0.0743930135990854,1000000.0,-0.0139801842154627,0.0231702209582796,1000000.0,0.0110552310943603,0.8465,0.0575,0.0515,0.0535,0.181
A,29,Mean imputation,0.6212716568242689,0.0696799521375071,1000000.0,-0.0139801842154627,0.0218376000120904,1000000.0,0.0201697349548339,0.8465,0.0575,0.0515,0.0535,0.181
A,29,KNN (k=5),0.6505710666942769,0.0700977428120579,1000000.0,-0.0128780465452391,0.0221545855940376,1000000.0,0.1062431335449218,0.8465,0.0575,0.0515,0.0535,0.181
A,29,MissForest (single),0.6536766117038706,0.0702229614366029,1000000.0,-0.0169701087628095,0.02216764844909,1000000.0,5.994614601135254,0.8465,0.0575,0.0515,0.0535,0.181
A,29,MI without outcome,0.6469524000798315,0.0701070941510682,5784.8406940854975,-0.0158011918425407,0.0230895397185977,4222.12589219225,2.050877094268799,0.8465,0.0575,0.0515,0.0535,0.181
A,29,MI with outcome,0.6391335000904272,0.0701553543571776,5448.316989632562,-0.0158560500022277,0.0230870385484287,4225.820578750281,2.0748085975646973,0.8465,0.0575,0.0515,0.0535,0.181
A,30,Complete-case,0.5186662752142683,0.0738804384398012,1000000.0,-0.0066763632210165,0.0224007535467694,1000000.0,0.010754108428955,0.8665,0.0465,0.0515,0.043,0.1955
A,30,Mean imputation,0.4992627221731783,0.069481638000555,1000000.0,-0.0066763632210165,0.0213588579662261,1000000.0,0.0173296928405761,0.8665,0.0465,0.0515,0.043,0.1955
A,30,KNN (k=5),0.528936369813069,0.069859729355279,1000000.0,-0.0061056915905555,0.0215765920088343,1000000.0,0.0850486755371093,0.8665,0.0465,0.0515,0.043,0.1955
A,30,MissForest (single),0.5401617815963725,0.0702280375760188,1000000.0,-0.0037724605341795,0.0215687374425746,1000000.0,5.574151039123535,0.8665,0.0465,0.0515,0.043,0.1955
A,30,MI without outcome,0.5270306860910317,0.0689924917164863,25224.304811261256,-0.0054403736839075,0.0221497737475444,16606.52889415067,2.004891157150269,0.8665,0.0465,0.0515,0.043,0.1955
A,30,MI with outcome,0.5214879426903496,0.0690492087416212,23480.76559826841,-0.0055066483812551,0.0221460277982473,16625.806064482244,2.4483792781829834,0.8665,0.0465,0.0515,0.043,0.1955
A,31,Complete-case,0.5841004428460662,0.0701574558853569,1000000.0,0.02485034444889,0.0233015614448143,1000000.0,0.0134577751159667,0.854,0.0485,0.059,0.0485,0.1915
A,31,Mean imputation,0.5982982489126375,0.0666325304260815,1000000.0,0.02485034444889,0.0221711530401699,1000000.0,0.0173449516296386,0.854,0.0485,0.059,0.0485,0.1915
A,31,KNN (k=5),0.5936591048572698,0.0664041635679593,1000000.0,0.0256145670954913,0.0223878006936579,1000000.0,0.0881609916687011,0.854,0.0485,0.059,0.0485,0.1915
A,31,MissForest (single),0.5965546516524401,0.0665808303880128,1000000.0,0.026737961331149,0.0224234905324568,1000000.0,5.634835004806519,0.854,0.0485,0.059,0.0485,0.1915
A,31,MI without outcome,0.5814186168085973,0.0658823711131658,15610.006046847902,0.028534619814665,0.0231248895106866,9770.366532800956,1.9604899883270264,0.854,0.0485,0.059,0.0485,0.1915
A,31,MI with outcome,0.5773329057132341,0.0659258625722661,14763.963792333654,0.0286556950559298,0.0231269483945283,9786.391011026062,2.598384380340576,0.854,0.0485,0.059,0.0485,0.1915
A,32,Complete-case,0.7361923181520788,0.076787067894397,1000000.0,0.0152083465938041,0.0224868680258515,1000000.0,0.0379486083984375,0.8515,0.05,0.055,0.052,0.1865
A,32,Mean imputation,0.7444420462007456,0.0721620950760709,1000000.0,0.0152083465938041,0.0213622433962443,1000000.0,0.0339751243591308,0.8515,0.05,0.055,0.052,0.1865
A,32,KNN (k=5),0.7580559930575936,0.0722785771900185,1000000.0,0.0117247234105108,0.021669828820396,1000000.0,0.143789529800415,0.8515,0.05,0.055,0.052,0.1865
A,32,MissForest (single),0.7515539803102912,0.0722905155291423,1000000.0,0.0119527224035978,0.0217022755480244,1000000.0,5.710984468460083,0.8515,0.05,0.055,0.052,0.1865
A,32,MI without outcome,0.7370998353722407,0.0735642047538512,1671.1154286570554,0.0114370975486695,0.0222071615038029,19052.55045061679,1.8920586109161377,0.8515,0.05,0.055,0.052,0.1865
A,32,MI with outcome,0.7402321969751332,0.0737836248806859,1674.9006598892288,0.0114956177737346,0.0222051581458805,19036.887337794105,2.357475757598877,0.8515,0.05,0.055,0.052,0.1865
A,33,Complete-case,0.661092076084343,0.0728019492933576,1000000.0,0.0164740136443876,0.0225974166715308,1000000.0,0.0249373912811279,0.858,0.0435,0.0455,0.059,0.1925
A,33,Mean imputation,0.65144250917009,0.0692579144821145,1000000.0,0.0164740136443876,0.0216141831750796,1000000.0,0.0192856788635253,0.858,0.0435,0.0455,0.059,0.1925
A,33,KNN (k=5),0.6632616633840905,0.0692453551406463,1000000.0,0.0097095889233198,0.0218298342225678,1000000.0,0.1037089824676513,0.858,0.0435,0.0455,0.059,0.1925
A,33,MissForest (single),0.6578791875584443,0.0692614509513668,1000000.0,0.0117908885121242,0.0218148928547996,1000000.0,5.780325412750244,0.858,0.0435,0.0455,0.059,0.1925
A,33,MI without outcome,0.6412733659746577,0.068685635977011,23791.11456129137,0.0115162091179108,0.0223959044729674,8635.87843334705,1.8561794757843015,0.858,0.0435,0.0455,0.059,0.1925
A,33,MI with outcome,0.6409825080721072,0.0687487251709832,23828.257494836984,0.0115004193834305,0.0223961743516397,8606.213060837776,2.598416805267334,0.858,0.0435,0.0455,0.059,0.1925
A,34,Complete-case,0.6666738678018304,0.0751671021904188,1000000.0,0.0036418064038897,0.0225921382970014,1000000.0,0.0221014022827148,0.8645,0.048,0.044,0.0495,0.1775
A,34,Mean imputation,0.6477722572903375,0.0700556399123096,1000000.0,0.0036418064038898,0.0215074444157548,1000000.0,0.0166027545928955,0.8645,0.048,0.044,0.0495,0.1775
A,34,KNN (k=5),0.6705284120822432,0.0704915992123248,1000000.0,0.0014527426347515,0.0217603860104605,1000000.0,0.0964899063110351,0.8645,0.048,0.044,0.0495,0.1775
A,34,MissForest (single),0.6708250991618653,0.0704519903021371,1000000.0,8.092576216966663e-05,0.021738917527456,1000000.0,5.834911346435547,0.8645,0.048,0.044,0.0495,0.1775
A,34,MI without outcome,0.6536879541619053,0.0712301367731982,2712.579745619286,0.0007130073940612,0.022469717364277,6142.227786063121,1.8749210834503172,0.8645,0.048,0.044,0.0495,0.1775
A,34,MI with outcome,0.6508689325833491,0.0712728157435505,2691.543222195546,0.0006238516257638,0.0224692594369774,6151.890690955757,2.108968496322632,0.8645,0.048,0.044,0.0495,0.1775
A,35,Complete-case,0.5529279527354942,0.0753453790704725,1000000.0,-0.0220210191025835,0.0228581000648705,1000000.0,0.0118734836578369,0.8405,0.06,0.0535,0.0575,0.182
A,35,Mean imputation,0.5694536293671129,0.0695981971155315,1000000.0,-0.0220210191025835,0.0214862710152173,1000000.0,0.0173094272613525,0.8405,0.06,0.0535,0.0575,0.182
A,35,KNN (k=5),0.5892704262282619,0.0694482511653802,1000000.0,-0.0197917766495864,0.0218498618410918,1000000.0,0.0843856334686279,0.8405,0.06,0.0535,0.0575,0.182
A,35,MissForest (single),0.587583717688415,0.0697961499746521,1000000.0,-0.0162632113050661,0.0218456450050551,1000000.0,5.379738569259644,0.8405,0.06,0.0535,0.0575,0.182
A,35,MI without outcome,0.5720298214831017,0.0708137291537538,1450.4050869192108,-0.0180244215652965,0.0229084581850357,2374.369407940689,1.4698381423950195,0.8405,0.06,0.0535,0.0575,0.182
A,35,MI with outcome,0.5669863252314568,0.0709235436739772,1373.6468319463097,-0.0181083789368006,0.0229095714910584,2370.711844082657,2.406803846359253,0.8405,0.06,0.0535,0.0575,0.182
A,36,Complete-case,0.5946337801785032,0.0729543527817744,1000000.0,-0.0138117400661748,0.0220350829173182,1000000.0,0.0200560092926025,0.8545,0.046,0.052,0.0535,0.191
A,36,Mean imputation,0.6002087912810159,0.0686249131175655,1000000.0,-0.0138117400661748,0.021021215571374,1000000.0,0.0180497169494628,0.8545,0.046,0.052,0.0535,0.191
A,36,KNN (k=5),0.5974596501425339,0.0686623411296202,1000000.0,-0.013130330659598,0.0212297110108639,1000000.0,0.0911083221435546,0.8545,0.046,0.052,0.0535,0.191
A,36,MissForest (single),0.5934896945943504,0.0687035917323159,1000000.0,-0.0116890647311606,0.0212267408267382,1000000.0,5.805237054824829,0.8545,0.046,0.052,0.0535,0.191
A,36,MI without outcome,0.5871507372898439,0.0686368081874129,9142.178708015788,-0.0145239327072001,0.0218255688319914,12016.864282104569,2.0929274559021,0.8545,0.046,0.052,0.0535,0.191
A,36,MI with outcome,0.5837871525702132,0.068669215956802,8884.607567539131,-0.0143650646290748,0.021826875876569,12040.199329107583,2.2622361183166504,0.8545,0.046,0.052,0.0535,0.191
A,37,Complete-case,0.6510947854667961,0.0774361952391658,1000000.0,-0.0261802039672794,0.022929130770739,1000000.0,0.0475196838378906,0.8535,0.047,0.051,0.0565,0.167
A,37,Mean imputation,0.6163574642335566,0.0707882299300193,1000000.0,-0.0261802039672794,0.0218511920707891,1000000.0,0.0730533599853515,0.8535,0.047,0.051,0.0565,0.167
A,37,KNN (k=5),0.6273128512524792,0.0710266757154725,1000000.0,-0.0263953044835255,0.0220585465455266,1000000.0,0.2476701736450195,0.8535,0.047,0.051,0.0565,0.167
A,37,MissForest (single),0.6334398085023619,0.0712621893184193,1000000.0,-0.0264263163843586,0.0220849238061875,1000000.0,5.53035044670105,0.8535,0.047,0.051,0.0565,0.167
A,37,MI without outcome,0.6188102130561891,0.0705804251265924,33681.19123595381,-0.0288822032026547,0.0228009390924896,6391.586544961157,1.8855433464050293,0.8535,0.047,0.051,0.0565,0.167
A,37,MI with outcome,0.6135443047026862,0.0706568747686149,29768.81332430152,-0.0287983905300967,0.0227994296316396,6403.117626165478,2.078134775161743,0.8535,0.047,0.051,0.0565,0.167
A,38,Complete-case,0.6365215045427047,0.0731110399041123,1000000.0,-0.0700326699833057,0.0230691583559733,1000000.0,0.0204958915710449,0.86,0.045,0.0555,0.047,0.1835
A,38,Mean imputation,0.6122432376085637,0.06904582064391,1000000.0,-0.0700326699833056,0.0220307865705639,1000000.0,0.0152640342712402,0.86,0.045,0.0555,0.047,0.1835
A,38,KNN (k=5),0.6375668668403266,0.0695190710716683,1000000.0,-0.0687939027340671,0.0222440274931837,1000000.0,0.1116666793823242,0.86,0.045,0.0555,0.047,0.1835
A,38,MissForest (single),0.6342742111673483,0.0695217270621222,1000000.0,-0.0720705260880963,0.0222479861511207,1000000.0,5.538484334945679,0.86,0.045,0.0555,0.047,0.1835
A,38,MI without outcome,0.6182186819321851,0.0698350385471542,3615.2909120476056,-0.0723527700788011,0.0230561586834162,5481.349513615802,1.909339189529419,0.86,0.045,0.0555,0.047,0.1835
A,38,MI with outcome,0.6146906283077398,0.0699415347548604,3539.1497560834146,-0.0724169045707642,0.0230578322826576,5479.447387847047,2.1531903743743896,0.86,0.045,0.0555,0.047,0.1835
A,39,Complete-case,0.5811211700354442,0.0685661829227771,1000000.0,0.0353815547843212,0.022924878512439,1000000.0,0.0180144309997558,0.862,0.0475,0.0545,0.0415,0.212
A,39,Mean imputation,0.5660745808997045,0.064840933935678,1000000.0,0.0353815547843212,0.0218356744122825,1000000.0,0.0185315608978271,0.862,0.0475,0.0545,0.0415,0.212
A,39,KNN (k=5),0.5686086770927911,0.0646626002629119,1000000.0,0.0381845809040263,0.0220501868346801,1000000.0,0.0878269672393798,0.862,0.0475,0.0545,0.0415,0.212
A,39,MissForest (single),0.5699665820978715,0.0647632923879572,1000000.0,0.0343932650793201,0.0220428790391012,1000000.0,4.634450674057007,0.862,0.0475,0.0545,0.0415,0.212
A,39,MI without outcome,0.5607342533720844,0.0651104957278271,6363.831763722949,0.0356514087141238,0.0226953683890719,8015.17889100004,1.8657593727111816,0.862,0.0475,0.0545,0.0415,0.212
A,39,MI with outcome,0.555036144584518,0.0651869730564825,5926.524711223522,0.0356690075475778,0.0226949926898435,8045.447554320361,2.182753562927246,0.862,0.0475,0.0545,0.0415,0.212
A,40,Complete-case,0.581750566949771,0.0781938998882286,1000000.0,-0.023427326976412,0.0225200526277465,1000000.0,0.011096715927124,0.85,0.054,0.0485,0.056,0.182
A,40,Mean imputation,0.5836841185229953,0.0725380493697647,1000000.0,-0.023427326976412,0.0213036656108798,1000000.0,0.0151810646057128,0.85,0.054,0.0485,0.056,0.182
A,40,KNN (k=5),0.6084614580616466,0.0729300522995563,1000000.0,-0.0235189947860534,0.0216127564408451,1000000.0,0.0794708728790283,0.85,0.054,0.0485,0.056,0.182
A,40,MissForest (single),0.607856470426231,0.0729726914043227,1000000.0,-0.0229768525726498,0.0216117016693003,1000000.0,5.33777928352356,0.85,0.054,0.0485,0.056,0.182
A,40,MI without outcome,0.5964078912180509,0.0729053897871757,4082.771976857647,-0.023898187692073,0.0220558753078522,51179.20618038571,1.92903733253479,0.85,0.054,0.0485,0.056,0.182
A,40,MI with outcome,0.590125720614524,0.0730523493877785,3832.4491971033135,-0.0240123033446837,0.0220548269506242,51294.54001261221,2.292999505996704,0.85,0.054,0.0485,0.056,0.182
A,41,Complete-case,0.5933469370737182,0.0766889966731607,1000000.0,-0.0221486550235565,0.0230690643934459,1000000.0,0.0099024772644042,0.856,0.0485,0.0505,0.052,0.1675
A,41,Mean imputation,0.5983511477396796,0.0715892860956852,1000000.0,-0.0221486550235565,0.0219499349162478,1000000.0,0.0152912139892578,0.856,0.0485,0.0505,0.052,0.1675
A,41,KNN (k=5),0.6202417938927152,0.071921787003697,1000000.0,-0.0145081258094374,0.0222064565671913,1000000.0,0.0740630626678466,0.856,0.0485,0.0505,0.052,0.1675
A,41,MissForest (single),0.6178335065485987,0.0719468120571561,1000000.0,-0.0174977576315085,0.0222411254604839,1000000.0,5.259982585906982,0.856,0.0485,0.0505,0.052,0.1675
A,41,MI without outcome,0.6059958213052349,0.0717765894400433,9850.426897891071,-0.0175603966341119,0.0225081280063277,487031.56796682265,1.8931329250335691,0.856,0.0485,0.0505,0.052,0.1675
A,41,MI with outcome,0.6013207479558563,0.0718057773971196,9231.105931338272,-0.0176577965881532,0.0225071569761479,489554.5294463659,2.105665922164917,0.856,0.0485,0.0505,0.052,0.1675
A,42,Complete-case,0.6609273930167882,0.0751753843783387,1000000.0,0.0075955217153839,0.0226754709221086,1000000.0,0.021491527557373,0.856,0.0525,0.0505,0.047,0.194
A,42,Mean imputation,0.6684362342262646,0.0698090398885361,1000000.0,0.0075955217153839,0.0214847109321964,1000000.0,0.0171535015106201,0.856,0.0525,0.0505,0.047,0.194
A,42,KNN (k=5),0.6773270016190186,0.0698402983129265,1000000.0,0.0070965312885688,0.0217898365813294,1000000.0,0.1027307510375976,0.856,0.0525,0.0505,0.047,0.194
A,42,MissForest (single),0.6768060492909,0.06999276055323,1000000.0,0.0070342897632,0.0217722659594668,1000000.0,6.11366868019104,0.856,0.0525,0.0505,0.047,0.194
A,42,MI without outcome,0.6674700437366272,0.0694901326668588,11132.95965013566,0.0088534339081596,0.022552443961939,5988.165086410511,1.9651353359222408,0.856,0.0525,0.0505,0.047,0.194
A,42,MI with outcome,0.665015117010365,0.0696557595076353,10304.149193434783,0.0088366747104772,0.022553097609135,5965.871512845729,2.429654121398926,0.856,0.0525,0.0505,0.047,0.194
A,43,Complete-case,0.7092873740806317,0.0728891140427502,1000000.0,0.0010099982063949,0.023848694844807,1000000.0,0.0111904144287109,0.8785,0.046,0.041,0.042,0.1945
A,43,Mean imputation,0.7113454565138159,0.0679056322833935,1000000.0,0.0010099982063949,0.0227513804831019,1000000.0,0.0174059867858886,0.8785,0.046,0.041,0.042,0.1945
A,43,KNN (k=5),0.7382711919658834,0.0681930127041926,1000000.0,-0.004968939104166,0.0230459479100083,1000000.0,0.0760016441345214,0.8785,0.046,0.041,0.042,0.1945
A,43,MissForest (single),0.7286572750222458,0.0683221168192311,1000000.0,-0.0040625438988095,0.0229883773294427,1000000.0,5.661334037780762,0.8785,0.046,0.041,0.042,0.1945
A,43,MI without outcome,0.7116153888528316,0.0675335947528302,22209.792605381685,-0.006593880062526,0.0236875144177305,10609.058990714604,2.001604557037353,0.8785,0.046,0.041,0.042,0.1945
A,43,MI with outcome,0.7130202293109532,0.0676376348487306,23377.50767244169,-0.0065930232853508,0.0236886678564103,10640.0851251005,2.195565223693848,0.8785,0.046,0.041,0.042,0.1945
A,44,Complete-case,0.7062656969073295,0.0713855971144414,1000000.0,0.0002721526112224,0.0230405221656809,1000000.0,0.0114111900329589,0.876,0.039,0.0505,0.042,0.198
A,44,Mean imputation,0.6470897369476197,0.0664722559371324,1000000.0,0.0002721526112224,0.0221417170426088,1000000.0,0.0166537761688232,0.876,0.039,0.0505,0.042,0.198
A,44,KNN (k=5),0.6654908818369558,0.0666871956484482,1000000.0,0.0022823245763353,0.022340689718127,1000000.0,0.0736420154571533,0.876,0.039,0.0505,0.042,0.198
A,44,MissForest (single),0.655459779953541,0.0665303908403759,1000000.0,0.0025883438773554,0.0223426020049688,1000000.0,5.799164533615112,0.876,0.039,0.0505,0.042,0.198
A,44,MI without outcome,0.649541848133644,0.0677590043188535,2364.558707350014,0.0025533442834896,0.0227760575996597,38570.73746317502,2.1536049842834477,0.876,0.039,0.0505,0.042,0.198
A,44,MI with outcome,0.6454802529527589,0.067832829210126,2245.378826534716,0.0025511026838985,0.0227760821795798,38543.51210457256,2.118319511413574,0.876,0.039,0.0505,0.042,0.198
A,45,Complete-case,0.6777507264859828,0.0759898047710635,1000000.0,-0.0051515242957483,0.0230804041518868,1000000.0,0.0108788013458251,0.87,0.052,0.0435,0.043,0.175
A,45,Mean imputation,0.665223715488551,0.0715117256420116,1000000.0,-0.0051515242957482,0.0218799229385777,1000000.0,0.0166389942169189,0.87,0.052,0.0435,0.043,0.175
A,45,KNN (k=5),0.6851780498540428,0.0718308451045668,1000000.0,-0.0057473798407741,0.0221682180485004,1000000.0,0.0746057033538818,0.87,0.052,0.0435,0.043,0.175
A,45,MissForest (single),0.6920356449532925,0.0720389798154162,1000000.0,-0.0083000712596917,0.0221562740148911,1000000.0,5.437297582626343,0.87,0.052,0.0435,0.043,0.175
A,45,MI without outcome,0.684742334209367,0.0718861395765193,6360.6605476756295,-0.0082441784050976,0.0225953558471384,118358.50101856678,2.103163480758667,0.87,0.052,0.0435,0.043,0.175
A,45,MI with outcome,0.6803507341841322,0.0720098089784549,6136.986191955208,-0.0083178810677558,0.0225935603762296,117805.1377737465,2.1995632648468018,0.87,0.052,0.0435,0.043,0.175
A,46,Complete-case,0.703446472249208,0.0751016058932231,1000000.0,0.0001655086099977,0.0225855964790476,1000000.0,0.0101635456085205,0.866,0.0465,0.0515,0.044,0.2015
A,46,Mean imputation,0.6798154967582539,0.0699439862113718,1000000.0,0.0001655086099977,0.0215351035522662,1000000.0,0.0155856609344482,0.866,0.0465,0.0515,0.044,0.2015
A,46,KNN (k=5),0.7132205669550089,0.0702019852434525,1000000.0,0.0055651379929987,0.0218026082637768,1000000.0,0.0924937725067138,0.866,0.0465,0.0515,0.044,0.2015
A,46,MissForest (single),0.7149972675987862,0.0705983176551314,1000000.0,0.0046779567994053,0.0217914599555732,1000000.0,5.739439964294434,0.866,0.0465,0.0515,0.044,0.2015
A,46,MI without outcome,0.6957196015389655,0.0696861733905349,25338.14908669533,0.006377640058558,0.0224637052064336,8648.575850198458,2.0402016639709477,0.866,0.0465,0.0515,0.044,0.2015
A,46,MI with outcome,0.6930769774547274,0.0697388738993817,23742.041436082905,0.0063694267275526,0.0224642701871527,8646.236756346634,2.042185068130493,0.866,0.0465,0.0515,0.044,0.2015
A,47,Complete-case,0.7150351933943545,0.0760994336183874,1000000.0,-0.0611894681922983,0.0234583635431071,1000000.0,0.0255837440490722,0.8695,0.05,0.0395,0.046,0.1795
A,47,Mean imputation,0.7090850438015851,0.0712679310933105,1000000.0,-0.0611894681922983,0.0222851519877883,1000000.0,0.016251802444458,0.8695,0.05,0.0395,0.046,0.1795
A,47,KNN (k=5),0.741800415441997,0.0718824401070201,1000000.0,-0.0618047559650975,0.0225255910536428,1000000.0,0.0874156951904296,0.8695,0.05,0.0395,0.046,0.1795
A,47,MissForest (single),0.7357444036273577,0.0720779278124339,1000000.0,-0.0608508430235281,0.022492193794027,1000000.0,6.228263854980469,0.8695,0.05,0.0395,0.046,0.1795
A,47,MI without outcome,0.7173659191948099,0.0718987937564951,5435.9825817675965,-0.0623270503774986,0.0230228739288543,31536.11024597705,2.135363817214966,0.8695,0.05,0.0395,0.046,0.1795
A,47,MI with outcome,0.7179782000133014,0.072040720525639,5379.812537558405,-0.0623377985355114,0.0230231376157838,31478.92232255295,2.2436373233795166,0.8695,0.05,0.0395,0.046,0.1795
A,48,Complete-case,0.6116934050470492,0.0723602395100629,1000000.0,-0.0007758711234751,0.0231344217500905,1000000.0,0.0107276439666748,0.8645,0.0525,0.0415,0.0475,0.2055
A,48,Mean imputation,0.5978888190411451,0.0673345505973949,1000000.0,-0.0007758711234751,0.0219195608149245,1000000.0,0.0161037445068359,0.8645,0.0525,0.0415,0.0475,0.2055
A,48,KNN (k=5),0.6342558354062949,0.0676993298247441,1000000.0,0.0004960032591366,0.0221996169470431,1000000.0,0.0821180343627929,0.8645,0.0525,0.0415,0.0475,0.2055
A,48,MissForest (single),0.6346877750971233,0.0678910212318778,1000000.0,-0.0014101122062791,0.0221515842807526,1000000.0,5.928650856018066,0.8645,0.0525,0.0415,0.0475,0.2055
A,48,MI without outcome,0.6229689001567075,0.0674021716651228,11359.48332789944,-0.000572195802165,0.0227072709406736,23927.614124362983,2.043874740600586,0.8645,0.0525,0.0415,0.0475,0.2055
A,48,MI with outcome,0.6172513014686606,0.0674778180914165,10461.236163200429,-0.0008002344209063,0.0227037851388173,23963.286106388256,2.125551700592041,0.8645,0.0525,0.0415,0.0475,0.2055
A,49,Complete-case,0.7317863406215729,0.0755899770479989,1000000.0,0.0088168916228923,0.0230363869357559,1000000.0,0.0117139816284179,0.8515,0.053,0.045,0.057,0.1845
A,49,Mean imputation,0.7194674226122658,0.0706228020888764,1000000.0,0.0088168916228923,0.021815153041204,1000000.0,0.0172100067138671,0.8515,0.053,0.045,0.057,0.1845
A,49,KNN (k=5),0.7471127821835464,0.0711201780194199,1000000.0,0.0124015498409505,0.0220818442115169,1000000.0,0.0802078247070312,0.8515,0.053,0.045,0.057,0.1845
A,49,MissForest (single),0.7546455740356174,0.071430559469772,1000000.0,0.0106863559186141,0.0220707511319935,1000000.0,5.592804908752441,0.8515,0.053,0.045,0.057,0.1845
A,49,MI without outcome,0.7357535547569027,0.0704809410349869,19079.05016477949,0.0115214377047197,0.0231975745611451,2005.9671555263128,1.7377901077270508,0.8515,0.053,0.045,0.057,0.1845
A,49,MI with outcome,0.7352479588500673,0.0705576169789637,19584.448946703546,0.0115216120330735,0.0231990692114592,2001.3201120903943,2.177367210388184,0.8515,0.053,0.045,0.057,0.1845
A,50,Complete-case,0.6497618801926203,0.0746349848935588,1000000.0,0.0070271070709917,0.0226258648732583,1000000.0,0.0133421421051025,0.863,0.0505,0.0375,0.054,0.176
A,50,Mean imputation,0.6740735023654015,0.0709966376971468,1000000.0,0.0070271070709916,0.0214829729008165,1000000.0,0.0218837261199951,0.863,0.0505,0.0375,0.054,0.176
A,50,KNN (k=5),0.6819847567481758,0.0710463657757156,1000000.0,-0.0003016500197514,0.0217864772338643,1000000.0,0.0810620784759521,0.863,0.0505,0.0375,0.054,0.176
A,50,MissForest (single),0.67327845171453,0.0707473246796361,1000000.0,-0.0036269389482643,0.0217906873120662,1000000.0,5.873274564743042,0.863,0.0505,0.0375,0.054,0.176
A,50,MI without outcome,0.6593885987587798,0.0701852167389695,21276.249054756936,-0.0028757615999787,0.0223286813183561,22477.984591175733,1.9641366004943848,0.863,0.0505,0.0375,0.054,0.176
A,50,MI with outcome,0.6556215437527632,0.0702076212548778,19530.247051752725,-0.0028605209357243,0.0223323964945258,22475.671292157876,2.293290138244629,0.863,0.0505,0.0375,0.054,0.176
A,51,Complete-case,0.6161873767766238,0.0717869263588215,1000000.0,-0.0222371800416261,0.0233466613922533,1000000.0,0.0111691951751708,0.857,0.0535,0.0455,0.051,0.194
A,51,Mean imputation,0.6241805031940774,0.0676320562546149,1000000.0,-0.0222371800416261,0.0220973025877542,1000000.0,0.0322756767272949,0.857,0.0535,0.0455,0.051,0.194
A,51,KNN (k=5),0.640717945501991,0.0676737663689695,1000000.0,-0.0280517806356676,0.0223808258019675,1000000.0,0.0702638626098632,0.857,0.0535,0.0455,0.051,0.194
A,51,MissForest (single),0.6399517567236851,0.0678283670214863,1000000.0,-0.0274271010218232,0.0223782211553484,1000000.0,6.05091118812561,0.857,0.0535,0.0455,0.051,0.194
A,51,MI without outcome,0.6166458885199632,0.0668992822328805,22076.02398708069,-0.0236295529385017,0.022951331625843,20420.437848630438,1.8628666400909424,0.857,0.0535,0.0455,0.051,0.194
A,51,MI with outcome,0.6105013064827847,0.0669012090645441,20391.328931526703,-0.0234732063156157,0.0229521715113934,20507.33651963496,2.2810850143432617,0.857,0.0535,0.0455,0.051,0.194
A,52,Complete-case,0.5146644008859835,0.0705779752690009,1000000.0,0.0341815806809195,0.0229326400248514,1000000.0,0.0114185810089111,0.8525,0.0465,0.0535,0.055,0.1905
A,52,Mean imputation,0.5450482625244504,0.066384926632324,1000000.0,0.0341815806809195,0.0218660055367661,1000000.0,0.0173885822296142,0.8525,0.0465,0.0535,0.055,0.1905
A,52,KNN (k=5),0.5788556770080315,0.0670193640012942,1000000.0,0.0424771580592946,0.0220681666236938,1000000.0,0.0754923820495605,0.8525,0.0465,0.0535,0.055,0.1905
A,52,MissForest (single),0.5774014878498405,0.0670766671090047,1000000.0,0.0416828403209259,0.0220846372374852,1000000.0,5.811997175216675,0.8525,0.0465,0.0535,0.055,0.1905
A,52,MI without outcome,0.5631331808672059,0.0669663146140716,5795.8297738192105,0.0420227905750329,0.0227432972786483,11274.879080348028,1.9613237380981443,0.8525,0.0465,0.0535,0.055,0.1905
A,52,MI with outcome,0.5580916650045753,0.0670339250730472,5541.96486379304,0.0419218724163081,0.0227416814253559,11293.673601612274,2.152063369750977,0.8525,0.0465,0.0535,0.055,0.1905
A,53,Complete-case,0.5797742149561789,0.075200077820964,1000000.0,-0.0372303115951624,0.022600416910205,1000000.0,0.0117771625518798,0.854,0.0525,0.0545,0.049,0.183
A,53,Mean imputation,0.5860082231715796,0.0712861413499398,1000000.0,-0.0372303115951624,0.0214135982415013,1000000.0,0.0160741806030273,0.854,0.0525,0.0545,0.049,0.183
A,53,KNN (k=5),0.6107109404668388,0.071693227578902,1000000.0,-0.033796199336209,0.0216664877744934,1000000.0,0.077674388885498,0.854,0.0525,0.0545,0.049,0.183
A,53,MissForest (single),0.6139634193792057,0.0717961401695014,1000000.0,-0.0347458137618285,0.0216667817388524,1000000.0,5.932117700576782,0.854,0.0525,0.0545,0.049,0.183
A,53,MI without outcome,0.6074120277979678,0.071077579933835,10209.217082982765,-0.0345377848849116,0.0226114085711796,3326.379787828515,1.923807144165039,0.854,0.0525,0.0545,0.049,0.183
A,53,MI with outcome,0.5973148370449,0.0710916902483559,9544.414704452316,-0.0346452605712631,0.0226073776589095,3333.257143469952,2.100881814956665,0.854,0.0525,0.0545,0.049,0.183
A,54,Complete-case,0.6080422129628326,0.0734884954712555,1000000.0,-0.0061668739287545,0.0225674689820142,1000000.0,0.0105185508728027,0.854,0.052,0.05,0.0505,0.189
A,54,Mean imputation,0.6127873832104389,0.0685359373045164,1000000.0,-0.0061668739287545,0.0213936670690772,1000000.0,0.0198819637298584,0.854,0.052,0.05,0.0505,0.189
A,54,KNN (k=5),0.63543079682738,0.0685237548169596,1000000.0,-0.007865295524888,0.0216590665117537,1000000.0,0.081693410873413,0.854,0.052,0.05,0.0505,0.189
A,54,MissForest (single),0.6335792072866788,0.0683940628815003,1000000.0,-0.0072437163057426,0.0216752592617677,1000000.0,5.8098084926605225,0.854,0.052,0.05,0.0505,0.189
A,54,MI without outcome,0.6214420092212348,0.0696005960056018,1993.8459310119397,-0.0059077471640115,0.0221760909865401,27707.005372686963,1.9669618606567385,0.854,0.052,0.05,0.0505,0.189
A,54,MI with outcome,0.617247362872885,0.0696780347953722,1884.1469521826932,-0.0060102264242773,0.0221753581881914,27833.12837138898,2.1824281215667725,0.854,0.052,0.05,0.0505,0.189
A,55,Complete-case,0.5302636287991096,0.0757352653991331,1000000.0,0.0078712552254583,0.0226739744718135,1000000.0,0.0108191967010498,0.8385,0.056,0.051,0.063,0.184
A,55,Mean imputation,0.5153306317121834,0.0700306642245373,1000000.0,0.0078712552254583,0.0214039143045959,1000000.0,0.0144660472869873,0.8385,0.056,0.051,0.063,0.184
A,55,KNN (k=5),0.5389180423294134,0.0705132173454379,1000000.0,0.0086651545630906,0.0216823456070581,1000000.0,0.0715417861938476,0.8385,0.056,0.051,0.063,0.184
A,55,MissForest (single),0.5494382550954154,0.0705639489332329,1000000.0,0.0076027898728601,0.0217253512570343,1000000.0,5.761101245880127,0.8385,0.056,0.051,0.063,0.184
A,55,MI without outcome,0.5438528696613658,0.071003574595721,3725.747379781848,0.0060305760541776,0.022293724098896,15312.506452644768,1.9440176486968996,0.8385,0.056,0.051,0.063,0.184
A,55,MI with outcome,0.537790701268373,0.0710262900518968,3674.213435723954,0.0060362582867308,0.0222912585858042,15283.947284039356,2.087069511413574,0.8385,0.056,0.051,0.063,0.184
A,56,Complete-case,0.5313555384444749,0.0717314061276229,1000000.0,0.0211152444421457,0.0233936257159456,1000000.0,0.0135161876678466,0.8435,0.06,0.047,0.0585,0.1945
A,56,Mean imputation,0.5130630032969111,0.0661772091859077,1000000.0,0.0211152444421457,0.0219896570902606,1000000.0,0.0197479724884033,0.8435,0.06,0.047,0.0585,0.1945
A,56,KNN (k=5),0.5243032779827714,0.0662611402016894,1000000.0,0.0261676161635288,0.022282892365459,1000000.0,0.1129698753356933,0.8435,0.06,0.047,0.0585,0.1945
A,56,MissForest (single),0.5407243880759355,0.0664973019262094,1000000.0,0.0286106849195281,0.0223253988572376,1000000.0,5.40768027305603,0.8435,0.06,0.047,0.0585,0.1945
A,56,MI without outcome,0.5283734952264963,0.0680781132738142,1008.0300650053488,0.0250647228447691,0.023136424550507,5804.391252867571,1.594752311706543,0.8435,0.06,0.047,0.0585,0.1945
A,56,MI with outcome,0.5174731215944925,0.0681831344556977,943.120971147523,0.0249483076166407,0.0231349577567167,5812.146327754577,2.087265729904175,0.8435,0.06,0.047,0.0585,0.1945
A,57,Complete-case,0.4003863967274141,0.0672083956808006,1000000.0,-0.0006740792559007,0.0227454641587016,1000000.0,0.0112490653991699,0.851,0.0475,0.059,0.0495,0.209
A,57,Mean imputation,0.4241917290244014,0.0635554864610232,1000000.0,-0.0006740792559007,0.0216647843719722,1000000.0,0.0165860652923584,0.851,0.0475,0.059,0.0495,0.209
A,57,KNN (k=5),0.4343387070811406,0.0635487579512571,1000000.0,0.003698936761803,0.0219192068001725,1000000.0,0.1024434566497802,0.851,0.0475,0.059,0.0495,0.209
A,57,MissForest (single),0.4281402253372334,0.0634652026679105,1000000.0,0.0009024980853832,0.0219840003394872,1000000.0,5.117506742477417,0.851,0.0475,0.059,0.0495,0.209
A,57,MI without outcome,0.4266982443000849,0.0630396183884987,33574.651779892,-0.0028726118056598,0.022481513344237,20158.18407104292,1.88880467414856,0.851,0.0475,0.059,0.0495,0.209
A,57,MI with outcome,0.4136887632856577,0.0630693351052963,30881.114744209364,-0.0025846522207378,0.0224862083020205,20467.5336820956,2.27917742729187,0.851,0.0475,0.059,0.0495,0.209
A,58,Complete-case,0.5755850148502156,0.0711268411312806,1000000.0,0.0193464156042482,0.0231773964731565,1000000.0,0.0114634037017822,0.845,0.0545,0.0455,0.0635,0.1995
A,58,Mean imputation,0.6074663221841934,0.0660982974007229,1000000.0,0.0193464156042482,0.0219139124130899,1000000.0,0.0173027515411376,0.845,0.0545,0.0455,0.0635,0.1995
A,58,KNN (k=5),0.6156761863684876,0.0664136264858199,1000000.0,0.0224171797140977,0.022194551226874,1000000.0,0.0975263118743896,0.845,0.0545,0.0455,0.0635,0.1995
A,58,MissForest (single),0.6155675795701577,0.0664712044422973,1000000.0,0.022282242129739,0.022183072960172,1000000.0,4.984868049621582,0.845,0.0545,0.0455,0.0635,0.1995
A,58,MI without outcome,0.5987898145931597,0.0660487300225893,8015.714682979757,0.0232031997453481,0.0230506828575435,4113.556440838464,1.651484489440918,0.845,0.0545,0.0455,0.0635,0.1995
A,58,MI with outcome,0.5946161907350114,0.0661384921173148,7630.664874126153,0.023231120206115,0.0230522467290254,4113.846980901079,2.303183317184448,0.845,0.0545,0.0455,0.0635,0.1995
A,59,Complete-case,0.5890190252341975,0.0727683781915114,1000000.0,0.0256631539452599,0.0230025552944993,1000000.0,0.0132460594177246,0.8565,0.052,0.0535,0.0465,0.2065
A,59,Mean imputation,0.5846192918127321,0.0679675317712504,1000000.0,0.0256631539452599,0.0218061232343227,1000000.0,0.0190188884735107,0.8565,0.052,0.0535,0.0465,0.2065
A,59,KNN (k=5),0.5997058549591154,0.0679683891260498,1000000.0,0.0233530443578011,0.0221077875749084,1000000.0,0.0806066989898681,0.8565,0.052,0.0535,0.0465,0.2065
A,59,MissForest (single),0.59460953809146,0.0679318260312282,1000000.0,0.0196019830679261,0.0221232802682144,1000000.0,5.301560640335083,0.8565,0.052,0.0535,0.0465,0.2065
A,59,MI without outcome,0.5919744065529877,0.0683714832992309,2538.6719039139984,0.022649754561915,0.0226753407500971,39648.59801591007,1.9059367179870603,0.8565,0.052,0.0535,0.0465,0.2065
A,59,MI with outcome,0.5857131137264571,0.068457211655817,2444.802381361333,0.0226413621658261,0.0226767053812011,39754.67484350466,2.428469657897949,0.8565,0.052,0.0535,0.0465,0.2065
A,60,Complete-case,0.5505899041443698,0.0726962816653751,1000000.0,-0.0158542729952523,0.0231736954227687,1000000.0,0.0124125480651855,0.8445,0.0505,0.0545,0.055,0.18
A,60,Mean imputation,0.5587516649149112,0.0679072006376178,1000000.0,-0.0158542729952523,0.02200313108771,1000000.0,0.0201091766357421,0.8445,0.0505,0.0545,0.055,0.18
A,60,KNN (k=5),0.5856263781461825,0.0683584894368008,1000000.0,-0.0125588540845627,0.0222431167292119,1000000.0,0.1017529964447021,0.8445,0.0505,0.0545,0.055,0.18
A,60,MissForest (single),0.5852505445405334,0.0684127628947369,1000000.0,-0.0143665342683228,0.0222591054015301,1000000.0,5.434993505477905,0.8445,0.0505,0.0545,0.055,0.18
A,60,MI without outcome,0.5742160887498152,0.0683601444942081,5427.172594016383,-0.0145746863053088,0.0228926074942377,8690.984860145552,1.828833818435669,0.8445,0.0505,0.0545,0.055,0.18
A,60,MI with outcome,0.5675953461280868,0.0684112390120063,5258.709789016271,-0.0146656070292323,0.0228906385727071,8690.659697416952,3.1752283573150635,0.8445,0.0505,0.0545,0.055,0.18
A,61,Complete-case,0.5818450158372644,0.0724411408081582,1000000.0,0.0258134728476115,0.0225860147706124,1000000.0,0.0118026733398437,0.8715,0.047,0.047,0.0405,0.194
A,61,Mean imputation,0.5672813656441583,0.0686001654372493,1000000.0,0.0258134728476115,0.0215242065563231,1000000.0,0.0174005031585693,0.8715,0.047,0.047,0.0405,0.194
A,61,KNN (k=5),0.5881234249779554,0.0688681007395556,1000000.0,0.0257802072613277,0.0217553238410366,1000000.0,0.0832026004791259,0.8715,0.047,0.047,0.0405,0.194
A,61,MissForest (single),0.5834135648945965,0.0687509347087043,1000000.0,0.0278972457689718,0.0217737511995976,1000000.0,4.749098777770996,0.8715,0.047,0.047,0.0405,0.194
A,61,MI without outcome,0.5793875761280041,0.0681359386381007,18676.1695499152,0.0262810508591584,0.0221369008956305,119087.11881247086,1.9077939987182615,0.8715,0.047,0.047,0.0405,0.194
A,61,MI with outcome,0.5711958219205494,0.068136722161549,18749.443435909496,0.026298617251497,0.0221358357268122,120373.13080256934,2.430609226226806,0.8715,0.047,0.047,0.0405,0.194
A,62,Complete-case,0.6897626868948551,0.0748677239798118,1000000.0,-0.0084407510544125,0.0224825014469422,1000000.0,0.0153701305389404,0.867,0.0465,0.043,0.0505,0.1785
A,62,Mean imputation,0.6867163017414017,0.0704479286237202,1000000.0,-0.0084407510544125,0.0214368036382403,1000000.0,0.018644094467163,0.867,0.0465,0.043,0.0505,0.1785
A,62,KNN (k=5),0.700919762503562,0.0707704776525892,1000000.0,-0.0092299971201169,0.0216753163136961,1000000.0,0.0689997673034668,0.867,0.0465,0.043,0.0505,0.1785
A,62,MissForest (single),0.7156482746720686,0.0710103129421388,1000000.0,-0.0091357810232006,0.0216655961723731,1000000.0,5.51802659034729,0.867,0.0465,0.043,0.0505,0.1785
A,62,MI without outcome,0.7019396276256772,0.0709548706961163,7448.950661593785,-0.0108152985784871,0.0222351506968793,14787.86655939568,1.9895713329315183,0.867,0.0465,0.043,0.0505,0.1785
A,62,MI with outcome,0.7001208908873074,0.0710362545856203,7231.562819046726,-0.010819021602642,0.0222353471139044,14764.936045055974,2.621741533279419,0.867,0.0465,0.043,0.0505,0.1785
A,63,Complete-case,0.5902721183307764,0.0704402120529396,1000000.0,-0.0149655241249111,0.0229505944073335,1000000.0,0.0287988185882568,0.863,0.0505,0.0495,0.042,0.2015
A,63,Mean imputation,0.6110778229524558,0.0675606374100961,1000000.0,-0.0149655241249111,0.0217912994916323,1000000.0,0.0310940742492675,0.863,0.0505,0.0495,0.042,0.2015
A,63,KNN (k=5),0.6409599964742123,0.0680618978455933,1000000.0,-0.0127492003375403,0.0220073838911576,1000000.0,0.087855577468872,0.863,0.0505,0.0495,0.042,0.2015
A,63,MissForest (single),0.6584550796340921,0.0684325130247948,1000000.0,-0.0113851060575813,0.0220138916341252,1000000.0,6.346824884414673,0.863,0.0505,0.0495,0.042,0.2015
A,63,MI without outcome,0.6342758243972231,0.0679447233555014,7292.214776738272,-0.0095561615727058,0.0225304602450273,39121.59725741259,1.7870404720306396,0.863,0.0505,0.0495,0.042,0.2015
A,63,MI with outcome,0.6324393573568269,0.0680549089113847,7337.678511861767,-0.0095886870346724,0.0225307667877276,38747.05082533786,2.37734055519104,0.863,0.0505,0.0495,0.042,0.2015
A,64,Complete-case,0.5252526314299648,0.0735816625277074,1000000.0,-0.0130050352877557,0.0227839098946805,1000000.0,0.0135753154754638,0.8605,0.0455,0.043,0.058,0.181
A,64,Mean imputation,0.5458934416745211,0.0691086594533986,1000000.0,-0.0130050352877557,0.0217469826963033,1000000.0,0.0182750225067138,0.8605,0.0455,0.043,0.058,0.181
A,64,KNN (k=5),0.5634329939506245,0.0688935397618844,1000000.0,-0.0184179807061025,0.0219847808212868,1000000.0,0.093355655670166,0.8605,0.0455,0.043,0.058,0.181
A,64,MissForest (single),0.5568461431872138,0.0690614608894901,1000000.0,-0.0186919477229366,0.0219660105408183,1000000.0,6.855729579925537,0.8605,0.0455,0.043,0.058,0.181
A,64,MI without outcome,0.5449254144514629,0.0694442796674809,5009.480559836456,-0.0196184261341609,0.0226489213776277,6665.510502981273,2.176614761352539,0.8605,0.0455,0.043,0.058,0.181
A,64,MI with outcome,0.5373166253662017,0.0695130095712946,4658.405821375933,-0.0196032071207879,0.0226491687086218,6689.536202024254,2.581655979156494,0.8605,0.0455,0.043,0.058,0.181
A,65,Complete-case,0.6048130618989834,0.0736857387757046,1000000.0,-0.0194326154301175,0.0228582386047319,1000000.0,0.0207993984222412,0.8585,0.0455,0.054,0.0505,0.1935
A,65,Mean imputation,0.5994448605412489,0.0686827021924746,1000000.0,-0.0194326154301175,0.0218179286041303,1000000.0,0.0174794197082519,0.8585,0.0455,0.054,0.0505,0.1935
A,65,KNN (k=5),0.6271603342996513,0.069235323231069,1000000.0,-0.0182412636735382,0.0220683098502479,1000000.0,0.087125539779663,0.8585,0.0455,0.054,0.0505,0.1935
A,65,MissForest (single),0.6289529444802959,0.0692015233560531,1000000.0,-0.017028434229865,0.022080147849896,1000000.0,6.952503204345703,0.8585,0.0455,0.054,0.0505,0.1935
A,65,MI without outcome,0.6110342980393584,0.0714031352393588,898.6419328663742,-0.0179275404271868,0.0227702456302481,7331.321178678319,2.2440171241760254,0.8585,0.0455,0.054,0.0505,0.1935
A,65,MI with outcome,0.6068708934794814,0.0715078755534579,859.8996588114659,-0.0180402182805985,0.0227695622335077,7328.372161622743,2.599273681640625,0.8585,0.0455,0.054,0.0505,0.1935
A,66,Complete-case,0.5681162102641518,0.073166013847462,1000000.0,0.0323741168357075,0.0231646342523355,1000000.0,0.0187156200408935,0.8545,0.0445,0.0535,0.051,0.1875
A,66,Mean imputation,0.5652922087487116,0.0689234191488283,1000000.0,0.0323741168357075,0.022133550191131,1000000.0,0.0234653949737548,0.8545,0.0445,0.0535,0.051,0.1875
A,66,KNN (k=5),0.580770235048085,0.0688983354868768,1000000.0,0.0280246157284185,0.0223666414382883,1000000.0,0.0977618694305419,0.8545,0.0445,0.0535,0.051,0.1875
A,66,MissForest (single),0.5865338734533228,0.0693796160033169,1000000.0,0.0267705570505843,0.0223467229889857,1000000.0,6.162006139755249,0.8545,0.0445,0.0535,0.051,0.1875
A,66,MI without outcome,0.5760329054151117,0.0688191038938191,14289.887329584264,0.0263552447137786,0.0229324165525515,11972.666951510171,2.15963077545166,0.8545,0.0445,0.0535,0.051,0.1875
A,66,MI with outcome,0.5704565978089271,0.0689127247641373,12949.374709809386,0.026265618473973,0.0229310757229353,12000.259702460628,2.2965221405029297,0.8545,0.0445,0.0535,0.051,0.1875
A,67,Complete-case,0.5106244194157008,0.0719589685087102,1000000.0,0.0064440279943517,0.0229959809597479,1000000.0,0.0139238834381103,0.8645,0.045,0.0475,0.046,0.179
A,67,Mean imputation,0.5178831593619477,0.067795202298075,1000000.0,0.0064440279943517,0.021960902980831,1000000.0,0.020453929901123,0.8645,0.045,0.0475,0.046,0.179
A,67,KNN (k=5),0.5399133647486476,0.0679772736109552,1000000.0,0.0112431911702213,0.0222222129417628,1000000.0,0.0996756553649902,0.8645,0.045,0.0475,0.046,0.179
A,67,MissForest (single),0.5451199767910805,0.068140168391809,1000000.0,0.0146254627382803,0.0222290834242367,1000000.0,6.339930534362793,0.8645,0.045,0.0475,0.046,0.179
A,67,MI without outcome,0.5355121738069478,0.0670922247007851,59125.34567695319,0.0125989016735226,0.0227102898174482,37343.594789544535,2.2834482192993164,0.8645,0.045,0.0475,0.046,0.179
A,67,MI with outcome,0.5302562462047044,0.0671217482591275,56567.62123818191,0.0124966915084436,0.0227087894286534,37391.92072035765,2.543596029281616,0.8645,0.045,0.0475,0.046,0.179
A,68,Complete-case,0.4706714405515018,0.0719434134851059,1000000.0,-0.0050751325947309,0.0222474428581935,1000000.0,0.0117604732513427,0.864,0.0465,0.055,0.042,0.193
A,68,Mean imputation,0.4725428435472052,0.0676297776565047,1000000.0,-0.0050751325947309,0.0212126780078081,1000000.0,0.0279798507690429,0.864,0.0465,0.055,0.042,0.193
A,68,KNN (k=5),0.5055927388646159,0.0679376219182169,1000000.0,-0.0029884753811361,0.0214667346787117,1000000.0,0.0899860858917236,0.864,0.0465,0.055,0.042,0.193
A,68,MissForest (single),0.503481877206501,0.0680376048259691,1000000.0,-0.0005721378439432,0.0214590624344732,1000000.0,6.422451972961426,0.864,0.0465,0.055,0.042,0.193
A,68,MI without outcome,0.4980640354813693,0.068657508203209,3308.312449991969,-0.0015679682257493,0.0220500957637633,12268.930843928174,2.2004613876342773,0.864,0.0465,0.055,0.042,0.193
A,68,MI with outcome,0.4891755430668508,0.0687482083423115,3065.23224402274,-0.0015247771573857,0.0220432478066967,12363.94974597814,2.201122045516968,0.864,0.0465,0.055,0.042,0.193
A,69,Complete-case,0.6503725420997124,0.0706158468124389,1000000.0,0.0258043968114907,0.0227335817866683,1000000.0,0.0100972652435302,0.8695,0.041,0.0515,0.047,0.203
A,69,Mean imputation,0.6265139604408917,0.0665829950845021,1000000.0,0.0258043968114907,0.0218012717963871,1000000.0,0.0149047374725341,0.8695,0.041,0.0515,0.047,0.203
A,69,KNN (k=5),0.6429984174447709,0.0666751579825616,1000000.0,0.0249485903280141,0.0220047306086141,1000000.0,0.0710635185241699,0.8695,0.041,0.0515,0.047,0.203
A,69,MissForest (single),0.6487439501663291,0.066798788887826,1000000.0,0.0265268360895777,0.0220349041783568,1000000.0,6.160514831542969,0.8695,0.041,0.0515,0.047,0.203
A,69,MI without outcome,0.6362981483174897,0.0677226180397767,3339.799671084268,0.029402605429047,0.0224208035365831,36511.845078974926,2.061941146850586,0.8695,0.041,0.0515,0.047,0.203
A,69,MI with outcome,0.6341809951945618,0.0677783756813191,3131.765100312197,0.0293692116903219,0.022421009438225,36386.11294729002,2.164068937301636,0.8695,0.041,0.0515,0.047,0.203
A,70,Complete-case,0.5186949888667863,0.0761350841521898,1000000.0,0.0154598272619222,0.0224470472835887,1000000.0,0.0141711235046386,0.8535,0.0515,0.049,0.0525,0.174
A,70,Mean imputation,0.5234912394961043,0.0712805519569272,1000000.0,0.0154598272619222,0.0212907351962115,1000000.0,0.0191864967346191,0.8535,0.0515,0.049,0.0525,0.174
A,70,KNN (k=5),0.5425194345257209,0.0712880414527375,1000000.0,0.0144102837048367,0.0216413865454387,1000000.0,0.0896687507629394,0.8535,0.0515,0.049,0.0525,0.174
A,70,MissForest (single),0.5358734834041837,0.0712475017223315,1000000.0,0.0109573289181974,0.0216296729599193,1000000.0,5.792162179946899,0.8535,0.0515,0.049,0.0525,0.174
A,70,MI without outcome,0.5283390154727113,0.0721986861960818,1966.9754872600863,0.0147042439336493,0.0223064206428443,9352.705528048686,1.8246798515319824,0.8535,0.0515,0.049,0.0525,0.174
A,70,MI with outcome,0.5190961705694662,0.0723224288396338,1833.2198924465483,0.0146340295852811,0.022309770094792,9350.377677436896,2.2087597846984863,0.8535,0.0515,0.049,0.0525,0.174
A,71,Complete-case,0.6859849983516291,0.0750273596491621,1000000.0,-0.0277574830963324,0.0232815020814387,1000000.0,0.01231050491333,0.859,0.0445,0.0495,0.054,0.1775
A,71,Mean imputation,0.6663584183140595,0.0697500914177645,1000000.0,-0.0277574830963324,0.0222452161010265,1000000.0,0.018416404724121,0.859,0.0445,0.0495,0.054,0.1775
A,71,KNN (k=5),0.684416490790089,0.0704038083814435,1000000.0,-0.0266121934136621,0.0224127605423631,1000000.0,0.0956542491912841,0.859,0.0445,0.0495,0.054,0.1775
A,71,MissForest (single),0.6874616834204101,0.0704708517509668,1000000.0,-0.0284774007667413,0.0223942413956215,1000000.0,5.392687082290649,0.859,0.0445,0.0495,0.054,0.1775
A,71,MI without outcome,0.6648576576626594,0.0695602723999541,34305.063372410186,-0.0302951266732206,0.0228008805325789,63338.15152004068,2.1352884769439697,0.859,0.0445,0.0495,0.054,0.1775
A,71,MI with outcome,0.6641716238463125,0.069734312096828,35275.87837193354,-0.030332095221741,0.0228004052760351,63233.47789217725,2.455024003982544,0.859,0.0445,0.0495,0.054,0.1775
A,72,Complete-case,0.6318528085172874,0.0714484356288081,1000000.0,0.0155511901377403,0.0231762997994917,1000000.0,0.0111374855041503,0.86,0.0515,0.046,0.05,0.201
A,72,Mean imputation,0.6262322883774203,0.0667728100202637,1000000.0,0.0155511901377403,0.0219824218136587,1000000.0,0.0176169872283935,0.86,0.0515,0.046,0.05,0.201
A,72,KNN (k=5),0.6590580528078174,0.0670736132805373,1000000.0,0.0158150832897208,0.0223538143125606,1000000.0,0.0808043479919433,0.86,0.0515,0.046,0.05,0.201
A,72,MissForest (single),0.6622540525691084,0.0671581169420153,1000000.0,0.0148299899709906,0.0223387483537979,1000000.0,5.2689049243927,0.86,0.0515,0.046,0.05,0.201
A,72,MI without outcome,0.6453756167733153,0.0666680704115292,11836.28902165811,0.0159815305044235,0.0230210931217539,8418.340755982652,1.9650347232818604,0.86,0.0515,0.046,0.05,0.201
A,72,MI with outcome,0.6418090003409871,0.066750578218576,11486.379674842048,0.015967126786256,0.0230205801149245,8412.354290326983,2.184607982635498,0.86,0.0515,0.046,0.05,0.201
A,73,Complete-case,0.6923527857677214,0.0743394414879948,1000000.0,-0.0226339931189377,0.0229648345018354,1000000.0,0.0141806602478027,0.8605,0.0485,0.049,0.0505,0.1935
A,73,Mean imputation,0.6708928570396256,0.0696223965071957,1000000.0,-0.0226339931189377,0.0218507614388082,1000000.0,0.0158700942993164,0.8605,0.0485,0.049,0.0505,0.1935
A,73,KNN (k=5),0.7184177037667197,0.0701427793103078,1000000.0,-0.0265556020149071,0.0221375344578891,1000000.0,0.07613205909729,0.8605,0.0485,0.049,0.0505,0.1935
A,73,MissForest (single),0.7105233918872317,0.0700918490227194,1000000.0,-0.0258064229341997,0.0221449142896741,1000000.0,5.631829023361206,0.8605,0.0485,0.049,0.0505,0.1935
A,73,MI without outcome,0.695523758115977,0.0692428516836196,40795.87952397726,-0.0235999051124371,0.0226028888934505,26246.011123071148,2.287044048309326,0.8605,0.0485,0.049,0.0505,0.1935
A,73,MI with outcome,0.6931516029597695,0.069332249089547,37839.03506037989,-0.0236054485301811,0.0226016810661634,26504.35352299499,2.0806102752685547,0.8605,0.0485,0.049,0.0505,0.1935
A,74,Complete-case,0.7105128414984588,0.0760519525580275,1000000.0,-0.0387442655000446,0.0234290160302963,1000000.0,0.012507677078247,0.84,0.055,0.058,0.054,0.1855
A,74,Mean imputation,0.7135569947026301,0.0707486785614179,1000000.0,-0.0387442655000445,0.0221400978361585,1000000.0,0.016982078552246,0.84,0.055,0.058,0.054,0.1855
A,74,KNN (k=5),0.759541272161583,0.0716651874902458,1000000.0,-0.0376490525925122,0.0224641892507484,1000000.0,0.0682029724121093,0.84,0.055,0.058,0.054,0.1855
A,74,MissForest (single),0.7573378248061833,0.0715482653422064,1000000.0,-0.0402474560826916,0.0224732456662949,1000000.0,5.7140443325042725,0.84,0.055,0.058,0.054,0.1855
A,74,MI without outcome,0.7432513084311703,0.0718172135987897,3160.128170737564,-0.0369944887367758,0.023147403847338,12376.705036684034,2.0528340339660645,0.84,0.055,0.058,0.054,0.1855
A,74,MI with outcome,0.7416464656488158,0.0719791754568616,3034.2118607291063,-0.0369848927645664,0.0231473801324118,12389.335555296546,2.0101630687713623,0.84,0.055,0.058,0.054,0.1855
A,75,Complete-case,0.6219130034122604,0.0720103242014852,1000000.0,-0.0151824932322529,0.0235916822312378,1000000.0,0.0259497165679931,0.8445,0.054,0.059,0.052,0.187
A,75,Mean imputation,0.6583549317635746,0.0681691136650749,1000000.0,-0.0151824932322529,0.0223174127414426,1000000.0,0.0151789188385009,0.8445,0.054,0.059,0.052,0.187
A,75,KNN (k=5),0.6841917655865956,0.0685626869113304,1000000.0,-0.0111562989522013,0.0225682374868519,1000000.0,0.0981075763702392,0.8445,0.054,0.059,0.052,0.187
A,75,MissForest (single),0.6763565016718133,0.0686284268410227,1000000.0,-0.0161905033940315,0.0226125409989671,1000000.0,5.515056610107422,0.8445,0.054,0.059,0.052,0.187
A,75,MI without outcome,0.6596379799688756,0.0685455964578509,5713.328604874476,-0.0168925485217046,0.0233655194814984,5524.397880793154,2.327634334564209,0.8445,0.054,0.059,0.052,0.187
A,75,MI with outcome,0.6560062387263703,0.0686491825240216,5511.978397883563,-0.0169114271573396,0.0233662801052895,5518.9999287328,2.285961627960205,0.8445,0.054,0.059,0.052,0.187
A,76,Complete-case,0.5326936490444115,0.0743901478822482,1000000.0,-0.0065223626178644,0.0231985430417175,1000000.0,0.0100507736206054,0.8465,0.0475,0.0525,0.061,0.189
A,76,Mean imputation,0.5599406760703489,0.0695686385286598,1000000.0,-0.0065223626178644,0.022096336625008,1000000.0,0.0153894424438476,0.8465,0.0475,0.0525,0.061,0.189
A,76,KNN (k=5),0.5677427559611825,0.0700322956827514,1000000.0,-0.0109933627579129,0.0223159755056131,1000000.0,0.0802416801452636,0.8465,0.0475,0.0525,0.061,0.189
A,76,MissForest (single),0.5646906006495364,0.0699691650729126,1000000.0,-0.0116045013439661,0.0223429242095857,1000000.0,5.870354890823364,0.8465,0.0475,0.0525,0.061,0.189
A,76,MI without outcome,0.5608761966833976,0.0696965576316325,9108.9091138709,-0.012026212229161,0.0229115063974853,22535.739448931603,2.2530741691589355,0.8465,0.0475,0.0525,0.061,0.189
A,76,MI with outcome,0.5518426418526204,0.0698480868278551,8551.180143605583,-0.0118981326019823,0.0229131626213294,22490.43912042235,2.2374486923217773,0.8465,0.0475,0.0525,0.061,0.189
A,77,Complete-case,0.6708959026512439,0.0760443972844188,1000000.0,0.0271940180737133,0.0225078756870338,1000000.0,0.0121026039123535,0.8645,0.045,0.047,0.0505,0.1855
A,77,Mean imputation,0.6552836833223543,0.0702060573681411,1000000.0,0.0271940180737133,0.0214947679393528,1000000.0,0.017970323562622,0.8645,0.045,0.047,0.0505,0.1855
A,77,KNN (k=5),0.6874852888959414,0.0704753977601889,1000000.0,0.0189472261941578,0.0217369845098984,1000000.0,0.0829885005950927,0.8645,0.045,0.047,0.0505,0.1855
A,77,MissForest (single),0.6762879435473323,0.0704347301788378,1000000.0,0.0195168796859215,0.0217301397143606,1000000.0,5.668078422546387,0.8645,0.045,0.047,0.0505,0.1855
A,77,MI without outcome,0.6648249749216484,0.0699853994672806,33064.44180421512,0.0214609993897244,0.0222683449400577,11134.568400021291,1.8599286079406736,0.8645,0.045,0.047,0.0505,0.1855
A,77,MI with outcome,0.6615429849017629,0.0700134400352792,32816.76621219111,0.0213993528660106,0.0222689415169009,11104.290796217583,2.011399745941162,0.8645,0.045,0.047,0.0505,0.1855
A,78,Complete-case,0.707271095289437,0.0749003111260125,1000000.0,0.0218797822344518,0.0232819934121159,1000000.0,0.0122385025024414,0.8575,0.0535,0.0435,0.0545,0.19
A,78,Mean imputation,0.6636056067315889,0.0695495397880752,1000000.0,0.0218797822344518,0.0220360952099272,1000000.0,0.031907320022583,0.8575,0.0535,0.0435,0.0545,0.19
A,78,KNN (k=5),0.7026033862237913,0.0703542805365092,1000000.0,0.0261857553198553,0.0223639515871587,1000000.0,0.0801374912261962,0.8575,0.0535,0.0435,0.0545,0.19
A,78,MissForest (single),0.6987202328520709,0.0704268401282432,1000000.0,0.0262438092336438,0.0223488019676343,1000000.0,5.7803919315338135,0.8575,0.0535,0.0435,0.0545,0.19
A,78,MI without outcome,0.6839794088247799,0.0722925186519348,1019.9197371263969,0.0239703247498531,0.0230833376284207,7579.417865996215,1.7755026817321775,0.8575,0.0535,0.0435,0.0545,0.19
A,78,MI with outcome,0.680129704290908,0.0723839167315896,983.7819530710444,0.0239752336123435,0.0230847110249261,7558.991125361591,2.084457397460937,0.8575,0.0535,0.0435,0.0545,0.19
A,79,Complete-case,0.6630001894199165,0.0753966132700231,1000000.0,-0.0261764639152402,0.0224176829694276,1000000.0,0.0104515552520751,0.856,0.0515,0.045,0.0555,0.1985
A,79,Mean imputation,0.6754134881564309,0.0712598226125514,1000000.0,-0.0261764639152402,0.0212628835224869,1000000.0,0.0165565013885498,0.856,0.0515,0.045,0.0555,0.1985
A,79,KNN (k=5),0.6917049973239963,0.0715726843311348,1000000.0,-0.0287831526963938,0.021513578460367,1000000.0,0.0825107097625732,0.856,0.0515,0.045,0.0555,0.1985
A,79,MissForest (single),0.6669592873515218,0.0710302924075211,1000000.0,-0.0303471013428671,0.0215519032608859,1000000.0,6.002917289733887,0.856,0.0515,0.045,0.0555,0.1985
A,79,MI without outcome,0.6519999773556171,0.0714473993119834,3931.537825738384,-0.0306277891929332,0.0220736426321297,17964.607756562604,1.792013168334961,0.856,0.0515,0.045,0.0555,0.1985
A,79,MI with outcome,0.6514038869306031,0.0715680127721685,3846.510898730746,-0.0306312590117334,0.0220739306229689,17945.379401405113,1.7122836112976074,0.856,0.0515,0.045,0.0555,0.1985
A,80,Complete-case,0.6419639793677577,0.0758927556602003,1000000.0,-0.0022208053599379,0.0226402875405812,1000000.0,0.0168864727020263,0.8645,0.05,0.0515,0.044,0.1905
A,80,Mean imputation,0.6693024238224402,0.071022915283827,1000000.0,-0.0022208053599379,0.0215079900165215,1000000.0,0.0157215595245361,0.8645,0.05,0.0515,0.044,0.1905
A,80,KNN (k=5),0.6815742688779323,0.0712667273145935,1000000.0,-0.0030985727458165,0.0217313109005804,1000000.0,0.0765933990478515,0.8645,0.05,0.0515,0.044,0.1905
A,80,MissForest (single),0.6711634289862678,0.0712205963931432,1000000.0,-0.0042052599558951,0.021715197195723,1000000.0,5.704411268234253,0.8645,0.05,0.0515,0.044,0.1905
A,80,MI without outcome,0.6597832791472478,0.0704393376752547,18830.066189311023,-0.0036646974927588,0.0224036678094675,10672.121878400532,1.8415653705596924,0.8645,0.05,0.0515,0.044,0.1905
A,80,MI with outcome,0.6554045764120244,0.0705238252426005,18322.50551028379,-0.0036089469531616,0.0224053582168952,10701.118523162062,2.1173315048217773,0.8645,0.05,0.0515,0.044,0.1905
A,81,Complete-case,0.6223359669828398,0.0776636990959889,1000000.0,-0.0036391203333115,0.0229442611447357,1000000.0,0.0212445259094238,0.8445,0.051,0.0595,0.053,0.178
A,81,Mean imputation,0.6643739562575397,0.0726246618661025,1000000.0,-0.0036391203333115,0.0217738111387146,1000000.0,0.0170676708221435,0.8445,0.051,0.0595,0.053,0.178
A,81,KNN (k=5),0.6952451971693346,0.0734935820160093,1000000.0,-0.0006516620164544,0.0220150370186402,1000000.0,0.1714599132537841,0.8445,0.051,0.0595,0.053,0.178
A,81,MissForest (single),0.6890529494235796,0.0733644609515709,1000000.0,0.0014972264574917,0.0220359607989935,1000000.0,5.6532509326934814,0.8445,0.051,0.0595,0.053,0.178
A,81,MI without outcome,0.6785969060544406,0.0725177705670382,21325.351280071445,0.0024789073209971,0.0227566769363657,6452.518709255262,1.788576602935791,0.8445,0.051,0.0595,0.053,0.178
A,81,MI with outcome,0.6692865619584231,0.0725662091785038,19214.08186791554,0.0024966839480786,0.0227531357903763,6471.923808324424,2.007272243499756,0.8445,0.051,0.0595,0.053,0.178
A,82,Complete-case,0.6294071474194491,0.0738900076920389,1000000.0,0.0546450383581939,0.0224998943113954,1000000.0,0.0101943016052246,0.853,0.0505,0.054,0.0525,0.202
A,82,Mean imputation,0.6207372880670295,0.0686808964105585,1000000.0,0.0546450383581939,0.0213633654435122,1000000.0,0.0150127410888671,0.853,0.0505,0.054,0.0525,0.202
A,82,KNN (k=5),0.6500742244288321,0.0690266334632515,1000000.0,0.0590613198973805,0.0216648182130739,1000000.0,0.0910322666168212,0.853,0.0505,0.054,0.0525,0.202
A,82,MissForest (single),0.6493035758900952,0.0693518508286791,1000000.0,0.0545241685537102,0.0216519788944777,1000000.0,5.756764650344849,0.853,0.0505,0.054,0.0525,0.202
A,82,MI without outcome,0.6411239946488526,0.069886106556042,2996.9242190320742,0.0560799873148927,0.0221485226567632,29575.79698546368,1.8126444816589355,0.853,0.0505,0.054,0.0525,0.202
A,82,MI with outcome,0.6351833004579727,0.0699132772660089,2869.802231256127,0.0559327507017243,0.0221478417185888,29688.393100169556,1.8390023708343504,0.853,0.0505,0.054,0.0525,0.202
A,83,Complete-case,0.6170534844604323,0.0708858617501738,1000000.0,0.0473797203090432,0.0235261831292734,1000000.0,0.0108091831207275,0.8555,0.0515,0.0565,0.0425,0.1985
A,83,Mean imputation,0.5833484930402337,0.0666028384995495,1000000.0,0.0473797203090431,0.0223142816449246,1000000.0,0.0176124572753906,0.8555,0.0515,0.0565,0.0425,0.1985
A,83,KNN (k=5),0.6056957190801954,0.0666663862655397,1000000.0,0.0474091133555468,0.0225915660685182,1000000.0,0.0810921192169189,0.8555,0.0515,0.0565,0.0425,0.1985
A,83,MissForest (single),0.6081257966957814,0.0668535049667918,1000000.0,0.0450989591789512,0.0225600973454406,1000000.0,5.54511308670044,0.8555,0.0515,0.0565,0.0425,0.1985
A,83,MI without outcome,0.6015444997667234,0.0664462867226117,18730.761154729804,0.0456503314099981,0.0230309422457998,55153.855834565744,1.8228733539581297,0.8555,0.0515,0.0565,0.0425,0.1985
A,83,MI with outcome,0.5956575339333625,0.0664294812466064,17962.68666438909,0.04559304641446,0.0230293562986994,55157.03628124281,2.023190975189209,0.8555,0.0515,0.0565,0.0425,0.1985
A,84,Complete-case,0.6936773802738471,0.0730859809715301,1000000.0,0.0015853417584606,0.0229517694518668,1000000.0,0.0124917030334472,0.8575,0.046,0.0525,0.053,0.1915
A,84,Mean imputation,0.642645085304133,0.068227789506155,1000000.0,0.0015853417584606,0.021895723978101,1000000.0,0.0127689838409423,0.8575,0.046,0.0525,0.053,0.1915
A,84,KNN (k=5),0.6603943096500499,0.0684380293794753,1000000.0,0.0063404785271021,0.0221455395716431,1000000.0,0.0794334411621093,0.8575,0.046,0.0525,0.053,0.1915
A,84,MissForest (single),0.6588857410448377,0.0685203464423493,1000000.0,0.0069179618173434,0.0221508870140462,1000000.0,5.243197679519653,0.8575,0.046,0.0525,0.053,0.1915
A,84,MI without outcome,0.6456051142180725,0.0681278832174219,15453.32591114882,0.0070459791836788,0.022754938148551,10199.906559790668,1.9440648555755613,0.8575,0.046,0.0525,0.053,0.1915
A,84,MI with outcome,0.6374140287118114,0.0681271992700397,13659.332023178164,0.0070095618584156,0.022755899702558,10212.211050346716,3.0705878734588623,0.8575,0.046,0.0525,0.053,0.1915
A,85,Complete-case,0.490575611030206,0.0712741721950208,1000000.0,-0.0159747146194196,0.0235298432210371,1000000.0,0.0117948055267333,0.8555,0.052,0.052,0.0485,0.1845
A,85,Mean imputation,0.4877091489096009,0.0659950999083959,1000000.0,-0.0159747146194196,0.0223059853304613,1000000.0,0.0166294574737548,0.8555,0.052,0.052,0.0485,0.1845
A,85,KNN (k=5),0.4853097676417876,0.0659055037727632,1000000.0,-0.016891114427144,0.0225665543041895,1000000.0,0.0907533168792724,0.8555,0.052,0.052,0.0485,0.1845
A,85,MissForest (single),0.4968003762692889,0.0660537628647616,1000000.0,-0.0155262967856769,0.02256425778526,1000000.0,6.404642343521118,0.8555,0.052,0.052,0.0485,0.1845
A,85,MI without outcome,0.4881007508207324,0.0666050174811391,2419.074539353279,-0.0135175592513416,0.0231964560794828,17606.398956331806,2.025679349899292,0.8555,0.052,0.052,0.0485,0.1845
A,85,MI with outcome,0.4766495816409117,0.0666410626828317,2189.865250048213,-0.0137644930967309,0.0231986168115554,17857.933116907952,2.5876643657684326,0.8555,0.052,0.052,0.0485,0.1845
A,86,Complete-case,0.6402341313545898,0.0751007233612639,1000000.0,-0.0009172496724484,0.0224027212628861,1000000.0,0.0126917362213134,0.8585,0.0445,0.0565,0.0455,0.1965
A,86,Mean imputation,0.6232822646640419,0.0689216057303985,1000000.0,-0.0009172496724484,0.0214055508102837,1000000.0,0.0178122520446777,0.8585,0.0445,0.0565,0.0455,0.1965
A,86,KNN (k=5),0.6479369852794693,0.069300996069331,1000000.0,0.0007571909869593,0.021622980161487,1000000.0,0.0695259571075439,0.8585,0.0445,0.0565,0.0455,0.1965
A,86,MissForest (single),0.6485386866290562,0.069502875099603,1000000.0,0.000640820332454,0.0216512943209761,1000000.0,5.621256113052368,0.8585,0.0445,0.0565,0.0455,0.1965
A,86,MI without outcome,0.6274363639422113,0.0687774678087313,19657.42769274348,-0.0002544443811941,0.0221819246312043,18129.906286706948,2.0773797035217285,0.8585,0.0445,0.0565,0.0455,0.1965
A,86,MI with outcome,0.6285632802247687,0.068885094181036,18520.47364997948,-0.0002609987965423,0.0221820979480949,18116.60041363718,2.3936426639556885,0.8585,0.0445,0.0565,0.0455,0.1965
A,87,Complete-case,0.5513137642754892,0.0719729143973399,1000000.0,0.0076217243073415,0.0228836689590093,1000000.0,0.0105841159820556,0.8425,0.0535,0.0515,0.061,0.196
A,87,Mean imputation,0.5504531204375416,0.067595094461484,1000000.0,0.0076217243073415,0.0216590864453541,1000000.0,0.0151848793029785,0.8425,0.0535,0.0515,0.061,0.196
A,87,KNN (k=5),0.5785533496372172,0.0675732421592581,1000000.0,0.0092694385994459,0.021955959284609,1000000.0,0.0899434089660644,0.8425,0.0535,0.0515,0.061,0.196
A,87,MissForest (single),0.577942484714314,0.0679481961315399,1000000.0,0.0090399341803693,0.0219372235056118,1000000.0,6.204180955886841,0.8425,0.0535,0.0515,0.061,0.196
A,87,MI without outcome,0.5714591972583613,0.0673415976435751,14869.935621307235,0.0086479739014218,0.0224503170141402,24637.76451276709,2.274214506149292,0.8425,0.0535,0.0515,0.061,0.196
A,87,MI with outcome,0.5627419922854504,0.0673427355444375,13873.353210134515,0.0087927253125351,0.0224458388477711,24973.910234529903,2.6099581718444824,0.8425,0.0535,0.0515,0.061,0.196
A,88,Complete-case,0.4662201658858706,0.0718167949057623,1000000.0,-0.0074269895626991,0.0235035966559483,1000000.0,0.0105979442596435,0.841,0.062,0.053,0.055,0.1835
A,88,Mean imputation,0.4661560160752862,0.0680196351484667,1000000.0,-0.0074269895626991,0.0220460091722743,1000000.0,0.0162527561187744,0.841,0.062,0.053,0.055,0.1835
A,88,KNN (k=5),0.5001548694748611,0.0683732786647762,1000000.0,-0.0081300031676199,0.022346535734964,1000000.0,0.0963189601898193,0.841,0.062,0.053,0.055,0.1835
A,88,MissForest (single),0.4960437106996546,0.0684023380835328,1000000.0,-0.0055667576250809,0.0223946838819842,1000000.0,6.0773091316223145,0.841,0.062,0.053,0.055,0.1835
A,88,MI without outcome,0.4946578228875704,0.0675993976461508,9223.850777412665,-0.0061635738166594,0.0230096913253862,51768.22034475012,2.6970529556274414,0.841,0.062,0.053,0.055,0.1835
A,88,MI with outcome,0.4828379161855322,0.0676590860480485,8156.992709758602,-0.0060391817006577,0.0230047197231865,52208.28881378849,2.9885246753692627,0.841,0.062,0.053,0.055,0.1835
A,89,Complete-case,0.723635444163935,0.0794378062032251,1000000.0,0.018434842065734,0.0230793255059162,1000000.0,0.0095372200012207,0.846,0.051,0.048,0.0655,0.185
A,89,Mean imputation,0.7194885920919979,0.0736085793216674,1000000.0,0.018434842065734,0.0219019854945312,1000000.0,0.0099360942840576,0.846,0.051,0.048,0.0655,0.185
A,89,KNN (k=5),0.7244139315261147,0.0734962104502596,1000000.0,0.0173040888679424,0.0221405398864186,1000000.0,0.0522351264953613,0.846,0.051,0.048,0.0655,0.185
A,89,MissForest (single),0.7217198174269991,0.0737998676851953,1000000.0,0.0168913875918173,0.0221492477146537,1000000.0,6.687896728515625,0.846,0.051,0.048,0.0655,0.185
A,89,MI without outcome,0.7120350428877615,0.0735881705044992,7622.69407151298,0.017091455423297,0.0230521368825979,2966.6538420499646,2.6663753986358643,0.846,0.051,0.048,0.0655,0.185
A,89,MI with outcome,0.7041929059480719,0.0736313169510763,7555.228850523721,0.0171568546762509,0.0230527583677432,2966.864367696437,2.72200345993042,0.846,0.051,0.048,0.0655,0.185
A,90,Complete-case,0.5064415197323247,0.0701168539485293,1000000.0,0.007744173879056,0.023179021266985,1000000.0,0.0107543468475341,0.8555,0.05,0.057,0.043,0.2005
A,90,Mean imputation,0.4933192885895617,0.065873015058094,1000000.0,0.007744173879056,0.0220197803190205,1000000.0,0.0160279273986816,0.8555,0.05,0.057,0.043,0.2005
A,90,KNN (k=5),0.4845214671881717,0.0654213410801689,1000000.0,0.0050608557133517,0.0222592652667892,1000000.0,0.078233003616333,0.8555,0.05,0.057,0.043,0.2005
A,90,MissForest (single),0.4905893363303642,0.0656622983829929,1000000.0,0.0056448705672998,0.0222726245067361,1000000.0,6.402831554412842,0.8555,0.05,0.057,0.043,0.2005
A,90,MI without outcome,0.4921398447054008,0.0652273481115468,15565.579129681912,0.0032229843747981,0.0230295954920372,7224.882299994119,2.2461178302764893,0.8555,0.05,0.057,0.043,0.2005
A,90,MI with outcome,0.4826208662548827,0.065242788730672,14643.009282848248,0.0030736121784901,0.0230322599253221,7248.851152171396,2.7731242179870605,0.8555,0.05,0.057,0.043,0.2005
A,91,Complete-case,0.6490300020039428,0.0754363920428918,1000000.0,0.0254939649904916,0.0231435822149025,1000000.0,0.0223667621612548,0.8615,0.056,0.0485,0.0415,0.196
A,91,Mean imputation,0.6811672789563651,0.0715948574776662,1000000.0,0.0254939649904916,0.0218472174362258,1000000.0,0.0266809463500976,0.8615,0.056,0.0485,0.0415,0.196
A,91,KNN (k=5),0.7034952308574748,0.0718210944643064,1000000.0,0.024054341899617,0.0220726037531908,1000000.0,0.2317759990692138,0.8615,0.056,0.0485,0.0415,0.196
A,91,MissForest (single),0.6964207940493747,0.071820547179373,1000000.0,0.026786008804666,0.0221053977499782,1000000.0,7.128009796142578,0.8615,0.056,0.0485,0.0415,0.196
A,91,MI without outcome,0.6707030966081979,0.0709841224436718,11184.952908746023,0.0239256585780751,0.0225890192953571,69682.66387875481,1.7856576442718506,0.8615,0.056,0.0485,0.0415,0.196
A,91,MI with outcome,0.669243010540514,0.0710457397088524,10991.484830980156,0.0239279914242187,0.0225892577588008,69601.4784255352,2.124009132385254,0.8615,0.056,0.0485,0.0415,0.196
A,92,Complete-case,0.5274958281997311,0.0743779262326455,1000000.0,-0.0344432196158767,0.0228517192655437,1000000.0,0.0138278007507324,0.864,0.043,0.0525,0.0455,0.1765
A,92,Mean imputation,0.5450807422987285,0.0698509593598011,1000000.0,-0.0344432196158767,0.0218688495568726,1000000.0,0.0237886905670166,0.864,0.043,0.0525,0.0455,0.1765
A,92,KNN (k=5),0.5599716827928494,0.0702308669542625,1000000.0,-0.0373997342383906,0.022127632302335,1000000.0,0.1004631519317627,0.864,0.043,0.0525,0.0455,0.1765
A,92,MissForest (single),0.5657509619297838,0.0703372310968932,1000000.0,-0.036631046934648,0.0221099198891852,1000000.0,6.292706727981567,0.864,0.043,0.0525,0.0455,0.1765
A,92,MI without outcome,0.5615871946920397,0.0708780043754541,4761.254482281502,-0.0381431382358801,0.0227680470480584,7331.609497705112,2.1458683013916016,0.864,0.043,0.0525,0.0455,0.1765
A,92,MI with outcome,0.5545627046651597,0.0709142788699565,4553.82319077527,-0.038122599424511,0.0227659563324748,7346.755257547202,2.225935935974121,0.864,0.043,0.0525,0.0455,0.1765
A,93,Complete-case,0.642802688343312,0.0721836957586294,1000000.0,-0.0471648010954088,0.0228847717239652,1000000.0,0.0140180587768554,0.856,0.0575,0.0525,0.044,0.1845
A,93,Mean imputation,0.6213873426830158,0.0688885120599424,1000000.0,-0.0471648010954088,0.0215685682141659,1000000.0,0.0182273387908935,0.856,0.0575,0.0525,0.044,0.1845
A,93,KNN (k=5),0.6490964497068962,0.0688930039169665,1000000.0,-0.0432446073507215,0.0218932598608583,1000000.0,0.0937049388885498,0.856,0.0575,0.0525,0.044,0.1845
A,93,MissForest (single),0.6715591479787942,0.0694274131511796,1000000.0,-0.038544530174249,0.0219411948109331,1000000.0,6.355779647827148,0.856,0.0575,0.0525,0.044,0.1845
A,93,MI without outcome,0.6492620387745325,0.068784780073082,12527.261128401064,-0.0374637353120469,0.0225007969868197,30837.85879738735,1.9758515357971191,0.856,0.0575,0.0525,0.044,0.1845
A,93,MI with outcome,0.6453459737386884,0.0687743881135475,12384.19891940397,-0.0375160517273644,0.0225000452050422,30850.20585290144,2.646941900253296,0.856,0.0575,0.0525,0.044,0.1845
A,94,Complete-case,0.7156507677460446,0.0743932322063409,1000000.0,0.0094942468397869,0.0233718813874698,1000000.0,0.0142254829406738,0.853,0.055,0.0545,0.0465,0.183
A,94,Mean imputation,0.6988372009711695,0.0703801552809222,1000000.0,0.0094942468397869,0.0220861063846875,1000000.0,0.048391580581665,0.853,0.055,0.0545,0.0465,0.183
A,94,KNN (k=5),0.7031634288404486,0.0704220509198789,1000000.0,0.0091044501996572,0.0223158780793776,1000000.0,0.1260037422180175,0.853,0.055,0.0545,0.0465,0.183
A,94,MissForest (single),0.7071803804483912,0.0705103446442547,1000000.0,0.0083306453412467,0.0223730209051834,1000000.0,5.902989864349365,0.853,0.055,0.0545,0.0465,0.183
A,94,MI without outcome,0.681065733062945,0.072267396926254,1017.6678054186808,0.0084452444953437,0.0230699070747357,11241.57195361118,1.9558801651000977,0.853,0.055,0.0545,0.0465,0.183
A,94,MI with outcome,0.6789757960752358,0.0723291306128288,999.6614550301616,0.0084526920315207,0.0230701708902093,11225.445510196949,2.3458411693573,0.853,0.055,0.0545,0.0465,0.183
A,95,Complete-case,0.6204062662465949,0.0717622737510359,1000000.0,0.0124676273026889,0.023049810108554,1000000.0,0.0124437808990478,0.8465,0.049,0.0585,0.053,0.194
A,95,Mean imputation,0.6378919813249556,0.0679384545906773,1000000.0,0.0124676273026888,0.0219200869099899,1000000.0,0.0230350494384765,0.8465,0.049,0.0585,0.053,0.194
A,95,KNN (k=5),0.6343982391787583,0.0676054537137929,1000000.0,0.0053679968468111,0.0222227463317153,1000000.0,0.1102755069732666,0.8465,0.049,0.0585,0.053,0.194
A,95,MissForest (single),0.6335640653409996,0.0677588514997103,1000000.0,0.0055889088443229,0.022204757891221,1000000.0,6.114882230758667,0.8465,0.049,0.0585,0.053,0.194
A,95,MI without outcome,0.6275633406843976,0.0667776180576916,112684.29288329669,0.0054312663114516,0.0231051325160752,3920.3032777643034,1.8363711833953855,0.8465,0.049,0.0585,0.053,0.194
A,95,MI with outcome,0.6193863294681665,0.0667655400255915,111276.79174470436,0.0053641961985027,0.0231094478029865,3928.6550200146594,2.5029103755950928,0.8465,0.049,0.0585,0.053,0.194
A,96,Complete-case,0.5163103714316771,0.0723802970229645,1000000.0,-0.0217904506186412,0.0232597991495428,1000000.0,0.0130987167358398,0.853,0.0505,0.0535,0.0535,0.1805
A,96,Mean imputation,0.5415336353003342,0.0683778949349187,1000000.0,-0.0217904506186412,0.0220848854886714,1000000.0,0.0235085487365722,0.853,0.0505,0.0535,0.0535,0.1805
A,96,KNN (k=5),0.5579271920879461,0.0685097981742989,1000000.0,-0.0189619528191606,0.022342023635126,1000000.0,0.1006381511688232,0.853,0.0505,0.0535,0.0535,0.1805
A,96,MissForest (single),0.5578883904414192,0.0687399532169389,1000000.0,-0.0193532179776657,0.022334222123696,1000000.0,6.025347948074341,0.853,0.0505,0.0535,0.0535,0.1805
A,96,MI without outcome,0.5430668732226231,0.0690006955822066,4524.468238825954,-0.0182542711528384,0.0227166619770719,286077.66382420494,2.1943113803863525,0.853,0.0505,0.0535,0.0535,0.1805
A,96,MI with outcome,0.5386194152577415,0.0691404151734245,4131.890638495628,-0.0181094891919654,0.022718018201216,281541.9451020651,2.308933734893799,0.853,0.0505,0.0535,0.0535,0.1805
A,97,Complete-case,0.5844724019893137,0.0706534675433144,1000000.0,0.0099405862736648,0.0227426256389933,1000000.0,0.0167152881622314,0.8495,0.0555,0.0525,0.05,0.1965
A,97,Mean imputation,0.5843718086807626,0.0667311839143503,1000000.0,0.0099405862736648,0.0214800942019224,1000000.0,0.0180881023406982,0.8495,0.0555,0.0525,0.05,0.1965
A,97,KNN (k=5),0.6016345314995111,0.0666148287567201,1000000.0,0.0090298218642004,0.0217566492890797,1000000.0,0.1119296550750732,0.8495,0.0555,0.0525,0.05,0.1965
A,97,MissForest (single),0.6123581287371036,0.0669618347935219,1000000.0,0.0130123117356704,0.0217454053310689,1000000.0,6.157486915588379,0.8495,0.0555,0.0525,0.05,0.1965
A,97,MI without outcome,0.5951496140221623,0.0665421626492279,11878.673857010606,0.0145606750028208,0.0224940535592474,5859.310559097905,1.9030091762542725,0.8495,0.0555,0.0525,0.05,0.1965
A,97,MI with outcome,0.5910625747700883,0.0666008972384619,11398.090483352342,0.0146409355868495,0.0224929334239055,5849.448921806996,2.0256478786468506,0.8495,0.0555,0.0525,0.05,0.1965
A,98,Complete-case,0.7770830938388277,0.0741608866562915,1000000.0,-0.0056154777788399,0.0232060417419089,1000000.0,0.0115339756011962,0.8595,0.0455,0.053,0.05,0.199
A,98,Mean imputation,0.7393682075001113,0.0691197346760467,1000000.0,-0.0056154777788399,0.0221499027403023,1000000.0,0.0177597999572753,0.8595,0.0455,0.053,0.05,0.199
A,98,KNN (k=5),0.762749379465743,0.0695311172439849,1000000.0,-0.0098628109223573,0.0223793680372155,1000000.0,0.1005501747131347,0.8595,0.0455,0.053,0.05,0.199
A,98,MissForest (single),0.765192124535428,0.0695983859745391,1000000.0,-0.0113042342837014,0.0223821476007985,1000000.0,5.56864595413208,0.8595,0.0455,0.053,0.05,0.199
A,98,MI without outcome,0.7409722003814164,0.0686333797200298,48175.77818985477,-0.0097628103960667,0.0230663642970874,7600.779648272237,1.729609727859497,0.8595,0.0455,0.053,0.05,0.199
A,98,MI with outcome,0.7415592690239284,0.0687247567278101,53280.81659913002,-0.009846070709296,0.0230666606814321,7590.16202347811,1.9901256561279297,0.8595,0.0455,0.053,0.05,0.199
A,99,Complete-case,0.5329077953562059,0.0708763278778851,1000000.0,-0.0060541688571708,0.0236978415006231,1000000.0,0.0216467380523681,0.8545,0.0495,0.0585,0.0485,0.183
A,99,Mean imputation,0.5418331210397191,0.0672538075400685,1000000.0,-0.0060541688571708,0.0225245049369389,1000000.0,0.023637056350708,0.8545,0.0495,0.0585,0.0485,0.183
A,99,KNN (k=5),0.548034728561693,0.0671054930934988,1000000.0,-0.0089077970772287,0.0228183545432898,1000000.0,0.1319046020507812,0.8545,0.0495,0.0585,0.0485,0.183
A,99,MissForest (single),0.5430386595434471,0.0673318477540861,1000000.0,-0.0077106187561891,0.0228112288651342,1000000.0,5.628809690475464,0.8545,0.0495,0.0585,0.0485,0.183
A,99,MI without outcome,0.5363263372766298,0.0666214794518227,14506.802019354283,-0.0063399457437214,0.0234155155779833,20340.203718251163,1.6468689441680908,0.8545,0.0495,0.0585,0.0485,0.183
A,99,MI with outcome,0.5295777051108751,0.0666624065713207,14087.015521600804,-0.0061961385975036,0.0234175183679557,20462.06586346242,2.6782431602478027,0.8545,0.0495,0.0585,0.0485,0.183
A,100,Complete-case,0.5805149998121073,0.0705931153429419,1000000.0,-0.0118815362789639,0.0226542335094486,1000000.0,0.0106463432312011,0.865,0.0495,0.041,0.053,0.192
A,100,Mean imputation,0.5854440516737,0.0675476558159488,1000000.0,-0.0118815362789639,0.0215325684625212,1000000.0,0.0162110328674316,0.865,0.0495,0.041,0.053,0.192
A,100,KNN (k=5),0.5811517663767827,0.0674423904419789,1000000.0,-0.0100146026910928,0.0217599593912271,1000000.0,0.080094575881958,0.865,0.0495,0.041,0.053,0.192
A,100,MissForest (single),0.5836771750176812,0.0674855551831189,1000000.0,-0.0091006815274575,0.0218179460276863,1000000.0,5.655139923095703,0.865,0.0495,0.041,0.053,0.192
A,100,MI without outcome,0.5772897681574822,0.06779022071505,3732.834390473908,-0.0117160618157377,0.0227778768554817,2827.2831350611277,1.5617976188659668,0.865,0.0495,0.041,0.053,0.192
A,100,MI with outcome,0.5716002543944512,0.0678348222128353,3658.862017070697,-0.0114706709648551,0.0227800056534124,2831.576287224056,2.8525729179382324,0.865,0.0495,0.041,0.053,0.192
A,101,Complete-case,0.545937525887024,0.0719279492639968,1000000.0,0.0265789644581497,0.0225539678795403,1000000.0,0.0155756473541259,0.852,0.0525,0.053,0.047,0.197
A,101,Mean imputation,0.5328589983017035,0.0672155426714525,1000000.0,0.0265789644581497,0.0213695883948992,1000000.0,0.0209991931915283,0.852,0.0525,0.053,0.047,0.197
A,101,KNN (k=5),0.5385660264244181,0.0671041983408335,1000000.0,0.0235910247886998,0.0216466451860283,1000000.0,0.102372407913208,0.852,0.0525,0.053,0.047,0.197
A,101,MissForest (single),0.5342472679589327,0.0672702854636798,1000000.0,0.0270311628579091,0.0216646318147113,1000000.0,5.652257680892944,0.852,0.0525,0.053,0.047,0.197
A,101,MI without outcome,0.5300537517754754,0.0669993873738709,9222.229464422846,0.0262319482693632,0.0222137038173199,21796.080847086778,1.9359431266784668,0.852,0.0525,0.053,0.047,0.197
A,101,MI with outcome,0.5207898233993895,0.0670109737191261,8812.38843248716,0.0265241826668841,0.0222185182095259,22005.55220356214,2.5749990940093994,0.852,0.0525,0.053,0.047,0.197
A,102,Complete-case,0.5394348756273802,0.0714042642213111,1000000.0,-0.0363164064262677,0.0231591366775111,1000000.0,0.0114848613739013,0.862,0.043,0.0545,0.047,0.1815
A,102,Mean imputation,0.5885580509356082,0.0680897444954084,1000000.0,-0.0363164064262677,0.0221630447137165,1000000.0,0.0159716606140136,0.862,0.043,0.0545,0.047,0.1815
A,102,KNN (k=5),0.5912221155844812,0.068334517587217,1000000.0,-0.0345024905072622,0.0224010041792055,1000000.0,0.0908725261688232,0.862,0.043,0.0545,0.047,0.1815
A,102,MissForest (single),0.6005893955262418,0.0684920407981489,1000000.0,-0.0352693924543075,0.0223871771560223,1000000.0,5.505928993225098,0.862,0.043,0.0545,0.047,0.1815
A,102,MI without outcome,0.5968653485846632,0.0681724873302986,12538.836558272997,-0.0380296130623077,0.0229042680658801,18873.96501610895,2.0293729305267334,0.862,0.043,0.0545,0.047,0.1815
A,102,MI with outcome,0.5909132961467924,0.0683851193295737,10880.72587900372,-0.0379112215866619,0.022903019356036,18951.035628856844,2.579221248626709,0.862,0.043,0.0545,0.047,0.1815
A,103,Complete-case,0.600478962372012,0.0703413114517578,1000000.0,0.0153140987382116,0.0230982002337414,1000000.0,0.0254380702972412,0.8425,0.051,0.0605,0.054,0.2015
A,103,Mean imputation,0.570485147688111,0.0659977678106212,1000000.0,0.0153140987382116,0.0219198973704626,1000000.0,0.0170130729675292,0.8425,0.051,0.0605,0.054,0.2015
A,103,KNN (k=5),0.5941764281912603,0.0662902438318265,1000000.0,0.0132010570686215,0.0221265986967965,1000000.0,0.09206223487854,0.8425,0.051,0.0605,0.054,0.2015
A,103,MissForest (single),0.5893685322952376,0.0662264114428779,1000000.0,0.0105042856422056,0.0221493451031869,1000000.0,5.463005065917969,0.8425,0.051,0.0605,0.054,0.2015
A,103,MI without outcome,0.5853535159759373,0.0668212213807292,2715.374479011417,0.0122569308857853,0.022752849629339,24019.003582175734,2.1580188274383545,0.8425,0.051,0.0605,0.054,0.2015
A,103,MI with outcome,0.5802038470019153,0.0669806792198424,2559.734762079578,0.0124379841374903,0.0227518541405145,24049.236283383747,2.7378623485565186,0.8425,0.051,0.0605,0.054,0.2015
A,104,Complete-case,0.6001801292948106,0.0728137587231684,1000000.0,-0.0043898346670453,0.0224040114511364,1000000.0,0.0467176437377929,0.863,0.0525,0.0455,0.045,0.2015
A,104,Mean imputation,0.6330844529364061,0.069766711546437,1000000.0,-0.0043898346670453,0.0212275066481629,1000000.0,0.0429499149322509,0.863,0.0525,0.0455,0.045,0.2015
A,104,KNN (k=5),0.6578214248100381,0.070013785396482,1000000.0,-0.0066906363809449,0.0214836237141776,1000000.0,0.1246049404144287,0.863,0.0525,0.0455,0.045,0.2015
A,104,MissForest (single),0.665329288333194,0.07004595497504,1000000.0,-0.0091449903670199,0.0214874243179914,1000000.0,5.620391607284546,0.863,0.0525,0.0455,0.045,0.2015
A,104,MI without outcome,0.640097940970136,0.0695726780145988,8282.737922838543,-0.0090509455963421,0.0223116486616621,4096.232620769591,2.650773763656616,0.863,0.0525,0.0455,0.045,0.2015
A,104,MI with outcome,0.6364409930503828,0.0697521765335757,7804.345116761203,-0.0090135173386443,0.0223101617609388,4092.736728952909,2.3564674854278564,0.863,0.0525,0.0455,0.045,0.2015
A,105,Complete-case,0.6142419074352957,0.0738415752381923,1000000.0,-0.0039676748679774,0.0225512842238721,1000000.0,0.011500597000122,0.8555,0.0455,0.056,0.051,0.19
A,105,Mean imputation,0.6037863306619263,0.0693351996647425,1000000.0,-0.0039676748679774,0.0215249441409732,1000000.0,0.0178565979003906,0.8555,0.0455,0.056,0.051,0.19
A,105,KNN (k=5),0.6357313867518256,0.0694592063144126,1000000.0,-0.0102696305778227,0.0217883572421285,1000000.0,0.0875463485717773,0.8555,0.0455,0.056,0.051,0.19
A,105,MissForest (single),0.6323950956961357,0.0696205473986192,1000000.0,-0.0117853756268384,0.0217570619782504,1000000.0,6.668547630310059,0.8555,0.0455,0.056,0.051,0.19
A,105,MI without outcome,0.6183580262018632,0.0691415080394583,21813.738306606167,-0.008821050027585,0.0223662599637534,10340.727165266058,1.7808837890625,0.8555,0.0455,0.056,0.051,0.19
A,105,MI with outcome,0.6141841712765265,0.0692566807001044,20919.81008738437,-0.0088487067042056,0.0223646896261404,10344.744950898974,1.993464469909668,0.8555,0.0455,0.056,0.051,0.19
A,106,Complete-case,0.5649298835088651,0.0761317318582454,1000000.0,-0.0217162451505239,0.0221452916717788,1000000.0,0.0121235847473144,0.8585,0.0475,0.0515,0.051,0.1825
A,106,Mean imputation,0.5484093983356295,0.0712598987311581,1000000.0,-0.0217162451505239,0.0210931272088363,1000000.0,0.0318901538848876,0.8585,0.0475,0.0515,0.051,0.1825
A,106,KNN (k=5),0.5602418123595261,0.0714525309630698,1000000.0,-0.0223451879781693,0.0212788239435321,1000000.0,0.1066124439239502,0.8585,0.0475,0.0515,0.051,0.1825
A,106,MissForest (single),0.5608013224141568,0.0715963456761863,1000000.0,-0.0199265584272187,0.0212855163459604,1000000.0,6.087649345397949,0.8585,0.0475,0.0515,0.051,0.1825
A,106,MI without outcome,0.5484675960765082,0.0717881227544933,3456.5710808651256,-0.0208864761832746,0.0220575783152884,5624.231225125313,1.8039405345916748,0.8585,0.0475,0.0515,0.051,0.1825
A,106,MI with outcome,0.5434611294025076,0.0719004354426594,3293.2751431499546,-0.0207582550641524,0.0220582072737353,5624.921745281638,2.3645756244659424,0.8585,0.0475,0.0515,0.051,0.1825
A,107,Complete-case,0.6989699609556048,0.0752607157151497,1000000.0,0.0053070522495076,0.0226186981740795,1000000.0,0.0129756927490234,0.8645,0.0405,0.0515,0.049,0.188
A,107,Mean imputation,0.7187124892585525,0.0710274768962673,1000000.0,0.0053070522495077,0.0217024117679363,1000000.0,0.016228437423706,0.8645,0.0405,0.0515,0.049,0.188
A,107,KNN (k=5),0.7106549552469005,0.0708818462094779,1000000.0,0.0025034927251069,0.0218347407533156,1000000.0,0.0760788917541503,0.8645,0.0405,0.0515,0.049,0.188
A,107,MissForest (single),0.7114858874654427,0.070991171191834,1000000.0,0.0001038366731786,0.0218634060651476,1000000.0,5.850982427597046,0.8645,0.0405,0.0515,0.049,0.188
A,107,MI without outcome,0.6908949043571344,0.0712844096371169,4741.237805941905,-0.0003535544956706,0.0224855618074608,8832.933738021973,1.795579195022583,0.8645,0.0405,0.0515,0.049,0.188
A,107,MI with outcome,0.6892096325735493,0.0713829045745398,4585.505637895954,-0.0003659188571027,0.0224862142940471,8793.773666660325,2.2928786277771,0.8645,0.0405,0.0515,0.049,0.188
A,108,Complete-case,0.6540758014724571,0.075559201802396,1000000.0,0.0151300496932843,0.0223737413671648,1000000.0,0.0146160125732421,0.858,0.051,0.046,0.052,0.1815
A,108,Mean imputation,0.6860374220201798,0.0724317819923026,1000000.0,0.0151300496932843,0.0212323951476147,1000000.0,0.0217235088348388,0.858,0.051,0.046,0.052,0.1815
A,108,KNN (k=5),0.7055560386675664,0.0727036939767686,1000000.0,0.0153319756211101,0.0214434529735213,1000000.0,0.0864551067352294,0.858,0.051,0.046,0.052,0.1815
A,108,MissForest (single),0.6943333792054348,0.0726624595087908,1000000.0,0.0119576644855317,0.021463335516618,1000000.0,5.68286919593811,0.858,0.051,0.046,0.052,0.1815
A,108,MI without outcome,0.6820591418020927,0.0728266084166585,4953.126587759137,0.0111790855278822,0.022000603340075,29751.132211389107,1.9081580638885496,0.858,0.051,0.046,0.052,0.1815
A,108,MI with outcome,0.6761040452578302,0.0728065782622356,4910.812832012501,0.0111659203274527,0.0220006985167395,29727.569155044075,2.578022718429565,0.858,0.051,0.046,0.052,0.1815
A,109,Complete-case,0.5654408135296161,0.0765084274718172,1000000.0,-0.0206571566078147,0.022179190269592,1000000.0,0.012408971786499,0.8555,0.049,0.0565,0.0465,0.1745
A,109,Mean imputation,0.5831554231591897,0.0721962083609094,1000000.0,-0.0206571566078147,0.021092138113634,1000000.0,0.0164785385131835,0.8555,0.049,0.0565,0.0465,0.1745
A,109,KNN (k=5),0.586586306364193,0.0721248010178433,1000000.0,-0.0183080638956793,0.0213154515298333,1000000.0,0.0866229534149169,0.8555,0.049,0.0565,0.0465,0.1745
A,109,MissForest (single),0.5879259334455901,0.0721740493534562,1000000.0,-0.0184962007597089,0.0213130291372315,1000000.0,5.524178743362427,0.8555,0.049,0.0565,0.0465,0.1745
A,109,MI without outcome,0.5766949736758028,0.0716503473832488,9614.47643357564,-0.0191440376180966,0.0221237476787233,4643.192710841995,1.9440338611602783,0.8555,0.049,0.0565,0.0465,0.1745
A,109,MI with outcome,0.5675936699376066,0.0716806016231299,8781.167538493424,-0.0190826625284797,0.0221264889151734,4651.998252716961,2.2907369136810303,0.8555,0.049,0.0565,0.0465,0.1745
A,110,Complete-case,0.6162955278840668,0.074821733362154,1000000.0,0.0061362664770756,0.0229436227844816,1000000.0,0.0279264450073242,0.8575,0.043,0.059,0.046,0.185
A,110,Mean imputation,0.6151811695661569,0.0706927209042006,1000000.0,0.0061362664770756,0.0219568002360336,1000000.0,0.0211083889007568,0.8575,0.043,0.059,0.046,0.185
A,110,KNN (k=5),0.6348736285833286,0.0710971454995229,1000000.0,0.0004139869798194,0.0221669965190442,1000000.0,0.0955898761749267,0.8575,0.043,0.059,0.046,0.185
A,110,MissForest (single),0.6314213114580965,0.0710630899798848,1000000.0,-0.001287105272869,0.0222069075927686,1000000.0,5.290134906768799,0.8575,0.043,0.059,0.046,0.185
A,110,MI without outcome,0.6175117475831807,0.072143068243037,2224.956012592954,-0.0003493939765954,0.0228514608192841,8322.205259274087,1.970752239227295,0.8575,0.043,0.059,0.046,0.185
A,110,MI with outcome,0.6161349322512951,0.0723294002284493,2128.603111036421,-0.0002771370326136,0.022851459667433,8341.687808917537,2.1326730251312256,0.8575,0.043,0.059,0.046,0.185
A,111,Complete-case,0.5597105792055075,0.0689831434928722,1000000.0,0.0094083748087741,0.023029343934372,1000000.0,0.0169291496276855,0.8625,0.0535,0.04,0.0485,0.1985
A,111,Mean imputation,0.5302379611340304,0.0653330709740165,1000000.0,0.0094083748087741,0.0217969658601437,1000000.0,0.0223052501678466,0.8625,0.0535,0.04,0.0485,0.1985
A,111,KNN (k=5),0.5432123033467536,0.0653312508791803,1000000.0,0.0074615271848375,0.0220133758113281,1000000.0,0.0833888053894043,0.8625,0.0535,0.04,0.0485,0.1985
A,111,MissForest (single),0.5377994462024761,0.0653473162215095,1000000.0,0.0076171286019518,0.0220350604687211,1000000.0,5.573118209838867,0.8625,0.0535,0.04,0.0485,0.1985
A,111,MI without outcome,0.5318301547624043,0.0650400387155486,13606.101049792376,0.0059943030031295,0.0226540705376169,14663.925605097233,2.3011281490325928,0.8625,0.0535,0.04,0.0485,0.1985
A,111,MI with outcome,0.527128669085019,0.0651043560326734,12717.322660381196,0.0061207144505182,0.0226537030432347,14680.857451317352,2.0450663566589355,0.8625,0.0535,0.04,0.0485,0.1985
A,112,Complete-case,0.5008720709160726,0.0699377270638105,1000000.0,-0.0018982893113147,0.0229216815953546,1000000.0,0.0230169296264648,0.8665,0.0395,0.0485,0.0505,0.1915
A,112,Mean imputation,0.5061189958108394,0.0663254796473652,1000000.0,-0.0018982893113147,0.0220160487063352,1000000.0,0.0186357498168945,0.8665,0.0395,0.0485,0.0505,0.1915
A,112,KNN (k=5),0.5141374280191986,0.0664696080404403,1000000.0,-0.0002446908784089,0.0222265010862081,1000000.0,0.0846443176269531,0.8665,0.0395,0.0485,0.0505,0.1915
A,112,MissForest (single),0.5185457463339914,0.0666173904601009,1000000.0,0.0004345084149415,0.0222473553960067,1000000.0,5.843146324157715,0.8665,0.0395,0.0485,0.0505,0.1915
A,112,MI without outcome,0.5116732269088036,0.067439722800959,2746.8036092099337,0.0019853742261124,0.0229014052282082,8038.550314571166,1.647839069366455,0.8665,0.0395,0.0485,0.0505,0.1915
A,112,MI with outcome,0.5051891396653281,0.0675578459880409,2606.2738877614247,0.0021902400787582,0.0229003173921817,8093.546240929469,2.192284107208252,0.8665,0.0395,0.0485,0.0505,0.1915
A,113,Complete-case,0.5989998227927953,0.0697655929975558,1000000.0,0.0076560934901666,0.0233962274890224,1000000.0,0.0252256393432617,0.851,0.053,0.0525,0.052,0.2025
A,113,Mean imputation,0.5945051655328804,0.0659304337718059,1000000.0,0.0076560934901666,0.0221559172748416,1000000.0,0.019773244857788,0.851,0.053,0.0525,0.052,0.2025
A,113,KNN (k=5),0.6128856569934252,0.065793883245108,1000000.0,0.0084587768574256,0.0224982659975056,1000000.0,0.0889854431152343,0.851,0.053,0.0525,0.052,0.2025
A,113,MissForest (single),0.6188652392776156,0.0661928314018223,1000000.0,0.008398861577694,0.0224714000057256,1000000.0,6.008630275726318,0.851,0.053,0.0525,0.052,0.2025
A,113,MI without outcome,0.599660639078192,0.0658427654863955,7636.951269019401,0.0074829766146157,0.0229877247299759,35339.1099902072,1.9188463687896729,0.851,0.053,0.0525,0.052,0.2025
A,113,MI with outcome,0.5949635055135418,0.0659084482841571,7103.18569069552,0.0076777973828902,0.0229893341447933,35407.568329579924,2.078836441040039,0.851,0.053,0.0525,0.052,0.2025
A,114,Complete-case,0.5860983217519702,0.0711752654954486,1000000.0,-0.0309486682517946,0.0227924358352299,1000000.0,0.018665075302124,0.8645,0.04,0.056,0.047,0.1955
A,114,Mean imputation,0.589408904479478,0.0671131239032411,1000000.0,-0.0309486682517946,0.0218805103622549,1000000.0,0.0243105888366699,0.8645,0.04,0.056,0.047,0.1955
A,114,KNN (k=5),0.6201736573813056,0.0674714993842627,1000000.0,-0.0325509304506485,0.0220553160713837,1000000.0,0.1250269412994384,0.8645,0.04,0.056,0.047,0.1955
A,114,MissForest (single),0.6226235828032528,0.0675827882667144,1000000.0,-0.0338018968644726,0.0220487768120552,1000000.0,5.586828231811523,0.8645,0.04,0.056,0.047,0.1955
A,114,MI without outcome,0.608519348636402,0.0678930269064859,4831.487193796045,-0.0322198853311729,0.0226890857746474,8662.882248236532,1.999579668045044,0.8645,0.04,0.056,0.047,0.1955
A,114,MI with outcome,0.603881097092718,0.0679696271128198,4509.620950008048,-0.0323712614530873,0.0226841760343603,8696.062671523616,2.10914158821106,0.8645,0.04,0.056,0.047,0.1955
A,115,Complete-case,0.4973047214100029,0.0706382305771382,1000000.0,0.004352799105381,0.0237153474150277,1000000.0,0.011824607849121,0.8645,0.0405,0.046,0.056,0.194
A,115,Mean imputation,0.5497751948061999,0.0663191040220932,1000000.0,0.004352799105381,0.0227546356054393,1000000.0,0.0183937549591064,0.8645,0.0405,0.046,0.056,0.194
A,115,KNN (k=5),0.5544965222724837,0.0665804831595749,1000000.0,0.0043527108273966,0.0229548466912235,1000000.0,0.083071231842041,0.8645,0.0405,0.046,0.056,0.194
A,115,MissForest (single),0.5490205701940586,0.0668495585794364,1000000.0,0.00409723794397,0.0229801289776683,1000000.0,5.4831836223602295,0.8645,0.0405,0.046,0.056,0.194
A,115,MI without outcome,0.5411575707902687,0.0663311560207671,18836.16376294218,0.004428416877206,0.0234966788528717,19976.215391039263,2.168534994125366,0.8645,0.0405,0.046,0.056,0.194
A,115,MI with outcome,0.533015996960779,0.0663688783247474,18626.667624933187,0.0044609115570602,0.0234973531631736,19976.066044056723,1.8767120838165283,0.8645,0.0405,0.046,0.056,0.194
A,116,Complete-case,0.5237198693002205,0.0701919725295373,1000000.0,0.0064554118534863,0.0228337609211116,1000000.0,0.020576000213623,0.8615,0.0425,0.053,0.0485,0.188
A,116,Mean imputation,0.5564798843581791,0.0666871062305428,1000000.0,0.0064554118534863,0.0218630833505421,1000000.0,0.0170481204986572,0.8615,0.0425,0.053,0.0485,0.188
A,116,KNN (k=5),0.5656993942078674,0.0667145945996407,1000000.0,0.0033074837258753,0.022101286428751,1000000.0,0.0948574542999267,0.8615,0.0425,0.053,0.0485,0.188
A,116,MissForest (single),0.5637546994972633,0.0668606397894671,1000000.0,0.0061336352161413,0.0220780157298557,1000000.0,5.703886032104492,0.8615,0.0425,0.053,0.0485,0.188
A,116,MI without outcome,0.5616840468724934,0.0667322189075372,11384.68836643478,0.0023576900934409,0.0227445268080734,7900.30164872999,2.017366409301758,0.8615,0.0425,0.053,0.0485,0.188
A,116,MI with outcome,0.5561161538102919,0.0667860546291988,10387.51233669189,0.0024836603109494,0.0227418432111368,7949.309992626075,2.0577621459960938,0.8615,0.0425,0.053,0.0485,0.188
A,117,Complete-case,0.6621104502798774,0.0739613945107881,1000000.0,0.0077645292647994,0.0236998172704386,1000000.0,0.0191462039947509,0.8505,0.0585,0.048,0.05,0.1905
A,117,Mean imputation,0.6307122014121068,0.0680856214899652,1000000.0,0.0077645292647994,0.0223130311742039,1000000.0,0.0180156230926513,0.8505,0.0585,0.048,0.05,0.1905
A,117,KNN (k=5),0.6669442770243192,0.0684779671020701,1000000.0,0.010620549884642,0.0226271661820048,1000000.0,0.082482099533081,0.8505,0.0585,0.048,0.05,0.1905
A,117,MissForest (single),0.6631601369744792,0.0687478294982788,1000000.0,0.0084316614720462,0.0225917861707074,1000000.0,5.588885307312012,0.8505,0.0585,0.048,0.05,0.1905
A,117,MI without outcome,0.6380676854887739,0.0690375711073422,2195.079714911972,0.0075957690478127,0.0235230367502572,4675.4474030457095,1.7426939010620115,0.8505,0.0585,0.048,0.05,0.1905
A,117,MI with outcome,0.6301156775607744,0.0690590253351389,2087.45180961639,0.0075380455726763,0.0235222165855753,4682.9434252536885,2.019274473190308,0.8505,0.0585,0.048,0.05,0.1905
A,118,Complete-case,0.5453899777181099,0.0700119728064515,1000000.0,-0.0106712680000195,0.0231901526619169,1000000.0,0.0198194980621337,0.8685,0.0475,0.042,0.0485,0.189
A,118,Mean imputation,0.5381488264151701,0.0662000732091165,1000000.0,-0.0106712680000195,0.0220883448879342,1000000.0,0.016045331954956,0.8685,0.0475,0.042,0.0485,0.189
A,118,KNN (k=5),0.5628881866479934,0.066083266332092,1000000.0,-0.0109205725695149,0.0223476297070017,1000000.0,0.0826866626739502,0.8685,0.0475,0.042,0.0485,0.189
A,118,MissForest (single),0.5650995761381881,0.0663505523945431,1000000.0,-0.008611126374196,0.0223431411232729,1000000.0,6.032617807388306,0.8685,0.0475,0.042,0.0485,0.189
A,118,MI without outcome,0.5625373499296354,0.0671100768386467,3248.741645751485,-0.0066022005074039,0.0229020442366454,20851.74677517151,1.8322453498840328,0.8685,0.0475,0.042,0.0485,0.189
A,118,MI with outcome,0.5564354356566272,0.0671538418571657,3011.771406586092,-0.0066641896865671,0.0228990747451795,20880.97089589229,2.0619564056396484,0.8685,0.0475,0.042,0.0485,0.189
A,119,Complete-case,0.6227447803964815,0.0748952882204603,1000000.0,-0.035476762789418,0.022734754697272,1000000.0,0.0285794734954834,0.8565,0.055,0.0535,0.0485,0.1805
A,119,Mean imputation,0.6178546098600238,0.0709828711812715,1000000.0,-0.035476762789418,0.0214840304273888,1000000.0,0.0306556224822998,0.8565,0.055,0.0535,0.0485,0.1805
A,119,KNN (k=5),0.6347183386206718,0.070957833050947,1000000.0,-0.0418683188228788,0.0217646161020358,1000000.0,0.0912368297576904,0.8565,0.055,0.0535,0.0485,0.1805
A,119,MissForest (single),0.6459985672239053,0.0712541786896997,1000000.0,-0.0426531242237078,0.021827160482213,1000000.0,5.496788024902344,0.8565,0.055,0.0535,0.0485,0.1805
A,119,MI without outcome,0.6320172017561914,0.0711639303626739,6922.081286398976,-0.0402268437376334,0.0223844169339893,14975.167753093529,1.9814462661743164,0.8565,0.055,0.0535,0.0485,0.1805
A,119,MI with outcome,0.6276742856497928,0.0711777899383903,6782.397824090185,-0.0401992241134285,0.022384501988712,14934.310598803911,1.801436424255371,0.8565,0.055,0.0535,0.0485,0.1805
A,120,Complete-case,0.5602939702402143,0.0735928883252853,1000000.0,-0.0330022214197744,0.0222236619332963,1000000.0,0.0121524333953857,0.847,0.05,0.057,0.054,0.1985
A,120,Mean imputation,0.6081564952620049,0.0696504067627587,1000000.0,-0.0330022214197744,0.0211122009000605,1000000.0,0.0177276134490966,0.847,0.05,0.057,0.054,0.1985
A,120,KNN (k=5),0.6226973656571739,0.0699202208495823,1000000.0,-0.0318677505525612,0.0213139547420076,1000000.0,0.0888152122497558,0.847,0.05,0.057,0.054,0.1985
A,120,MissForest (single),0.6331747466005714,0.0698325809225861,1000000.0,-0.0278668205870135,0.0214087832722705,1000000.0,6.008131504058838,0.847,0.05,0.057,0.054,0.1985
A,120,MI without outcome,0.6128742620948905,0.0690160867809483,29703.716544147414,-0.0312987059083958,0.0219716476868927,10211.11754164137,1.708087682723999,0.847,0.05,0.057,0.054,0.1985
A,120,MI with outcome,0.6057959948680492,0.0690354706807332,30196.39519563597,-0.0312480632940575,0.0219716974174588,10212.693401079645,2.0860376358032227,0.847,0.05,0.057,0.054,0.1985
A,121,Complete-case,0.542023249674575,0.0716140696870622,1000000.0,0.0072851020164417,0.0232127337873206,1000000.0,0.0130627155303955,0.864,0.0535,0.043,0.048,0.1925
A,121,Mean imputation,0.5364908029149635,0.0680302187804502,1000000.0,0.0072851020164417,0.0219705419018758,1000000.0,0.0169446468353271,0.864,0.0535,0.043,0.048,0.1925
A,121,KNN (k=5),0.5285681058435556,0.0676388808424278,1000000.0,0.0118735095609432,0.0223502426622184,1000000.0,0.083616018295288,0.864,0.0535,0.043,0.048,0.1925
A,121,MissForest (single),0.5377187924539137,0.0680471198975436,1000000.0,0.0128822531990504,0.0223039239142343,1000000.0,5.827550411224365,0.864,0.0535,0.043,0.048,0.1925
A,121,MI without outcome,0.5334946198647371,0.0672264096619992,32412.026697400623,0.0122816992324928,0.0228773679143076,17674.30274919005,1.768779754638672,0.864,0.0535,0.043,0.048,0.1925
A,121,MI with outcome,0.5236992858885995,0.0672176778382319,29086.622990045944,0.0126501577017365,0.0228817109656363,17890.891258427804,1.69423246383667,0.864,0.0535,0.043,0.048,0.1925
A,122,Complete-case,0.610096679704597,0.0711000741996214,1000000.0,-0.0088330576627787,0.0233727047632061,1000000.0,0.0107393264770507,0.8555,0.0475,0.0595,0.047,0.1985
A,122,Mean imputation,0.6144278603642543,0.0663568688609658,1000000.0,-0.0088330576627787,0.022262223595508,1000000.0,0.0159788131713867,0.8555,0.0475,0.0595,0.047,0.1985
A,122,KNN (k=5),0.638732054346084,0.0667137810002389,1000000.0,-0.0068290267508734,0.0224878723599404,1000000.0,0.0728259086608886,0.8555,0.0475,0.0595,0.047,0.1985
A,122,MissForest (single),0.6426596884997354,0.0668215037590313,1000000.0,-0.0075597817293041,0.0224624171488656,1000000.0,5.498023509979248,0.8555,0.0475,0.0595,0.047,0.1985
A,122,MI without outcome,0.6273697981384444,0.0660931594528777,13068.9283140922,-0.0086350231454312,0.0234643684373732,2856.308144924324,1.701258897781372,0.8555,0.0475,0.0595,0.047,0.1985
A,122,MI with outcome,0.6219221528455756,0.0661949537136056,12261.564225354678,-0.0087141128866991,0.0234624310495135,2857.306994997632,1.9967546463012693,0.8555,0.0475,0.0595,0.047,0.1985
A,123,Complete-case,0.6769679970856926,0.0768818685428696,1000000.0,-0.0356270246581631,0.0225287131590257,1000000.0,0.0117290019989013,0.844,0.0605,0.0515,0.0525,0.1865
A,123,Mean imputation,0.6890511211659773,0.0724500569758129,1000000.0,-0.0356270246581631,0.0211653850929139,1000000.0,0.0143530368804931,0.844,0.0605,0.0515,0.0525,0.1865
A,123,KNN (k=5),0.6952028200770656,0.0723964765541905,1000000.0,-0.0370570154519408,0.0215091687595218,1000000.0,0.092536449432373,0.844,0.0605,0.0515,0.0525,0.1865
A,123,MissForest (single),0.6926536796973011,0.0723644658018343,1000000.0,-0.0337057776724818,0.0215156819249672,1000000.0,5.688563823699951,0.844,0.0605,0.0515,0.0525,0.1865
A,123,MI without outcome,0.6787512257382338,0.0720446660740349,7884.847173064235,-0.0350679968658153,0.0223117599927662,4842.598168369537,1.7817723751068115,0.844,0.0605,0.0515,0.0525,0.1865
A,123,MI with outcome,0.6752724453211514,0.0721633372891209,7654.986819466392,-0.0348932498197727,0.0223149954528721,4842.630927966171,2.03835129737854,0.844,0.0605,0.0515,0.0525,0.1865
A,124,Complete-case,0.6260108715043896,0.0744834933691582,1000000.0,0.025231564590631,0.0226246181086508,1000000.0,0.0233633518218994,0.863,0.0465,0.0485,0.051,0.2
A,124,Mean imputation,0.6542044084894967,0.070116296187433,1000000.0,0.025231564590631,0.0215723102222367,1000000.0,0.0176067352294921,0.863,0.0465,0.0485,0.051,0.2
A,124,KNN (k=5),0.6837182467945998,0.0706590135487025,1000000.0,0.0280290629106465,0.0217920837946807,1000000.0,0.0714302062988281,0.863,0.0465,0.0485,0.051,0.2
A,124,MissForest (single),0.6780079770290964,0.0704511673697935,1000000.0,0.0258589438601889,0.0218736422882312,1000000.0,5.496636629104614,0.863,0.0465,0.0485,0.051,0.2
A,124,MI without outcome,0.6632951818262409,0.0727304519573248,925.0929068249112,0.0244847137320573,0.0222469074188289,85723.37120972591,1.79744291305542,0.863,0.0465,0.0485,0.051,0.2
A,124,MI with outcome,0.6586108685022317,0.0728571468938645,893.5228556360671,0.0244022699266212,0.0222461861461481,85884.76131624778,2.302668809890747,0.863,0.0465,0.0485,0.051,0.2
A,125,Complete-case,0.597208353808286,0.0749907061056739,1000000.0,-0.0222055480388897,0.0227643731143556,1000000.0,0.011406660079956,0.85,0.0445,0.051,0.059,0.1855
A,125,Mean imputation,0.6227256250032197,0.0704597404276801,1000000.0,-0.0222055480388897,0.0217511051289499,1000000.0,0.0203239917755126,0.85,0.0445,0.051,0.059,0.1855
A,125,KNN (k=5),0.6318842127117477,0.0708640432203231,1000000.0,-0.0211341450331328,0.0219231477844537,1000000.0,0.0875895023345947,0.85,0.0445,0.051,0.059,0.1855
A,125,MissForest (single),0.631571350530872,0.0712840374003024,1000000.0,-0.0211370308381719,0.0219121338520234,1000000.0,5.495395183563232,0.85,0.0445,0.051,0.059,0.1855
A,125,MI without outcome,0.6170933865546506,0.0718592963057523,2440.4384875938126,-0.0201814781065852,0.0224436974017127,19259.510931189438,1.850451231002808,0.85,0.0445,0.051,0.059,0.1855
A,125,MI with outcome,0.6107489398022433,0.0719712357878142,2285.059323889164,-0.0201665743355167,0.022444157883595,19298.27191971038,2.0988094806671143,0.85,0.0445,0.051,0.059,0.1855
A,126,Complete-case,0.5898650248187935,0.0737473406724473,1000000.0,0.0035520498709743,0.0227262938456257,1000000.0,0.0105516910552978,0.853,0.0535,0.053,0.0495,0.207
A,126,Mean imputation,0.55358066788527,0.0675090136438214,1000000.0,0.0035520498709743,0.0215101330064966,1000000.0,0.0155048370361328,0.853,0.0535,0.053,0.0495,0.207
A,126,KNN (k=5),0.6139049741420951,0.0683272060158624,1000000.0,0.0116668822853767,0.0218337183207709,1000000.0,0.1107923984527587,0.853,0.0535,0.053,0.0495,0.207
A,126,MissForest (single),0.6140198599741018,0.068431978629276,1000000.0,0.0118961309492384,0.0218377578413422,1000000.0,5.413374662399292,0.853,0.0535,0.053,0.0495,0.207
A,126,MI without outcome,0.5927850454606035,0.0673416150538087,17951.904234453687,0.0101049328158496,0.0223615958147295,27895.6944228933,1.5925822257995603,0.853,0.0535,0.053,0.0495,0.207
A,126,MI with outcome,0.5887518448583415,0.0675253866469662,16548.471780611668,0.0100545883444924,0.0223594942940209,27945.53212705209,1.7424023151397705,0.853,0.0535,0.053,0.0495,0.207
A,127,Complete-case,0.5480909755950962,0.0742072800903644,1000000.0,0.0014570978174501,0.0230469292380357,1000000.0,0.0110139846801757,0.848,0.051,0.058,0.0525,0.179
A,127,Mean imputation,0.5279805128748588,0.0681799104541647,1000000.0,0.0014570978174501,0.0218712418495744,1000000.0,0.038992166519165,0.848,0.051,0.058,0.0525,0.179
A,127,KNN (k=5),0.5516022958695467,0.0681464292305658,1000000.0,0.0037852955847539,0.0221119770065925,1000000.0,0.0946369171142578,0.848,0.051,0.058,0.0525,0.179
A,127,MissForest (single),0.5646809998606296,0.0685152754180331,1000000.0,0.0034412059264854,0.0221472693929863,1000000.0,5.384038925170898,0.848,0.051,0.058,0.0525,0.179
A,127,MI without outcome,0.544521378346899,0.0684404905025999,5081.708742428573,0.0045699282708396,0.0229575427099292,5066.248598733855,1.7771062850952148,0.848,0.051,0.058,0.0525,0.179
A,127,MI with outcome,0.539147383218449,0.0684705178072972,5003.389270225035,0.0044313212352752,0.0229563596512021,5078.487336907402,2.1928505897521973,0.848,0.051,0.058,0.0525,0.179
A,128,Complete-case,0.5824547473117794,0.0734296568346986,1000000.0,-0.0354468555865032,0.0225445092821855,1000000.0,0.0249478816986084,0.858,0.049,0.0465,0.0555,0.195
A,128,Mean imputation,0.5956487627388349,0.0695913418675042,1000000.0,-0.0354468555865032,0.021439552017185,1000000.0,0.0330812931060791,0.858,0.049,0.0465,0.0555,0.195
A,128,KNN (k=5),0.6060368622130781,0.0698943103334087,1000000.0,-0.038418508035305,0.0216901835233264,1000000.0,0.0882253646850586,0.858,0.049,0.0465,0.0555,0.195
A,128,MissForest (single),0.6157847414129415,0.070122651011771,1000000.0,-0.0385494397546064,0.0217123024225696,1000000.0,4.803292989730835,0.858,0.049,0.0465,0.0555,0.195
A,128,MI without outcome,0.5997699857905102,0.0719302150006683,1320.9567808325269,-0.0382910391065763,0.0221477115326848,31921.0400134042,1.884326934814453,0.858,0.049,0.0465,0.0555,0.195
A,128,MI with outcome,0.5934670342228233,0.0720631531614791,1220.0677509651402,-0.0381109478184083,0.0221476536878048,31836.415899877906,2.274209976196289,0.858,0.049,0.0465,0.0555,0.195
A,129,Complete-case,0.6055677666962297,0.0709599336761188,1000000.0,-0.0217115837417305,0.023560310586831,1000000.0,0.0255641937255859,0.8535,0.0525,0.05,0.0525,0.207
A,129,Mean imputation,0.6184037833687799,0.0668387314083715,1000000.0,-0.0217115837417305,0.0223230848951101,1000000.0,0.0278890132904052,0.8535,0.0525,0.05,0.0525,0.207
A,129,KNN (k=5),0.640372279719999,0.0670015492285379,1000000.0,-0.0184098617078021,0.0226228748760782,1000000.0,0.1155850887298584,0.8535,0.0525,0.05,0.0525,0.207
A,129,MissForest (single),0.640518078240649,0.0671161008647469,1000000.0,-0.0195728247512386,0.0225909077259653,1000000.0,4.965408563613892,0.8535,0.0525,0.05,0.0525,0.207
A,129,MI without outcome,0.6301801850828069,0.0668684350298627,7654.482128139651,-0.0195124086336116,0.0233917559588261,5359.984647512336,1.5574634075164795,0.8535,0.0525,0.05,0.0525,0.207
A,129,MI with outcome,0.6237929953920981,0.0669315722467613,7182.832129240934,-0.0194846300850919,0.0233903252619298,5358.798109376077,2.090306282043457,0.8535,0.0525,0.05,0.0525,0.207
A,130,Complete-case,0.708162167807319,0.075177490862077,1000000.0,-0.0027725909196787,0.0229029787891692,1000000.0,0.0204546451568603,0.862,0.047,0.054,0.0435,0.194
A,130,Mean imputation,0.6766861213076848,0.069785916291939,1000000.0,-0.0027725909196787,0.0218262695397945,1000000.0,0.0155847072601318,0.862,0.047,0.054,0.0435,0.194
A,130,KNN (k=5),0.7136408830329947,0.0703905064587664,1000000.0,-0.0042362691423832,0.0220816278212854,1000000.0,0.0795631408691406,0.862,0.047,0.054,0.0435,0.194
A,130,MissForest (single),0.7182536067156965,0.0706274071685887,1000000.0,-0.0019985853001826,0.0220331124004078,1000000.0,5.063223600387573,0.862,0.047,0.054,0.0435,0.194
A,130,MI without outcome,0.6979208624656162,0.0700203868216707,16372.715298747127,-0.001997484923152,0.0224983034040249,50033.611304489525,1.9050931930541992,0.862,0.047,0.054,0.0435,0.194
A,130,MI with outcome,0.6981641770108116,0.0700734214237839,18519.719241592025,-0.0019673512977186,0.0224997429549698,49891.34234130856,2.1575586795806885,0.862,0.047,0.054,0.0435,0.194
A,131,Complete-case,0.4749968372793007,0.0716187013546202,1000000.0,-0.0113546768399912,0.0226215307527133,1000000.0,0.0197398662567138,0.8645,0.0405,0.046,0.055,0.188
A,131,Mean imputation,0.4530769135222103,0.0670449214748366,1000000.0,-0.0113546768399912,0.0217051295984411,1000000.0,0.0155072212219238,0.8645,0.0405,0.046,0.055,0.188
A,131,KNN (k=5),0.4752587409750731,0.0673312749970409,1000000.0,-0.0112699737147515,0.0218883456461818,1000000.0,0.0814306735992431,0.8645,0.0405,0.046,0.055,0.188
A,131,MissForest (single),0.4730473558556403,0.0672877525137901,1000000.0,-0.0137889438019106,0.0219362885527161,1000000.0,5.239820718765259,0.8645,0.0405,0.046,0.055,0.188
A,131,MI without outcome,0.4731065986526969,0.0668590986248621,22952.27967944274,-0.0129075148233144,0.0224083937156532,23828.67174328716,1.9212818145751955,0.8645,0.0405,0.046,0.055,0.188
A,131,MI with outcome,0.4627303347910077,0.0669139009568641,21371.89322667751,-0.0132139878229726,0.0224029097407657,24114.72135140261,2.163583278656006,0.8645,0.0405,0.046,0.055,0.188
A,132,Complete-case,0.6497523348375176,0.0721664314189943,1000000.0,0.0047438478770424,0.0229630931925511,1000000.0,0.0104618072509765,0.8495,0.0545,0.049,0.052,0.2055
A,132,Mean imputation,0.6327089756580361,0.0678445987074903,1000000.0,0.0047438478770424,0.0217112915826414,1000000.0,0.0153048038482666,0.8495,0.0545,0.049,0.052,0.2055
A,132,KNN (k=5),0.6651808911951854,0.0683750552244202,1000000.0,0.0076311675580294,0.0219823415407443,1000000.0,0.0787756443023681,0.8495,0.0545,0.049,0.052,0.2055
A,132,MissForest (single),0.663307501683238,0.0683319701406957,1000000.0,0.0115832865382677,0.0220569868857035,1000000.0,5.272359371185303,0.8495,0.0545,0.049,0.052,0.2055
A,132,MI without outcome,0.6419743474986486,0.0676341050044586,8603.255396556155,0.009186863358043,0.0225640458062653,21773.951370420924,1.800093173980713,0.8495,0.0545,0.049,0.052,0.2055
A,132,MI with outcome,0.6399776721655768,0.0677557670386236,8196.521501738733,0.009184139080358,0.0225640577416825,21739.549557447936,1.8824620246887207,0.8495,0.0545,0.049,0.052,0.2055
A,133,Complete-case,0.4978556480796049,0.0694597134436667,1000000.0,-0.010845812821845,0.0234884819915301,1000000.0,0.0101590156555175,0.865,0.049,0.054,0.037,0.175
A,133,Mean imputation,0.5203087353646909,0.0668303355806152,1000000.0,-0.010845812821845,0.0223372584942467,1000000.0,0.0161030292510986,0.865,0.049,0.054,0.037,0.175
A,133,KNN (k=5),0.5329627207831077,0.0666213826259475,1000000.0,-0.0114050497791027,0.0226000812665462,1000000.0,0.0719308853149414,0.865,0.049,0.054,0.037,0.175
A,133,MissForest (single),0.531669455376362,0.0667324163327019,1000000.0,-0.010275479014982,0.0225908236729285,1000000.0,5.776426076889038,0.865,0.049,0.054,0.037,0.175
A,133,MI without outcome,0.5193649302349792,0.0661696753010733,23289.232486159457,-0.0096514636915838,0.023536253356035,3130.206402537816,1.6250879764556885,0.865,0.049,0.054,0.037,0.175
A,133,MI with outcome,0.515176017848999,0.0661995553979555,22032.11852151003,-0.0094472197699649,0.0235375073446476,3140.2165378909785,1.7867980003356934,0.865,0.049,0.054,0.037,0.175
A,134,Complete-case,0.5642673379597068,0.0697793754287956,1000000.0,-0.0024045548880831,0.0232770891532327,1000000.0,0.0117979049682617,0.866,0.045,0.048,0.048,0.199
A,134,Mean imputation,0.534609937791503,0.0657343934881645,1000000.0,-0.002404554888083,0.0222293581415411,1000000.0,0.016695499420166,0.866,0.045,0.048,0.048,0.199
A,134,KNN (k=5),0.5466682665187296,0.0657481728601123,1000000.0,-0.007798652649222,0.0224870112326749,1000000.0,0.0765783786773681,0.866,0.045,0.048,0.048,0.199
A,134,MissForest (single),0.5512775911353537,0.0657279802447779,1000000.0,-0.0052279160650777,0.0224888931022595,1000000.0,5.079099178314209,0.866,0.045,0.048,0.048,0.199
A,134,MI without outcome,0.540739412171936,0.0667436860960055,2159.902022053387,-0.0063593838678119,0.0230764753472292,13378.739400447896,1.5467033386230469,0.866,0.045,0.048,0.048,0.199
A,134,MI with outcome,0.5355614442278637,0.0668769292029419,1965.7759226884464,-0.0063478171375345,0.0230773783014969,13353.729201711134,2.0037076473236084,0.866,0.045,0.048,0.048,0.199
A,135,Complete-case,0.6109739644356864,0.0720708225300542,1000000.0,0.0042788742070732,0.0226777760888969,1000000.0,0.0227284431457519,0.8515,0.0505,0.0505,0.054,0.188
A,135,Mean imputation,0.6255869337212403,0.0687947737091597,1000000.0,0.0042788742070732,0.021532261944354,1000000.0,0.0183382034301757,0.8515,0.0505,0.0505,0.054,0.188
A,135,KNN (k=5),0.6477269327848286,0.0687929963618634,1000000.0,0.0010493455589126,0.0217765918020744,1000000.0,0.0864224433898925,0.8515,0.0505,0.0505,0.054,0.188
A,135,MissForest (single),0.6528269340111256,0.0689553954247091,1000000.0,0.003141182868663,0.0217903138158198,1000000.0,5.420037746429443,0.8515,0.0505,0.0505,0.054,0.188
A,135,MI without outcome,0.6386439667303001,0.0686133134866899,11316.34615385275,0.0030598329675337,0.0224103038371109,13020.67192641488,1.6652474403381348,0.8515,0.0505,0.0505,0.054,0.188
A,135,MI with outcome,0.6357586666324051,0.0686703109421736,10885.104505486865,0.0031055021950412,0.0224100299862595,13004.402310270554,2.416903257369995,0.8515,0.0505,0.0505,0.054,0.188
A,136,Complete-case,0.5142701022756032,0.0746807709359953,1000000.0,-0.0114310282995996,0.0227353417949106,1000000.0,0.02537202835083,0.8475,0.044,0.0575,0.0615,0.1905
A,136,Mean imputation,0.5424304871522957,0.0690738813821555,1000000.0,-0.0114310282995996,0.0217347365406276,1000000.0,0.0178160667419433,0.8475,0.044,0.0575,0.0615,0.1905
A,136,KNN (k=5),0.5523700854654217,0.0693510045944737,1000000.0,-0.0102144372775415,0.0219613298419119,1000000.0,0.0780141353607177,0.8475,0.044,0.0575,0.0615,0.1905
A,136,MissForest (single),0.5491631140516403,0.0694637942315962,1000000.0,-0.0095935517261015,0.021955237122073,1000000.0,5.291918516159058,0.8475,0.044,0.0575,0.0615,0.1905
A,136,MI without outcome,0.5430755081051506,0.0687161324335459,16187.828846298566,-0.0111461762972147,0.0226629928412838,5831.191500951971,1.8257949352264404,0.8475,0.044,0.0575,0.0615,0.1905
A,136,MI with outcome,0.5336433046958965,0.0688989265475392,13950.254434638884,-0.010740036018309,0.0226620323102193,5861.173181655366,2.21484375,0.8475,0.044,0.0575,0.0615,0.1905
A,137,Complete-case,0.5807825123484127,0.0703264267086372,1000000.0,0.0158627842252819,0.0232510288350917,1000000.0,0.0107653141021728,0.8605,0.054,0.0495,0.042,0.198
A,137,Mean imputation,0.5902885923612189,0.0664574590568387,1000000.0,0.0158627842252819,0.0219951592298426,1000000.0,0.0187973976135253,0.8605,0.054,0.0495,0.042,0.198
A,137,KNN (k=5),0.5778572971331353,0.0659814096865233,1000000.0,0.0142240277859093,0.0222795983152578,1000000.0,0.0816540718078613,0.8605,0.054,0.0495,0.042,0.198
A,137,MissForest (single),0.5789761522191024,0.0661777240383197,1000000.0,0.0102088404731533,0.0222590521355422,1000000.0,5.4943671226501465,0.8605,0.054,0.0495,0.042,0.198
A,137,MI without outcome,0.5653840692840948,0.0661178616525635,6057.143607806738,0.0131236697342039,0.0231768671564646,3706.714101908638,1.9802823066711424,0.8605,0.054,0.0495,0.042,0.198
A,137,MI with outcome,0.562793096528696,0.0661456747497574,6031.141907270349,0.0131952188990953,0.0231805225931906,3693.3798050398887,2.251548767089844,0.8605,0.054,0.0495,0.042,0.198
A,138,Complete-case,0.5423886213395819,0.0709575849414529,1000000.0,-0.0212766609912299,0.023129901416229,1000000.0,0.0221261978149414,0.8615,0.046,0.0515,0.0455,0.2005
A,138,Mean imputation,0.5638189786900123,0.0670563756891637,1000000.0,-0.0212766609912299,0.0220656598225479,1000000.0,0.0152349472045898,0.8615,0.046,0.0515,0.0455,0.2005
A,138,KNN (k=5),0.5670455086451088,0.0671298643366981,1000000.0,-0.0150793203225138,0.0223012658323851,1000000.0,0.0902395248413086,0.8615,0.046,0.0515,0.0455,0.2005
A,138,MissForest (single),0.5692925728324879,0.0672232246762734,1000000.0,-0.014956688743865,0.0223165061606528,1000000.0,5.479015111923218,0.8615,0.046,0.0515,0.0455,0.2005
A,138,MI without outcome,0.5541175493305424,0.0666414955734335,12276.180589521293,-0.0149249230082429,0.022801446143644,27605.855171182164,1.9917323589324951,0.8615,0.046,0.0515,0.0455,0.2005
A,138,MI with outcome,0.5477138765074154,0.0666986585197979,11883.64947951812,-0.0148042665692138,0.0228036766043092,27657.0653938409,1.990732192993164,0.8615,0.046,0.0515,0.0455,0.2005
A,139,Complete-case,0.6157133041015155,0.0726856602296593,1000000.0,-0.0092886800829468,0.0227727651667014,1000000.0,0.0094339847564697,0.864,0.043,0.054,0.0455,0.1965
A,139,Mean imputation,0.661510202330677,0.0693333697774718,1000000.0,-0.0092886800829468,0.0217932913334665,1000000.0,0.014460802078247,0.864,0.043,0.054,0.0455,0.1965
A,139,KNN (k=5),0.6718694462587976,0.0694761911210826,1000000.0,-0.0134442711392036,0.022007623460299,1000000.0,0.0545954704284668,0.864,0.043,0.054,0.0455,0.1965
A,139,MissForest (single),0.6729668049116085,0.069499177466262,1000000.0,-0.0139845888964518,0.0220192484193199,1000000.0,5.491107940673828,0.864,0.043,0.054,0.0455,0.1965
A,139,MI without outcome,0.6511493416399772,0.069358950050721,7503.910194321888,-0.0132030324814357,0.0224175708543711,27970.76975932376,1.953798532485962,0.864,0.043,0.054,0.0455,0.1965
A,139,MI with outcome,0.6441692985898068,0.0693203294777605,7594.059963269234,-0.0133571609843642,0.022419140237315,28035.02531847844,1.795874834060669,0.864,0.043,0.054,0.0455,0.1965
A,140,Complete-case,0.4888274160489596,0.0710261195078147,1000000.0,0.0046000675696459,0.0230920791098234,1000000.0,0.010512351989746,0.855,0.06,0.0445,0.049,0.1825
A,140,Mean imputation,0.5186673308101765,0.0674179132427711,1000000.0,0.0046000675696459,0.0217062078060036,1000000.0,0.0152530670166015,0.855,0.06,0.0445,0.049,0.1825
A,140,KNN (k=5),0.5602416394817253,0.0677271969411946,1000000.0,0.0059340836711117,0.0219576750182006,1000000.0,0.0707578659057617,0.855,0.06,0.0445,0.049,0.1825
A,140,MissForest (single),0.5682965012190033,0.0678283008581577,1000000.0,0.0068178636325861,0.0219829051613852,1000000.0,5.592309474945068,0.855,0.06,0.0445,0.049,0.1825
A,140,MI without outcome,0.5508769373194301,0.0677909141232095,4405.902594314274,0.0070992228881956,0.0230629276616911,2647.9706104686657,1.6800177097320557,0.855,0.06,0.0445,0.049,0.1825
A,140,MI with outcome,0.542153474457599,0.0678437211490635,4312.715881531271,0.0070536681934711,0.0230577273523745,2646.522146153515,1.9690697193145752,0.855,0.06,0.0445,0.049,0.1825
A,141,Complete-case,0.5316177834673408,0.0701040259160348,1000000.0,-0.0102776123154733,0.0229705642985192,1000000.0,0.0235085487365722,0.8635,0.0545,0.048,0.0455,0.194
A,141,Mean imputation,0.5462540337413715,0.0670704932195658,1000000.0,-0.0102776123154733,0.0217183554114887,1000000.0,0.0176739692687988,0.8635,0.0545,0.048,0.0455,0.194
A,141,KNN (k=5),0.571730021514994,0.0673073821953982,1000000.0,-0.0092756506458829,0.0219807805953584,1000000.0,0.089362621307373,0.8635,0.0545,0.048,0.0455,0.194
A,141,MissForest (single),0.582572950211076,0.0674598013052497,1000000.0,-0.0093073879776311,0.0220249942564847,1000000.0,5.66745662689209,0.8635,0.0545,0.048,0.0455,0.194
A,141,MI without outcome,0.5647311202260131,0.0667534553955391,12644.37350705292,-0.0090794641831,0.0228202891764838,6015.463342533434,1.7485382556915283,0.8635,0.0545,0.048,0.0455,0.194
A,141,MI with outcome,0.5623071806584624,0.0668647523169221,12601.184929818892,-0.0090048624063197,0.0228194589537763,5992.95950641983,2.1128122806549072,0.8635,0.0545,0.048,0.0455,0.194
A,142,Complete-case,0.4515351067622303,0.0696854571897178,1000000.0,0.0047171629267491,0.0233256889690169,1000000.0,0.0124986171722412,0.8575,0.053,0.048,0.05,0.197
A,142,Mean imputation,0.4591261250568547,0.06600033436667,1000000.0,0.0047171629267491,0.0220891182315058,1000000.0,0.0199177265167236,0.8575,0.053,0.048,0.05,0.197
A,142,KNN (k=5),0.4607527198950895,0.0661201683817344,1000000.0,0.0143878228000222,0.0223896740237122,1000000.0,0.0900640487670898,0.8575,0.053,0.048,0.05,0.197
A,142,MissForest (single),0.4627827759722249,0.0660501386740877,1000000.0,0.0114128128933449,0.0223875219166385,1000000.0,4.921376466751099,0.8575,0.053,0.048,0.05,0.197
A,142,MI without outcome,0.4649540485721021,0.0658670559471327,9805.188740681591,0.0104619086813918,0.0228976221630516,17878.45144327504,1.7031614780426023,0.8575,0.053,0.048,0.05,0.197
A,142,MI with outcome,0.4512073920958781,0.065827881972573,9304.562876048338,0.0108864491565229,0.0228989231658244,18110.297607629374,2.225161552429199,0.8575,0.053,0.048,0.05,0.197
A,143,Complete-case,0.6057885306873975,0.0746558949202045,1000000.0,0.0037623518674244,0.0226956683483611,1000000.0,0.0251383781433105,0.8565,0.05,0.051,0.051,0.1905
A,143,Mean imputation,0.6130040305479828,0.0698649648070926,1000000.0,0.0037623518674244,0.0215606010913015,1000000.0,0.0164625644683837,0.8565,0.05,0.051,0.051,0.1905
A,143,KNN (k=5),0.6244103966733549,0.0701506572930472,1000000.0,0.0065552248119555,0.0217841871257502,1000000.0,0.100273847579956,0.8565,0.05,0.051,0.051,0.1905
A,143,MissForest (single),0.6292639822422353,0.070236883168748,1000000.0,0.0082836842436253,0.0217687208067916,1000000.0,4.987930059432983,0.8565,0.05,0.051,0.051,0.1905
A,143,MI without outcome,0.6048827494632081,0.0703156798585053,3219.946754822957,0.0063553806611929,0.0222311174653537,66758.8240574329,1.6116318702697754,0.8565,0.05,0.051,0.051,0.1905
A,143,MI with outcome,0.5957336228464518,0.0704048717431471,3062.198741489473,0.0063489523775624,0.0222340218213558,67137.46825599301,2.1584434509277344,0.8565,0.05,0.051,0.051,0.1905
A,144,Complete-case,0.6814651065173146,0.0741441780670291,1000000.0,-0.0057962120001965,0.0226988842379214,1000000.0,0.0103063583374023,0.8605,0.048,0.0525,0.0455,0.1935
A,144,Mean imputation,0.6487608980251606,0.0702435427545761,1000000.0,-0.0057962120001965,0.0216090652699104,1000000.0,0.0162978172302246,0.8605,0.048,0.0525,0.0455,0.1935
A,144,KNN (k=5),0.661763508233714,0.0703102829647852,1000000.0,-0.0073513843715022,0.0218627155604283,1000000.0,0.0720903873443603,0.8605,0.048,0.0525,0.0455,0.1935
A,144,MissForest (single),0.6674182898017167,0.0705743230534991,1000000.0,-0.0026174511422565,0.0218706943342952,1000000.0,5.352263450622559,0.8605,0.048,0.0525,0.0455,0.1935
A,144,MI without outcome,0.6511625135115344,0.0701776739694397,8353.104487185066,-0.0045054524835998,0.0224172856738299,18390.25912307979,1.9231419563293457,0.8605,0.048,0.0525,0.0455,0.1935
A,144,MI with outcome,0.648768997061788,0.0702838084983617,7658.210785282475,-0.0044507242464271,0.0224182952294263,18371.219050959637,1.7917897701263428,0.8605,0.048,0.0525,0.0455,0.1935
A,145,Complete-case,0.5620591346269033,0.0736945644797627,1000000.0,0.0048709780893421,0.0228922444607509,1000000.0,0.0104870796203613,0.8535,0.0485,0.053,0.0515,0.184
A,145,Mean imputation,0.5356485340952644,0.0685983541834712,1000000.0,0.004870978089342,0.0217816928953164,1000000.0,0.0153839588165283,0.8535,0.0485,0.053,0.0515,0.184
A,145,KNN (k=5),0.5732008579264182,0.0686986571690742,1000000.0,0.0063843353578248,0.0220800931775672,1000000.0,0.0767698287963867,0.8535,0.0485,0.053,0.0515,0.184
A,145,MissForest (single),0.5786986294934405,0.0688185324449525,1000000.0,0.0040041664517967,0.0221195022337525,1000000.0,5.7291131019592285,0.8535,0.0485,0.053,0.0515,0.184
A,145,MI without outcome,0.5657870368115041,0.0691517590591219,4289.367035762519,0.0049135706538234,0.0230010443048977,3250.8099395637814,1.704110860824585,0.8535,0.0485,0.053,0.0515,0.184
A,145,MI with outcome,0.5602390169408504,0.069149366616186,4219.574506989669,0.0049558023306998,0.0229948759227513,3263.798205416485,2.0196547508239746,0.8535,0.0485,0.053,0.0515,0.184
A,146,Complete-case,0.5659454678969607,0.0730793789151582,1000000.0,-0.0320988784632122,0.0232856662924854,1000000.0,0.0107080936431884,0.8595,0.057,0.0465,0.047,0.1865
A,146,Mean imputation,0.5518341689783951,0.0683772934277839,1000000.0,-0.0320988784632122,0.021958051324566,1000000.0,0.014533519744873,0.8595,0.057,0.0465,0.047,0.1865
A,146,KNN (k=5),0.5748389038203505,0.0684985216944703,1000000.0,-0.0289525777171105,0.0222091949551031,1000000.0,0.0749962329864502,0.8595,0.057,0.0465,0.047,0.1865
A,146,MissForest (single),0.5745776685711377,0.0684493587771781,1000000.0,-0.0280710640512342,0.0222453145360609,1000000.0,5.842827558517456,0.8595,0.057,0.0465,0.047,0.1865
A,146,MI without outcome,0.5562481731387935,0.0684417374308557,4235.270840330296,-0.0284970197778277,0.0229948498768031,9597.90955558357,1.682689189910889,0.8595,0.057,0.0465,0.047,0.1865
A,146,MI with outcome,0.5431379083102912,0.0684414684261861,3962.21891817976,-0.0285807033897798,0.0229962402137526,9605.974776659616,2.093267679214477,0.8595,0.057,0.0465,0.047,0.1865
A,147,Complete-case,0.5802435786640524,0.0728466345805826,1000000.0,0.0205105405524351,0.0230815756922499,1000000.0,0.0155768394470214,0.847,0.0515,0.0555,0.054,0.201
A,147,Mean imputation,0.5274241193294011,0.0668051431386451,1000000.0,0.0205105405524351,0.021892577218131,1000000.0,0.016681432723999,0.847,0.0515,0.0555,0.054,0.201
A,147,KNN (k=5),0.559147145361488,0.0671803311441737,1000000.0,0.0276422810019458,0.0221894433982972,1000000.0,0.0618793964385986,0.847,0.0515,0.0555,0.054,0.201
A,147,MissForest (single),0.5721390343617979,0.0677074365212207,1000000.0,0.0261617680465258,0.0221872392601164,1000000.0,5.058555364608765,0.847,0.0515,0.0555,0.054,0.201
A,147,MI without outcome,0.5569232487796686,0.0683160619082816,2590.4959016850908,0.0257672686856125,0.0228007854435215,8791.357803412153,1.595930099487305,0.847,0.0515,0.0555,0.054,0.201
A,147,MI with outcome,0.549362494679658,0.0684368847303681,2445.049690801768,0.0256685781331782,0.0227958363706254,8820.275203829613,1.976813554763794,0.847,0.0515,0.0555,0.054,0.201
A,148,Complete-case,0.4825963428630525,0.069006731547866,1000000.0,0.0368246902774669,0.0235914324662502,1000000.0,0.0130491256713867,0.8465,0.0655,0.051,0.0465,0.2095
A,148,Mean imputation,0.4873927062726293,0.0651230925193988,1000000.0,0.0368246902774669,0.0220458071333646,1000000.0,0.0223579406738281,0.8465,0.0655,0.051,0.0465,0.2095
A,148,KNN (k=5),0.5199154589549699,0.0650864747206389,1000000.0,0.032710162927513,0.0224063928520258,1000000.0,0.0949909687042236,0.8465,0.0655,0.051,0.0465,0.2095
A,148,MissForest (single),0.5046276507013754,0.0650698241895658,1000000.0,0.0346544825027465,0.0224262803476235,1000000.0,5.274548530578613,0.8465,0.0655,0.051,0.0465,0.2095
A,148,MI without outcome,0.5079949350987378,0.0649016113235603,5056.477478419324,0.0351726669539924,0.0233878867755114,5048.925120084054,1.5266282558441162,0.8465,0.0655,0.051,0.0465,0.2095
A,148,MI with outcome,0.4948744232269601,0.0648778171309759,4781.103561244297,0.0351572612475601,0.0233857655062336,5106.067312888595,1.9652326107025144,0.8465,0.0655,0.051,0.0465,0.2095
A,149,Complete-case,0.5953585374259246,0.0720511999274427,1000000.0,-0.039159706134354,0.0231746980818929,1000000.0,0.0207593441009521,0.8625,0.045,0.0485,0.0525,0.192
A,149,Mean imputation,0.5488790500639867,0.0667751125504631,1000000.0,-0.0391597061343541,0.0221315758208942,1000000.0,0.0221929550170898,0.8625,0.045,0.0485,0.0525,0.192
A,149,KNN (k=5),0.5885598476997582,0.067251568698182,1000000.0,-0.0325639108609765,0.0223737193891703,1000000.0,0.0835421085357666,0.8625,0.045,0.0485,0.0525,0.192
A,149,MissForest (single),0.5908880546972863,0.0672371280713255,1000000.0,-0.0361088886993844,0.0223883835024333,1000000.0,5.0696868896484375,0.8625,0.045,0.0485,0.0525,0.192
A,149,MI without outcome,0.5822285159732287,0.0668160018842006,23711.45150219904,-0.0362089403544349,0.0227661992830037,146048.40029263753,1.617861032485962,0.8625,0.045,0.0485,0.0525,0.192
A,149,MI with outcome,0.5763130570539489,0.0668216458285902,22639.055296230683,-0.0364582272245754,0.0227618347019765,145982.52321833518,2.031740665435791,0.8625,0.045,0.0485,0.0525,0.192
A,150,Complete-case,0.6592628424939536,0.075722397468939,1000000.0,0.0003411983515121,0.0228624706397468,1000000.0,0.0118112564086914,0.8555,0.0595,0.044,0.0465,0.2
A,150,Mean imputation,0.6668802123630024,0.0701851330389485,1000000.0,0.0003411983515121,0.0215018133846144,1000000.0,0.0199177265167236,0.8555,0.0595,0.044,0.0465,0.2
A,150,KNN (k=5),0.7060408491742675,0.0709512884547151,1000000.0,0.0025670843560047,0.0218210317315117,1000000.0,0.0804383754730224,0.8555,0.0595,0.044,0.0465,0.2
A,150,MissForest (single),0.7134104228520151,0.0712201023543707,1000000.0,0.0037421423004477,0.021846024559311,1000000.0,5.3801350593566895,0.8555,0.0595,0.044,0.0465,0.2
A,150,MI without outcome,0.6942299326845055,0.0701913497779037,14281.20043673586,0.0063039456845838,0.022481316497182,16523.32360377315,1.687424659729004,0.8555,0.0595,0.044,0.0465,0.2
A,150,MI with outcome,0.6898127040000498,0.0702825431388864,13111.179002189716,0.0062778236927173,0.0224813594530547,16498.716386140622,2.000624418258667,0.8555,0.0595,0.044,0.0465,0.2
A,151,Complete-case,0.5824849594256988,0.0759589982947906,1000000.0,-0.0015159468864503,0.022365504162296,1000000.0,0.01542329788208,0.8475,0.0485,0.052,0.057,0.1915
A,151,Mean imputation,0.5983702369867953,0.0699914122581003,1000000.0,-0.0015159468864503,0.0212805058912984,1000000.0,0.0223395824432373,0.8475,0.0485,0.052,0.057,0.1915
A,151,KNN (k=5),0.6144283019944533,0.0700654412744497,1000000.0,-0.0026264900319608,0.021629198092831,1000000.0,0.1118581295013427,0.8475,0.0485,0.052,0.057,0.1915
A,151,MissForest (single),0.6193047041398394,0.0701741915265776,1000000.0,-0.0023676744599074,0.0216304713056132,1000000.0,5.259599685668945,0.8475,0.0485,0.052,0.057,0.1915
A,151,MI without outcome,0.6118783683872488,0.0701990070292442,7397.956089241385,-0.0071397641314982,0.0220989348426661,28745.812780066222,1.7784602642059326,0.8475,0.0485,0.052,0.057,0.1915
A,151,MI with outcome,0.6030942980055009,0.0702936409493833,6960.122317116805,-0.0072915805091082,0.0220997736333204,28607.523096634224,1.9944307804107664,0.8475,0.0485,0.052,0.057,0.1915
A,152,Complete-case,0.4038029956054094,0.070309340852148,1000000.0,0.0284582106490411,0.023114050681029,1000000.0,0.0198519229888916,0.846,0.05,0.0555,0.054,0.1935
A,152,Mean imputation,0.4115362424116162,0.0654102952063946,1000000.0,0.0284582106490411,0.0219580590749062,1000000.0,0.016322374343872,0.846,0.05,0.0555,0.054,0.1935
A,152,KNN (k=5),0.4464469001653608,0.0659446701945638,1000000.0,0.0294730824149044,0.0222339811677474,1000000.0,0.0790061950683593,0.846,0.05,0.0555,0.054,0.1935
A,152,MissForest (single),0.443390844190868,0.0658090643358567,1000000.0,0.0299712048078195,0.0222453346344688,1000000.0,5.536514759063721,0.846,0.05,0.0555,0.054,0.1935
A,152,MI without outcome,0.4444723154233084,0.0663438393901994,3382.5695924093816,0.0302993506913381,0.0227880375284668,19510.494470577287,1.9215760231018064,0.846,0.05,0.0555,0.054,0.1935
A,152,MI with outcome,0.4294278677294391,0.0663998990362975,3134.5359985887376,0.0300538575412803,0.0227740423225109,19814.33954190776,2.0246951580047607,0.846,0.05,0.0555,0.054,0.1935
A,153,Complete-case,0.5438323244955617,0.0723034631444861,1000000.0,0.004716182541182,0.0227947760430431,1000000.0,0.0099039077758789,0.855,0.048,0.0495,0.0535,0.187
A,153,Mean imputation,0.5736415382595542,0.0681328517313862,1000000.0,0.004716182541182,0.0217003531171017,1000000.0,0.0158250331878662,0.855,0.048,0.0495,0.0535,0.187
A,153,KNN (k=5),0.5677793780060957,0.0682621883963381,1000000.0,0.0075240240641725,0.0219649946500638,1000000.0,0.0731654167175293,0.855,0.048,0.0495,0.0535,0.187
A,153,MissForest (single),0.5635349779894403,0.0684484181605043,1000000.0,0.0080098548750681,0.0219656680176689,1000000.0,5.432271480560303,0.855,0.048,0.0495,0.0535,0.187
A,153,MI without outcome,0.5655565497219432,0.0676398495262263,22139.899570447666,0.0075942356894432,0.0226821721639761,9205.165529557948,1.858342170715332,0.855,0.048,0.0495,0.0535,0.187
A,153,MI with outcome,0.5599185180233057,0.0677222338951756,20801.77957417409,0.0076544926797621,0.0226836650044479,9228.949726332245,1.906989574432373,0.855,0.048,0.0495,0.0535,0.187
A,154,Complete-case,0.7230150712364102,0.074766154215036,1000000.0,0.0507626511364244,0.0232794831456969,1000000.0,0.0101799964904785,0.862,0.042,0.048,0.0545,0.1935
A,154,Mean imputation,0.7202560277363376,0.0712907940125514,1000000.0,0.0507626511364244,0.0223015002953852,1000000.0,0.0152726173400878,0.862,0.042,0.048,0.0545,0.1935
A,154,KNN (k=5),0.7209646703871155,0.0713218955582674,1000000.0,0.0477184589093396,0.0224595452344612,1000000.0,0.0653614997863769,0.862,0.042,0.048,0.0545,0.1935
A,154,MissForest (single),0.722734642890455,0.071335129220832,1000000.0,0.0458197194600696,0.0224891588297449,1000000.0,5.668527841567993,0.862,0.042,0.048,0.0545,0.1935
A,154,MI without outcome,0.7134936656800546,0.07147104942256,8282.846084934343,0.0467667548512691,0.0230249442275472,13157.728443934366,1.4984419345855713,0.862,0.042,0.048,0.0545,0.1935
A,154,MI with outcome,0.71130091568495,0.071575411182879,7884.587794328232,0.0467498315708937,0.0230252226015989,13118.18961883071,1.6353425979614258,0.862,0.042,0.048,0.0545,0.1935
A,155,Complete-case,0.6349424333548803,0.0734381502019844,1000000.0,-0.0038920478072582,0.0223842235864262,1000000.0,0.0226852893829345,0.8725,0.043,0.0445,0.046,0.1945
A,155,Mean imputation,0.6605090715634405,0.0707089696554635,1000000.0,-0.0038920478072582,0.021421461220078,1000000.0,0.0189085006713867,0.8725,0.043,0.0445,0.046,0.1945
A,155,KNN (k=5),0.6552626792417924,0.0706502762123305,1000000.0,-0.0032476138747248,0.0215999738572197,1000000.0,0.0759594440460205,0.8725,0.043,0.0445,0.046,0.1945
A,155,MissForest (single),0.6506637754141594,0.070691632316705,1000000.0,-0.0014807508248004,0.0216228629003591,1000000.0,5.256934642791748,0.8725,0.043,0.0445,0.046,0.1945
A,155,MI without outcome,0.6404940130787015,0.0706492553356582,7514.472522409478,-0.002982882460788,0.0220989423591249,23157.23075958281,1.6466820240020752,0.8725,0.043,0.0445,0.046,0.1945
A,155,MI with outcome,0.6369663456447164,0.0706994191494813,7253.326792843573,-0.0027345753660071,0.0221018565078978,23265.193199883048,2.591371297836304,0.8725,0.043,0.0445,0.046,0.1945
A,156,Complete-case,0.6610693165222263,0.0753767833752909,1000000.0,0.017769099334519,0.0232917428240754,1000000.0,0.0219554901123046,0.855,0.0575,0.0525,0.0425,0.1815
A,156,Mean imputation,0.6687819855368808,0.0712136237992728,1000000.0,0.017769099334519,0.0219521326228389,1000000.0,0.0157465934753417,0.855,0.0575,0.0525,0.0425,0.1815
A,156,KNN (k=5),0.6891460147863183,0.0715080019286161,1000000.0,0.0196722197349986,0.022208303746971,1000000.0,0.0787410736083984,0.855,0.0575,0.0525,0.0425,0.1815
A,156,MissForest (single),0.6756025402855925,0.0712266651652418,1000000.0,0.0184343872359701,0.0222346886532078,1000000.0,4.72417426109314,0.855,0.0575,0.0525,0.0425,0.1815
A,156,MI without outcome,0.6586842854005984,0.071666934848376,3101.0866581703813,0.0209315233263159,0.0230465656694088,4466.190550955979,1.4281823635101318,0.855,0.0575,0.0525,0.0425,0.1815
A,156,MI with outcome,0.6505599736607649,0.0716429960492767,3054.3906544259407,0.0209703753436805,0.0230479755124225,4473.948885878304,2.136833429336548,0.855,0.0575,0.0525,0.0425,0.1815
A,157,Complete-case,0.5893713275584007,0.0728399746080995,1000000.0,-0.0108927445130426,0.0226341986942407,1000000.0,0.0189766883850097,0.857,0.0455,0.059,0.046,0.186
A,157,Mean imputation,0.6053316758639637,0.0688197872552471,1000000.0,-0.0108927445130426,0.0216040850593105,1000000.0,0.0150110721588134,0.857,0.0455,0.059,0.046,0.186
A,157,KNN (k=5),0.6191916124159724,0.0689978367590748,1000000.0,-0.0076121833099853,0.0218032797906836,1000000.0,0.0797441005706787,0.857,0.0455,0.059,0.046,0.186
A,157,MissForest (single),0.619312943960878,0.0689944265857399,1000000.0,-0.0080614337748163,0.021807151484207,1000000.0,5.2814881801605225,0.857,0.0455,0.059,0.046,0.186
A,157,MI without outcome,0.6077960952917226,0.0683600060297192,35180.75301929301,-0.0102975551460132,0.0225099328135251,6136.9600026454455,1.4996716976165771,0.857,0.0455,0.059,0.046,0.186
A,157,MI with outcome,0.6060150827649563,0.0684403607686272,32815.434250001024,-0.0101601959159447,0.0225099505684977,6145.859406329386,2.8600547313690186,0.857,0.0455,0.059,0.046,0.186
A,158,Complete-case,0.5550480283806762,0.0699758852199728,1000000.0,0.0079023619717018,0.0236958045014469,1000000.0,0.0195086002349853,0.8495,0.057,0.046,0.057,0.203
A,158,Mean imputation,0.5537531608841223,0.0650974946677616,1000000.0,0.0079023619717018,0.0223448058081794,1000000.0,0.016141653060913,0.8495,0.057,0.046,0.057,0.203
A,158,KNN (k=5),0.5580519754934423,0.0651839407458849,1000000.0,0.004132046171266,0.0226562957827643,1000000.0,0.073061466217041,0.8495,0.057,0.046,0.057,0.203
A,158,MissForest (single),0.5652421517698745,0.0654387880189859,1000000.0,0.0046048501497333,0.0226349481522484,1000000.0,4.800343990325928,0.8495,0.057,0.046,0.057,0.203
A,158,MI without outcome,0.5547006897206316,0.0642897148373425,72236.62197757472,0.0015991239041918,0.0233909695689816,8297.761168790073,2.206411123275757,0.8495,0.057,0.046,0.057,0.203
A,158,MI with outcome,0.5422834899113591,0.0642678169596235,78267.02257774335,0.0018234961522472,0.0233910161104209,8324.39327064537,2.790923833847046,0.8495,0.057,0.046,0.057,0.203
A,159,Complete-case,0.6268057264667755,0.0715125829653807,1000000.0,0.0264867954056571,0.0233162302970031,1000000.0,0.009857177734375,0.851,0.0555,0.051,0.051,0.1955
A,159,Mean imputation,0.6221063623719001,0.0673401257990235,1000000.0,0.0264867954056571,0.0220218558386081,1000000.0,0.0146384239196777,0.851,0.0555,0.051,0.051,0.1955
A,159,KNN (k=5),0.6532515595061866,0.0676941714004756,1000000.0,0.0281529654896115,0.0223205458847383,1000000.0,0.0798311233520507,0.851,0.0555,0.051,0.051,0.1955
A,159,MissForest (single),0.6523811423296302,0.067709662058446,1000000.0,0.0258702295703802,0.0223439288124837,1000000.0,5.378003835678101,0.851,0.0555,0.051,0.051,0.1955
A,159,MI without outcome,0.6251478339915323,0.0672131085051144,7890.564149461498,0.0265326258494493,0.0231991492315865,3599.3222497813463,2.5107944011688232,0.851,0.0555,0.051,0.051,0.1955
A,159,MI with outcome,0.6213588110669319,0.067244812128002,7985.589161447506,0.026508339127136,0.0232013866532987,3578.548010850736,2.1602394580841064,0.851,0.0555,0.051,0.051,0.1955
A,160,Complete-case,0.6441593562254043,0.0739382065055836,1000000.0,-0.0248634989365585,0.0234956567865655,1000000.0,0.0131471157073974,0.855,0.048,0.053,0.055,0.1785
A,160,Mean imputation,0.6183049842008853,0.0683960050491912,1000000.0,-0.0248634989365586,0.0223675831701057,1000000.0,0.0152475833892822,0.855,0.048,0.053,0.055,0.1785
A,160,KNN (k=5),0.6772252084336564,0.0691725879495928,1000000.0,-0.0232885140783196,0.0226514194427407,1000000.0,0.070425271987915,0.855,0.048,0.053,0.055,0.1785
A,160,MissForest (single),0.6756430109750386,0.0693678879579437,1000000.0,-0.0253268412279465,0.0226352541871556,1000000.0,5.183202266693115,0.855,0.048,0.053,0.055,0.1785
A,160,MI without outcome,0.6634671905942777,0.0686463378744878,25866.21830211767,-0.0236885844584554,0.0232206680056688,17223.71891793403,2.876680374145508,0.855,0.048,0.053,0.055,0.1785
A,160,MI with outcome,0.6571717446758911,0.068754261974912,24617.896580105717,-0.0239005855197533,0.0232117791582266,17409.80455496378,2.2438056468963623,0.855,0.048,0.053,0.055,0.1785
A,161,Complete-case,0.7673281686442655,0.076573797639447,1000000.0,-0.0008153492617472,0.022969136412214,1000000.0,0.0102906227111816,0.851,0.0525,0.052,0.052,0.194
A,161,Mean imputation,0.7295749378523377,0.070071689039409,1000000.0,-0.0008153492617472,0.0217629551277568,1000000.0,0.0149731636047363,0.851,0.0525,0.052,0.052,0.194
A,161,KNN (k=5),0.7558546225969551,0.0703283644605099,1000000.0,-0.0070042959535946,0.0220222551661433,1000000.0,0.0746877193450927,0.851,0.0525,0.052,0.052,0.194
A,161,MissForest (single),0.7466420038753142,0.0700830285563307,1000000.0,-0.0076390042172285,0.0220713058468828,1000000.0,6.370978832244873,0.851,0.0525,0.052,0.052,0.194
A,161,MI without outcome,0.7376437276377166,0.0706676270838851,4825.464197644977,-0.0073198708901312,0.0225550156408869,24618.74143402413,2.065566062927246,0.851,0.0525,0.052,0.052,0.194
A,161,MI with outcome,0.7339808146114353,0.0707289335096348,4783.18760139927,-0.0073250374810844,0.0225549886971973,24570.24567918098,3.3998732566833496,0.851,0.0525,0.052,0.052,0.194
A,162,Complete-case,0.4643295249999119,0.0687498273253641,1000000.0,-0.0357285422568533,0.0227596595925477,1000000.0,0.0343060493469238,0.8745,0.043,0.0405,0.047,0.1955
A,162,Mean imputation,0.5094759932802956,0.0661593343448393,1000000.0,-0.0357285422568533,0.0217807494399576,1000000.0,0.0285894870758056,0.8745,0.043,0.0405,0.047,0.1955
A,162,KNN (k=5),0.5005659814642645,0.066062271788804,1000000.0,-0.0347876100022209,0.0219751097395633,1000000.0,0.1413385868072509,0.8745,0.043,0.0405,0.047,0.1955
A,162,MissForest (single),0.5063012300271521,0.0663570559798569,1000000.0,-0.0338120709207665,0.0219478797526199,1000000.0,6.47143292427063,0.8745,0.043,0.0405,0.047,0.1955
A,162,MI without outcome,0.4895394986721156,0.0662848667618582,8570.276784711801,-0.0339910873939382,0.0224697853020405,17164.04736509175,3.8196842670440674,0.8745,0.043,0.0405,0.047,0.1955
A,162,MI with outcome,0.4826339181381088,0.0662851097195288,8050.482000799583,-0.0340464824649015,0.0224741665458351,17242.14905356067,4.636233329772949,0.8745,0.043,0.0405,0.047,0.1955
A,163,Complete-case,0.6780806314751561,0.0723538041562905,1000000.0,0.0097790368386972,0.0232467816431356,1000000.0,0.0602712631225585,0.872,0.044,0.045,0.045,0.1925
A,163,Mean imputation,0.6680438155887202,0.0684743881825155,1000000.0,0.0097790368386972,0.0222236674068456,1000000.0,0.052525520324707,0.872,0.044,0.045,0.045,0.1925
A,163,KNN (k=5),0.697342753210468,0.0687765504059291,1000000.0,0.0083390265821066,0.0224586200076847,1000000.0,0.2251420021057129,0.872,0.044,0.045,0.045,0.1925
A,163,MissForest (single),0.7030246259615416,0.0690489060819099,1000000.0,0.0101458766651046,0.0224161906910673,1000000.0,6.796617031097412,0.872,0.044,0.045,0.045,0.1925
A,163,MI without outcome,0.6785275417603785,0.0683532126578224,24780.88237351368,0.009353634875494,0.0228063195515547,134770.4671572143,3.61896562576294,0.872,0.044,0.045,0.045,0.1925
A,163,MI with outcome,0.6753495555920976,0.0684218124868459,23967.631077927992,0.0093840853766899,0.0228052805945674,135306.7800535401,4.536418199539185,0.872,0.044,0.045,0.045,0.1925
A,164,Complete-case,0.605729053536177,0.0700792386674691,1000000.0,-0.0266623184959606,0.0232134567052699,1000000.0,0.0214068889617919,0.8425,0.059,0.0555,0.05,0.21
A,164,Mean imputation,0.6172228100396023,0.0656817539349986,1000000.0,-0.0266623184959606,0.0218435201872015,1000000.0,0.0271668434143066,0.8425,0.059,0.0555,0.05,0.21
A,164,KNN (k=5),0.6502209383119001,0.0661821921424221,1000000.0,-0.0230748708807287,0.0221593585913176,1000000.0,0.0931365489959716,0.8425,0.059,0.0555,0.05,0.21
A,164,MissForest (single),0.6331926635533291,0.0660839757029845,1000000.0,-0.0244786210319298,0.0221403969159692,1000000.0,6.5108962059021,0.8425,0.059,0.0555,0.05,0.21
A,164,MI without outcome,0.6197197678597834,0.0653518095182749,10332.058890761244,-0.0216129410790696,0.0232942465582809,2005.849975804833,3.297760248184204,0.8425,0.059,0.0555,0.05,0.21
A,164,MI with outcome,0.6190757481327205,0.0654493135407841,10055.387912162529,-0.0215951384428893,0.0232950025833862,2003.9320279453425,5.7199225425720215,0.8425,0.059,0.0555,0.05,0.21
A,165,Complete-case,0.5717699474361008,0.0742331039071354,1000000.0,0.0062993413273061,0.02301206849863,1000000.0,0.0112988948822021,0.857,0.0505,0.0455,0.0555,0.1885
A,165,Mean imputation,0.5730561450745062,0.0691886000099772,1000000.0,0.0062993413273061,0.0218496683648145,1000000.0,0.0157771110534667,0.857,0.0505,0.0455,0.0555,0.1885
A,165,KNN (k=5),0.5960578371565018,0.0694272444115726,1000000.0,-0.0002675558817267,0.0221129478929272,1000000.0,0.0793113708496093,0.857,0.0505,0.0455,0.0555,0.1885
A,165,MissForest (single),0.5936722248488432,0.0696517117952021,1000000.0,-0.0008371070650356,0.0221291809535149,1000000.0,7.794796228408813,0.857,0.0505,0.0455,0.0555,0.1885
A,165,MI without outcome,0.5821300692273806,0.0692437647424724,11855.552380419464,0.0003836078455367,0.0228924564315555,5139.695927736202,3.981117248535156,0.857,0.0505,0.0455,0.0555,0.1885
A,165,MI with outcome,0.5748584830474217,0.069285766634815,11298.249401455343,0.0003001597686518,0.0228918042969181,5143.169462246975,4.531574964523315,0.857,0.0505,0.0455,0.0555,0.1885
A,166,Complete-case,0.5501142224720903,0.0736884329358166,1000000.0,0.0429043886951028,0.0227490700902634,1000000.0,0.0315291881561279,0.8495,0.0555,0.061,0.049,0.198
A,166,Mean imputation,0.5214401565539897,0.0686211410826035,1000000.0,0.0429043886951028,0.0214861808966849,1000000.0,0.0332353115081787,0.8495,0.0555,0.061,0.049,0.198
A,166,KNN (k=5),0.5468636432866822,0.0686762026641764,1000000.0,0.0384434699744317,0.0218436786575982,1000000.0,0.130204439163208,0.8495,0.0555,0.061,0.049,0.198
A,166,MissForest (single),0.5461583364705875,0.0690354282524968,1000000.0,0.0425664831885103,0.021804517090061,1000000.0,8.97377634048462,0.8495,0.0555,0.061,0.049,0.198
A,166,MI without outcome,0.5250682835297983,0.0678784250807916,21020.442203422223,0.0420793005301459,0.0224942695560517,7409.4268586857315,4.263455629348755,0.8495,0.0555,0.061,0.049,0.198
A,166,MI with outcome,0.5193025911266187,0.0679584795953942,19857.087552302663,0.0420858293061466,0.0224957088710461,7419.97500265978,4.162893772125244,0.8495,0.0555,0.061,0.049,0.198
A,167,Complete-case,0.6958958279225718,0.0752428397031526,1000000.0,-0.0022262411894607,0.0225624752152816,1000000.0,0.013338565826416,0.86,0.0505,0.047,0.0475,0.1975
A,167,Mean imputation,0.6920357892177992,0.0715769165649906,1000000.0,-0.0022262411894607,0.0214227852212678,1000000.0,0.0155279636383056,0.86,0.0505,0.047,0.0475,0.1975
A,167,KNN (k=5),0.730863082222793,0.0720352416706929,1000000.0,-0.0086843174131857,0.0217289385854239,1000000.0,0.0764997005462646,0.86,0.0505,0.047,0.0475,0.1975
A,167,MissForest (single),0.7362895338911627,0.0721899479921111,1000000.0,-0.0104403387470851,0.0217130162876363,1000000.0,8.995692729949951,0.86,0.0505,0.047,0.0475,0.1975
A,167,MI without outcome,0.7076857130740312,0.0723505193425528,3773.168880024493,-0.0114872949892999,0.0224504469401352,7936.869197144398,4.052205562591553,0.86,0.0505,0.047,0.0475,0.1975
A,167,MI with outcome,0.7037378106862453,0.0724221478972319,3576.95254091458,-0.0115535055431117,0.0224499427014921,7932.341841185138,4.332580804824829,0.86,0.0505,0.047,0.0475,0.1975
A,168,Complete-case,0.627639681642986,0.0722369558139029,1000000.0,0.0022265790451351,0.0232971885377097,1000000.0,0.0171489715576171,0.861,0.046,0.045,0.0535,0.205
A,168,Mean imputation,0.6273074578324613,0.0666688837679993,1000000.0,0.0022265790451351,0.0222252498116645,1000000.0,0.0287911891937255,0.861,0.046,0.045,0.0535,0.205
A,168,KNN (k=5),0.6360024278977583,0.0664331795035778,1000000.0,0.0020327765732288,0.0224846253002925,1000000.0,0.1395447254180908,0.861,0.046,0.045,0.0535,0.205
A,168,MissForest (single),0.6320076046078072,0.0666969509644854,1000000.0,0.0002877699617587,0.0224928454974626,1000000.0,8.920401334762573,0.861,0.046,0.045,0.0535,0.205
A,168,MI without outcome,0.614952235768184,0.0664008160081933,8772.781407118056,0.0035875453105729,0.0233449084962974,3776.0242641405184,3.592849969863892,0.861,0.046,0.045,0.0535,0.205
A,168,MI with outcome,0.6054438322674889,0.0663958285866082,8067.593922267893,0.0033801511848286,0.0233504774939518,3781.6270920146894,3.638469934463501,0.861,0.046,0.045,0.0535,0.205
A,169,Complete-case,0.6439183822872403,0.0756808914676784,1000000.0,0.006003399259943,0.0226819571239424,1000000.0,0.0568227767944335,0.8535,0.0535,0.0475,0.0495,0.1905
A,169,Mean imputation,0.624362303179302,0.069807158256526,1000000.0,0.006003399259943,0.0214681688927278,1000000.0,0.037712812423706,0.8535,0.0535,0.0475,0.0495,0.1905
A,169,KNN (k=5),0.6494974923545086,0.0701225230926653,1000000.0,0.0042737902711745,0.021709514484184,1000000.0,0.3222806453704834,0.8535,0.0535,0.0475,0.0495,0.1905
A,169,MissForest (single),0.6480405112509114,0.0702088196425027,1000000.0,0.0061937881335209,0.0217231869262807,1000000.0,9.249405145645142,0.8535,0.0535,0.0475,0.0495,0.1905
A,169,MI without outcome,0.6462024833969077,0.0699108471589345,10262.811117159936,0.006662989305494,0.0226266204084696,4016.7777795202414,4.2534143924713135,0.8535,0.0535,0.0475,0.0495,0.1905
A,169,MI with outcome,0.6436207453474523,0.0700141568414964,9421.647595531558,0.0066172406414837,0.0226260712460715,4010.168591138175,5.303706169128418,0.8535,0.0535,0.0475,0.0495,0.1905
A,170,Complete-case,0.5862808561507367,0.0717080408651613,1000000.0,0.0058849881152628,0.0236797272112952,1000000.0,0.0309710502624511,0.8665,0.0445,0.05,0.0435,0.195
A,170,Mean imputation,0.6203281537188349,0.0681963798038753,1000000.0,0.0058849881152628,0.0226257157801078,1000000.0,0.0345466136932373,0.8665,0.0445,0.05,0.0435,0.195
A,170,KNN (k=5),0.6373676701233264,0.0688360730035194,1000000.0,0.0127218011795682,0.0228053001323787,1000000.0,0.153235912322998,0.8665,0.0445,0.05,0.0435,0.195
A,170,MissForest (single),0.6344084092360793,0.0688651141985444,1000000.0,0.0114338556701006,0.0228290252389687,1000000.0,7.979977130889893,0.8665,0.0445,0.05,0.0435,0.195
A,170,MI without outcome,0.6221056976504916,0.0682713005971388,12086.358972505685,0.0113182433570571,0.0236846107106608,3659.916006746193,4.04072117805481,0.8665,0.0445,0.05,0.0435,0.195
A,170,MI with outcome,0.6138174458036975,0.0683162817745528,10784.992766152052,0.0112956406312005,0.0236834233390319,3658.4817395141295,4.986180067062378,0.8665,0.0445,0.05,0.0435,0.195
A,171,Complete-case,0.5835403650102858,0.074477442909553,1000000.0,-0.0111874693717794,0.0224341389290925,1000000.0,0.0166726112365722,0.8615,0.046,0.052,0.048,0.1875
A,171,Mean imputation,0.5725628540635438,0.070487723291445,1000000.0,-0.0111874693717794,0.0214019104151391,1000000.0,0.0341804027557373,0.8615,0.046,0.052,0.048,0.1875
A,171,KNN (k=5),0.5899451497604423,0.070874191734052,1000000.0,-0.0091934691820055,0.0215820532759559,1000000.0,0.1588087081909179,0.8615,0.046,0.052,0.048,0.1875
A,171,MissForest (single),0.5829647560879859,0.0707141557598876,1000000.0,-0.0131305513721354,0.0215840276484624,1000000.0,8.530288934707642,0.8615,0.046,0.052,0.048,0.1875
A,171,MI without outcome,0.58468720026209,0.0702975286455359,13628.16983450492,-0.0105620774327411,0.0222382917405616,12079.101722022133,4.109073162078857,0.8615,0.046,0.052,0.048,0.1875
A,171,MI with outcome,0.5771043105122589,0.0703279330376946,12207.647067644655,-0.0107312828549005,0.0222376358301735,12213.620942194377,4.397887945175171,0.8615,0.046,0.052,0.048,0.1875
A,172,Complete-case,0.4829195001846698,0.0734601237560092,1000000.0,0.0148824461388537,0.0229295754562894,1000000.0,0.0244934558868408,0.8535,0.058,0.056,0.0425,0.1925
A,172,Mean imputation,0.4374430212356751,0.067654931982468,1000000.0,0.0148824461388537,0.0215993274320964,1000000.0,0.0359930992126464,0.8535,0.058,0.056,0.0425,0.1925
A,172,KNN (k=5),0.4568184740121899,0.0679258326075255,1000000.0,0.0196188021443818,0.0219030370274796,1000000.0,0.1919782161712646,0.8535,0.058,0.056,0.0425,0.1925
A,172,MissForest (single),0.4751153211681664,0.0681681189403559,1000000.0,0.0183267247199079,0.0219533334315203,1000000.0,8.376508235931396,0.8535,0.058,0.056,0.0425,0.1925
A,172,MI without outcome,0.4594576308268658,0.0678132446419618,5527.209113274365,0.0196446933530862,0.0226291540680014,10021.017512470708,4.275265455245972,0.8535,0.058,0.056,0.0425,0.1925
A,172,MI with outcome,0.4470588448820473,0.0679144157650405,5084.547537505935,0.0190871176954331,0.0226256958246355,10056.568124862592,4.478865623474121,0.8535,0.058,0.056,0.0425,0.1925
A,173,Complete-case,0.5215286300820093,0.0696665278303007,1000000.0,-0.0185630658802729,0.0234801406259414,1000000.0,0.0344841480255126,0.852,0.0475,0.0525,0.056,0.1915
A,173,Mean imputation,0.4953408293124338,0.0649619438108025,1000000.0,-0.0185630658802729,0.0223645549783163,1000000.0,0.0326805114746093,0.852,0.0475,0.0525,0.056,0.1915
A,173,KNN (k=5),0.5274484786312613,0.0648944030678094,1000000.0,-0.0162561018728263,0.0226637034718613,1000000.0,0.146308422088623,0.852,0.0475,0.0525,0.056,0.1915
A,173,MissForest (single),0.533224893589968,0.0651562345210596,1000000.0,-0.0184124222855891,0.0226465367340253,1000000.0,9.301575899124146,0.852,0.0475,0.0525,0.056,0.1915
A,173,MI without outcome,0.5302623036695361,0.0654168875561892,6008.648649221916,-0.018250238795987,0.0232342713777877,13018.634541636044,3.9847898483276367,0.852,0.0475,0.0525,0.056,0.1915
A,173,MI with outcome,0.5225406021915819,0.0654748557811622,5680.88879349566,-0.0184917066847675,0.0232295051097328,12978.106564740692,4.381206274032593,0.852,0.0475,0.0525,0.056,0.1915
A,174,Complete-case,0.6053683518986497,0.0714915726154872,1000000.0,-0.0246807820888751,0.0235611860075513,1000000.0,0.0181441307067871,0.8655,0.0485,0.039,0.0555,0.188
A,174,Mean imputation,0.6068643934570035,0.0676080195196327,1000000.0,-0.0246807820888751,0.0224181826620715,1000000.0,0.0305044651031494,0.8655,0.0485,0.039,0.0555,0.188
A,174,KNN (k=5),0.6168764966838701,0.0674717047879128,1000000.0,-0.0292159167439651,0.0226893224836755,1000000.0,0.132869005203247,0.8655,0.0485,0.039,0.0555,0.188
A,174,MissForest (single),0.6181428188367066,0.0677049216931985,1000000.0,-0.0267640396083612,0.0226812722239261,1000000.0,10.925894737243652,0.8655,0.0485,0.039,0.0555,0.188
A,174,MI without outcome,0.6170478634736105,0.0678972186390093,5319.785560240067,-0.0290652444934024,0.0232981422189023,14741.140310593317,3.996984481811523,0.8655,0.0485,0.039,0.0555,0.188
A,174,MI with outcome,0.6118630954178815,0.0679757548840752,4884.524437304003,-0.0290322356781522,0.0232969389055004,14731.869433212933,4.456356287002564,0.8655,0.0485,0.039,0.0555,0.188
A,175,Complete-case,0.6262156684132204,0.0756970801906565,1000000.0,0.0001448472217507,0.0228047714006837,1000000.0,0.0342650413513183,0.8505,0.054,0.05,0.0515,0.192
A,175,Mean imputation,0.6111243309847122,0.0701992921599472,1000000.0,0.0001448472217507,0.0215730057244247,1000000.0,0.0435304641723632,0.8505,0.054,0.05,0.0515,0.192
A,175,KNN (k=5),0.6272301098972617,0.0702046612728488,1000000.0,-0.0023116814814002,0.0218351579490307,1000000.0,0.1551322937011718,0.8505,0.054,0.05,0.0515,0.192
A,175,MissForest (single),0.6317917973083826,0.0703057800135054,1000000.0,-0.0065926147627202,0.0218334789778558,1000000.0,9.159093141555786,0.8505,0.054,0.05,0.0515,0.192
A,175,MI without outcome,0.6139346874287439,0.0695149894378548,28415.051647850407,-0.0045715168875102,0.0229138760665775,2170.4266482281646,3.4338490962982178,0.8505,0.054,0.05,0.0515,0.192
A,175,MI with outcome,0.6070801269058718,0.0694963595329582,26629.565305615663,-0.0045610650109395,0.0229139443966366,2175.9041986120174,4.966933727264404,0.8505,0.054,0.05,0.0515,0.192
A,176,Complete-case,0.6473852711845879,0.0747857403891845,1000000.0,0.0180312946930138,0.0234165940404565,1000000.0,0.0240769386291503,0.8555,0.0515,0.047,0.053,0.183
A,176,Mean imputation,0.6641910282391547,0.0707360594342999,1000000.0,0.0180312946930138,0.0222103378058567,1000000.0,0.0410223007202148,0.8555,0.0515,0.047,0.053,0.183
A,176,KNN (k=5),0.6770717972163353,0.0710204361234353,1000000.0,0.0218383647464122,0.0224960783617205,1000000.0,0.2378005981445312,0.8555,0.0515,0.047,0.053,0.183
A,176,MissForest (single),0.6808353201409799,0.0710347785097557,1000000.0,0.0198763223731502,0.0225023745761769,1000000.0,9.236698627471924,0.8555,0.0515,0.047,0.053,0.183
A,176,MI without outcome,0.6625283711584988,0.0699644073801203,28926.503177437266,0.0199462618796603,0.0233189097991388,4632.0492677161565,2.8918685913085938,0.8555,0.0515,0.047,0.053,0.183
A,176,MI with outcome,0.6579679870909713,0.0699840976391859,30538.1991015942,0.0199485825646585,0.0233190671618415,4627.299245845878,4.180002927780151,0.8555,0.0515,0.047,0.053,0.183
A,177,Complete-case,0.657254656036294,0.0726083635816414,1000000.0,0.0244033686672087,0.0231284222219962,1000000.0,0.0488247871398925,0.8485,0.056,0.0505,0.054,0.197
A,177,Mean imputation,0.6315781789033764,0.0679087162379475,1000000.0,0.0244033686672087,0.0218329066152699,1000000.0,0.046006441116333,0.8485,0.056,0.0505,0.054,0.197
A,177,KNN (k=5),0.6522338589293347,0.0678087606433896,1000000.0,0.0207396996127322,0.0220554296531367,1000000.0,0.3330569267272949,0.8485,0.056,0.0505,0.054,0.197
A,177,MissForest (single),0.6593342045978252,0.0682423617426232,1000000.0,0.0216558311278462,0.0220436135084599,1000000.0,8.919016122817993,0.8485,0.056,0.0505,0.054,0.197
A,177,MI without outcome,0.6370693650800138,0.0679593989386379,5242.989625806399,0.0212732064078674,0.023127667651689,2277.3975704895665,3.2430942058563232,0.8485,0.056,0.0505,0.054,0.197
A,177,MI with outcome,0.6326257599969098,0.0680310732930656,4926.960346284144,0.0213152689633122,0.0231267579302835,2279.987378726431,4.251013278961182,0.8485,0.056,0.0505,0.054,0.197
A,178,Complete-case,0.599908620910202,0.072204159405332,1000000.0,0.0513022111794976,0.0228223169208717,1000000.0,0.0490312576293945,0.853,0.0545,0.0515,0.049,0.183
A,178,Mean imputation,0.6221158312083885,0.0696531922486607,1000000.0,0.0513022111794976,0.0215781895368186,1000000.0,0.0692653656005859,0.853,0.0545,0.0515,0.049,0.183
A,178,KNN (k=5),0.6464823513464572,0.0698102652511308,1000000.0,0.0463159463515364,0.0218034995582358,1000000.0,0.1993117332458496,0.853,0.0545,0.0515,0.049,0.183
A,178,MissForest (single),0.6476389918940928,0.0697019245719667,1000000.0,0.0436408400142199,0.0218676038862405,1000000.0,8.566325187683105,0.853,0.0545,0.0515,0.049,0.183
A,178,MI without outcome,0.6279693012036536,0.069285494066779,15501.922956995426,0.0439025363759258,0.0226198250656582,6117.465526561824,3.033332586288452,0.853,0.0545,0.0515,0.049,0.183
A,178,MI with outcome,0.6235584346290943,0.0692987931423426,14999.613441466012,0.0439143597185943,0.0226210265121148,6122.320288860308,4.167885780334473,0.853,0.0545,0.0515,0.049,0.183
A,179,Complete-case,0.5668911561083957,0.0726732326083384,1000000.0,-0.0079801461337493,0.0231144646751001,1000000.0,0.0143890380859375,0.853,0.0525,0.0525,0.0485,0.185
A,179,Mean imputation,0.559081641186196,0.068229328874165,1000000.0,-0.0079801461337493,0.0219006517484406,1000000.0,0.0415356159210205,0.853,0.0525,0.0525,0.0485,0.185
A,179,KNN (k=5),0.5675955054527905,0.0682185305816388,1000000.0,-0.0099277941518018,0.0221207491928706,1000000.0,0.1810886859893798,0.853,0.0525,0.0525,0.0485,0.185
A,179,MissForest (single),0.5836971024882834,0.0685400214047309,1000000.0,-0.0123255659099731,0.0221322826941367,1000000.0,9.024437665939333,0.853,0.0525,0.0525,0.0485,0.185
A,179,MI without outcome,0.5698651533823289,0.0695674796445709,1869.6768925318256,-0.0118578738911411,0.0230097000180276,3852.326892699345,3.4985156059265137,0.853,0.0525,0.0525,0.0485,0.185
A,179,MI with outcome,0.5606537243574168,0.0695313850178306,1813.1168786183127,-0.0119166542080914,0.0230097410823604,3874.1220736129153,3.381378173828125,0.853,0.0525,0.0525,0.0485,0.185
A,180,Complete-case,0.6328695535685681,0.0732024952231611,1000000.0,-0.0394142122388953,0.0227641026439581,1000000.0,0.0342011451721191,0.8695,0.043,0.045,0.0505,0.2015
A,180,Mean imputation,0.6482103672590307,0.067711604855488,1000000.0,-0.0394142122388953,0.0217850013923704,1000000.0,0.0374336242675781,0.8695,0.043,0.045,0.0505,0.2015
A,180,KNN (k=5),0.6526576123080743,0.0679154038845352,1000000.0,-0.0373644065085105,0.0220184341112036,1000000.0,0.1471242904663086,0.8695,0.043,0.045,0.0505,0.2015
A,180,MissForest (single),0.6562210940230547,0.0681623850338646,1000000.0,-0.0378844804583188,0.0219920538508002,1000000.0,9.108197689056396,0.8695,0.043,0.045,0.0505,0.2015
A,180,MI without outcome,0.6360191244726522,0.0675565895519429,11848.995982716484,-0.0367781969560534,0.0224597125093055,23451.10987153665,3.403653383255005,0.8695,0.043,0.045,0.0505,0.2015
A,180,MI with outcome,0.6302036104449028,0.0676939526381725,10878.806393593137,-0.0365042749886807,0.0224613434609914,23492.156380992168,4.73924732208252,0.8695,0.043,0.045,0.0505,0.2015
A,181,Complete-case,0.6772263276656005,0.0740311748423526,1000000.0,0.0182784197132902,0.0228699847907146,1000000.0,0.0185792446136474,0.844,0.0495,0.057,0.0595,0.194
A,181,Mean imputation,0.6339780777812474,0.068425717822491,1000000.0,0.0182784197132902,0.0217376373840894,1000000.0,0.0332274436950683,0.844,0.0495,0.057,0.0595,0.194
A,181,KNN (k=5),0.6427038561972337,0.0685740410079255,1000000.0,0.0181688914630633,0.0219377836936504,1000000.0,0.1981701850891113,0.844,0.0495,0.057,0.0595,0.194
A,181,MissForest (single),0.6492225267563815,0.0688083873902254,1000000.0,0.0172278281208774,0.0219599593142926,1000000.0,8.642918348312378,0.844,0.0495,0.057,0.0595,0.194
A,181,MI without outcome,0.6347992006162176,0.0680458978533325,21665.731499270176,0.0160796905851303,0.0224597967199329,24144.24174151303,4.239556312561035,0.844,0.0495,0.057,0.0595,0.194
A,181,MI with outcome,0.6340710118624573,0.0681815404681252,21164.6223467402,0.0160750845759193,0.0224598603508529,24189.662745773378,4.843257904052734,0.844,0.0495,0.057,0.0595,0.194
A,182,Complete-case,0.6181230630928246,0.0693209786204481,1000000.0,0.0313316227564982,0.0228939317470321,1000000.0,0.0353181362152099,0.8595,0.057,0.04,0.0505,0.206
A,182,Mean imputation,0.5999019297385458,0.0666765877779047,1000000.0,0.0313316227564982,0.0215886512332556,1000000.0,0.0333712100982666,0.8595,0.057,0.04,0.0505,0.206
A,182,KNN (k=5),0.615101004549599,0.0668069736727666,1000000.0,0.0360152202364076,0.0218872686095774,1000000.0,0.1826400756835937,0.8595,0.057,0.04,0.0505,0.206
A,182,MissForest (single),0.629878489361564,0.0667213102788389,1000000.0,0.0335684600839492,0.0219735989847739,1000000.0,8.833475351333618,0.8595,0.057,0.04,0.0505,0.206
A,182,MI without outcome,0.6157443114004396,0.0661228751876567,10923.387267401473,0.0300492410454818,0.0226947837893695,8847.353360253,3.4478189945220947,0.8595,0.057,0.04,0.0505,0.206
A,182,MI with outcome,0.6118665135384356,0.0661484839192614,10448.79006452004,0.0301632240047274,0.0226953529367503,8852.588537195248,4.126333951950073,0.8595,0.057,0.04,0.0505,0.206
A,183,Complete-case,0.6126061689027127,0.0692369178765272,1000000.0,-0.0305987301896743,0.0239168128615654,1000000.0,0.0240755081176757,0.8445,0.0555,0.045,0.063,0.1995
A,183,Mean imputation,0.5880686317271994,0.0640589141099823,1000000.0,-0.0305987301896743,0.0225890977335243,1000000.0,0.0390791893005371,0.8445,0.0555,0.045,0.063,0.1995
A,183,KNN (k=5),0.6134933638441877,0.0642299701312512,1000000.0,-0.0319030379573201,0.0228678003727395,1000000.0,0.2451629638671875,0.8445,0.0555,0.045,0.063,0.1995
A,183,MissForest (single),0.6102872097888229,0.0643183788500587,1000000.0,-0.0301570817248569,0.0229148380293625,1000000.0,9.829841375350952,0.8445,0.0555,0.045,0.063,0.1995
A,183,MI without outcome,0.6008683513303997,0.0640734128029601,7564.347997502984,-0.0340097514685036,0.023880576051934,3606.1947719057057,3.807038307189941,0.8445,0.0555,0.045,0.063,0.1995
A,183,MI with outcome,0.5976731413861771,0.0641443158149655,7458.705894514864,-0.0339744953827267,0.0238806644528484,3596.8484198955725,4.779560089111328,0.8445,0.0555,0.045,0.063,0.1995
A,184,Complete-case,0.5628593120619942,0.072238930891274,1000000.0,-0.0198515344393987,0.0229155949109314,1000000.0,0.0122878551483154,0.863,0.049,0.0485,0.0465,0.1915
A,184,Mean imputation,0.5735915510711173,0.0685835351659188,1000000.0,-0.0198515344393987,0.0217924499020201,1000000.0,0.0152878761291503,0.863,0.049,0.0485,0.0465,0.1915
A,184,KNN (k=5),0.6021099723879942,0.0690681753410735,1000000.0,-0.0167731623948536,0.0219972865474881,1000000.0,0.2001428604125976,0.863,0.049,0.0485,0.0465,0.1915
A,184,MissForest (single),0.6061072213150179,0.0691015943988924,1000000.0,-0.0153158035042071,0.0220096188428179,1000000.0,10.518939018249512,0.863,0.049,0.0485,0.0465,0.1915
A,184,MI without outcome,0.5905185803637794,0.0687728045447216,7340.352073094739,-0.0161052263482166,0.0227240656525132,6758.572448300825,3.3768770694732666,0.863,0.049,0.0485,0.0465,0.1915
A,184,MI with outcome,0.5864656999926735,0.0689344466945216,6916.467249746794,-0.0159545912344026,0.0227197138632748,6784.5009155648,3.5763516426086426,0.863,0.049,0.0485,0.0465,0.1915
A,185,Complete-case,0.5332802179523758,0.07186753655812,1000000.0,-0.0149283071119085,0.022855445176158,1000000.0,0.0682621002197265,0.8445,0.0545,0.0545,0.0585,0.1885
A,185,Mean imputation,0.5509906268926931,0.0679361957895332,1000000.0,-0.0149283071119085,0.0216095118505902,1000000.0,0.0307042598724365,0.8445,0.0545,0.0545,0.0585,0.1885
A,185,KNN (k=5),0.5571402667372266,0.0679220814369899,1000000.0,-0.0154515332808269,0.0218479825455668,1000000.0,0.2297143936157226,0.8445,0.0545,0.0545,0.0585,0.1885
A,185,MissForest (single),0.5666796142630572,0.0680891225182721,1000000.0,-0.0175959448142007,0.0218456432614254,1000000.0,9.47162652015686,0.8445,0.0545,0.0545,0.0585,0.1885
A,185,MI without outcome,0.5548584602509812,0.0681315031594673,5887.644260498035,-0.0168694556196577,0.0225002411935131,12029.402003651929,3.5228970050811768,0.8445,0.0545,0.0545,0.0585,0.1885
A,185,MI with outcome,0.5503056332879851,0.0682582501881904,5404.3042684027805,-0.0167061291183743,0.0224994655806048,12062.326923693176,5.369781970977783,0.8445,0.0545,0.0545,0.0585,0.1885
A,186,Complete-case,0.4699200899682753,0.0718626412036596,1000000.0,-0.0146602159457734,0.0228750760857165,1000000.0,0.0194754600524902,0.8695,0.0465,0.046,0.047,0.1875
A,186,Mean imputation,0.5173759522381157,0.067927520485111,1000000.0,-0.0146602159457734,0.0218111189903206,1000000.0,0.0316004753112793,0.8695,0.0465,0.046,0.047,0.1875
A,186,KNN (k=5),0.5174081313138443,0.0678385728602762,1000000.0,-0.0137773227353024,0.0220117369342128,1000000.0,0.1299886703491211,0.8695,0.0465,0.046,0.047,0.1875
A,186,MissForest (single),0.5283103543448349,0.0680140804100938,1000000.0,-0.0128850614411158,0.0220302244938031,1000000.0,9.61301589012146,0.8695,0.0465,0.046,0.047,0.1875
A,186,MI without outcome,0.5169691689063354,0.0680944400270608,6045.37861504303,-0.0134638597548727,0.0224746843238421,39314.433725012525,3.96675968170166,0.8695,0.0465,0.046,0.047,0.1875
A,186,MI with outcome,0.5052352765339069,0.0681428786435475,5682.34369038198,-0.0134565775375606,0.0224779455712097,39086.82783237357,5.46006965637207,0.8695,0.0465,0.046,0.047,0.1875
A,187,Complete-case,0.5995248275830903,0.0719728552791332,1000000.0,-0.0071120590622743,0.0227789713257057,1000000.0,0.0834903717041015,0.8515,0.049,0.0545,0.0525,0.1925
A,187,Mean imputation,0.636625690338521,0.06855290087241,1000000.0,-0.0071120590622744,0.0216625225469574,1000000.0,0.0822391510009765,0.8515,0.049,0.0545,0.0525,0.1925
A,187,KNN (k=5),0.649331282856624,0.0685549831740075,1000000.0,-0.0089255117002769,0.0219062854200182,1000000.0,0.2861809730529785,0.8515,0.049,0.0545,0.0525,0.1925
A,187,MissForest (single),0.6535689416210785,0.0685666472790223,1000000.0,-0.0097630835208167,0.0219044552840793,1000000.0,8.64688229560852,0.8515,0.049,0.0545,0.0525,0.1925
A,187,MI without outcome,0.6288493186715715,0.067851673958156,40804.76451343417,-0.0111630712351523,0.022571971954965,7019.413132469755,4.539399147033691,0.8515,0.049,0.0545,0.0525,0.1925
A,187,MI with outcome,0.6248290430670795,0.0678947025814827,39392.49242307354,-0.0108676185895436,0.0225723561979505,7049.961813676127,4.711526155471802,0.8515,0.049,0.0545,0.0525,0.1925
A,188,Complete-case,0.5223992430110942,0.0742012497532997,1000000.0,-0.015293563397434,0.0223074750600061,1000000.0,0.023594856262207,0.862,0.0525,0.0415,0.049,0.1905
A,188,Mean imputation,0.5217163339236146,0.069834975346056,1000000.0,-0.015293563397434,0.0211360396852497,1000000.0,0.0312511920928955,0.862,0.0525,0.0415,0.049,0.1905
A,188,KNN (k=5),0.5487579438087316,0.0702169155894652,1000000.0,-0.0114636651515326,0.0213897680479239,1000000.0,0.1124918460845947,0.862,0.0525,0.0415,0.049,0.1905
A,188,MissForest (single),0.5579269125256924,0.0702827609310069,1000000.0,-0.0150389221209142,0.0214122384110501,1000000.0,8.477363348007202,0.862,0.0525,0.0415,0.049,0.1905
A,188,MI without outcome,0.5441164592604163,0.0701871830193396,6379.638133602742,-0.0153185723068712,0.0221294305545508,6780.71526872278,4.6967527866363525,0.862,0.0525,0.0415,0.049,0.1905
A,188,MI with outcome,0.534005097907399,0.0702535893920954,5635.106048450562,-0.015295570710942,0.0221260748242071,6841.950726251068,4.078226327896118,0.862,0.0525,0.0415,0.049,0.1905
A,189,Complete-case,0.4952893120219341,0.0703038189669276,1000000.0,0.0267927578048695,0.022772846570336,1000000.0,0.0217630863189697,0.8545,0.05,0.048,0.052,0.201
A,189,Mean imputation,0.5016289428910389,0.0661182399346472,1000000.0,0.0267927578048695,0.0216339194369609,1000000.0,0.0248579978942871,0.8545,0.05,0.048,0.052,0.201
A,189,KNN (k=5),0.51771750031971,0.0660722458386976,1000000.0,0.0225451614079864,0.0219004446734108,1000000.0,0.1985361576080322,0.8545,0.05,0.048,0.052,0.201
A,189,MissForest (single),0.5125593902905331,0.0661621699344682,1000000.0,0.0231497690713584,0.0219114319764199,1000000.0,10.279173612594604,0.8545,0.05,0.048,0.052,0.201
A,189,MI without outcome,0.5119275386033599,0.0658461381140894,27118.4461363936,0.0207543134676613,0.0222530980946412,135732.26810610804,4.260197401046753,0.8545,0.05,0.048,0.052,0.201
A,189,MI with outcome,0.5054577472252538,0.0659159939983172,25507.87852966561,0.0206854747979618,0.0222521653269906,135028.4079809622,2.8834052085876465,0.8545,0.05,0.048,0.052,0.201
A,190,Complete-case,0.631470409427922,0.0745470429176152,1000000.0,0.0129392028139942,0.0227314210708122,1000000.0,0.0270318984985351,0.856,0.05,0.053,0.0505,0.189
A,190,Mean imputation,0.6291571579454156,0.0701985211861795,1000000.0,0.0129392028139942,0.0215945657304945,1000000.0,0.0415904521942138,0.856,0.05,0.053,0.0505,0.189
A,190,KNN (k=5),0.690818579098769,0.0710189984368684,1000000.0,0.0132918501011051,0.0218682236823498,1000000.0,0.1663351058959961,0.856,0.05,0.053,0.0505,0.189
A,190,MissForest (single),0.684556894260524,0.0708713176364337,1000000.0,0.0120651481124997,0.0219017921904894,1000000.0,9.244993925094604,0.856,0.05,0.053,0.0505,0.189
A,190,MI without outcome,0.6642823405810654,0.0707396316956491,6761.1075934913615,0.0116199114731464,0.0226353302018847,5698.697397436531,2.6043689250946045,0.856,0.05,0.053,0.0505,0.189
A,190,MI with outcome,0.6578032873865016,0.0707195382856657,6546.2961419988505,0.0115287212537617,0.0226329509470314,5676.078671027178,4.314759731292725,0.856,0.05,0.053,0.0505,0.189
A,191,Complete-case,0.6147657835465012,0.0731267460314637,1000000.0,0.0109830203230299,0.0224928957661956,1000000.0,0.0191171169281005,0.849,0.0485,0.0545,0.0565,0.19
A,191,Mean imputation,0.6023601754289862,0.0694546499949014,1000000.0,0.0109830203230299,0.0214017174570031,1000000.0,0.0337567329406738,0.849,0.0485,0.0545,0.0565,0.19
A,191,KNN (k=5),0.6184517337001217,0.0695038504451708,1000000.0,0.0107995695355331,0.0216026538734017,1000000.0,0.1549215316772461,0.849,0.0485,0.0545,0.0565,0.19
A,191,MissForest (single),0.6256917064318752,0.0696939347185005,1000000.0,0.0052213368354316,0.0216111678839205,1000000.0,8.929733991622925,0.849,0.0485,0.0545,0.0565,0.19
A,191,MI without outcome,0.6199494882193604,0.0696540516616821,7213.659579014023,0.0029912404693717,0.0221399665786499,24686.56685989038,3.0302979946136475,0.849,0.0485,0.0545,0.0565,0.19
A,191,MI with outcome,0.6156423990425758,0.0697422401056112,6889.862744937564,0.002973371134627,0.022137127943459,24792.72807321857,4.067578315734863,0.849,0.0485,0.0545,0.0565,0.19
A,192,Complete-case,0.451554267360868,0.0745893418871952,1000000.0,-0.0253785657443807,0.0228330558608262,1000000.0,0.0227560997009277,0.859,0.0525,0.051,0.046,0.179
A,192,Mean imputation,0.4567310575384972,0.0699309388599104,1000000.0,-0.0253785657443807,0.02163402059228,1000000.0,0.0321159362792968,0.859,0.0525,0.051,0.046,0.179
A,192,KNN (k=5),0.4725373120535721,0.0698386698840574,1000000.0,-0.0310687696416928,0.0220252321564593,1000000.0,0.1522216796875,0.859,0.0525,0.051,0.046,0.179
A,192,MissForest (single),0.4728576181315421,0.0700731559387942,1000000.0,-0.028603323041786,0.0219843265551259,1000000.0,8.534627199172974,0.859,0.0525,0.051,0.046,0.179
A,192,MI without outcome,0.4668634602714406,0.069791090895299,8659.401784288815,-0.0286817574168601,0.0223565640881072,104610.72391739022,2.896492719650269,0.859,0.0525,0.051,0.046,0.179
A,192,MI with outcome,0.4580402734451804,0.06996483206545,7989.477343681845,-0.0282651792131794,0.0223570662581186,105911.77575451956,3.39615535736084,0.859,0.0525,0.051,0.046,0.179
A,193,Complete-case,0.5667190174115038,0.0710394632927055,1000000.0,-0.0162821749614121,0.023303616113525,1000000.0,0.0561163425445556,0.87,0.048,0.0465,0.046,0.1815
A,193,Mean imputation,0.6024850520634943,0.0686214975181724,1000000.0,-0.0162821749614121,0.0221847627550266,1000000.0,0.0978825092315673,0.87,0.048,0.0465,0.046,0.1815
A,193,KNN (k=5),0.6254404736221071,0.0690986295813527,1000000.0,-0.0081153560932579,0.0224202758759359,1000000.0,0.2056920528411865,0.87,0.048,0.0465,0.046,0.1815
A,193,MissForest (single),0.6225007881104977,0.0694080260174168,1000000.0,-0.0072581804128929,0.0224171073325754,1000000.0,6.801129817962647,0.87,0.048,0.0465,0.046,0.1815
A,193,MI without outcome,0.6130665781230816,0.0684836002408316,15297.704852867948,-0.0108140957224973,0.0230368144350816,14111.817819060523,3.7383663654327393,0.87,0.048,0.0465,0.046,0.1815
A,193,MI with outcome,0.6074490690200495,0.0684857999450467,14367.433253111763,-0.010508272373537,0.023037609216438,14164.317578945964,3.32368278503418,0.87,0.048,0.0465,0.046,0.1815
A,194,Complete-case,0.5223124478071824,0.0719232675642111,1000000.0,-0.0021531016631821,0.0230852609005774,1000000.0,0.0163357257843017,0.8525,0.051,0.0445,0.06,0.186
A,194,Mean imputation,0.5480264146158857,0.0681419107428557,1000000.0,-0.0021531016631821,0.0219076181083501,1000000.0,0.02144455909729,0.8525,0.051,0.0445,0.06,0.186
A,194,KNN (k=5),0.5763272292167163,0.0681918138485328,1000000.0,-0.0034010566036777,0.0221939500320864,1000000.0,0.1071734428405761,0.8525,0.051,0.0445,0.06,0.186
A,194,MissForest (single),0.5781888378971191,0.0683493876817083,1000000.0,-0.0028311283688066,0.0222091017797781,1000000.0,7.857207775115967,0.8525,0.051,0.0445,0.06,0.186
A,194,MI without outcome,0.563355565556495,0.068459723666986,7885.270435840972,-0.0044507422684984,0.0226057126950081,49565.7046011971,2.5051393508911133,0.8525,0.051,0.0445,0.06,0.186
A,194,MI with outcome,0.5564562216249181,0.0685101592749751,7424.288442668853,-0.0045584749278369,0.0226046850619772,49716.34753042632,6.388355255126953,0.8525,0.051,0.0445,0.06,0.186
A,195,Complete-case,0.7546138471151107,0.0771784648465708,1000000.0,-0.0055607831440559,0.0226356684531567,1000000.0,0.0200850963592529,0.867,0.0415,0.0465,0.0525,0.199
A,195,Mean imputation,0.7398773438362961,0.0717232758701248,1000000.0,-0.0055607831440559,0.0216960532485369,1000000.0,0.0205645561218261,0.867,0.0415,0.0465,0.0525,0.199
A,195,KNN (k=5),0.7698500914183694,0.0724429622006088,1000000.0,-0.0046224652569552,0.021959673635354,1000000.0,0.0947427749633789,0.867,0.0415,0.0465,0.0525,0.199
A,195,MissForest (single),0.7767669526849199,0.072688178085792,1000000.0,-0.0043761091379698,0.0219826835749533,1000000.0,7.660412549972534,0.867,0.0415,0.0465,0.0525,0.199
A,195,MI without outcome,0.7624978288600519,0.0729102967513372,4437.782687812883,-0.0033092897987831,0.0227149504474325,5942.186087352461,2.491635322570801,0.867,0.0415,0.0465,0.0525,0.199
A,195,MI with outcome,0.7583232863854448,0.0729775831771347,4436.829242207915,-0.0033262250148213,0.0227139126892335,5944.641957817899,7.511600255966186,0.867,0.0415,0.0465,0.0525,0.199
A,196,Complete-case,0.5781128811635435,0.0736424474137687,1000000.0,-0.0393998023309006,0.0226723514986362,1000000.0,0.0173821449279785,0.8495,0.047,0.0595,0.0515,0.189
A,196,Mean imputation,0.5845770968324926,0.0684504138603854,1000000.0,-0.0393998023309006,0.0216064844431595,1000000.0,0.0199143886566162,0.8495,0.047,0.0595,0.0515,0.189
A,196,KNN (k=5),0.617632998497489,0.0687251509038417,1000000.0,-0.0382873534458465,0.0218464028865978,1000000.0,0.1026644706726074,0.8495,0.047,0.0595,0.0515,0.189
A,196,MissForest (single),0.62375592985424,0.0690761149091287,1000000.0,-0.0359699305480382,0.0218614938234687,1000000.0,8.405647039413452,0.8495,0.047,0.0595,0.0515,0.189
A,196,MI without outcome,0.6127844748270581,0.0683322331863332,23662.902931971774,-0.0370365899882444,0.0227527809962801,3126.396153990869,4.514700651168823,0.8495,0.047,0.0595,0.0515,0.189
A,196,MI with outcome,0.6100322158321684,0.068364981915805,23182.70184304832,-0.0370877471946896,0.0227516687065168,3122.0321071193325,4.751588106155396,0.8495,0.047,0.0595,0.0515,0.189
A,197,Complete-case,0.4991038640111867,0.0727813332804189,1000000.0,-0.0024623215305451,0.0230606572576874,1000000.0,0.013167381286621,0.8705,0.047,0.041,0.044,0.178
A,197,Mean imputation,0.5004376506461379,0.0693340169274826,1000000.0,-0.0024623215305451,0.021976535266632,1000000.0,0.0371103286743164,0.8705,0.047,0.041,0.044,0.178
A,197,KNN (k=5),0.5126721385707912,0.0694730862822864,1000000.0,0.000595661688887,0.0221709517697505,1000000.0,0.1767191886901855,0.8705,0.047,0.041,0.044,0.178
A,197,MissForest (single),0.5172042254241446,0.0695444506322968,1000000.0,0.003395312100094,0.0222118289297314,1000000.0,10.988489866256714,0.8705,0.047,0.041,0.044,0.178
A,197,MI without outcome,0.5117918590021225,0.0688608253718307,27057.96967130301,0.0027345484907177,0.0227122043451272,24019.58248873714,1.437236785888672,0.8705,0.047,0.041,0.044,0.178
A,197,MI with outcome,0.504106665088462,0.0688654165579292,25045.966985826468,0.0027552058680154,0.0227106290131722,24005.59970326998,2.119764804840088,0.8705,0.047,0.041,0.044,0.178
A,198,Complete-case,0.6594444206285844,0.0722700042920972,1000000.0,-0.0178764745641174,0.0232571152048571,1000000.0,0.0173399448394775,0.852,0.049,0.0525,0.052,0.194
A,198,Mean imputation,0.6596441250844681,0.0672448391584089,1000000.0,-0.0178764745641174,0.0221172315158,1000000.0,0.0337510108947753,0.852,0.049,0.0525,0.052,0.194
A,198,KNN (k=5),0.6938566441755866,0.0677777047202096,1000000.0,-0.0162716990543507,0.022388599520903,1000000.0,0.1401998996734619,0.852,0.049,0.0525,0.052,0.194
A,198,MissForest (single),0.6948252050433885,0.067955607568536,1000000.0,-0.0145276830125673,0.0223615142193094,1000000.0,10.683488845825195,0.852,0.049,0.0525,0.052,0.194
A,198,MI without outcome,0.6814707679004214,0.0682232185311391,5729.328630864228,-0.0136211492936946,0.0230143869778056,6975.397647033233,1.4739224910736084,0.852,0.049,0.0525,0.052,0.194
A,198,MI with outcome,0.678614796023812,0.0683261030298282,5517.211538359613,-0.0136638043838646,0.0230124791935181,6968.002465685409,2.114560604095459,0.852,0.049,0.0525,0.052,0.194
A,199,Complete-case,0.5633469117491382,0.07133925454857,1000000.0,-0.0035347792973559,0.0226558550950527,1000000.0,0.0237607955932617,0.862,0.0465,0.043,0.0545,0.1945
A,199,Mean imputation,0.5702275320753929,0.0674953138098814,1000000.0,-0.0035347792973559,0.0216020943254571,1000000.0,0.0317978858947753,0.862,0.0465,0.043,0.0545,0.1945
A,199,KNN (k=5),0.5687401881703799,0.067443357306885,1000000.0,-0.0083169974851675,0.021775127766434,1000000.0,0.1169371604919433,0.862,0.0465,0.043,0.0545,0.1945
A,199,MissForest (single),0.5671606853916525,0.0674110175123167,1000000.0,-0.007677215643816,0.0218086430111704,1000000.0,10.510743618011476,0.862,0.0465,0.043,0.0545,0.1945
A,199,MI without outcome,0.5644762110412559,0.0668960226128611,33674.00559659133,-0.0065950328359683,0.0224674876380486,7828.446763380342,1.482262372970581,0.862,0.0465,0.043,0.0545,0.1945
A,199,MI with outcome,0.560058528551618,0.0669223180874321,31761.664829903577,-0.0065444037202225,0.0224694390456591,7818.756943385468,2.0927886962890625,0.862,0.0465,0.043,0.0545,0.1945
B,0,Complete-case,0.5445092412974495,0.09230550592646879,1000000.0,0.32208362944756075,0.02870360052523893,1000000.0,0.0029249191284179688,0.4645,0.4375,0.242,0.0,0.19
B,0,Mean imputation,0.5869382267175045,0.08823804071495796,1000000.0,0.32208362944756075,0.016142633963036213,1000000.0,0.15196824073791504,0.4645,0.4375,0.242,0.0,0.19
B,0,KNN (k=5),0.7797719504976,0.07610294668019361,1000000.0,0.057971524149236196,0.019129323641611306,1000000.0,0.43759751319885254,0.4645,0.4375,0.242,0.0,0.19
B,0,MissForest (single),0.7740813859134466,0.07489966427876686,1000000.0,0.03115500614922047,0.019154280028143948,1000000.0,1.3592772483825684,0.4645,0.4375,0.242,0.0,0.19
B,0,MI without outcome,0.6780411444322079,0.07348858000562898,302.03663026405,-0.023606056578736323,0.024792141939257065,414.6332574549863,0.4981117248535156,0.4645,0.4375,0.242,0.0,0.19
B,0,MI with outcome,0.6792585009957252,0.0734737388340675,321.7999864257993,-0.02341777823400743,0.024798827198231854,412.1662165629217,0.6354572772979736,0.4645,0.4375,0.242,0.0,0.19
B,0,MI without auxiliary,0.5373006125814029,0.07739782495152582,196.78135568927246,0.25405859451157586,0.024400887690692867,174.53466354475907,0.558286190032959,0.4645,0.4375,0.242,0.0,0.19
B,1,Complete-case,0.44067356194380525,0.09656047410091294,1000000.0,0.31311568803654055,0.02688989543651739,1000000.0,0.002987384796142578,0.4545,0.439,0.252,0.0,0.178
B,1,Mean imputation,0.4683125367249064,0.09397718275332988,1000000.0,0.31311568803654055,0.015082278408523025,1000000.0,0.1190488338470459,0.4545,0.439,0.252,0.0,0.178
B,1,KNN (k=5),0.710908890112346,0.08178017201676155,1000000.0,0.06447100375452368,0.017990037856791864,1000000.0,0.4481229782104492,0.4545,0.439,0.252,0.0,0.178
B,1,MissForest (single),0.7553548918527024,0.07893658300714648,1000000.0,0.020125731681694382,0.018401265309630262,1000000.0,1.8079955577850342,0.4545,0.439,0.252,0.0,0.178
B,1,MI without outcome,0.5999381368156552,0.07860744223899115,242.78288524652925,-0.0006890721398292059,0.02275424532671178,619.4029096144222,0.705369234085083,0.4545,0.439,0.252,0.0,0.178
B,1,MI with outcome,0.5561699402476267,0.078325324802119,223.54361254191718,-0.004547012592335383,0.022852150754597796,615.0375751145333,0.8250837326049805,0.4545,0.439,0.252,0.0,0.178
B,1,MI without auxiliary,0.36389644199029625,0.0832830363898604,136.90041940142956,0.28363337792591026,0.02231031297154625,255.8911160617567,0.6792399883270264,0.4545,0.439,0.252,0.0,0.178
B,2,Complete-case,0.5748918928838317,0.08772022289156668,1000000.0,0.3685374441523895,0.02849114944953966,1000000.0,0.026109933853149414,0.487,0.41,0.256,0.0,0.177
B,2,Mean imputation,0.6817535835092786,0.08669035786528549,1000000.0,0.3685374441523894,0.016806856117536104,1000000.0,0.17859458923339844,0.487,0.41,0.256,0.0,0.177
B,2,KNN (k=5),0.9142642021872253,0.07777407763437737,1000000.0,0.11614422871822316,0.01931008804720396,1000000.0,0.4423561096191406,0.487,0.41,0.256,0.0,0.177
B,2,MissForest (single),0.8240916450570173,0.07520748227254694,1000000.0,0.0907078367212654,0.01933502734226317,1000000.0,1.7766590118408203,0.487,0.41,0.256,0.0,0.177
B,2,MI without outcome,0.6333568392901643,0.0746024645785348,177.52959362561268,0.030160714349549887,0.026317585979461263,212.28715016642428,0.6569087505340576,0.487,0.41,0.256,0.0,0.177
B,2,MI with outcome,0.6447114163274973,0.0749004354389462,184.27074709560304,0.03127694402254155,0.02631664223790279,209.7467521674808,0.7413463592529297,0.487,0.41,0.256,0.0,0.177
B,2,MI without auxiliary,0.5571053284957461,0.08225616428110641,94.101647118539,0.31847073983125024,0.02613930091401415,97.81127389533599,0.6594278812408447,0.487,0.41,0.256,0.0,0.177
B,3,Complete-case,0.5202080555605112,0.08828518074971782,1000000.0,0.2999109535948132,0.027961447680624685,1000000.0,0.002843141555786133,0.4705,0.4165,0.25,0.0,0.204
B,3,Mean imputation,0.655156768573411,0.08678066103856766,1000000.0,0.29991095359481323,0.016312591519351365,1000000.0,0.03484797477722168,0.4705,0.4165,0.25,0.0,0.204
B,3,KNN (k=5),0.8603178771564182,0.07583631258377055,1000000.0,0.04570657197279733,0.019196714696488298,1000000.0,0.3806746006011963,0.4705,0.4165,0.25,0.0,0.204
B,3,MissForest (single),0.8083297877197989,0.07426742304817259,1000000.0,0.008234856310291376,0.019489036400618758,1000000.0,1.8382911682128906,0.4705,0.4165,0.25,0.0,0.204
B,3,MI without outcome,0.6651579440823576,0.07014441331774254,733.3405110697752,-0.011058011520509437,0.026017338159115427,131.5756223080968,0.7116305828094482,0.4705,0.4165,0.25,0.0,0.204
B,3,MI with outcome,0.6696884273398165,0.07033045318861242,767.0835111974056,-0.010516464407409987,0.02601870204558713,130.9369044320826,0.840857982635498,0.4705,0.4165,0.25,0.0,0.204
B,3,MI without auxiliary,0.5295811808309053,0.07624368177559361,185.96010558604806,0.24541173911326028,0.0266346160107669,67.03967343971924,0.6721277236938477,0.4705,0.4165,0.25,0.0,0.204
B,4,Complete-case,0.30157255006463884,0.09351836051181908,1000000.0,0.3120894278923342,0.028205595497364185,1000000.0,0.22768092155456543,0.455,0.448,0.246,0.0,0.1795
B,4,Mean imputation,0.3274507491368766,0.09122191437749476,1000000.0,0.31208942789233424,0.015566327786678994,1000000.0,0.17988801002502441,0.455,0.448,0.246,0.0,0.1795
B,4,KNN (k=5),0.5494223530080953,0.0798067005905727,1000000.0,0.0668672348506091,0.018327669409232965,1000000.0,0.446608304977417,0.455,0.448,0.246,0.0,0.1795
B,4,MissForest (single),0.6100285732362533,0.07873719619171035,1000000.0,0.024719800382155106,0.018584011999830643,1000000.0,1.76597261428833,0.455,0.448,0.246,0.0,0.1795
B,4,MI without outcome,0.47890375092183224,0.07227260891128882,652.9842462615102,-0.006231078509631625,0.02371284600352219,622.3948501840309,0.6311607360839844,0.455,0.448,0.246,0.0,0.1795
B,4,MI with outcome,0.4327912312643182,0.0723315201503369,589.9690165320234,-0.010395221610223368,0.02375126330600985,665.507103331762,0.7330899238586426,0.455,0.448,0.246,0.0,0.1795
B,4,MI without auxiliary,0.26217145353780197,0.0743198601021388,462.0914799844757,0.26629764605151796,0.022932988446065214,325.77111611131363,0.6546421051025391,0.455,0.448,0.246,0.0,0.1795
B,5,Complete-case,0.5275062090315993,0.09025982311420055,1000000.0,0.3721073506741645,0.027723543429216138,1000000.0,0.002784252166748047,0.454,0.439,0.253,0.0,0.2035
B,5,Mean imputation,0.6366970196514937,0.08987345053434853,1000000.0,0.37210735067416445,0.015549863384830297,1000000.0,0.13904142379760742,0.454,0.439,0.253,0.0,0.2035
B,5,KNN (k=5),0.9564782275207347,0.07937603445095837,1000000.0,0.11869427065656557,0.018458459162600208,1000000.0,0.3904883861541748,0.454,0.439,0.253,0.0,0.2035
B,5,MissForest (single),0.9339028564103068,0.07690021267298845,1000000.0,0.07102045129148019,0.019018499081368576,1000000.0,1.6947078704833984,0.454,0.439,0.253,0.0,0.2035
B,5,MI without outcome,0.709184404476216,0.07785478989410063,145.3818154040404,0.05583274749169638,0.02676318428974449,88.32600812477432,0.5588624477386475,0.454,0.439,0.253,0.0,0.2035
B,5,MI with outcome,0.7136210102291954,0.07861932098272166,135.24283400257008,0.05629727930863389,0.026759402528404752,88.21249101087075,0.644568920135498,0.454,0.439,0.253,0.0,0.2035
B,5,MI without auxiliary,0.4933679986927542,0.08512902758235368,67.75913503737759,0.31370099989612393,0.02737176666067024,49.791327395779845,0.6389727592468262,0.454,0.439,0.253,0.0,0.2035
B,6,Complete-case,0.22220245057735538,0.09382417735215566,1000000.0,0.3124992045478096,0.026915983429827532,1000000.0,0.003619670867919922,0.4645,0.4265,0.257,0.0,0.1995
B,6,Mean imputation,0.3350364170586745,0.0888367541360326,1000000.0,0.31249920454780966,0.015433444877492845,1000000.0,0.09941291809082031,0.4645,0.4265,0.257,0.0,0.1995
B,6,KNN (k=5),0.6019061390939969,0.07872391185238375,1000000.0,0.07428061840426489,0.01789052721176329,1000000.0,0.4426565170288086,0.4645,0.4265,0.257,0.0,0.1995
B,6,MissForest (single),0.611451582449162,0.07813342857501228,1000000.0,0.04225228459681252,0.018067919616392217,1000000.0,1.7365238666534424,0.4645,0.4265,0.257,0.0,0.1995
B,6,MI without outcome,0.5024074882073715,0.07230534018146949,482.5450786057917,0.00917739165678504,0.02320954368317502,568.9691068714228,0.6366398334503174,0.4645,0.4265,0.257,0.0,0.1995
B,6,MI with outcome,0.45899538619466734,0.07255758977053213,386.99727169711815,0.009418709075926329,0.023225492339698218,590.113118784876,0.7495489120483398,0.4645,0.4265,0.257,0.0,0.1995
B,6,MI without auxiliary,0.2681762570603871,0.07553539327632762,278.5275219845426,0.26796154014946544,0.022579317300479088,263.4219458026169,0.6675996780395508,0.4645,0.4265,0.257,0.0,0.1995
B,7,Complete-case,0.44847432580521857,0.08620881091707544,1000000.0,0.32962255952963504,0.027336657870051035,1000000.0,0.05585646629333496,0.485,0.4035,0.24,0.0,0.1965
B,7,Mean imputation,0.5749804918817011,0.08470374235695256,1000000.0,0.329622559529635,0.01630355722119786,1000000.0,0.17975926399230957,0.485,0.4035,0.24,0.0,0.1965
B,7,KNN (k=5),0.8727804263884654,0.07676832261550443,1000000.0,0.08933183909649932,0.018811053606718635,1000000.0,0.3474466800689697,0.485,0.4035,0.24,0.0,0.1965
B,7,MissForest (single),0.8446102141249007,0.07594313350575486,1000000.0,0.07232325369739166,0.018707218717922625,1000000.0,1.6186187267303467,0.485,0.4035,0.24,0.0,0.1965
B,7,MI without outcome,0.6542567889633752,0.06913476702934228,1379.0935867812987,0.015397585567517863,0.024473034692951645,418.86753621788756,0.35642480850219727,0.485,0.4035,0.24,0.0,0.1965
B,7,MI with outcome,0.647775778280384,0.0694449091628927,1248.1320243756918,0.014559191773570335,0.02449567267670078,420.6756174891939,0.4498250484466553,0.485,0.4035,0.24,0.0,0.1965
B,7,MI without auxiliary,0.48134416646289474,0.07371460100976354,340.26915292720156,0.2666284001103507,0.023863988713475844,198.05831703379937,0.3875868320465088,0.485,0.4035,0.24,0.0,0.1965
B,8,Complete-case,0.3872885065493502,0.08846305769377072,1000000.0,0.29443783934691864,0.027834772593181113,1000000.0,0.0026788711547851562,0.455,0.442,0.2495,0.0,0.1955
B,8,Mean imputation,0.46235775070947516,0.08857856023232041,1000000.0,0.29443783934691864,0.015528725521075233,1000000.0,0.018656492233276367,0.455,0.442,0.2495,0.0,0.1955
B,8,KNN (k=5),0.7869512757200364,0.07716866735429462,1000000.0,0.04199992242681706,0.0185274882537705,1000000.0,0.44852590560913086,0.455,0.442,0.2495,0.0,0.1955
B,8,MissForest (single),0.787570216432827,0.07593293557087562,1000000.0,-0.005286925992657226,0.018800170216301985,1000000.0,1.8037395477294922,0.455,0.442,0.2495,0.0,0.1955
B,8,MI without outcome,0.6041681672270305,0.07311313634066528,313.5348006322729,-0.02903179031190851,0.026062121657244385,120.27847088186293,0.637596607208252,0.455,0.442,0.2495,0.0,0.1955
B,8,MI with outcome,0.5915842568734228,0.073648545025398,268.4814484767111,-0.028296967480727096,0.02609125112039033,119.54615456309975,0.7363560199737549,0.455,0.442,0.2495,0.0,0.1955
B,8,MI without auxiliary,0.4055534337823706,0.07682827213784162,175.52740990429209,0.23782362503732762,0.026685725571062243,57.25561006093832,0.655576229095459,0.455,0.442,0.2495,0.0,0.1955
B,9,Complete-case,0.539467441501855,0.09470674283305788,1000000.0,0.2937756150246878,0.027623131680560742,1000000.0,0.002930164337158203,0.4655,0.4325,0.268,0.0,0.1855
B,9,Mean imputation,0.6714841057917512,0.09170984213624192,1000000.0,0.2937756150246878,0.01567313869861279,1000000.0,0.07476544380187988,0.4655,0.4325,0.268,0.0,0.1855
B,9,KNN (k=5),0.9493942458033869,0.08088953481346875,1000000.0,0.021383484538313437,0.01875388899022546,1000000.0,0.4212758541107178,0.4655,0.4325,0.268,0.0,0.1855
B,9,MissForest (single),0.9155509872314838,0.08062452128246146,1000000.0,0.012987753034511886,0.01870901770531292,1000000.0,1.7922217845916748,0.4655,0.4325,0.268,0.0,0.1855
B,9,MI without outcome,0.6934416717313858,0.08232346111254103,107.50755847769393,-0.030917254438320257,0.024531039946093302,251.46411038727817,0.6301922798156738,0.4655,0.4325,0.268,0.0,0.1855
B,9,MI with outcome,0.7157507701904531,0.08327330001332915,105.17453500227788,-0.02997689049916013,0.024516091919825057,249.39581099032608,0.7634336948394775,0.4655,0.4325,0.268,0.0,0.1855
B,9,MI without auxiliary,0.5600646228049324,0.08618325083329566,86.76080907080573,0.22112167562774127,0.024250544792943633,123.28502131311234,0.6788322925567627,0.4655,0.4325,0.268,0.0,0.1855
B,10,Complete-case,0.48757009446580435,0.08865078907854447,1000000.0,0.3012735147687688,0.028821160753586386,1000000.0,0.18149995803833008,0.472,0.4315,0.251,0.0,0.187
B,10,Mean imputation,0.525228627306102,0.08642177018389621,1000000.0,0.3012735147687688,0.016381718955047243,1000000.0,0.17893624305725098,0.472,0.4315,0.251,0.0,0.187
B,10,KNN (k=5),0.7190316102048132,0.07449090745195089,1000000.0,0.034503090699244295,0.019573043017971088,1000000.0,0.3710503578186035,0.472,0.4315,0.251,0.0,0.187
B,10,MissForest (single),0.7255267873937271,0.07297685733247923,1000000.0,-0.013651282207555931,0.020075368458077635,1000000.0,1.836609125137329,0.472,0.4315,0.251,0.0,0.187
B,10,MI without outcome,0.5591652246794234,0.06956461970717841,494.1785040870541,-0.019559619820050465,0.025114113296441753,371.568487482368,0.6318902969360352,0.472,0.4315,0.251,0.0,0.187
B,10,MI with outcome,0.5311122794095745,0.06928558969643524,493.39101947443356,-0.022513341096102587,0.025178899813490366,374.32108688629097,0.7524018287658691,0.472,0.4315,0.251,0.0,0.187
B,10,MI without auxiliary,0.42643255482866094,0.07443705510358548,216.72309439971676,0.25008288781364263,0.024927990655590634,160.17113558545185,0.5548605918884277,0.472,0.4315,0.251,0.0,0.187
B,11,Complete-case,0.5139552380635916,0.09252592070804608,1000000.0,0.2977789537427199,0.02772732379359005,1000000.0,0.0028116703033447266,0.463,0.4365,0.2425,0.0,0.2045
B,11,Mean imputation,0.6129031815766819,0.08944751188427645,1000000.0,0.29777895374271984,0.015621319406523724,1000000.0,0.03211665153503418,0.463,0.4365,0.2425,0.0,0.2045
B,11,KNN (k=5),0.868217894276873,0.0779844358294904,1000000.0,0.047412029751678346,0.018563080604142485,1000000.0,0.44734716415405273,0.463,0.4365,0.2425,0.0,0.2045
B,11,MissForest (single),0.8538805481000806,0.07628493866387621,1000000.0,0.012011701065219607,0.0188765141487238,1000000.0,1.7732067108154297,0.463,0.4365,0.2425,0.0,0.2045
B,11,MI without outcome,0.6591771369296231,0.0816658691904622,87.30574638300784,0.004195124091377473,0.023993678125034973,314.9698649660228,0.63763427734375,0.463,0.4365,0.2425,0.0,0.2045
B,11,MI with outcome,0.6500905225601621,0.08176719296248601,86.35687002164619,0.0033261342032799013,0.023991218109672405,319.91342283258774,0.6747934818267822,0.463,0.4365,0.2425,0.0,0.2045
B,11,MI without auxiliary,0.5315039074647225,0.089220965464205,55.20966906888838,0.2582515640713158,0.02383780959211149,158.65145665893374,0.531606912612915,0.463,0.4365,0.2425,0.0,0.2045
B,12,Complete-case,0.5274503158026144,0.09422801050897842,1000000.0,0.32517702673976284,0.02805130905767899,1000000.0,0.002783060073852539,0.4495,0.439,0.258,0.0,0.2015
B,12,Mean imputation,0.6453762934063065,0.09006499846411277,1000000.0,0.32517702673976284,0.015733703908602202,1000000.0,0.05453848838806152,0.4495,0.439,0.258,0.0,0.2015
B,12,KNN (k=5),0.884574940520409,0.07801451269646353,1000000.0,0.06916811267264959,0.018780549354277757,1000000.0,0.37101268768310547,0.4495,0.439,0.258,0.0,0.2015
B,12,MissForest (single),0.8201258772146428,0.07451248076351356,1000000.0,0.010410841278187134,0.01917148662740178,1000000.0,1.589153528213501,0.4495,0.439,0.258,0.0,0.2015
B,12,MI without outcome,0.6442364342531569,0.07979433585361036,105.20140104194408,-5.825606147111719e-05,0.024754676911803816,231.88989280493206,0.41272616386413574,0.4495,0.439,0.258,0.0,0.2015
B,12,MI with outcome,0.6319832430685675,0.07984215326519599,101.90540830491163,-0.0006973996365736292,0.024780074861047028,231.22008163873792,0.5534913539886475,0.4495,0.439,0.258,0.0,0.2015
B,12,MI without auxiliary,0.5222406345235961,0.08377472764446516,81.67261707798816,0.27089442353846127,0.024684872053935887,111.80087462814795,0.6171393394470215,0.4495,0.439,0.258,0.0,0.2015
B,13,Complete-case,0.5469401363952827,0.10120841123472024,1000000.0,0.3355980702716386,0.02710035222012293,1000000.0,0.004755735397338867,0.454,0.441,0.2485,0.0,0.1975
B,13,Mean imputation,0.7378637116087576,0.09645620031866016,1000000.0,0.3355980702716387,0.015146107287570067,1000000.0,0.010598897933959961,0.454,0.441,0.2485,0.0,0.1975
B,13,KNN (k=5),0.9985481322850899,0.08605413699381566,1000000.0,0.09330770537118356,0.01788801026286155,1000000.0,0.3334016799926758,0.454,0.441,0.2485,0.0,0.1975
B,13,MissForest (single),0.9803472019137255,0.0835818229019904,1000000.0,0.049868760723964456,0.0182978849498136,1000000.0,1.532778024673462,0.454,0.441,0.2485,0.0,0.1975
B,13,MI without outcome,0.6861798156836134,0.07929041205979356,249.57547991296212,0.04531594207088004,0.023843076304540176,237.23051329290152,0.4154658317565918,0.454,0.441,0.2485,0.0,0.1975
B,13,MI with outcome,0.7021605983721066,0.08066354591186543,220.61701867934974,0.046321343307515986,0.02380561560857145,239.8294166099995,0.6575469970703125,0.454,0.441,0.2485,0.0,0.1975
B,13,MI without auxiliary,0.6001976551340694,0.0872198209480336,118.55048306827635,0.2738388096543319,0.02339838759203072,134.90007638791073,0.561840295791626,0.454,0.441,0.2485,0.0,0.1975
B,14,Complete-case,0.5979891900339782,0.09645531017779656,1000000.0,0.3257579476361801,0.028362881208370234,1000000.0,0.002536773681640625,0.4415,0.4435,0.26,0.0,0.187
B,14,Mean imputation,0.714731562860449,0.09184248330969094,1000000.0,0.32575794763618016,0.015780796771201595,1000000.0,0.007913589477539062,0.4415,0.4435,0.26,0.0,0.187
B,14,KNN (k=5),0.9219622510472321,0.078458063314207,1000000.0,0.04151322550711736,0.019147104139490858,1000000.0,0.31967806816101074,0.4415,0.4435,0.26,0.0,0.187
B,14,MissForest (single),0.9202208821924869,0.07703505085752256,1000000.0,0.004548937505534182,0.019411600621711045,1000000.0,1.8245666027069092,0.4415,0.4435,0.26,0.0,0.187
B,14,MI without outcome,0.6983359074967789,0.07275722809543766,618.162893440395,-0.017571280728994547,0.025621508221862335,202.00967126355567,0.6301929950714111,0.4415,0.4435,0.26,0.0,0.187
B,14,MI with outcome,0.7033080403526148,0.07301652782445446,606.0473247250686,-0.016784607651225518,0.025628964343747757,199.62855124456803,0.697983980178833,0.4415,0.4435,0.26,0.0,0.187
B,14,MI without auxiliary,0.584571918049435,0.07810317275946164,232.92885288793497,0.2644405436676734,0.025260930086304412,99.16275391698349,0.4960446357727051,0.4415,0.4435,0.26,0.0,0.187
B,15,Complete-case,0.42996492104826767,0.08896089594181295,1000000.0,0.3391946193421125,0.027488224179396708,1000000.0,0.0054607391357421875,0.4845,0.411,0.2475,0.0,0.2
B,15,Mean imputation,0.4842357588780212,0.08709309675470368,1000000.0,0.33919461934211254,0.016187737967069574,1000000.0,0.020691394805908203,0.4845,0.411,0.2475,0.0,0.2
B,15,KNN (k=5),0.8037307478931477,0.07747390960036171,1000000.0,0.08246906226670829,0.019266084348540834,1000000.0,0.4102292060852051,0.4845,0.411,0.2475,0.0,0.2
B,15,MissForest (single),0.7589851645692068,0.07406748162452441,1000000.0,0.041073799859395604,0.01957366908758714,1000000.0,1.78082275390625,0.4845,0.411,0.2475,0.0,0.2
B,15,MI without outcome,0.6158872877065108,0.07367472844437219,324.18385471069166,0.028291881664848452,0.026589073508940783,115.90960138378784,0.6285092830657959,0.4845,0.411,0.2475,0.0,0.2
B,15,MI with outcome,0.6047692503295504,0.0741087178133646,290.1098927452739,0.02797361845005882,0.026604236600150013,116.31087865084442,0.7442958354949951,0.4845,0.411,0.2475,0.0,0.2
B,15,MI without auxiliary,0.4132963645169248,0.08071678590874952,116.182647937071,0.29020703670829995,0.02681653849828133,61.84547491260882,0.7448229789733887,0.4845,0.411,0.2475,0.0,0.2
B,16,Complete-case,0.558527701713775,0.08825881748508263,1000000.0,0.33680033696934325,0.02792076658165449,1000000.0,0.005588531494140625,0.485,0.4275,0.2335,0.0,0.1975
B,16,Mean imputation,0.5855062641946052,0.08683763223500644,1000000.0,0.33680033696934325,0.015981653064444244,1000000.0,0.013191699981689453,0.485,0.4275,0.2335,0.0,0.1975
B,16,KNN (k=5),0.7574854403109628,0.0763025969523426,1000000.0,0.09357756449673277,0.018545325378025352,1000000.0,0.42824268341064453,0.485,0.4275,0.2335,0.0,0.1975
B,16,MissForest (single),0.7829976257017822,0.07539889066760713,1000000.0,0.06467712228479983,0.018614375168953874,1000000.0,1.8127169609069824,0.485,0.4275,0.2335,0.0,0.1975
B,16,MI without outcome,0.6139824069398535,0.07089659281670137,438.2527125832471,0.013100115012076368,0.025048148655000657,277.922448407159,0.5949256420135498,0.485,0.4275,0.2335,0.0,0.1975
B,16,MI with outcome,0.6052206502590767,0.07114546375645259,423.8768501792706,0.012181718575977208,0.02508083670740051,279.1639768511191,0.66499924659729,0.485,0.4275,0.2335,0.0,0.1975
B,16,MI without auxiliary,0.47304795552573664,0.07548589301132977,236.30435409087372,0.2854422537932054,0.0244473737919696,130.63978759711756,0.5395829677581787,0.485,0.4275,0.2335,0.0,0.1975
B,17,Complete-case,0.4183776172181264,0.09434068831923553,1000000.0,0.36562399073399776,0.027731808663452925,1000000.0,0.004534721374511719,0.466,0.432,0.2445,0.0,0.177
B,17,Mean imputation,0.5262607038084647,0.09126205150925674,1000000.0,0.36562399073399776,0.015748670502160347,1000000.0,0.01730966567993164,0.466,0.432,0.2445,0.0,0.177
B,17,KNN (k=5),0.7250824559603737,0.07921554602087665,1000000.0,0.11785177466103566,0.01827926641316484,1000000.0,0.39535069465637207,0.466,0.432,0.2445,0.0,0.177
B,17,MissForest (single),0.736386661089865,0.07735582932549656,1000000.0,0.07127184986261569,0.018673626910109202,1000000.0,1.7235660552978516,0.466,0.432,0.2445,0.0,0.177
B,17,MI without outcome,0.5834401590576845,0.07107855102986503,1339.850581567025,0.028195944732120733,0.027856236971716117,68.87093171508403,0.5327122211456299,0.466,0.432,0.2445,0.0,0.177
B,17,MI with outcome,0.5721257804532724,0.07123560430726267,1243.6107108309925,0.028012367728070107,0.027866420355160248,68.93017550154818,0.6575922966003418,0.466,0.432,0.2445,0.0,0.177
B,17,MI without auxiliary,0.4025260103241157,0.07972537504799987,183.00712379258997,0.31084455298744507,0.028903322743824227,39.058028150395884,0.5288162231445312,0.466,0.432,0.2445,0.0,0.177
B,18,Complete-case,0.6840563466147117,0.10384799949410929,1000000.0,0.31089818166758976,0.027178268275042158,1000000.0,0.003643035888671875,0.4625,0.4375,0.249,0.0,0.1685
B,18,Mean imputation,0.7874804258676211,0.10084611174999923,1000000.0,0.3108981816675897,0.015284801505213016,1000000.0,0.009961128234863281,0.4625,0.4375,0.249,0.0,0.1685
B,18,KNN (k=5),1.0566864393185111,0.08862313360212655,1000000.0,0.05041820479812586,0.018600417459414847,1000000.0,0.12789463996887207,0.4625,0.4375,0.249,0.0,0.1685
B,18,MissForest (single),1.0292290815416871,0.0863619851270527,1000000.0,0.01723304547323434,0.018764758886867603,1000000.0,1.7322266101837158,0.4625,0.4375,0.249,0.0,0.1685
B,18,MI without outcome,0.7528593302071476,0.08347053171630772,247.31307485381816,-0.0023394716328240207,0.024387119672446396,226.9610505493462,0.4676380157470703,0.4625,0.4375,0.249,0.0,0.1685
B,18,MI with outcome,0.7810655295984347,0.08451100008562137,245.14922665651207,-0.0007926833103095478,0.02433379447485968,227.72001401824343,0.5835745334625244,0.4625,0.4375,0.249,0.0,0.1685
B,18,MI without auxiliary,0.6491429504160794,0.08882244051423079,144.5663709648414,0.24267292230150234,0.02415597075447353,109.67942089467945,0.5479321479797363,0.4625,0.4375,0.249,0.0,0.1685
B,19,Complete-case,0.41164400494601877,0.09138349474614134,1000000.0,0.34782828554796347,0.028564399218528894,1000000.0,0.005954742431640625,0.465,0.433,0.2325,0.0,0.1895
B,19,Mean imputation,0.514001145171278,0.08824761775577446,1000000.0,0.3478282855479635,0.016192920418350083,1000000.0,0.003933906555175781,0.465,0.433,0.2325,0.0,0.1895
B,19,KNN (k=5),0.7565084967640915,0.07674149148389008,1000000.0,0.06520049727815737,0.019474627666767844,1000000.0,0.1275162696838379,0.465,0.433,0.2325,0.0,0.1895
B,19,MissForest (single),0.7115317807609819,0.07542629701550481,1000000.0,0.038043365030697995,0.019686207396860715,1000000.0,1.9261341094970703,0.465,0.433,0.2325,0.0,0.1895
B,19,MI without outcome,0.5660315050910143,0.07361974437275838,249.91184717263693,0.01320793363896019,0.02574818149893381,224.788672886625,0.46476316452026367,0.465,0.433,0.2325,0.0,0.1895
B,19,MI with outcome,0.5486578607079868,0.07400438856240373,233.25240086529212,0.011575578246689453,0.02579868222989316,224.35479506129354,0.6883604526519775,0.465,0.433,0.2325,0.0,0.1895
B,19,MI without auxiliary,0.4232497596858787,0.08107439809094291,105.8823057596411,0.30648800763431355,0.025727860206126597,97.7112949957131,0.4575202465057373,0.465,0.433,0.2325,0.0,0.1895
B,20,Complete-case,0.25860343059379115,0.09521890905843845,1000000.0,0.30477928625451517,0.028002388236611688,1000000.0,0.0032215118408203125,0.439,0.4555,0.2475,0.0,0.1905
B,20,Mean imputation,0.35024466835195045,0.09037797801549255,1000000.0,0.3047792862545151,0.015244109693842677,1000000.0,0.010994195938110352,0.439,0.4555,0.2475,0.0,0.1905
B,20,KNN (k=5),0.5537225958465718,0.07911280193304639,1000000.0,0.08236022056237789,0.017752465036846903,1000000.0,0.14815759658813477,0.439,0.4555,0.2475,0.0,0.1905
B,20,MissForest (single),0.6106601937307982,0.07665970189991544,1000000.0,0.029341932033600648,0.01825304286332776,1000000.0,1.7878248691558838,0.439,0.4555,0.2475,0.0,0.1905
B,20,MI without outcome,0.47703500888969386,0.0756087735405663,184.7644556773069,0.005019017316420641,0.027397455131113364,64.57678884190075,0.5273828506469727,0.439,0.4555,0.2475,0.0,0.1905
B,20,MI with outcome,0.4348989211594551,0.07543777705917257,176.60044892289173,0.003285486696893503,0.02739184684998912,65.58061978692605,0.6765985488891602,0.439,0.4555,0.2475,0.0,0.1905
B,20,MI without auxiliary,0.2882167513511329,0.08517234277279456,70.89813379813673,0.2653413078838036,0.028335110557571146,40.16356014768343,0.6071727275848389,0.439,0.4555,0.2475,0.0,0.1905
B,21,Complete-case,0.3481364581512805,0.09591381428852261,1000000.0,0.3513035783029728,0.02772222215121869,1000000.0,0.007676362991333008,0.4545,0.4415,0.2595,0.0,0.185
B,21,Mean imputation,0.40981710059453,0.09145491726807205,1000000.0,0.3513035783029728,0.015479799397783375,1000000.0,0.007831096649169922,0.4545,0.4415,0.2595,0.0,0.185
B,21,KNN (k=5),0.6274039677761941,0.07822705774447251,1000000.0,0.10728459494819195,0.018220235490781212,1000000.0,0.13758087158203125,0.4545,0.4415,0.2595,0.0,0.185
B,21,MissForest (single),0.6664957879050314,0.07632647462395653,1000000.0,0.0696144007237595,0.018465331326354716,1000000.0,1.6890506744384766,0.4545,0.4415,0.2595,0.0,0.185
B,21,MI without outcome,0.5289943563340951,0.07990444764301831,106.9228767061612,0.018846190495595005,0.025288065276772503,168.2476076090776,0.5147714614868164,0.4545,0.4415,0.2595,0.0,0.185
B,21,MI with outcome,0.4966810322658321,0.08000434703010433,101.18986133591025,0.017965346365313918,0.025313040269720657,169.3546305171625,0.6312477588653564,0.4545,0.4415,0.2595,0.0,0.185
B,21,MI without auxiliary,0.32620315169019953,0.08883561173704767,63.23098512638931,0.3015121264818603,0.02500617459275518,87.86293820550702,0.5448741912841797,0.4545,0.4415,0.2595,0.0,0.185
B,22,Complete-case,0.2962660996154144,0.0886886199282787,1000000.0,0.3363177308828052,0.02771133161103612,1000000.0,0.0048940181732177734,0.4535,0.444,0.2485,0.0,0.207
B,22,Mean imputation,0.4429892070894133,0.0884787405632819,1000000.0,0.3363177308828052,0.015404422571767747,1000000.0,0.006167173385620117,0.4535,0.444,0.2485,0.0,0.207
B,22,KNN (k=5),0.7186429464387399,0.07711654503659247,1000000.0,0.07945793693663461,0.018348116415772685,1000000.0,0.12302279472351074,0.4535,0.444,0.2485,0.0,0.207
B,22,MissForest (single),0.6952489158418586,0.07619953361546422,1000000.0,0.06768123697590171,0.018389828427095564,1000000.0,1.5585925579071045,0.4535,0.444,0.2485,0.0,0.207
B,22,MI without outcome,0.5430746546541511,0.07329278966882424,205.9240031224247,0.02530075624209212,0.023861011927442777,381.81251147071106,0.49720001220703125,0.4535,0.444,0.2485,0.0,0.207
B,22,MI with outcome,0.5113857760994674,0.07319192505744367,197.19151348666622,0.024257517098922227,0.023909480875187374,381.919549402283,0.6087749004364014,0.4535,0.444,0.2485,0.0,0.207
B,22,MI without auxiliary,0.3493322676188108,0.07978078104640457,98.95063398610365,0.3004717603029994,0.023480350119136222,179.69820459187866,0.6063923835754395,0.4535,0.444,0.2485,0.0,0.207
B,23,Complete-case,0.37380257174286297,0.0901117634173065,1000000.0,0.2749298075945938,0.027978830992665682,1000000.0,0.006391048431396484,0.451,0.444,0.242,0.0,0.195
B,23,Mean imputation,0.4957492654073009,0.08842941527849667,1000000.0,0.27492980759459384,0.01555312251770132,1000000.0,0.008033275604248047,0.451,0.444,0.242,0.0,0.195
B,23,KNN (k=5),0.6975303308077967,0.07495885790315047,1000000.0,0.00879820985627743,0.01866905523773049,1000000.0,0.19505953788757324,0.451,0.444,0.242,0.0,0.195
B,23,MissForest (single),0.6810023821247341,0.0741391422768491,1000000.0,-0.011867391611492249,0.01855757779640368,1000000.0,1.6630239486694336,0.451,0.444,0.242,0.0,0.195
B,23,MI without outcome,0.5592766563114339,0.07047317214084618,527.2355830109846,-0.04193420769696998,0.024592805933861837,226.35899315054704,0.557509183883667,0.451,0.444,0.242,0.0,0.195
B,23,MI with outcome,0.5416182476627752,0.07052950727261655,478.803569931487,-0.0426093905417785,0.0246163405183057,226.6024732839778,0.7283625602722168,0.451,0.444,0.242,0.0,0.195
B,23,MI without auxiliary,0.4072522143621001,0.07683485127626452,175.17078228546143,0.23068493979147933,0.024366758002104468,118.19337317821969,0.6393816471099854,0.451,0.444,0.242,0.0,0.195
B,24,Complete-case,0.5280629254446785,0.09172137373890263,1000000.0,0.26825846402268216,0.02790029203728303,1000000.0,0.003561258316040039,0.4515,0.447,0.244,0.0,0.191
B,24,Mean imputation,0.6410297082688329,0.09128838699492206,1000000.0,0.2682584640226821,0.015425741763866982,1000000.0,0.006652355194091797,0.4515,0.447,0.244,0.0,0.191
B,24,KNN (k=5),0.9138626732988923,0.08033604268149913,1000000.0,0.010441043590429657,0.018303203971368146,1000000.0,0.1379086971282959,0.4515,0.447,0.244,0.0,0.191
B,24,MissForest (single),0.8856396729284581,0.07990439175822808,1000000.0,-0.005570246455869952,0.018132180254566217,1000000.0,1.520684003829956,0.4515,0.447,0.244,0.0,0.191
B,24,MI without outcome,0.6624289377922189,0.0715567395858761,1391.2946314815208,-0.0505997905523472,0.02297489472373263,1280.796573195084,0.5177395343780518,0.4515,0.447,0.244,0.0,0.191
B,24,MI with outcome,0.6719666846037169,0.07219855166760517,1156.9361606213454,-0.04965511812996811,0.022960867684854475,1273.8178135348362,0.8910303115844727,0.4515,0.447,0.244,0.0,0.191
B,24,MI without auxiliary,0.5532336539079384,0.07489565328000328,610.4431915392219,0.20690726886235283,0.022073917028001506,594.1065895546978,0.5175483226776123,0.4515,0.447,0.244,0.0,0.191
B,25,Complete-case,0.44679868163917486,0.09760876645962463,1000000.0,0.3539712048397278,0.027970314536243306,1000000.0,0.003929853439331055,0.459,0.437,0.25,0.0,0.173
B,25,Mean imputation,0.6380477921007677,0.09465770787220397,1000000.0,0.3539712048397279,0.0157442295015604,1000000.0,0.009208917617797852,0.459,0.437,0.25,0.0,0.173
B,25,KNN (k=5),0.8692271761408829,0.08143584480395741,1000000.0,0.07162771578883892,0.01876058460212668,1000000.0,0.14033913612365723,0.459,0.437,0.25,0.0,0.173
B,25,MissForest (single),0.8240689668336034,0.08013794130149293,1000000.0,0.0527735466534385,0.018861723262642516,1000000.0,1.8825581073760986,0.459,0.437,0.25,0.0,0.173
B,25,MI without outcome,0.6507970889913354,0.07946242312390324,215.26553044385963,0.018429679874773886,0.023726875524050454,724.0788539298836,0.6338164806365967,0.459,0.437,0.25,0.0,0.173
B,25,MI with outcome,0.6498178796751265,0.07979363790765899,210.65548164379177,0.01843331058348999,0.02373122464184342,725.9516059471388,0.8599765300750732,0.459,0.437,0.25,0.0,0.173
B,25,MI without auxiliary,0.5244732006123427,0.08820686428919307,94.71523260086867,0.31259278847735805,0.022967065645765138,287.3491033755409,0.6887404918670654,0.459,0.437,0.25,0.0,0.173
B,26,Complete-case,0.4316317801163322,0.0934917168524008,1000000.0,0.3349449695455859,0.026871028934783395,1000000.0,0.00880122184753418,0.461,0.4355,0.2325,0.0,0.193
B,26,Mean imputation,0.5095633991338839,0.09189030366343189,1000000.0,0.33494496954558595,0.015165768504421376,1000000.0,0.009408712387084961,0.461,0.4355,0.2325,0.0,0.193
B,26,KNN (k=5),0.7777355397361113,0.07981265183666612,1000000.0,0.09291550476964955,0.01820506901260699,1000000.0,0.15528082847595215,0.461,0.4355,0.2325,0.0,0.193
B,26,MissForest (single),0.7724735993349222,0.07711519305141125,1000000.0,0.047544125682644815,0.018303938672640234,1000000.0,1.962592601776123,0.461,0.4355,0.2325,0.0,0.193
B,26,MI without outcome,0.6186196362038748,0.08193165218401413,94.3175081977822,0.01524093508830383,0.02503758744320577,148.1778973342224,0.6179378032684326,0.461,0.4355,0.2325,0.0,0.193
B,26,MI with outcome,0.6119183699967792,0.08216615633817625,92.11357410670719,0.014947271600527456,0.025030234675958937,149.58428027955486,0.7643313407897949,0.461,0.4355,0.2325,0.0,0.193
B,26,MI without auxiliary,0.4407006936711694,0.0902396973424403,57.13469524278422,0.2889253035492819,0.02497124805495516,74.32262048057015,0.6695237159729004,0.461,0.4355,0.2325,0.0,0.193
B,27,Complete-case,0.5850706285071231,0.09016353803800102,1000000.0,0.31097060532058096,0.02751804274396453,1000000.0,0.003698587417602539,0.475,0.411,0.2575,0.0,0.2
B,27,Mean imputation,0.5867587187447518,0.08461770820531278,1000000.0,0.31097060532058096,0.01620529803594226,1000000.0,0.007608175277709961,0.475,0.411,0.2575,0.0,0.2
B,27,KNN (k=5),0.7590093626110626,0.07358149311212688,1000000.0,0.07481609011673586,0.019023710522172967,1000000.0,0.11487913131713867,0.475,0.411,0.2575,0.0,0.2
B,27,MissForest (single),0.7782956032985374,0.07265226055657797,1000000.0,0.04517485780708755,0.019060391207710296,1000000.0,1.8427114486694336,0.475,0.411,0.2575,0.0,0.2
B,27,MI without outcome,0.6476279197926774,0.07059065093577688,404.89509992975155,0.013246856708638366,0.026280876914142076,122.18193288549007,0.6688909530639648,0.475,0.411,0.2575,0.0,0.2
B,27,MI with outcome,0.6474413473526572,0.07072225024444197,404.3316865420026,0.013510887695054314,0.02628743146727844,121.90665116462984,0.7580373287200928,0.475,0.411,0.2575,0.0,0.2
B,27,MI without auxiliary,0.49657925068481956,0.07706721992790004,141.74295900717465,0.2665055429244888,0.026378312152794407,65.63547267789647,0.5951290130615234,0.475,0.411,0.2575,0.0,0.2
B,28,Complete-case,0.5204230182853875,0.08886996846618889,1000000.0,0.34645807317511873,0.029178610354829444,1000000.0,0.00537562370300293,0.4675,0.442,0.2365,0.0,0.188
B,28,Mean imputation,0.5966640214712422,0.08886182040301653,1000000.0,0.3464580731751187,0.016278438408997488,1000000.0,0.013602972030639648,0.4675,0.442,0.2365,0.0,0.188
B,28,KNN (k=5),0.8559140361150103,0.07890440809437449,1000000.0,0.08436525724438508,0.019272730454072694,1000000.0,0.19685673713684082,0.4675,0.442,0.2365,0.0,0.188
B,28,MissForest (single),0.8279398007871833,0.07635440938573633,1000000.0,0.037180195122843394,0.01943070277860151,1000000.0,1.6049063205718994,0.4675,0.442,0.2365,0.0,0.188
B,28,MI without outcome,0.6508562312235491,0.07761467850353765,150.97574825111252,0.0065166856059926765,0.02453778874666927,653.139738127065,0.5793375968933105,0.4675,0.442,0.2365,0.0,0.188
B,28,MI with outcome,0.6293337247470926,0.07828062737211088,135.1562231281054,0.004333163223152645,0.024582261917608417,659.7201229788316,0.6941893100738525,0.4675,0.442,0.2365,0.0,0.188
B,28,MI without auxiliary,0.5019975266680028,0.08645755118124933,67.25792522614013,0.28161342146474666,0.02402789331530185,278.02277274173736,0.6795253753662109,0.4675,0.442,0.2365,0.0,0.188
B,29,Complete-case,0.38018991525623236,0.09500765146096578,1000000.0,0.29082649948513734,0.02692821470201039,1000000.0,0.004198789596557617,0.4735,0.4355,0.237,0.0,0.187
B,29,Mean imputation,0.5419567248165056,0.09418184831083146,1000000.0,0.29082649948513734,0.015198043640204873,1000000.0,0.007263898849487305,0.4735,0.4355,0.237,0.0,0.187
B,29,KNN (k=5),0.8023562831125016,0.08148930129594167,1000000.0,0.04122729495023321,0.018195725915069298,1000000.0,0.21997475624084473,0.4735,0.4355,0.237,0.0,0.187
B,29,MissForest (single),0.816172941613713,0.07866161410203178,1000000.0,0.005706322335874493,0.018594694214964878,1000000.0,1.7865114212036133,0.4735,0.4355,0.237,0.0,0.187
B,29,MI without outcome,0.6664637986099557,0.07608410740560542,485.1954989273605,-0.011992298678266521,0.025197698715169123,123.12513423173742,0.6594624519348145,0.4735,0.4355,0.237,0.0,0.187
B,29,MI with outcome,0.6408455767767309,0.07600870142772832,446.11655783826734,-0.012253750815890755,0.02522279946376624,123.14473890147511,0.7754652500152588,0.4735,0.4355,0.237,0.0,0.187
B,29,MI without auxiliary,0.46879519377603474,0.07961059162827157,227.4815378877989,0.24828758846481977,0.02558088678855122,64.59358410069062,0.7051112651824951,0.4735,0.4355,0.237,0.0,0.187
B,30,Complete-case,0.5062121373784177,0.09491668580807514,1000000.0,0.2918550492389566,0.027588876886461073,1000000.0,0.0068476200103759766,0.4575,0.436,0.252,0.0,0.186
B,30,Mean imputation,0.6286281558608845,0.09127204847046495,1000000.0,0.29185504923895667,0.01555711758110223,1000000.0,0.006956338882446289,0.4575,0.436,0.252,0.0,0.186
B,30,KNN (k=5),0.8190869692364071,0.08105033736905505,1000000.0,0.07325747985365053,0.01799617350128186,1000000.0,0.16340279579162598,0.4575,0.436,0.252,0.0,0.186
B,30,MissForest (single),0.820449632236334,0.07909755324108929,1000000.0,0.024542867743419544,0.018152977723579974,1000000.0,1.871171236038208,0.4575,0.436,0.252,0.0,0.186
B,30,MI without outcome,0.6297587457865196,0.07089885403463861,1588.7307358949654,-0.024260431342804544,0.027562345169242577,69.92241728591401,0.6597950458526611,0.4575,0.436,0.252,0.0,0.186
B,30,MI with outcome,0.6295140848258639,0.07117984582880453,1598.6230457583245,-0.024227806628593536,0.027592990090181645,69.52604769222584,0.705547571182251,0.4575,0.436,0.252,0.0,0.186
B,30,MI without auxiliary,0.5256347532214725,0.07426597162203104,1090.5754471185417,0.24781192021956594,0.028352265351645825,40.64203234867704,0.603363037109375,0.4575,0.436,0.252,0.0,0.186
B,31,Complete-case,0.4185870698967993,0.0987253702378266,1000000.0,0.3068780381715253,0.02688554139942489,1000000.0,0.009090900421142578,0.4525,0.432,0.2515,0.0,0.1755
B,31,Mean imputation,0.4871480148149117,0.09551887268088188,1000000.0,0.30687803817152537,0.015268082147477718,1000000.0,0.009077787399291992,0.4525,0.432,0.2515,0.0,0.1755
B,31,KNN (k=5),0.6775560185012279,0.08297574540613754,1000000.0,0.06993450621129886,0.018367500336997696,1000000.0,0.22596025466918945,0.4525,0.432,0.2515,0.0,0.1755
B,31,MissForest (single),0.739388108845709,0.08243144481609446,1000000.0,0.031212182386320435,0.018665256599120817,1000000.0,1.7223639488220215,0.4525,0.432,0.2515,0.0,0.1755
B,31,MI without outcome,0.5838189644792641,0.07546270357726738,841.3018755342459,0.01654761099857711,0.02397539666805233,240.80775530611152,0.7013390064239502,0.4525,0.432,0.2515,0.0,0.1755
B,31,MI with outcome,0.5564802800974489,0.07548025949924847,754.6424809393537,0.015409219994026288,0.02400054314270916,247.22565530575775,0.8708779811859131,0.4525,0.432,0.2515,0.0,0.1755
B,31,MI without auxiliary,0.3859258305426702,0.07965525117905842,344.99727023540606,0.2600184196584098,0.023780646122305283,119.21166056450465,0.6559879779815674,0.4525,0.432,0.2515,0.0,0.1755
B,32,Complete-case,0.5289103975107249,0.09083055151137757,1000000.0,0.3581504299096344,0.02769594516692193,1000000.0,0.0049321651458740234,0.4865,0.419,0.229,0.0,0.1785
B,32,Mean imputation,0.5983550782908271,0.0891633885796947,1000000.0,0.3581504299096344,0.01608844127858771,1000000.0,0.007578372955322266,0.4865,0.419,0.229,0.0,0.1785
B,32,KNN (k=5),0.8496122264984104,0.07896735410834134,1000000.0,0.1136650220549021,0.01896254811790945,1000000.0,0.2176957130432129,0.4865,0.419,0.229,0.0,0.1785
B,32,MissForest (single),0.8514790578915091,0.07755135850240241,1000000.0,0.08045247967741279,0.019011378635462824,1000000.0,1.8885529041290283,0.4865,0.419,0.229,0.0,0.1785
B,32,MI without outcome,0.69430626699469,0.07263456325852348,801.1184182648711,0.03961579792106752,0.02484502430859754,353.15256599777894,0.6229503154754639,0.4865,0.419,0.229,0.0,0.1785
B,32,MI with outcome,0.6935401545428672,0.07275076198897867,811.8572782971975,0.03974017619092547,0.024852589132400398,352.32862721490164,0.6141402721405029,0.4865,0.419,0.229,0.0,0.1785
B,32,MI without auxiliary,0.4863746634942812,0.07429476024741281,566.6047354417864,0.3140778035154785,0.024042043363436336,162.5339294731203,0.6061558723449707,0.4865,0.419,0.229,0.0,0.1785
B,33,Complete-case,0.5564185368655541,0.09430056319614911,1000000.0,0.32571007670386987,0.027257228831205463,1000000.0,0.004457235336303711,0.4615,0.4355,0.257,0.0,0.201
B,33,Mean imputation,0.7034617368581155,0.09151567291450126,1000000.0,0.32571007670386987,0.015383736273343948,1000000.0,0.007546663284301758,0.4615,0.4355,0.257,0.0,0.201
B,33,KNN (k=5),0.9933865787134408,0.08175672698838274,1000000.0,0.08307296743719343,0.018311139192598882,1000000.0,0.23599958419799805,0.4615,0.4355,0.257,0.0,0.201
B,33,MissForest (single),0.9340845523013563,0.07899495604999497,1000000.0,0.033564936501538536,0.018714146888996794,1000000.0,1.6502115726470947,0.4615,0.4355,0.257,0.0,0.201
B,33,MI without outcome,0.7067046611086218,0.07724258461840472,200.49578221026206,0.007247247823861612,0.025349994583361617,141.03570108273516,0.5438528060913086,0.4615,0.4355,0.257,0.0,0.201
B,33,MI with outcome,0.7054735808216686,0.0776009861833482,195.53883035413116,0.007644336270481622,0.025341544012553403,141.34531296610183,0.756389856338501,0.4615,0.4355,0.257,0.0,0.201
B,33,MI without auxiliary,0.5871972099845688,0.08566256671356645,88.98907989669178,0.2728344440667042,0.02540274281051369,71.67800898760069,0.6620354652404785,0.4615,0.4355,0.257,0.0,0.201
B,34,Complete-case,0.29064113322780205,0.09180742605997806,1000000.0,0.31299536233022934,0.028164684987600306,1000000.0,0.007082462310791016,0.444,0.4305,0.271,0.0,0.1785
B,34,Mean imputation,0.45586476462110687,0.08775520202279691,1000000.0,0.3129953623302294,0.016036755073082682,1000000.0,0.006050586700439453,0.444,0.4305,0.271,0.0,0.1785
B,34,KNN (k=5),0.7235263243664332,0.0758822682237789,1000000.0,0.0480224651151218,0.019295368387459957,1000000.0,0.12560486793518066,0.444,0.4305,0.271,0.0,0.1785
B,34,MissForest (single),0.6912388485138086,0.0734530997645535,1000000.0,-0.0019957785090377895,0.019843124064410002,1000000.0,1.5372025966644287,0.444,0.4305,0.271,0.0,0.1785
B,34,MI without outcome,0.5622915904238805,0.07139874154167702,505.8323135838344,-0.007392390734078924,0.02522821851386668,249.31288188440527,0.5935513973236084,0.444,0.4305,0.271,0.0,0.1785
B,34,MI with outcome,0.5252684384661649,0.07091616812764992,498.71739980006714,-0.009801766315497926,0.025275546382863646,255.33845706227604,0.7000045776367188,0.444,0.4305,0.271,0.0,0.1785
B,34,MI without auxiliary,0.3451875241620037,0.07285014450558948,427.39015159189347,0.2681353003699388,0.024923870203671056,123.66550829794791,0.6331560611724854,0.444,0.4305,0.271,0.0,0.1785
B,35,Complete-case,0.589766884472443,0.09096657937946358,1000000.0,0.3516799801106119,0.028098311777208906,1000000.0,0.0076372623443603516,0.4825,0.427,0.2365,0.0,0.1875
B,35,Mean imputation,0.6533230073035932,0.08914528062909466,1000000.0,0.35167998011061197,0.016097331373325887,1000000.0,0.008750438690185547,0.4825,0.427,0.2365,0.0,0.1875
B,35,KNN (k=5),0.8280558501712413,0.0765928526347354,1000000.0,0.10452534045503555,0.018811618849663904,1000000.0,0.17756223678588867,0.4825,0.427,0.2365,0.0,0.1875
B,35,MissForest (single),0.7935543927133053,0.07368991163751092,1000000.0,0.0475062398890085,0.019563501297881345,1000000.0,1.9480276107788086,0.4825,0.427,0.2365,0.0,0.1875
B,35,MI without outcome,0.617655922770443,0.0711122400878375,508.7214813421332,0.03462261289478572,0.024978891526060865,260.3789178576961,0.6874351501464844,0.4825,0.427,0.2365,0.0,0.1875
B,35,MI with outcome,0.6211775252050691,0.07134090822761525,501.00235156296463,0.03511931121345423,0.02497578747578915,259.97186324782314,0.6314318180084229,0.4825,0.427,0.2365,0.0,0.1875
B,35,MI without auxiliary,0.5124870395782022,0.07562096343322575,265.4840053085029,0.3041653873523629,0.024762589112240108,128.8410492865612,0.5191011428833008,0.4825,0.427,0.2365,0.0,0.1875
B,36,Complete-case,0.2961337707066355,0.09280577997468224,1000000.0,0.3043175767666638,0.027909724340048334,1000000.0,0.0054492950439453125,0.4685,0.425,0.2555,0.0,0.1795
B,36,Mean imputation,0.3639787000555194,0.08944191599812976,1000000.0,0.3043175767666638,0.016045124329568002,1000000.0,0.0067255496978759766,0.4685,0.425,0.2555,0.0,0.1795
B,36,KNN (k=5),0.5743376955917056,0.07840710957317977,1000000.0,0.05492540819325051,0.019020669149548357,1000000.0,0.11279749870300293,0.4685,0.425,0.2555,0.0,0.1795
B,36,MissForest (single),0.6058884609244654,0.07740574176041741,1000000.0,0.02198193266715279,0.019106755465456034,1000000.0,1.716848373413086,0.4685,0.425,0.2555,0.0,0.1795
B,36,MI without outcome,0.46806116568173534,0.07302605322460051,479.2801782428336,-0.003137441955722131,0.024136851061543774,472.48349393468993,0.49148035049438477,0.4685,0.425,0.2555,0.0,0.1795
B,36,MI with outcome,0.42678666003125726,0.07254853711829189,472.1346330271527,-0.005503257753382723,0.024217983149277835,476.28268824919695,0.5858983993530273,0.4685,0.425,0.2555,0.0,0.1795
B,36,MI without auxiliary,0.29616617502045195,0.0771991306565401,269.3970712283868,0.258404717438735,0.023503802640360873,223.8653684186656,0.5290446281433105,0.4685,0.425,0.2555,0.0,0.1795
B,37,Complete-case,0.3601671763819752,0.095913401453925,1000000.0,0.2822143280242365,0.02850905132649394,1000000.0,0.006340980529785156,0.4545,0.443,0.246,0.0,0.183
B,37,Mean imputation,0.43225545767699236,0.0908664316667842,1000000.0,0.28221432802423657,0.01587638231767214,1000000.0,0.006477832794189453,0.4545,0.443,0.246,0.0,0.183
B,37,KNN (k=5),0.777246054351528,0.07936624196336428,1000000.0,0.02967877409242369,0.019043708810795926,1000000.0,0.12628412246704102,0.4545,0.443,0.246,0.0,0.183
B,37,MissForest (single),0.7514329957143848,0.07896961515730713,1000000.0,0.020723937908008912,0.018909034673163093,1000000.0,1.6301169395446777,0.4545,0.443,0.246,0.0,0.183
B,37,MI without outcome,0.5877287300829833,0.0735381926419086,388.2860994573151,-0.048162763826811075,0.02683105532246863,116.81803229748215,0.5217382907867432,0.4545,0.443,0.246,0.0,0.183
B,37,MI with outcome,0.561255707555258,0.07350066634739491,357.6509255983534,-0.04958171614636238,0.026839678020778995,118.04104641611592,0.5992481708526611,0.4545,0.443,0.246,0.0,0.183
B,37,MI without auxiliary,0.38747938574009605,0.08006234187764091,145.07448566167832,0.23379528727533957,0.026972552244813788,62.68079835965493,0.531198263168335,0.4545,0.443,0.246,0.0,0.183
B,38,Complete-case,0.29140994802884446,0.0917896139291162,1000000.0,0.28186826239165047,0.028567301943363953,1000000.0,0.00468754768371582,0.45,0.4625,0.2495,0.0,0.181
B,38,Mean imputation,0.37534831889033504,0.09156697787140908,1000000.0,0.2818682623916504,0.015351619692190814,1000000.0,0.007431745529174805,0.45,0.4625,0.2495,0.0,0.181
B,38,KNN (k=5),0.6529626672431823,0.07677735532695819,1000000.0,-0.020473832265022706,0.018779423561844675,1000000.0,0.13070249557495117,0.45,0.4625,0.2495,0.0,0.181
B,38,MissForest (single),0.6612900229654852,0.07529938214537656,1000000.0,-0.043294576003997394,0.018781976353801088,1000000.0,1.8333649635314941,0.45,0.4625,0.2495,0.0,0.181
B,38,MI without outcome,0.5582926083585381,0.07283720625869944,381.3183735905392,-0.08930842154863504,0.02487348377894932,261.69567686283665,0.6699807643890381,0.45,0.4625,0.2495,0.0,0.181
B,38,MI with outcome,0.516826502283944,0.07254088725245232,361.97766061139225,-0.0886736696799632,0.024879742896009874,267.5825268901685,0.6127164363861084,0.45,0.4625,0.2495,0.0,0.181
B,38,MI without auxiliary,0.2888784128032023,0.07785177818479837,192.76920069170788,0.23036103002867353,0.02492211572050906,102.48850392368179,0.5561773777008057,0.45,0.4625,0.2495,0.0,0.181
B,39,Complete-case,0.40996860570344074,0.094204372679253,1000000.0,0.33123966243060954,0.026919010337964955,1000000.0,0.009573698043823242,0.4545,0.4335,0.2615,0.0,0.1855
B,39,Mean imputation,0.5456031506178077,0.09179714569924623,1000000.0,0.33123966243060954,0.015246700269922005,1000000.0,0.011245489120483398,0.4545,0.4335,0.2615,0.0,0.1855
B,39,KNN (k=5),0.8344613624256093,0.08023241292352784,1000000.0,0.07857012027375881,0.018425404531457402,1000000.0,0.17923951148986816,0.4545,0.4335,0.2615,0.0,0.1855
B,39,MissForest (single),0.8028021217764642,0.0780736056656221,1000000.0,0.04943996105108443,0.01854258209382091,1000000.0,1.7784531116485596,0.4545,0.4335,0.2615,0.0,0.1855
B,39,MI without outcome,0.6361235743719712,0.079941390708229,144.75507150987056,0.0330989878669601,0.023969000202136544,281.74030136907965,0.5953578948974609,0.4545,0.4335,0.2615,0.0,0.1855
B,39,MI with outcome,0.629974191143735,0.0803708983334398,138.99278826146286,0.033037215910864184,0.023979085297212713,281.65433016304917,0.7281484603881836,0.4545,0.4335,0.2615,0.0,0.1855
B,39,MI without auxiliary,0.45917839462911525,0.08587028812805211,83.18019422877364,0.2881135800815974,0.023432074254515028,145.61578856460562,0.5975463390350342,0.4545,0.4335,0.2615,0.0,0.1855
B,40,Complete-case,0.42786843906069966,0.0928192236783566,1000000.0,0.3436621358294338,0.028176135850001952,1000000.0,0.00821685791015625,0.465,0.4335,0.247,0.0,0.1895
B,40,Mean imputation,0.5583851139230627,0.08995523178692282,1000000.0,0.34366213582943383,0.015958725550311616,1000000.0,0.007547140121459961,0.465,0.4335,0.247,0.0,0.1895
B,40,KNN (k=5),0.8596122777650985,0.07864273544143911,1000000.0,0.07288691227913913,0.01939598492851986,1000000.0,0.1817762851715088,0.465,0.4335,0.247,0.0,0.1895
B,40,MissForest (single),0.8590390366475836,0.07708681349004864,1000000.0,0.040293696025615486,0.01943974465862992,1000000.0,1.8469133377075195,0.465,0.4335,0.247,0.0,0.1895
B,40,MI without outcome,0.6427129516366079,0.07563750227141322,252.776185254577,0.013528673380288212,0.028312990830520007,69.69648222439571,0.6092870235443115,0.465,0.4335,0.247,0.0,0.1895
B,40,MI with outcome,0.6175154342461644,0.07563404613753168,229.85377685166696,0.010374870181244096,0.02838032474514355,69.97977161847479,0.8111100196838379,0.465,0.4335,0.247,0.0,0.1895
B,40,MI without auxiliary,0.44905849525995334,0.08179581818314385,107.31122960201228,0.2781460220127968,0.029161604104370867,40.41130193079665,0.6473484039306641,0.465,0.4335,0.247,0.0,0.1895
B,41,Complete-case,0.5103734447478286,0.0878619229849335,1000000.0,0.3015612280182539,0.028220984394810848,1000000.0,0.004122018814086914,0.4755,0.4205,0.245,0.0,0.1955
B,41,Mean imputation,0.5686404444766517,0.08371374289585301,1000000.0,0.3015612280182539,0.016351091972290673,1000000.0,0.013053655624389648,0.4755,0.4205,0.245,0.0,0.1955
B,41,KNN (k=5),0.7882789742720349,0.07487042977905822,1000000.0,0.06421181090179445,0.019224051214761187,1000000.0,0.11636066436767578,0.4755,0.4205,0.245,0.0,0.1955
B,41,MissForest (single),0.7313001373847889,0.07320985890106232,1000000.0,0.04619273446221607,0.01887816162931796,1000000.0,1.7035117149353027,0.4755,0.4205,0.245,0.0,0.1955
B,41,MI without outcome,0.6027003084694275,0.0674570116251498,636.7028754037559,-0.03152282032928081,0.02390508227107391,1474.5858373071155,0.4654195308685303,0.4755,0.4205,0.245,0.0,0.1955
B,41,MI with outcome,0.5964048868314203,0.0676137532022537,602.9497184620261,-0.03196941795312376,0.023928163943710664,1461.827121776281,0.5894896984100342,0.4755,0.4205,0.245,0.0,0.1955
B,41,MI without auxiliary,0.47357244797831866,0.0727987722640932,240.6602604830019,0.244076080023326,0.022801279181132936,590.3815293583098,0.5010135173797607,0.4755,0.4205,0.245,0.0,0.1955
B,42,Complete-case,0.42265428385602166,0.09194551119792915,1000000.0,0.3648816560229872,0.02726535416839235,1000000.0,0.00748443603515625,0.4825,0.4265,0.2225,0.0,0.2
B,42,Mean imputation,0.5354682146539004,0.08972655512303494,1000000.0,0.36488165602298717,0.0156337717223026,1000000.0,0.0072972774505615234,0.4825,0.4265,0.2225,0.0,0.2
B,42,KNN (k=5),0.7549689209061976,0.08103361216608024,1000000.0,0.15051709538603286,0.01801842212638832,1000000.0,0.16370511054992676,0.4825,0.4265,0.2225,0.0,0.2
B,42,MissForest (single),0.7527708162711187,0.07899114683903358,1000000.0,0.1001924816532955,0.018355332173226574,1000000.0,1.7329444885253906,0.4825,0.4265,0.2225,0.0,0.2
B,42,MI without outcome,0.5608749088803114,0.07492801320539172,239.69412752911146,0.08362484616120544,0.02521361958846397,139.01877091959622,0.6101622581481934,0.4825,0.4265,0.2225,0.0,0.2
B,42,MI with outcome,0.5466657796169291,0.07532025412692687,222.33012419795884,0.08253838278629445,0.025262067655384034,138.28392296260517,0.8325788974761963,0.4825,0.4265,0.2225,0.0,0.2
B,42,MI without auxiliary,0.41878590422687517,0.0810504842706112,112.86682480872801,0.31948173382165096,0.02512676119263147,83.97242773964523,0.6203885078430176,0.4825,0.4265,0.2225,0.0,0.2
B,43,Complete-case,0.36030062926884854,0.0924163220082037,1000000.0,0.30353609841298596,0.02745946460723409,1000000.0,0.007456302642822266,0.459,0.4295,0.2565,0.0,0.1895
B,43,Mean imputation,0.4618863994593616,0.0880286824060434,1000000.0,0.3035360984129859,0.015662674345649448,1000000.0,0.0074350833892822266,0.459,0.4295,0.2565,0.0,0.1895
B,43,KNN (k=5),0.7036409781617472,0.07756651642278913,1000000.0,0.05805181248950052,0.01852060941305564,1000000.0,0.18613576889038086,0.459,0.4295,0.2565,0.0,0.1895
B,43,MissForest (single),0.696836198492705,0.07755920694738018,1000000.0,0.0386745391311813,0.018376338906191295,1000000.0,1.9023950099945068,0.459,0.4295,0.2565,0.0,0.1895
B,43,MI without outcome,0.5504998014075014,0.07548697174601073,193.3504836550557,-0.00569337929380222,0.023389043037568804,785.7273618719228,0.5417284965515137,0.459,0.4295,0.2565,0.0,0.1895
B,43,MI with outcome,0.5388754037496464,0.07598280007562833,179.77773363934097,-0.006029413075388826,0.023409246398261918,787.6951071327583,0.6855723857879639,0.459,0.4295,0.2565,0.0,0.1895
B,43,MI without auxiliary,0.37383451761936615,0.0819499047630975,100.97768191434093,0.25004950333166087,0.02252581245316448,354.00324885557836,0.6691045761108398,0.459,0.4295,0.2565,0.0,0.1895
B,44,Complete-case,0.4365095085118182,0.09121447955088566,1000000.0,0.3283909635730008,0.027090595502056867,1000000.0,0.004182577133178711,0.468,0.4295,0.2555,0.0,0.199
B,44,Mean imputation,0.5849070823476108,0.09024668771075539,1000000.0,0.3283909635730008,0.0154522741520113,1000000.0,0.00697636604309082,0.468,0.4295,0.2555,0.0,0.199
B,44,KNN (k=5),0.8365965220856607,0.07963571993403804,1000000.0,0.0804388050864963,0.018373090481275518,1000000.0,0.1796119213104248,0.468,0.4295,0.2555,0.0,0.199
B,44,MissForest (single),0.8027775950158222,0.07777786360476932,1000000.0,0.05059392753555245,0.018696918111511026,1000000.0,1.7121977806091309,0.468,0.4295,0.2555,0.0,0.199
B,44,MI without outcome,0.6412504850150252,0.07350265826502764,539.9170209460176,0.03749885638103907,0.023381418115750164,428.2225161536361,0.44903564453125,0.468,0.4295,0.2555,0.0,0.199
B,44,MI with outcome,0.6275283062223539,0.07393566891903346,471.4309321068305,0.03689799364987834,0.023411971936057666,423.6908661269995,0.6033205986022949,0.468,0.4295,0.2555,0.0,0.199
B,44,MI without auxiliary,0.5017122231637583,0.07701567489028455,318.9637688633893,0.27994690109664844,0.022842405229922137,207.15381710844267,0.6858303546905518,0.468,0.4295,0.2555,0.0,0.199
B,45,Complete-case,0.5705919246385597,0.09351018973425534,1000000.0,0.3097788751186722,0.027339130589327385,1000000.0,0.007026195526123047,0.4705,0.4175,0.2485,0.0,0.1965
B,45,Mean imputation,0.6717501739797668,0.08994022023603332,1000000.0,0.3097788751186722,0.015922188363098087,1000000.0,0.005436420440673828,0.4705,0.4175,0.2485,0.0,0.1965
B,45,KNN (k=5),0.8952093467833382,0.0785999205391386,1000000.0,0.06598562119384266,0.01888334442859702,1000000.0,0.12735390663146973,0.4705,0.4175,0.2485,0.0,0.1965
B,45,MissForest (single),0.8966599796081518,0.0770005335985888,1000000.0,0.02232981340233466,0.019185671915327746,1000000.0,1.6049814224243164,0.4705,0.4175,0.2485,0.0,0.1965
B,45,MI without outcome,0.7010373000539837,0.07147150026404825,856.4289990583092,-0.007208511040358837,0.024001992396986433,442.8681275149264,0.625354528427124,0.4705,0.4175,0.2485,0.0,0.1965
B,45,MI with outcome,0.6926497397187645,0.07203599749069897,719.7974988012951,-0.007894706303062483,0.02401715002050899,445.0585415653013,0.5529212951660156,0.4705,0.4175,0.2485,0.0,0.1965
B,45,MI without auxiliary,0.5784817468315925,0.07672313363816431,361.2290153032855,0.25308470569074853,0.023287956148016164,209.72169549018543,0.5914058685302734,0.4705,0.4175,0.2485,0.0,0.1965
B,46,Complete-case,0.5475602612175628,0.0942606214944961,1000000.0,0.2891558157574455,0.027521520911873282,1000000.0,0.004403114318847656,0.4665,0.434,0.245,0.0,0.185
B,46,Mean imputation,0.6724397016535201,0.09407685641991716,1000000.0,0.2891558157574456,0.015574192970760101,1000000.0,0.007136106491088867,0.4665,0.434,0.245,0.0,0.185
B,46,KNN (k=5),0.8646662069956159,0.08195748896893408,1000000.0,0.029309041529255682,0.01866543281058836,1000000.0,0.19753694534301758,0.4665,0.434,0.245,0.0,0.185
B,46,MissForest (single),0.8873190539958666,0.08096986242792072,1000000.0,-0.01178934121541266,0.019072790502569454,1000000.0,1.7895779609680176,0.4665,0.434,0.245,0.0,0.185
B,46,MI without outcome,0.7005182388066581,0.07984432106997603,217.82681419456426,-0.035978972035999236,0.023280663440894894,953.3072885834669,0.6451759338378906,0.4665,0.434,0.245,0.0,0.185
B,46,MI with outcome,0.6871910334970184,0.07993215901514468,209.89725867418898,-0.036937830829960494,0.023312450386011135,953.4318037279829,0.836846113204956,0.4665,0.434,0.245,0.0,0.185
B,46,MI without auxiliary,0.5612356139528735,0.0811861883114428,228.58925232764997,0.22668394398034572,0.022394205061425886,403.70712681720033,0.6460826396942139,0.4665,0.434,0.245,0.0,0.185
B,47,Complete-case,0.521159623749394,0.095256166087414,1000000.0,0.3395237294498791,0.027462141128453868,1000000.0,0.009953022003173828,0.4545,0.4325,0.259,0.0,0.206
B,47,Mean imputation,0.5614713589993933,0.08857032100929609,1000000.0,0.33952372944987913,0.015581793977763742,1000000.0,0.00766444206237793,0.4545,0.4325,0.259,0.0,0.206
B,47,KNN (k=5),0.7383464231551419,0.07779894579822895,1000000.0,0.10713203406651124,0.01826725444011807,1000000.0,0.16855239868164062,0.4545,0.4325,0.259,0.0,0.206
B,47,MissForest (single),0.7626623604700823,0.07599115397991818,1000000.0,0.06564546056693267,0.018369440391886864,1000000.0,1.863213300704956,0.4545,0.4325,0.259,0.0,0.206
B,47,MI without outcome,0.6348954845277415,0.07342755587396779,334.9791006854113,0.013218152272969907,0.026359680222219416,100.26495755613026,0.5504715442657471,0.4545,0.4325,0.259,0.0,0.206
B,47,MI with outcome,0.6229409185827957,0.07343522308815918,331.70231427965666,0.012866331338100506,0.026378825852446042,100.35279886690643,0.6301479339599609,0.4545,0.4325,0.259,0.0,0.206
B,47,MI without auxiliary,0.4766762127282963,0.07918920602357862,154.75288757990896,0.27803725281847375,0.026795491187679397,54.10657146477269,0.5436203479766846,0.4545,0.4325,0.259,0.0,0.206
B,48,Complete-case,0.4634827007147434,0.09064629632940763,1000000.0,0.3540126785966265,0.027270394882839402,1000000.0,0.004124164581298828,0.474,0.4145,0.264,0.0,0.1995
B,48,Mean imputation,0.5401074656742999,0.08599223103800457,1000000.0,0.35401267859662655,0.015963988645212812,1000000.0,0.00701451301574707,0.474,0.4145,0.264,0.0,0.1995
B,48,KNN (k=5),0.8017338590024541,0.07645897745308224,1000000.0,0.09637290724558521,0.019305255318058028,1000000.0,0.15589094161987305,0.474,0.4145,0.264,0.0,0.1995
B,48,MissForest (single),0.7772328278653623,0.07316492368882771,1000000.0,0.045211378894160416,0.019930145692069662,1000000.0,1.821530818939209,0.474,0.4145,0.264,0.0,0.1995
B,48,MI without outcome,0.6094045440770317,0.07256272017310676,382.5729007326773,0.055780506051975376,0.024682839460091213,233.40959700872938,0.6181759834289551,0.474,0.4145,0.264,0.0,0.1995
B,48,MI with outcome,0.5942412948945898,0.07246844590467937,388.66087094415633,0.05419722875049378,0.02472936052005044,232.78278545505142,0.7058413028717041,0.474,0.4145,0.264,0.0,0.1995
B,48,MI without auxiliary,0.480870769321612,0.0800588043513685,125.89103280074896,0.2978320835242639,0.02432242275128173,124.74342800579208,0.714134693145752,0.474,0.4145,0.264,0.0,0.1995
B,49,Complete-case,0.3729443444334032,0.09064516516450698,1000000.0,0.3324176210705497,0.02742303117314359,1000000.0,0.004036664962768555,0.482,0.411,0.246,0.0,0.1805
B,49,Mean imputation,0.5765055675085518,0.09070081942573947,1000000.0,0.3324176210705496,0.016149345988903815,1000000.0,0.006679058074951172,0.482,0.411,0.246,0.0,0.1805
B,49,KNN (k=5),0.8574102172216189,0.07924990658377866,1000000.0,0.06837169704872383,0.019153780554400382,1000000.0,0.20593762397766113,0.482,0.411,0.246,0.0,0.1805
B,49,MissForest (single),0.8058851923879771,0.07682528239484278,1000000.0,0.05111073725618717,0.019177296903570177,1000000.0,1.793205976486206,0.482,0.411,0.246,0.0,0.1805
B,49,MI without outcome,0.6077873912119298,0.07951527288702699,141.97227216213525,0.027631623276070418,0.02332969864955281,1466.069113172152,0.6105160713195801,0.482,0.411,0.246,0.0,0.1805
B,49,MI with outcome,0.5891276647197423,0.07983916438783883,132.82999581914646,0.027385255802383074,0.023365242930469012,1473.7310090629264,0.7369730472564697,0.482,0.411,0.246,0.0,0.1805
B,49,MI without auxiliary,0.438670131017236,0.08759371914846999,72.6451534021406,0.2909147440623202,0.02245876580689127,579.857590039614,0.5957567691802979,0.482,0.411,0.246,0.0,0.1805
B,50,Complete-case,0.31407662921172735,0.09610389212203838,1000000.0,0.3482601750473855,0.0269550371541744,1000000.0,0.005213022232055664,0.47,0.425,0.257,0.0,0.175
B,50,Mean imputation,0.4379663630498408,0.09175203946835202,1000000.0,0.3482601750473855,0.01549628069332999,1000000.0,0.007489681243896484,0.47,0.425,0.257,0.0,0.175
B,50,KNN (k=5),0.7222464332004017,0.07826084563933695,1000000.0,0.08098046914255343,0.018519884421920197,1000000.0,0.19492459297180176,0.47,0.425,0.257,0.0,0.175
B,50,MissForest (single),0.7344173660888844,0.07572167652469868,1000000.0,0.03517481725774431,0.019142930980903593,1000000.0,1.6951699256896973,0.47,0.425,0.257,0.0,0.175
B,50,MI without outcome,0.5664615425130569,0.07275539292966281,915.3761573634856,0.029678067453855306,0.02353232978979459,531.3081382955568,0.6327450275421143,0.47,0.425,0.257,0.0,0.175
B,50,MI with outcome,0.5512216724932157,0.0725348754313191,948.5409407701559,0.029014384926677288,0.023556685030174215,528.8626611990728,0.7044918537139893,0.47,0.425,0.257,0.0,0.175
B,50,MI without auxiliary,0.3607787215877286,0.07591314173166655,609.6052270417149,0.306665412893937,0.022763121897404454,230.04345714978058,0.5959224700927734,0.47,0.425,0.257,0.0,0.175
B,51,Complete-case,0.44462326600633156,0.0931935879127981,1000000.0,0.30264218364528395,0.026976722839262522,1000000.0,0.004103660583496094,0.469,0.434,0.254,0.0,0.202
B,51,Mean imputation,0.4459742579966395,0.08963866246294891,1000000.0,0.30264218364528406,0.015265896407495766,1000000.0,0.007835149765014648,0.469,0.434,0.254,0.0,0.202
B,51,KNN (k=5),0.6955358485651953,0.07859552140149542,1000000.0,0.0843930172070387,0.01778187269070531,1000000.0,0.1250896453857422,0.469,0.434,0.254,0.0,0.202
B,51,MissForest (single),0.7227334169876738,0.07814120703808654,1000000.0,0.050705225213432785,0.017800959424166124,1000000.0,1.9473767280578613,0.469,0.434,0.254,0.0,0.202
B,51,MI without outcome,0.5449835034879765,0.07220990692756601,418.48214300042,0.018181192206926416,0.0232836433063841,451.27433140856147,0.6326804161071777,0.469,0.434,0.254,0.0,0.202
B,51,MI with outcome,0.5342779992032275,0.07211148845128156,435.91531993890334,0.0181463844938611,0.02329334416724515,450.7492476271343,0.686396598815918,0.469,0.434,0.254,0.0,0.202
B,51,MI without auxiliary,0.3935650291660979,0.07643795451975763,226.46044864997998,0.26402709895025767,0.022751867531269072,234.85431032374328,0.6259558200836182,0.469,0.434,0.254,0.0,0.202
B,52,Complete-case,0.5232066277323852,0.09320576393689232,1000000.0,0.31029884330393553,0.027830174800494465,1000000.0,0.003834962844848633,0.4695,0.4225,0.256,0.0,0.169
B,52,Mean imputation,0.6056839665702717,0.0907698602390364,1000000.0,0.31029884330393553,0.016068984645414005,1000000.0,0.006125211715698242,0.4695,0.4225,0.256,0.0,0.169
B,52,KNN (k=5),0.8043220914603142,0.08044534460007538,1000000.0,0.066259195950621,0.018856604957029423,1000000.0,0.11715555191040039,0.4695,0.4225,0.256,0.0,0.169
B,52,MissForest (single),0.8360827516686645,0.07961581979758213,1000000.0,0.03050100711416811,0.018965942628482196,1000000.0,1.7684311866760254,0.4695,0.4225,0.256,0.0,0.169
B,52,MI without outcome,0.6636895615291099,0.07546208016045171,608.6125886407821,0.0009119000119004201,0.02643140011245719,108.70522447408473,0.6545734405517578,0.4695,0.4225,0.256,0.0,0.169
B,52,MI with outcome,0.6385707412539429,0.07541819547642181,543.6293984545676,-0.0025651062950429607,0.026470576597436585,110.46268040393514,0.6918041706085205,0.4695,0.4225,0.256,0.0,0.169
B,52,MI without auxiliary,0.522794757725608,0.07997678570933067,258.1156866488128,0.2557180886398675,0.026828500964482145,61.573332312808176,0.6056458950042725,0.4695,0.4225,0.256,0.0,0.169
B,53,Complete-case,0.3181169125598986,0.08980530149560555,1000000.0,0.3427580401740491,0.027226505475761005,1000000.0,0.007308006286621094,0.4635,0.4305,0.245,0.0,0.2015
B,53,Mean imputation,0.45813440255989385,0.08889842298779675,1000000.0,0.34275804017404904,0.01550256287272344,1000000.0,0.0073740482330322266,0.4635,0.4305,0.245,0.0,0.2015
B,53,KNN (k=5),0.7574825177860929,0.0782663749072488,1000000.0,0.1036909424846064,0.018474395717085184,1000000.0,0.1564164161682129,0.4635,0.4305,0.245,0.0,0.2015
B,53,MissForest (single),0.7486412310553198,0.07805357065092636,1000000.0,0.07083109409767849,0.018669159061904136,1000000.0,1.842658519744873,0.4635,0.4305,0.245,0.0,0.2015
B,53,MI without outcome,0.5874772548275162,0.08010947497987786,105.26343922460858,0.04486671186149109,0.024098469076622095,279.66880457778853,0.6573305130004883,0.4635,0.4305,0.245,0.0,0.2015
B,53,MI with outcome,0.554967826905351,0.0808069649587318,92.95128671094496,0.04422290191546384,0.024128207042808165,282.9345251187149,0.7808012962341309,0.4635,0.4305,0.245,0.0,0.2015
B,53,MI without auxiliary,0.36071494058236686,0.08711426501012459,58.40052769669215,0.29877288928238893,0.02379692929236533,132.1949572926991,0.627396821975708,0.4635,0.4305,0.245,0.0,0.2015
B,54,Complete-case,0.38368357333689673,0.08635144803263622,1000000.0,0.28741033969613383,0.029430462747989487,1000000.0,0.0052449703216552734,0.4515,0.4525,0.2455,0.0,0.183
B,54,Mean imputation,0.5024039860839393,0.08548754898988017,1000000.0,0.2874103396961339,0.016109847023563342,1000000.0,0.005999326705932617,0.4515,0.4525,0.2455,0.0,0.183
B,54,KNN (k=5),0.7979482529467122,0.07383853493661234,1000000.0,-0.015179613325396659,0.019452143341931863,1000000.0,0.1176156997680664,0.4515,0.4525,0.2455,0.0,0.183
B,54,MissForest (single),0.7311598627681151,0.07207014806929993,1000000.0,-0.033423460728065464,0.019419684624978787,1000000.0,1.7898657321929932,0.4515,0.4525,0.2455,0.0,0.183
B,54,MI without outcome,0.5820318107656496,0.07006709775058777,354.25378351407386,-0.0796551874778503,0.025695987127570378,342.73245863601335,0.5232789516448975,0.4515,0.4525,0.2455,0.0,0.183
B,54,MI with outcome,0.5770503745291015,0.07061093004576323,312.5715830662352,-0.07939806895468574,0.025716663042718652,339.2278528803904,0.5007450580596924,0.4515,0.4525,0.2455,0.0,0.183
B,54,MI without auxiliary,0.41773238536347296,0.07673691427228883,135.34647786422826,0.22601828658177797,0.02511039810754466,142.25986164884628,0.4659717082977295,0.4515,0.4525,0.2455,0.0,0.183
B,55,Complete-case,0.33038033142313916,0.0907543250122739,1000000.0,0.35046654135662125,0.027519011512249447,1000000.0,0.0059967041015625,0.464,0.4335,0.2545,0.0,0.1895
B,55,Mean imputation,0.38071553851127937,0.08765414392003844,1000000.0,0.35046654135662125,0.015586535871270804,1000000.0,0.00799250602722168,0.464,0.4335,0.2545,0.0,0.1895
B,55,KNN (k=5),0.6599575485428333,0.0760446636773914,1000000.0,0.09313159959012984,0.01840871887090566,1000000.0,0.1279902458190918,0.464,0.4335,0.2545,0.0,0.1895
B,55,MissForest (single),0.7104158373854405,0.07561551105723768,1000000.0,0.06824243982907897,0.018572961289735342,1000000.0,1.9639089107513428,0.464,0.4335,0.2545,0.0,0.1895
B,55,MI without outcome,0.5347900836602087,0.0734556775372892,259.03257900065836,0.03337031949940363,0.025193881479480807,181.40872801087113,0.5595026016235352,0.464,0.4335,0.2545,0.0,0.1895
B,55,MI with outcome,0.5144623375261219,0.0739049439654715,233.42756135856254,0.032292557016677124,0.02520669532817822,183.47341631616183,0.6532320976257324,0.464,0.4335,0.2545,0.0,0.1895
B,55,MI without auxiliary,0.31886931287731807,0.07892513618127814,126.62277485798393,0.31570611693009043,0.025115337257823684,88.74767331831244,0.5927705764770508,0.464,0.4335,0.2545,0.0,0.1895
B,56,Complete-case,0.35240931749862753,0.09498785250999903,1000000.0,0.29238576466217797,0.028256442962804378,1000000.0,0.0034432411193847656,0.457,0.44,0.2415,0.0,0.184
B,56,Mean imputation,0.48064340883245565,0.08897785471284612,1000000.0,0.29238576466217797,0.015820497989926668,1000000.0,0.00417637825012207,0.457,0.44,0.2415,0.0,0.184
B,56,KNN (k=5),0.7290638866993033,0.07715155679170363,1000000.0,0.04239775792064631,0.01858922048597388,1000000.0,0.13352417945861816,0.457,0.44,0.2415,0.0,0.184
B,56,MissForest (single),0.6584447889493401,0.07782223254923286,1000000.0,0.042564673161431525,0.01817402126539117,1000000.0,1.6577494144439697,0.457,0.44,0.2415,0.0,0.184
B,56,MI without outcome,0.5343012387467075,0.07044505049317357,769.1598957266395,-0.008992871085588671,0.024375645843087,325.815749758756,0.4506242275238037,0.457,0.44,0.2415,0.0,0.184
B,56,MI with outcome,0.5115322792215238,0.07065379177055202,642.3216458666534,-0.01111962332836611,0.024418350419892803,325.4093336516604,0.501044750213623,0.457,0.44,0.2415,0.0,0.184
B,56,MI without auxiliary,0.38485763514933347,0.07415316709077123,372.0324167579212,0.2537457905868842,0.024073687986972212,173.2788764000149,0.5443120002746582,0.457,0.44,0.2415,0.0,0.184
B,57,Complete-case,0.4396947029394389,0.09395624082317598,1000000.0,0.3243366732863614,0.02846216472689938,1000000.0,0.003450632095336914,0.452,0.4505,0.251,0.0,0.1945
B,57,Mean imputation,0.48118326243385834,0.09020581976438546,1000000.0,0.3243366732863614,0.01563675203365182,1000000.0,0.005961418151855469,0.452,0.4505,0.251,0.0,0.1945
B,57,KNN (k=5),0.639624253841682,0.07720121106377786,1000000.0,0.05634143848193586,0.019029247847790125,1000000.0,0.13106250762939453,0.452,0.4505,0.251,0.0,0.1945
B,57,MissForest (single),0.6701512126283512,0.0763908526777718,1000000.0,0.013956001594111717,0.019255984211043034,1000000.0,1.8446030616760254,0.452,0.4505,0.251,0.0,0.1945
B,57,MI without outcome,0.5110193666142129,0.08499199233608912,55.458162440286955,-0.015598169280359736,0.02540838622469828,187.2313542034943,0.5495309829711914,0.452,0.4505,0.251,0.0,0.1945
B,57,MI with outcome,0.48586295669863555,0.0843367807982456,58.1567098813239,-0.018548995298731004,0.025462426328493704,189.23274495711166,0.6747837066650391,0.452,0.4505,0.251,0.0,0.1945
B,57,MI without auxiliary,0.4082400425836724,0.09770097339933576,34.76941520082568,0.2683170701881144,0.02525817358401816,95.18233226828485,0.6227576732635498,0.452,0.4505,0.251,0.0,0.1945
B,58,Complete-case,0.4611518976715708,0.09688961846877824,1000000.0,0.2797985132669927,0.02734202710344412,1000000.0,0.004235267639160156,0.4635,0.425,0.2615,0.0,0.187
B,58,Mean imputation,0.5009937854499904,0.09148124274544028,1000000.0,0.2797985132669927,0.015718758772105424,1000000.0,0.008007049560546875,0.4635,0.425,0.2615,0.0,0.187
B,58,KNN (k=5),0.7948644690531422,0.07884566548917836,1000000.0,0.016608061368619382,0.019139007471140328,1000000.0,0.18393278121948242,0.4635,0.425,0.2615,0.0,0.187
B,58,MissForest (single),0.7378004251905527,0.07834019302951628,1000000.0,0.0025127531972781087,0.0190479690259502,1000000.0,1.8600022792816162,0.4635,0.425,0.2615,0.0,0.187
B,58,MI without outcome,0.5830342202918666,0.0790317866927301,177.325512051896,0.0034229964134959738,0.02412368811655853,237.63212255493798,0.686816930770874,0.4635,0.425,0.2615,0.0,0.187
B,58,MI with outcome,0.5634942554716951,0.0791045859176297,170.16132076945564,0.002709687110714616,0.024150318765547164,236.80303494655934,0.8781082630157471,0.4635,0.425,0.2615,0.0,0.187
B,58,MI without auxiliary,0.41532478394884925,0.08238794875649777,122.06287376650612,0.23844461344865872,0.024063859192430533,129.79433059591946,0.6267306804656982,0.4635,0.425,0.2615,0.0,0.187
B,59,Complete-case,0.47240287648807816,0.0905505634284761,1000000.0,0.31398740685323123,0.029170765266224936,1000000.0,0.005624532699584961,0.449,0.455,0.242,0.0,0.177
B,59,Mean imputation,0.6093144589882991,0.0892296435183055,1000000.0,0.31398740685323123,0.015894746888929997,1000000.0,0.019516944885253906,0.449,0.455,0.242,0.0,0.177
B,59,KNN (k=5),0.8461580199517085,0.07770584288843585,1000000.0,0.018626414024426365,0.01923343418984764,1000000.0,0.16260409355163574,0.449,0.455,0.242,0.0,0.177
B,59,MissForest (single),0.8505519948168188,0.07583841045986421,1000000.0,-0.02009168892105614,0.019571501654534595,1000000.0,1.6437280178070068,0.449,0.455,0.242,0.0,0.177
B,59,MI without outcome,0.6547154154166794,0.07430947448214358,263.02132405629,-0.04009781373313161,0.025038344468099907,374.556715861294,0.6341214179992676,0.449,0.455,0.242,0.0,0.177
B,59,MI with outcome,0.6613394652267356,0.07466750886167718,262.5002828209254,-0.03944466457175413,0.02504503343095397,369.2764268596352,0.6976485252380371,0.449,0.455,0.242,0.0,0.177
B,59,MI without auxiliary,0.5239884336489824,0.08085354718254238,111.79654557517922,0.26337816663205915,0.024526725648276595,166.45756331780495,0.6711392402648926,0.449,0.455,0.242,0.0,0.177
B,60,Complete-case,0.3850906181952005,0.09317331211731436,1000000.0,0.3387760000736425,0.027113002780739043,1000000.0,0.0032362937927246094,0.459,0.4255,0.256,0.0,0.195
B,60,Mean imputation,0.41624121729187546,0.08969957911503515,1000000.0,0.33877600007364256,0.01557353424173714,1000000.0,0.0051844120025634766,0.459,0.4255,0.256,0.0,0.195
B,60,KNN (k=5),0.701744455056565,0.07779939846565004,1000000.0,0.09203314675765614,0.018679954764867942,1000000.0,0.11806797981262207,0.459,0.4255,0.256,0.0,0.195
B,60,MissForest (single),0.7007354264391119,0.07763312883782195,1000000.0,0.07475924787067433,0.018413412664161716,1000000.0,1.7436397075653076,0.459,0.4255,0.256,0.0,0.195
B,60,MI without outcome,0.5208052134861558,0.07341120912740144,344.420717250386,0.04355033506381577,0.023534028163066965,433.05891470627614,0.5216128826141357,0.459,0.4255,0.256,0.0,0.195
B,60,MI with outcome,0.5072006384012582,0.07332236880212215,358.58512977391456,0.04366864756387576,0.02355140236354135,432.29546183407444,0.6121675968170166,0.459,0.4255,0.256,0.0,0.195
B,60,MI without auxiliary,0.30719036539401423,0.07750673931701996,191.33780925239748,0.29510807673508455,0.023094495199934312,206.70988238355912,0.5385820865631104,0.459,0.4255,0.256,0.0,0.195
B,61,Complete-case,0.48135472954740977,0.0943136397958386,1000000.0,0.3397927194447295,0.026757310758305477,1000000.0,0.0042574405670166016,0.474,0.415,0.2405,0.0,0.198
B,61,Mean imputation,0.6261151965969178,0.08911973445104424,1000000.0,0.33979271944472955,0.015650249087428895,1000000.0,0.010853052139282227,0.474,0.415,0.2405,0.0,0.198
B,61,KNN (k=5),0.8946191063627552,0.07909076168991759,1000000.0,0.09099554636905324,0.018350605930712794,1000000.0,0.13869810104370117,0.474,0.415,0.2405,0.0,0.198
B,61,MissForest (single),0.8708205777851377,0.07856251466440996,1000000.0,0.06168145493587564,0.01849134431916127,1000000.0,1.8482906818389893,0.474,0.415,0.2405,0.0,0.198
B,61,MI without outcome,0.6760157522217258,0.07771682383253868,167.64046770292447,0.016546884224818734,0.027362912527501056,73.77169229001973,0.5593917369842529,0.474,0.415,0.2405,0.0,0.198
B,61,MI with outcome,0.68558324521834,0.078444838428762,161.03255625705413,0.016909649832170994,0.02736832905021375,73.60851413770614,0.5932679176330566,0.474,0.415,0.2405,0.0,0.198
B,61,MI without auxiliary,0.5214919123855757,0.08769885765044341,68.05920328670501,0.2833502492557361,0.02784869018221212,41.63026431879416,0.49267053604125977,0.474,0.415,0.2405,0.0,0.198
B,62,Complete-case,0.417949757412234,0.09214002028225195,1000000.0,0.29715654189361507,0.028097282549683716,1000000.0,0.004534006118774414,0.462,0.427,0.242,0.0,0.191
B,62,Mean imputation,0.5455817227666994,0.08887893922127045,1000000.0,0.29715654189361507,0.0160967417358892,1000000.0,0.007869482040405273,0.462,0.427,0.242,0.0,0.191
B,62,KNN (k=5),0.7273042406246861,0.0785152446464432,1000000.0,0.07227902593949846,0.01884435175332846,1000000.0,0.27103185653686523,0.462,0.427,0.242,0.0,0.191
B,62,MissForest (single),0.7158496157479373,0.07608434445388643,1000000.0,0.01401217907789888,0.019391792105230954,1000000.0,1.6989400386810303,0.462,0.427,0.242,0.0,0.191
B,62,MI without outcome,0.5599110314438317,0.07194710928705297,504.08771408004554,0.0071209055189495095,0.025012364367350614,224.0305301681732,0.5301873683929443,0.462,0.427,0.242,0.0,0.191
B,62,MI with outcome,0.5421180751442758,0.07178448771715268,519.990801395947,0.0057722347767013935,0.025035883788984102,224.52485324956373,0.6225473880767822,0.462,0.427,0.242,0.0,0.191
B,62,MI without auxiliary,0.47265440122536323,0.07624478660852854,268.0754832713786,0.2498133861606414,0.024951993258720877,121.08628629706125,0.517491340637207,0.462,0.427,0.242,0.0,0.191
B,63,Complete-case,0.6161549980991123,0.09558812618384412,1000000.0,0.3167139767907857,0.0275338088194637,1000000.0,0.009773492813110352,0.4645,0.424,0.2565,0.0,0.2015
B,63,Mean imputation,0.6251088067207664,0.08836937801725339,1000000.0,0.31671397679078567,0.015856553567385853,1000000.0,0.009394407272338867,0.4645,0.424,0.2565,0.0,0.2015
B,63,KNN (k=5),0.891936503527824,0.07861065938115672,1000000.0,0.06995225990490916,0.018794634787885105,1000000.0,0.12501311302185059,0.4645,0.424,0.2565,0.0,0.2015
B,63,MissForest (single),0.8738399646134599,0.07676587182288079,1000000.0,0.04114291569632462,0.018892909360228256,1000000.0,1.80714750289917,0.4645,0.424,0.2565,0.0,0.2015
B,63,MI without outcome,0.6584518725694244,0.0712192074240683,674.9798135135372,0.006887252019239879,0.024142526419212773,405.16043293969346,0.48944807052612305,0.4645,0.424,0.2565,0.0,0.2015
B,63,MI with outcome,0.6716700697456603,0.0717105951276197,703.4115104876203,0.007436877435901923,0.024131244180450376,407.41486119252426,0.8303546905517578,0.4645,0.424,0.2565,0.0,0.2015
B,63,MI without auxiliary,0.5822018634030649,0.07796657924059977,213.88989420045198,0.26600058980953106,0.023630359499842202,191.85257886230323,0.727027416229248,0.4645,0.424,0.2565,0.0,0.2015
B,64,Complete-case,0.5317320897003633,0.09355423846210234,1000000.0,0.33924118314014584,0.02769878394462136,1000000.0,0.0039212703704833984,0.471,0.4365,0.235,0.0,0.1905
B,64,Mean imputation,0.6001289479361154,0.09126963927442056,1000000.0,0.33924118314014584,0.015605240317900795,1000000.0,0.006548881530761719,0.471,0.4365,0.235,0.0,0.1905
B,64,KNN (k=5),0.8542731378470309,0.07932399657349766,1000000.0,0.07439882141901923,0.01873255410208757,1000000.0,0.17276859283447266,0.471,0.4365,0.235,0.0,0.1905
B,64,MissForest (single),0.8194532387623463,0.07540121306532413,1000000.0,0.011948755901063729,0.019539131143930116,1000000.0,1.6902801990509033,0.471,0.4365,0.235,0.0,0.1905
B,64,MI without outcome,0.6449104156666358,0.07339067183209474,573.0317435949511,0.010910303785803663,0.025089657921809175,177.31989424174256,0.5670828819274902,0.471,0.4365,0.235,0.0,0.1905
B,64,MI with outcome,0.6406604901076434,0.07356266397843879,562.6693281519966,0.011024624589475118,0.02510293059138017,176.68659015247817,0.6714215278625488,0.471,0.4365,0.235,0.0,0.1905
B,64,MI without auxiliary,0.512449345590166,0.07807630173181233,245.1622518170088,0.28384817800735673,0.025160279899148274,86.5924776108335,0.5910289287567139,0.471,0.4365,0.235,0.0,0.1905
B,65,Complete-case,0.4943872064413138,0.09458163399534371,1000000.0,0.2955141386689186,0.028136122563182348,1000000.0,0.005450010299682617,0.453,0.438,0.256,0.0,0.191
B,65,Mean imputation,0.4943874285250722,0.08713224889029489,1000000.0,0.2955141386689187,0.01580941813336395,1000000.0,0.008017539978027344,0.453,0.438,0.256,0.0,0.191
B,65,KNN (k=5),0.7604887548345639,0.07549545142461266,1000000.0,0.024360546715498876,0.019123977466541032,1000000.0,0.12231612205505371,0.453,0.438,0.256,0.0,0.191
B,65,MissForest (single),0.7074110956748354,0.07352973308396236,1000000.0,-0.011085159949729424,0.019543500011168637,1000000.0,1.5855891704559326,0.453,0.438,0.256,0.0,0.191
B,65,MI without outcome,0.5408807396673705,0.07587476858558417,122.86318580341332,-0.03403828578303407,0.025640827324589426,176.0253936824266,0.626849889755249,0.453,0.438,0.256,0.0,0.191
B,65,MI with outcome,0.5410542555550638,0.07587708668209078,125.14756393941697,-0.03353110217239872,0.02564609896049119,174.90117070951922,0.6353683471679688,0.453,0.438,0.256,0.0,0.191
B,65,MI without auxiliary,0.4160336338543825,0.08314549732276451,71.82664423198932,0.2422833794108601,0.025604644492435432,88.04912650547017,0.5332581996917725,0.453,0.438,0.256,0.0,0.191
B,66,Complete-case,0.4176204449655188,0.08847186940249469,1000000.0,0.28814770101518766,0.02882714862115588,1000000.0,0.006123781204223633,0.463,0.443,0.2335,0.0,0.2005
B,66,Mean imputation,0.5557480006348113,0.0861897249808694,1000000.0,0.28814770101518766,0.01605352726039343,1000000.0,0.006809711456298828,0.463,0.443,0.2335,0.0,0.2005
B,66,KNN (k=5),0.7925879684824766,0.07465356570519183,1000000.0,0.02434666355603843,0.019235169889867978,1000000.0,0.09641599655151367,0.463,0.443,0.2335,0.0,0.2005
B,66,MissForest (single),0.7878440052049119,0.07464636455715862,1000000.0,0.008809695498384595,0.019170758499619283,1000000.0,1.8912017345428467,0.463,0.443,0.2335,0.0,0.2005
B,66,MI without outcome,0.6309243822757351,0.06978563412299381,590.6824625690233,-0.023890037674097402,0.025201087818178425,235.40047069268218,0.48885226249694824,0.463,0.443,0.2335,0.0,0.2005
B,66,MI with outcome,0.6290664435507405,0.0699946583097566,561.7692316015073,-0.023720401796166316,0.025193926794518123,236.6393692985234,0.6754739284515381,0.463,0.443,0.2335,0.0,0.2005
B,66,MI without auxiliary,0.5194365305065592,0.0765620595905534,153.4490977889437,0.22820554704702373,0.02513665539416964,118.95795494799896,0.5829899311065674,0.463,0.443,0.2335,0.0,0.2005
B,67,Complete-case,0.4237010177583292,0.09054839033804653,1000000.0,0.3290016239480103,0.028374495474977158,1000000.0,0.009219884872436523,0.4655,0.4435,0.2455,0.0,0.184
B,67,Mean imputation,0.5697380947249345,0.09051862102757058,1000000.0,0.3290016239480103,0.015787258822063912,1000000.0,0.006905555725097656,0.4655,0.4435,0.2455,0.0,0.184
B,67,KNN (k=5),0.7905187265720772,0.07959188357063249,1000000.0,0.07958494959734112,0.018654592942111095,1000000.0,0.17074155807495117,0.4655,0.4435,0.2455,0.0,0.184
B,67,MissForest (single),0.7619550343626772,0.07752910437847645,1000000.0,0.05922495279994842,0.018595940050206393,1000000.0,1.7818012237548828,0.4655,0.4435,0.2455,0.0,0.184
B,67,MI without outcome,0.6111475026995619,0.07720189562316447,197.44436225317412,0.020927616501609604,0.026005124177351294,131.10072306923823,0.5874447822570801,0.4655,0.4435,0.2455,0.0,0.184
B,67,MI with outcome,0.5971836913371558,0.07727556232812843,189.95699952669588,0.02038419416427898,0.02603997160944508,131.16581212659372,0.6865167617797852,0.4655,0.4435,0.2455,0.0,0.184
B,67,MI without auxiliary,0.4792001774144762,0.08135745712980014,131.72317530043983,0.2664739097222147,0.026175592968799486,74.110557565063,0.5962462425231934,0.4655,0.4435,0.2455,0.0,0.184
B,68,Complete-case,0.4379356771493418,0.08865900119000676,1000000.0,0.3598691776981939,0.02777320275434167,1000000.0,0.004483938217163086,0.474,0.432,0.239,0.0,0.204
B,68,Mean imputation,0.5204796238020764,0.08757610409818205,1000000.0,0.3598691776981938,0.015772177872561414,1000000.0,0.0071086883544921875,0.474,0.432,0.239,0.0,0.204
B,68,KNN (k=5),0.8308264793154315,0.07840719807690473,1000000.0,0.1171532018152129,0.01839435450060714,1000000.0,0.1695849895477295,0.474,0.432,0.239,0.0,0.204
B,68,MissForest (single),0.8087893204744683,0.0764357271129546,1000000.0,0.08420563745074122,0.01854304684012114,1000000.0,1.6459696292877197,0.474,0.432,0.239,0.0,0.204
B,68,MI without outcome,0.6004420139922806,0.0762237980806166,145.23076873713558,0.040897005128518814,0.025799186424356017,137.90278637800793,0.6479182243347168,0.474,0.432,0.239,0.0,0.204
B,68,MI with outcome,0.5914968194629281,0.07630958938324874,143.70402081182695,0.040673153847803886,0.025798097557598394,139.1164090036176,0.6865706443786621,0.474,0.432,0.239,0.0,0.204
B,68,MI without auxiliary,0.43486579892300137,0.08437490059826416,70.12565367751007,0.3083592742007702,0.025673547939467658,76.66014894449881,0.5665886402130127,0.474,0.432,0.239,0.0,0.204
B,69,Complete-case,0.6507358260435083,0.09425389015397652,1000000.0,0.33449574760233,0.02780456068527114,1000000.0,0.004655122756958008,0.479,0.4215,0.2325,0.0,0.201
B,69,Mean imputation,0.6577932394366581,0.08720467464361005,1000000.0,0.33449574760233,0.016082006718001522,1000000.0,0.010558605194091797,0.479,0.4215,0.2325,0.0,0.201
B,69,KNN (k=5),0.9033579926586485,0.07602762506355822,1000000.0,0.06382539055140618,0.019416305234604914,1000000.0,0.1608438491821289,0.479,0.4215,0.2325,0.0,0.201
B,69,MissForest (single),0.9058328150423702,0.07514747319125394,1000000.0,0.03556469108802003,0.019421723974772865,1000000.0,1.9824986457824707,0.479,0.4215,0.2325,0.0,0.201
B,69,MI without outcome,0.7131425048545426,0.07423938639237995,251.66562823391465,0.0027917450320073594,0.02616721964513836,147.6395868571316,0.6151182651519775,0.479,0.4215,0.2325,0.0,0.201
B,69,MI with outcome,0.7194658540581143,0.0747069416943837,243.39467589855892,0.0032859252958550482,0.026156548298827312,147.89190146586054,0.5835075378417969,0.479,0.4215,0.2325,0.0,0.201
B,69,MI without auxiliary,0.5643834091537563,0.08103425978624848,109.95578140454593,0.27827636903651326,0.026236790975088825,72.52665207535985,0.5729551315307617,0.479,0.4215,0.2325,0.0,0.201
B,70,Complete-case,0.49734845394602734,0.09034684828922164,1000000.0,0.3534431739498069,0.028427849877407988,1000000.0,0.004791259765625,0.4525,0.445,0.239,0.0,0.1825
B,70,Mean imputation,0.5568889317998071,0.08929173648892123,1000000.0,0.3534431739498069,0.015774292184219395,1000000.0,0.006664752960205078,0.4525,0.445,0.239,0.0,0.1825
B,70,KNN (k=5),0.8422952273854162,0.07706387232065853,1000000.0,0.06435314216993032,0.019086366245275238,1000000.0,0.13384056091308594,0.4525,0.445,0.239,0.0,0.1825
B,70,MissForest (single),0.8292812125619022,0.07527926744713234,1000000.0,0.03255354822961771,0.019396771843237133,1000000.0,1.7476491928100586,0.4525,0.445,0.239,0.0,0.1825
B,70,MI without outcome,0.6242190655360438,0.07058365089555362,744.3760006559878,0.008485935503985891,0.0239873758292262,674.6013299283071,0.49602413177490234,0.4525,0.445,0.239,0.0,0.1825
B,70,MI with outcome,0.609086975430732,0.07084630061226185,630.6920933959357,0.007320499525336008,0.02400600594860626,680.2381430652953,0.7553751468658447,0.4525,0.445,0.239,0.0,0.1825
B,70,MI without auxiliary,0.45591466973608086,0.0737495317082885,395.3559099175641,0.30327595431976123,0.023277295817887993,298.128454218916,0.651618480682373,0.4525,0.445,0.239,0.0,0.1825
B,71,Complete-case,0.26403129989348884,0.08616133612052639,1000000.0,0.34238573011056206,0.027802086701753492,1000000.0,0.0067081451416015625,0.4615,0.4265,0.258,0.0,0.2015
B,71,Mean imputation,0.38656029083195903,0.0855332175474763,1000000.0,0.342385730110562,0.015941530567123652,1000000.0,0.006729841232299805,0.4615,0.4265,0.258,0.0,0.2015
B,71,KNN (k=5),0.6848075159613615,0.07386454994319806,1000000.0,0.06660589779697196,0.019205567533852108,1000000.0,0.1414949893951416,0.4615,0.4265,0.258,0.0,0.2015
B,71,MissForest (single),0.6554771857431589,0.07165327250834351,1000000.0,0.0326254773967506,0.01950263992319985,1000000.0,1.8288655281066895,0.4615,0.4265,0.258,0.0,0.2015
B,71,MI without outcome,0.5448562897733293,0.06818800672247873,869.896477896319,0.013101389491475653,0.025297537258353823,200.44669199311357,0.36594343185424805,0.4615,0.4265,0.258,0.0,0.2015
B,71,MI with outcome,0.4975804868507425,0.06752427367850487,833.8678586928528,0.011123723855799992,0.025334218032628954,204.4625242938853,0.4029197692871094,0.4615,0.4265,0.258,0.0,0.2015
B,71,MI without auxiliary,0.34143955968087625,0.07259256183195813,296.8321421461927,0.2991070500204122,0.025416033778417047,90.83971954025054,0.6481912136077881,0.4615,0.4265,0.258,0.0,0.2015
B,72,Complete-case,0.4693318779018513,0.0932263454626357,1000000.0,0.3311324058183032,0.02825149954099367,1000000.0,0.007149219512939453,0.4625,0.4405,0.2335,0.0,0.194
B,72,Mean imputation,0.48258113221963916,0.08983072870117997,1000000.0,0.3311324058183033,0.015803600933871294,1000000.0,0.005622148513793945,0.4625,0.4405,0.2335,0.0,0.194
B,72,KNN (k=5),0.7550394466610195,0.07739372320671013,1000000.0,0.07068202513378262,0.01919934134894311,1000000.0,0.11328601837158203,0.4625,0.4405,0.2335,0.0,0.194
B,72,MissForest (single),0.7452075883343292,0.07561457739039316,1000000.0,0.019617204534404305,0.01952977536868808,1000000.0,1.5957412719726562,0.4625,0.4405,0.2335,0.0,0.194
B,72,MI without outcome,0.5825619544433069,0.07350523918975582,256.21151484650176,-0.0009057483148259837,0.023635747758141087,1297.390009288202,0.45895957946777344,0.4625,0.4405,0.2335,0.0,0.194
B,72,MI with outcome,0.5575930328969483,0.07309550769916257,279.39747764403586,-0.0027277726228882937,0.023680079857893895,1317.1988644797193,0.5241971015930176,0.4625,0.4405,0.2335,0.0,0.194
B,72,MI without auxiliary,0.41535303990211814,0.07863921831007481,141.49426952175025,0.2842881733243762,0.02256217234782718,610.0683451513966,0.552300214767456,0.4625,0.4405,0.2335,0.0,0.194
B,73,Complete-case,0.5981471083577591,0.09630570952517747,1000000.0,0.2925758949933737,0.026832793657314023,1000000.0,0.0032427310943603516,0.4705,0.432,0.2375,0.0,0.2025
B,73,Mean imputation,0.6326444170730302,0.09243129346698717,1000000.0,0.2925758949933737,0.015238127130106935,1000000.0,0.005970954895019531,0.4705,0.432,0.2375,0.0,0.2025
B,73,KNN (k=5),0.9104068171907884,0.0807965909082304,1000000.0,0.06564764381619623,0.017815894147906533,1000000.0,0.11442160606384277,0.4705,0.432,0.2375,0.0,0.2025
B,73,MissForest (single),0.9349005012036301,0.07916798039122841,1000000.0,0.02040293110989895,0.01825660736133655,1000000.0,1.7419123649597168,0.4705,0.432,0.2375,0.0,0.2025
B,73,MI without outcome,0.7365966383675573,0.07953205917786664,159.08510641914057,-0.00630619481903511,0.025020220807350824,139.35920510527677,0.5622861385345459,0.4705,0.432,0.2375,0.0,0.2025
B,73,MI with outcome,0.7287449998762617,0.08004245859145365,148.01057875441904,-0.0067035149817526755,0.02502575412144392,139.8305760788852,0.5915508270263672,0.4705,0.432,0.2375,0.0,0.2025
B,73,MI without auxiliary,0.5417770742453694,0.09067875379576595,59.31230431979624,0.24094426259280496,0.025046413586709126,74.59432113632079,0.5235872268676758,0.4705,0.432,0.2375,0.0,0.2025
B,74,Complete-case,0.2958642656513194,0.09530993707097178,1000000.0,0.3403349761835066,0.027883131781609116,1000000.0,0.007321357727050781,0.457,0.438,0.2525,0.0,0.182
B,74,Mean imputation,0.371422606268955,0.09024889218165807,1000000.0,0.3403349761835067,0.015667265033170556,1000000.0,0.006722211837768555,0.457,0.438,0.2525,0.0,0.182
B,74,KNN (k=5),0.6361006031985296,0.07867521894911969,1000000.0,0.07623307846301146,0.01849189784231308,1000000.0,0.17630672454833984,0.457,0.438,0.2525,0.0,0.182
B,74,MissForest (single),0.5803507691270408,0.07712778543389638,1000000.0,0.056943564858565276,0.018467398556474487,1000000.0,1.8182578086853027,0.457,0.438,0.2525,0.0,0.182
B,74,MI without outcome,0.46254058725119795,0.08020341527541472,100.85203451218572,0.019464813093128475,0.02568604226971407,144.32818646505066,0.5484333038330078,0.457,0.438,0.2525,0.0,0.182
B,74,MI with outcome,0.4344698360181988,0.08105669886158566,92.58820582591055,0.018175197333773107,0.02570884191581018,145.5788140873168,0.6600377559661865,0.457,0.438,0.2525,0.0,0.182
B,74,MI without auxiliary,0.281971359847442,0.08908280764281692,58.897921235526546,0.286518957898197,0.02574244840055573,78.08240013411265,0.6234595775604248,0.457,0.438,0.2525,0.0,0.182
B,75,Complete-case,0.6397154628153726,0.09299290436303534,1000000.0,0.3412517153941784,0.027841017116505003,1000000.0,0.003961324691772461,0.463,0.432,0.2375,0.0,0.197
B,75,Mean imputation,0.6645556105923384,0.08917116467530595,1000000.0,0.3412517153941785,0.015810689101958143,1000000.0,0.006448507308959961,0.463,0.432,0.2375,0.0,0.197
B,75,KNN (k=5),0.9581185296565459,0.07872441498509444,1000000.0,0.07428880639055738,0.01892112581179429,1000000.0,0.1647963523864746,0.463,0.432,0.2375,0.0,0.197
B,75,MissForest (single),0.95583996754731,0.07826061775036694,1000000.0,0.061467660245607646,0.019024466789298772,1000000.0,1.723017692565918,0.463,0.432,0.2375,0.0,0.197
B,75,MI without outcome,0.7103246056942192,0.07673794335575242,206.27973293725907,0.0405371595572927,0.026911878847960674,88.63210289437266,0.4608337879180908,0.463,0.432,0.2375,0.0,0.197
B,75,MI with outcome,0.7322744387723368,0.07743311111243313,205.77543539456457,0.04135544487856192,0.026899758002869326,88.13142985835327,0.548757791519165,0.463,0.432,0.2375,0.0,0.197
B,75,MI without auxiliary,0.5760350580064347,0.08060858984319942,132.72565763462924,0.2794031989064768,0.027236381128567425,53.466190790320745,0.5433051586151123,0.463,0.432,0.2375,0.0,0.197
B,76,Complete-case,0.501389608729792,0.0894781637520871,1000000.0,0.3563829086965499,0.027221591211722417,1000000.0,0.0036971569061279297,0.479,0.417,0.2385,0.0,0.2125
B,76,Mean imputation,0.555612893985228,0.08698902644496144,1000000.0,0.3563829086965499,0.015867348151888488,1000000.0,0.006727457046508789,0.479,0.417,0.2385,0.0,0.2125
B,76,KNN (k=5),0.7934511619194493,0.07610396050634435,1000000.0,0.11343648825244125,0.018831164985427817,1000000.0,0.11380863189697266,0.479,0.417,0.2385,0.0,0.2125
B,76,MissForest (single),0.7349542561762444,0.07312131614859577,1000000.0,0.0641803389157258,0.019417193916165545,1000000.0,1.636127233505249,0.479,0.417,0.2385,0.0,0.2125
B,76,MI without outcome,0.5932062811205597,0.0709581918011168,399.90310823843333,0.052253715429432454,0.024158417598380846,298.3409890475526,0.5338857173919678,0.479,0.417,0.2385,0.0,0.2125
B,76,MI with outcome,0.5791276420781688,0.0709650291648533,381.50397919589466,0.05069007687556273,0.024213677574262696,293.924930447487,0.7080221176147461,0.479,0.417,0.2385,0.0,0.2125
B,76,MI without auxiliary,0.48210462353331807,0.07484042108591875,280.47087977501513,0.3086204818961328,0.02370365170752221,157.1539026003911,0.46402764320373535,0.479,0.417,0.2385,0.0,0.2125
B,77,Complete-case,0.2966734264247976,0.0945747995590736,1000000.0,0.32084502868736153,0.02694257879203665,1000000.0,0.00455474853515625,0.4665,0.421,0.2645,0.0,0.2
B,77,Mean imputation,0.36186317174287835,0.08699397285478251,1000000.0,0.3208450286873615,0.015596915737568169,1000000.0,0.007723093032836914,0.4665,0.421,0.2645,0.0,0.2
B,77,KNN (k=5),0.5833802233094985,0.07573448486941309,1000000.0,0.07740430133133958,0.01819015509239298,1000000.0,0.1749413013458252,0.4665,0.421,0.2645,0.0,0.2
B,77,MissForest (single),0.5910722889508515,0.07443370469292888,1000000.0,0.054893288465016905,0.01817629504329454,1000000.0,1.7171831130981445,0.4665,0.421,0.2645,0.0,0.2
B,77,MI without outcome,0.45602683431666824,0.07586331181899353,135.92952618459162,0.022128111201452968,0.02662637570651566,80.6920764424245,0.5730087757110596,0.4665,0.421,0.2645,0.0,0.2
B,77,MI with outcome,0.42307772299234314,0.07582890398633856,131.98108209935464,0.020507207681418,0.026639505964412436,81.869359362027,0.6963932514190674,0.4665,0.421,0.2645,0.0,0.2
B,77,MI without auxiliary,0.300740335847309,0.08268368154617413,84.70181714863868,0.27852329676374576,0.027232675313910604,48.021960738333014,0.5396008491516113,0.4665,0.421,0.2645,0.0,0.2
B,78,Complete-case,0.42843797660391925,0.09166378956274994,1000000.0,0.3150624906748201,0.0281634016740838,1000000.0,0.003026247024536133,0.446,0.441,0.2515,0.0,0.1965
B,78,Mean imputation,0.5496831342460424,0.08908723102805248,1000000.0,0.3150624906748201,0.0157402346609305,1000000.0,0.0050928592681884766,0.446,0.441,0.2515,0.0,0.1965
B,78,KNN (k=5),0.797377184576564,0.07934265864902397,1000000.0,0.07593667573012826,0.018539434342657996,1000000.0,0.12930059432983398,0.446,0.441,0.2515,0.0,0.1965
B,78,MissForest (single),0.8010226180043103,0.0791429878748822,1000000.0,0.06337049239038586,0.01840434173037795,1000000.0,1.7855002880096436,0.446,0.441,0.2515,0.0,0.1965
B,78,MI without outcome,0.5816835246010088,0.0799857844690504,100.030164912304,0.01458512487883262,0.025598998104196146,155.5049371716387,0.5546779632568359,0.446,0.441,0.2515,0.0,0.1965
B,78,MI with outcome,0.559595834858587,0.07981005502474636,99.39467458004529,0.01259319319447339,0.025612481520113594,159.71620210544785,0.746241569519043,0.446,0.441,0.2515,0.0,0.1965
B,78,MI without auxiliary,0.4220294432474364,0.09188573215776846,45.33075508557372,0.26509410263276195,0.025461229849434382,86.56801586285845,0.641230583190918,0.446,0.441,0.2515,0.0,0.1965
B,79,Complete-case,0.32612870745301,0.09096903752565708,1000000.0,0.32545050674749026,0.028012610993013623,1000000.0,0.003927946090698242,0.4715,0.434,0.243,0.0,0.193
B,79,Mean imputation,0.49079600304882864,0.08888685911041914,1000000.0,0.32545050674749026,0.015852096641643578,1000000.0,0.0060231685638427734,0.4715,0.434,0.243,0.0,0.193
B,79,KNN (k=5),0.6839339231105004,0.0766200445266879,1000000.0,0.06015121904918896,0.01880779063550502,1000000.0,0.12256336212158203,0.4715,0.434,0.243,0.0,0.193
B,79,MissForest (single),0.6917631557431105,0.0757146092897122,1000000.0,0.026491016373005983,0.019037775860851758,1000000.0,1.4771854877471924,0.4715,0.434,0.243,0.0,0.193
B,79,MI without outcome,0.5685154159969429,0.07723747963458624,145.4848673034616,-0.005999949375533482,0.023878535121251144,635.7556966685107,0.31476473808288574,0.4715,0.434,0.243,0.0,0.193
B,79,MI with outcome,0.5320005246309107,0.07703715852006353,136.90181653567973,-0.009413929156824395,0.023927716025503105,663.6362492389727,0.3910195827484131,0.4715,0.434,0.243,0.0,0.193
B,79,MI without auxiliary,0.40407004618349,0.08675634261964013,66.68518614513405,0.27798020043024463,0.023161855969874433,272.5495532012609,0.5387294292449951,0.4715,0.434,0.243,0.0,0.193
B,80,Complete-case,0.44032905734831834,0.08983023246986879,1000000.0,0.2994692283935835,0.02766249779041176,1000000.0,0.0077228546142578125,0.4775,0.4195,0.24,0.0,0.1925
B,80,Mean imputation,0.4486728224562666,0.08633248307452358,1000000.0,0.2994692283935834,0.016055177149229268,1000000.0,0.008695363998413086,0.4775,0.4195,0.24,0.0,0.1925
B,80,KNN (k=5),0.709285399844299,0.0761727952051425,1000000.0,0.06590407430632074,0.018619079292161597,1000000.0,0.18725848197937012,0.4775,0.4195,0.24,0.0,0.1925
B,80,MissForest (single),0.7008649461157765,0.0758281435029114,1000000.0,0.044472046456963454,0.018553845979877585,1000000.0,2.038811683654785,0.4775,0.4195,0.24,0.0,0.1925
B,80,MI without outcome,0.5573196549541172,0.08208886675988808,72.06114285660952,-0.0008219147194743939,0.02687632908630834,94.41947240595191,0.6753830909729004,0.4775,0.4195,0.24,0.0,0.1925
B,80,MI with outcome,0.5496263115346153,0.08247189009224262,70.99278219057922,-0.0009495375612646971,0.026881811708290737,94.62908912793478,0.8239285945892334,0.4775,0.4195,0.24,0.0,0.1925
B,80,MI without auxiliary,0.4129829920678212,0.09602078576512328,36.32034967112423,0.2472518480925774,0.027114342461428045,56.70778781365129,0.7031979560852051,0.4775,0.4195,0.24,0.0,0.1925
B,81,Complete-case,0.34284103213829653,0.09175456467640317,1000000.0,0.26382920956417416,0.028037702456782762,1000000.0,0.005028247833251953,0.455,0.4315,0.255,0.0,0.178
B,81,Mean imputation,0.40779203789025464,0.08890136255657691,1000000.0,0.26382920956417416,0.015936407479185195,1000000.0,0.008385181427001953,0.455,0.4315,0.255,0.0,0.178
B,81,KNN (k=5),0.5874147307787616,0.07681024448185521,1000000.0,0.02525869524447222,0.01924803282521392,1000000.0,0.16190218925476074,0.455,0.4315,0.255,0.0,0.178
B,81,MissForest (single),0.6114292265088579,0.07355789103079673,1000000.0,-0.0367870255044183,0.020081532063560427,1000000.0,1.7345247268676758,0.455,0.4315,0.255,0.0,0.178
B,81,MI without outcome,0.4915787890142659,0.07016299272082384,790.6884460664832,-0.03465671319384261,0.024449428803367868,389.8715319814057,0.6594581604003906,0.455,0.4315,0.255,0.0,0.178
B,81,MI with outcome,0.45505002050120036,0.07012656546728994,684.0611573941208,-0.036332954598702054,0.02452125721365793,395.01907033433855,0.6778402328491211,0.455,0.4315,0.255,0.0,0.178
B,81,MI without auxiliary,0.30211630658954364,0.07621939356762131,250.87828411577834,0.22321504653772753,0.024099640263084702,173.789996850909,0.5576934814453125,0.455,0.4315,0.255,0.0,0.178
B,82,Complete-case,0.42267387079795127,0.0918454597912214,1000000.0,0.3198325281495731,0.027830652752724484,1000000.0,0.0032105445861816406,0.458,0.4335,0.2365,0.0,0.199
B,82,Mean imputation,0.45526287305133745,0.08964167665284792,1000000.0,0.319832528149573,0.015763046839750515,1000000.0,0.005888462066650391,0.458,0.4335,0.2365,0.0,0.199
B,82,KNN (k=5),0.7216129608639361,0.07877990443669787,1000000.0,0.06604647567847877,0.018500162999195137,1000000.0,0.11772727966308594,0.458,0.4335,0.2365,0.0,0.199
B,82,MissForest (single),0.7263303911796088,0.07877010497530118,1000000.0,0.05057043379968111,0.018532239212123436,1000000.0,1.6396863460540771,0.458,0.4335,0.2365,0.0,0.199
B,82,MI without outcome,0.5776255056564594,0.07312814412434841,346.6197457960707,0.01944762935658977,0.02699645540593846,83.218132213832,0.5289685726165771,0.458,0.4335,0.2365,0.0,0.199
B,82,MI with outcome,0.5588337576284689,0.07352587784895494,304.7721898146488,0.019286069979767395,0.027014083620047504,83.3666832052315,0.5864453315734863,0.458,0.4335,0.2365,0.0,0.199
B,82,MI without auxiliary,0.39327428109654267,0.08143781620097656,98.92719472976339,0.2708257853094983,0.02749642795715633,51.4177053735001,0.49239635467529297,0.458,0.4335,0.2365,0.0,0.199
B,83,Complete-case,0.4513201972627977,0.09754890146293567,1000000.0,0.2905297763610347,0.02638298948728727,1000000.0,0.0034101009368896484,0.4725,0.4225,0.25,0.0,0.1825
B,83,Mean imputation,0.5469259927750696,0.0939162066444717,1000000.0,0.2905297763610348,0.015233388076448801,1000000.0,0.0054204463958740234,0.4725,0.4225,0.25,0.0,0.1825
B,83,KNN (k=5),0.7976645284761403,0.08216278980220892,1000000.0,0.05172891267940406,0.017856929892320777,1000000.0,0.10932755470275879,0.4725,0.4225,0.25,0.0,0.1825
B,83,MissForest (single),0.7750835540264904,0.08016146910589306,1000000.0,0.015305615323263199,0.01815563348124352,1000000.0,1.6378464698791504,0.4725,0.4225,0.25,0.0,0.1825
B,83,MI without outcome,0.625280259463796,0.07605732125272051,654.9091058935521,-0.011118768798176627,0.02396428949163059,218.58436190788404,0.5621707439422607,0.4725,0.4225,0.25,0.0,0.1825
B,83,MI with outcome,0.6093497937879253,0.07597212204530965,664.4701410698636,-0.012604910591687094,0.023968412293418513,222.51336059780678,0.6275088787078857,0.4725,0.4225,0.25,0.0,0.1825
B,83,MI without auxiliary,0.477824566873717,0.08209809164233202,259.35308653563675,0.24356560398680696,0.023536302521329232,114.92263341586393,0.3900279998779297,0.4725,0.4225,0.25,0.0,0.1825
B,84,Complete-case,0.3972161804705355,0.09512297474961912,1000000.0,0.3280921958108716,0.02783860248611227,1000000.0,0.003942012786865234,0.4425,0.4465,0.261,0.0,0.1965
B,84,Mean imputation,0.45849183919994463,0.09054646178814828,1000000.0,0.32809219581087157,0.015405557123819495,1000000.0,0.006891965866088867,0.4425,0.4465,0.261,0.0,0.1965
B,84,KNN (k=5),0.7966108596654339,0.07967173443896003,1000000.0,0.07636614246527815,0.018566826254067224,1000000.0,0.1861715316772461,0.4425,0.4465,0.261,0.0,0.1965
B,84,MissForest (single),0.7373946459120592,0.07953490314265654,1000000.0,0.06720838755818198,0.018293351934259752,1000000.0,1.6220357418060303,0.4425,0.4465,0.261,0.0,0.1965
B,84,MI without outcome,0.5886956890345074,0.0707570226227024,860.2130908307978,0.002120674990836781,0.02625792258683875,107.33026284006469,0.5813567638397217,0.4425,0.4465,0.261,0.0,0.1965
B,84,MI with outcome,0.5596956460376259,0.07102131114060885,679.5689705629879,0.0009279772969768701,0.026283972822763867,107.61360745196015,0.6583294868469238,0.4425,0.4465,0.261,0.0,0.1965
B,84,MI without auxiliary,0.37671179522619985,0.07706548529853224,196.96912376778937,0.2829939802580962,0.02680670168223955,56.56891867103996,0.5679984092712402,0.4425,0.4465,0.261,0.0,0.1965
B,85,Complete-case,0.2880297573000407,0.090347175344082,1000000.0,0.35264412068898815,0.027764470316513606,1000000.0,0.004721403121948242,0.47,0.4375,0.2405,0.0,0.201
B,85,Mean imputation,0.34480506887046675,0.08669278763645677,1000000.0,0.3526441206889881,0.015614475999377523,1000000.0,0.008074283599853516,0.47,0.4375,0.2405,0.0,0.201
B,85,KNN (k=5),0.569058504698695,0.07699568497664029,1000000.0,0.13241631529438827,0.018082393395530492,1000000.0,0.18969225883483887,0.47,0.4375,0.2405,0.0,0.201
B,85,MissForest (single),0.5739199185909742,0.07594929298126733,1000000.0,0.08908273135863644,0.018351906592520503,1000000.0,1.9747538566589355,0.47,0.4375,0.2405,0.0,0.201
B,85,MI without outcome,0.4602563599807808,0.07108315650450675,312.21700381368385,0.05901002641340415,0.026567107310889203,92.76446904538227,0.7096331119537354,0.47,0.4375,0.2405,0.0,0.201
B,85,MI with outcome,0.39997945714559324,0.07015328420044914,330.9012105642721,0.05353701526408168,0.02663818914344681,93.8308682828936,0.7878408432006836,0.47,0.4375,0.2405,0.0,0.201
B,85,MI without auxiliary,0.28280049057903534,0.07437881073916229,208.29495270570845,0.31360292914777876,0.027028722091806318,54.82594826848961,0.7004742622375488,0.47,0.4375,0.2405,0.0,0.201
B,86,Complete-case,0.3794460565245163,0.08631375919915431,1000000.0,0.3061609789279542,0.028465019136494355,1000000.0,0.0070798397064208984,0.4655,0.423,0.245,0.0,0.197
B,86,Mean imputation,0.3967421001095666,0.08280713207844094,1000000.0,0.30616097892795413,0.016421304083970224,1000000.0,0.006636857986450195,0.4655,0.423,0.245,0.0,0.197
B,86,KNN (k=5),0.6185130787218533,0.07287361672268554,1000000.0,0.028120339200887592,0.0193743572258663,1000000.0,0.17138433456420898,0.4655,0.423,0.245,0.0,0.197
B,86,MissForest (single),0.6605352599595874,0.07283719376767005,1000000.0,0.02471108040365347,0.01946466682747345,1000000.0,1.6695575714111328,0.4655,0.423,0.245,0.0,0.197
B,86,MI without outcome,0.5289531301956498,0.07402971781600787,143.41097866076313,-0.020932243298023893,0.02560373169167499,206.24041784959465,0.5718543529510498,0.4655,0.423,0.245,0.0,0.197
B,86,MI with outcome,0.5103220408867666,0.07503822803567403,123.19432611356686,-0.022018899223960775,0.025625568812334847,207.47903073207272,0.645634651184082,0.4655,0.423,0.245,0.0,0.197
B,86,MI without auxiliary,0.3617318880805356,0.08208614469173006,72.49584178259046,0.25419168959589133,0.02547209841041008,108.22411289096779,0.5592379570007324,0.4655,0.423,0.245,0.0,0.197
B,87,Complete-case,0.4423709373216159,0.09521393057893468,1000000.0,0.30454427220847574,0.02730020243379508,1000000.0,0.004508256912231445,0.465,0.436,0.2485,0.0,0.1915
B,87,Mean imputation,0.49966068937872926,0.09048921773040244,1000000.0,0.3045442722084758,0.01539433667409876,1000000.0,0.007258415222167969,0.465,0.436,0.2485,0.0,0.1915
B,87,KNN (k=5),0.6934279837058173,0.07949016490046115,1000000.0,0.05885168383368897,0.01808220084307162,1000000.0,0.16835427284240723,0.465,0.436,0.2485,0.0,0.1915
B,87,MissForest (single),0.7293799240079538,0.07856520181970289,1000000.0,0.02549099760047884,0.01822020018494615,1000000.0,1.6359024047851562,0.465,0.436,0.2485,0.0,0.1915
B,87,MI without outcome,0.5890756801588898,0.07549791817383938,288.7123016887024,-0.0177254824746951,0.023886996346436404,336.7255286529529,0.5717434883117676,0.465,0.436,0.2485,0.0,0.1915
B,87,MI with outcome,0.5677180392628463,0.07541138839775037,280.4058187814574,-0.01945079744208492,0.023924658373200715,339.4302446311485,0.6492125988006592,0.465,0.436,0.2485,0.0,0.1915
B,87,MI without auxiliary,0.4497523539811962,0.08203485414465199,137.8128465242808,0.24368694755866546,0.023404769877970407,163.738180581425,0.5612072944641113,0.465,0.436,0.2485,0.0,0.1915
B,88,Complete-case,0.5475858955189815,0.0889860044077882,1000000.0,0.3393454755489783,0.029171331390520795,1000000.0,0.0034394264221191406,0.4645,0.4345,0.249,0.0,0.195
B,88,Mean imputation,0.6240327210809827,0.08653531681683109,1000000.0,0.3393454755489783,0.016493217275607645,1000000.0,0.005934000015258789,0.4645,0.4345,0.249,0.0,0.195
B,88,KNN (k=5),0.8502967038334912,0.07498630819966938,1000000.0,0.05740225976051627,0.019916943282603038,1000000.0,0.1225438117980957,0.4645,0.4345,0.249,0.0,0.195
B,88,MissForest (single),0.8227798056482228,0.07261554045460193,1000000.0,0.011137254857656773,0.020476572532475854,1000000.0,1.625490665435791,0.4645,0.4345,0.249,0.0,0.195
B,88,MI without outcome,0.6521861856535411,0.07039001036792943,472.6671719958939,0.000801896522137709,0.02508894947674522,513.6654721467088,0.48572683334350586,0.4645,0.4345,0.249,0.0,0.195
B,88,MI with outcome,0.6400979160106638,0.07072055172169799,424.83329647518144,-0.0013520365641863541,0.025144236112631554,513.196965467435,0.5989372730255127,0.4645,0.4345,0.249,0.0,0.195
B,88,MI without auxiliary,0.5407162764531412,0.07588993527189243,202.49285121655265,0.27932679065180627,0.024346820272745057,239.2257076425327,0.4787735939025879,0.4645,0.4345,0.249,0.0,0.195
B,89,Complete-case,0.3322964459478194,0.08617408864144496,1000000.0,0.321783970391634,0.027595317577104195,1000000.0,0.005869150161743164,0.481,0.4155,0.2385,0.0,0.208
B,89,Mean imputation,0.43514478070083645,0.08403401503688306,1000000.0,0.3217839703916339,0.016126594971246837,1000000.0,0.006003856658935547,0.481,0.4155,0.2385,0.0,0.208
B,89,KNN (k=5),0.7136812939110347,0.07394964283289511,1000000.0,0.06156193438848883,0.019247681027096727,1000000.0,0.10748815536499023,0.481,0.4155,0.2385,0.0,0.208
B,89,MissForest (single),0.6757860481515554,0.07313250442962181,1000000.0,0.04461190760278288,0.019093634095270196,1000000.0,1.3978245258331299,0.481,0.4155,0.2385,0.0,0.208
B,89,MI without outcome,0.5539134070894318,0.06946217970071834,390.57282871743405,0.002312958081738637,0.027791783199135302,79.90493005140893,0.44982433319091797,0.481,0.4155,0.2385,0.0,0.208
B,89,MI with outcome,0.5411821341205478,0.06962802049533041,378.44382261906054,0.0020782285335946573,0.027777203710460236,80.7858673418726,0.446580171585083,0.481,0.4155,0.2385,0.0,0.208
B,89,MI without auxiliary,0.3893344295002841,0.07359940734178161,216.63063750756405,0.2706840324761261,0.028281351973522106,46.07952569862591,0.5425808429718018,0.481,0.4155,0.2385,0.0,0.208
B,90,Complete-case,0.49782167927563353,0.09342001113663932,1000000.0,0.3766935311457964,0.028469333045601675,1000000.0,0.005082368850708008,0.4505,0.4405,0.2585,0.0,0.1925
B,90,Mean imputation,0.5769952069276977,0.08899162616018531,1000000.0,0.3766935311457964,0.015925454776420656,1000000.0,0.005313873291015625,0.4505,0.4405,0.2585,0.0,0.1925
B,90,KNN (k=5),0.8294091573688316,0.07693407686326433,1000000.0,0.09832378521789716,0.019097022755771676,1000000.0,0.0989694595336914,0.4505,0.4405,0.2585,0.0,0.1925
B,90,MissForest (single),0.8033446375621895,0.07411435406477855,1000000.0,0.0476278105980537,0.019643342653634953,1000000.0,1.698075532913208,0.4505,0.4405,0.2585,0.0,0.1925
B,90,MI without outcome,0.6296062542465153,0.07309157300695007,335.91982212264793,0.043686369365254954,0.027817600048424835,78.41497008964008,0.5206983089447021,0.4505,0.4405,0.2585,0.0,0.1925
B,90,MI with outcome,0.6204522194396278,0.07298373385650266,335.3263947066658,0.04343696559893686,0.027832797031129775,78.60076908233573,0.5191421508789062,0.4505,0.4405,0.2585,0.0,0.1925
B,90,MI without auxiliary,0.44757597365753615,0.08034688217180165,110.68961376267877,0.3178122648737495,0.02849331654585091,45.46005126308715,0.36278629302978516,0.4505,0.4405,0.2585,0.0,0.1925
B,91,Complete-case,0.5888725313204285,0.09618694373775995,1000000.0,0.3194533021374157,0.028200999063273936,1000000.0,0.006374835968017578,0.458,0.436,0.243,0.0,0.189
B,91,Mean imputation,0.5948292803757962,0.08982056351597603,1000000.0,0.3194533021374157,0.015902287727675005,1000000.0,0.006470918655395508,0.458,0.436,0.243,0.0,0.189
B,91,KNN (k=5),0.7972018752273498,0.07905055416376998,1000000.0,0.07835388771946396,0.018681628189082995,1000000.0,0.15967249870300293,0.458,0.436,0.243,0.0,0.189
B,91,MissForest (single),0.8166953612998639,0.07809348246509598,1000000.0,0.05328054657721728,0.01863935509106115,1000000.0,1.7776679992675781,0.458,0.436,0.243,0.0,0.189
B,91,MI without outcome,0.6613159865023597,0.07960898952386548,114.39540138967772,-0.005733189630745273,0.025577273781045465,179.5374943278789,0.5523810386657715,0.458,0.436,0.243,0.0,0.189
B,91,MI with outcome,0.659217778065136,0.07982859908743753,113.70367144383371,-0.005506031148558873,0.02559090446899258,178.35341172511465,0.6015088558197021,0.458,0.436,0.243,0.0,0.189
B,91,MI without auxiliary,0.5161514963962139,0.0845851926821119,85.4628615375234,0.2588124399080875,0.025399711497289396,93.26383464334424,0.5339174270629883,0.458,0.436,0.243,0.0,0.189
B,92,Complete-case,0.5313396294723676,0.0962183461927687,1000000.0,0.3003106714146343,0.027348695114361967,1000000.0,0.0037450790405273438,0.473,0.43,0.2515,0.0,0.1875
B,92,Mean imputation,0.5858771858448332,0.09208536338944025,1000000.0,0.3003106714146343,0.015585814482168581,1000000.0,0.006000041961669922,0.473,0.43,0.2515,0.0,0.1875
B,92,KNN (k=5),0.8659222542763229,0.08214241655076902,1000000.0,0.0505758366588035,0.01838878361307504,1000000.0,0.14224672317504883,0.473,0.43,0.2515,0.0,0.1875
B,92,MissForest (single),0.8411854698843299,0.0804659344744421,1000000.0,0.020179652053748186,0.018541712245151495,1000000.0,1.6859540939331055,0.473,0.43,0.2515,0.0,0.1875
B,92,MI without outcome,0.6446361290166002,0.08386000665017825,86.37325805347832,-0.024776818239606563,0.025754834438670573,139.8280226016562,0.5847604274749756,0.473,0.43,0.2515,0.0,0.1875
B,92,MI with outcome,0.6490147176508981,0.08523329915710731,79.63393746263138,-0.024134901520623437,0.02573595951959004,140.38803454704097,0.575531005859375,0.473,0.43,0.2515,0.0,0.1875
B,92,MI without auxiliary,0.513160539046531,0.09114567445513135,59.457659634359864,0.24153919077816527,0.02570471114217025,72.07514831376334,0.5460560321807861,0.473,0.43,0.2515,0.0,0.1875
B,93,Complete-case,0.4198527646854669,0.09641266977414181,1000000.0,0.3269556874199439,0.02848795179590816,1000000.0,0.004176139831542969,0.4425,0.4655,0.261,0.0,0.1795
B,93,Mean imputation,0.5812601903203471,0.09502120400850188,1000000.0,0.32695568741994396,0.015223492929697512,1000000.0,0.007025718688964844,0.4425,0.4655,0.261,0.0,0.1795
B,93,KNN (k=5),0.8687390708950357,0.08327110515584243,1000000.0,0.07286852475879195,0.01822235240961028,1000000.0,0.1971876621246338,0.4425,0.4655,0.261,0.0,0.1795
B,93,MissForest (single),0.837022080989876,0.08071258079903151,1000000.0,0.03186891225431554,0.018432590518521322,1000000.0,1.6929900646209717,0.4425,0.4655,0.261,0.0,0.1795
B,93,MI without outcome,0.6180023926165439,0.08815045767117273,60.3502280594758,-0.003614061367878862,0.025695728336242108,140.86058139962697,0.4580557346343994,0.4425,0.4655,0.261,0.0,0.1795
B,93,MI with outcome,0.6093215949934618,0.0880959767034691,61.18839985539341,-0.0043707764472237405,0.02570990600204957,141.8273967420835,0.6817340850830078,0.4425,0.4655,0.261,0.0,0.1795
B,93,MI without auxiliary,0.4600702182291855,0.097773482248381,41.116092798065964,0.2801775635839495,0.02554682235394758,75.24857339062777,0.6079282760620117,0.4425,0.4655,0.261,0.0,0.1795
B,94,Complete-case,0.39201263208763276,0.0965941561860675,1000000.0,0.2829913476711036,0.02817139316318625,1000000.0,0.004729747772216797,0.4585,0.4505,0.237,0.0,0.1685
B,94,Mean imputation,0.4720119204095635,0.0946688285547262,1000000.0,0.2829913476711037,0.015477005827281147,1000000.0,0.007850885391235352,0.4585,0.4505,0.237,0.0,0.1685
B,94,KNN (k=5),0.7253611778565298,0.08096802224446596,1000000.0,0.022374993890056982,0.018421873648480958,1000000.0,0.19602537155151367,0.4585,0.4505,0.237,0.0,0.1685
B,94,MissForest (single),0.7238747365981617,0.08013456465614528,1000000.0,-0.009105376223778244,0.018330565706261792,1000000.0,1.7854547500610352,0.4585,0.4505,0.237,0.0,0.1685
B,94,MI without outcome,0.5716585993396427,0.0752335435131591,543.7403734946132,-0.03990707810002248,0.02410026535406527,354.220388932569,0.5288727283477783,0.4585,0.4505,0.237,0.0,0.1685
B,94,MI with outcome,0.5492198237876127,0.07490271376040152,557.7109808727795,-0.04102508107266348,0.02411814979788307,357.7772277859834,0.7051513195037842,0.4585,0.4505,0.237,0.0,0.1685
B,94,MI without auxiliary,0.3997591552538839,0.0788506428698451,288.8311018060568,0.23221392488811468,0.023794038751707994,170.66326711358602,0.6381106376647949,0.4585,0.4505,0.237,0.0,0.1685
B,95,Complete-case,0.5655819236006008,0.08981258267227413,1000000.0,0.3341306752371835,0.02780271196446434,1000000.0,0.0059697628021240234,0.4755,0.4245,0.246,0.0,0.197
B,95,Mean imputation,0.6021726760101843,0.08691009175192226,1000000.0,0.3341306752371835,0.01599750842435101,1000000.0,0.006273508071899414,0.4755,0.4245,0.246,0.0,0.197
B,95,KNN (k=5),0.8020338820725037,0.07556122692502772,1000000.0,0.060924315011478575,0.019093984071021964,1000000.0,0.15464425086975098,0.4755,0.4245,0.246,0.0,0.197
B,95,MissForest (single),0.8178748673902806,0.07425872581853701,1000000.0,0.02010052601124084,0.019628632838563833,1000000.0,1.6413991451263428,0.4755,0.4245,0.246,0.0,0.197
B,95,MI without outcome,0.6675426176842386,0.07415923889159258,259.5022935469337,0.0070183912300735675,0.027205136606005247,91.75158971483835,0.47144579887390137,0.4755,0.4245,0.246,0.0,0.197
B,95,MI with outcome,0.6674740792042961,0.07489803829421764,232.86429538276818,0.007217518242894652,0.02721629720724247,91.73538273614204,0.5995464324951172,0.4755,0.4245,0.246,0.0,0.197
B,95,MI without auxiliary,0.5091807241081264,0.0807540680576062,99.54686860126002,0.27741403291546585,0.02811223574564928,47.481598869739884,0.5830721855163574,0.4755,0.4245,0.246,0.0,0.197
B,96,Complete-case,0.5578012330994377,0.09006888180660566,1000000.0,0.299939952387196,0.028344965567903963,1000000.0,0.0032482147216796875,0.4615,0.432,0.2335,0.0,0.1905
B,96,Mean imputation,0.6470008809246497,0.0876874630909191,1000000.0,0.299939952387196,0.016096877363512663,1000000.0,0.005067348480224609,0.4615,0.432,0.2335,0.0,0.1905
B,96,KNN (k=5),0.8556188326482262,0.07636270383122225,1000000.0,0.03992212946903382,0.019322221157044236,1000000.0,0.11018204689025879,0.4615,0.432,0.2335,0.0,0.1905
B,96,MissForest (single),0.8538211648666212,0.07524029145146292,1000000.0,0.009311523111684802,0.01943558910701267,1000000.0,1.6548950672149658,0.4615,0.432,0.2335,0.0,0.1905
B,96,MI without outcome,0.659868150271903,0.06958583508575619,1107.2253402637937,-0.017753581727174794,0.025005660396789968,291.21740557448015,0.5874590873718262,0.4615,0.432,0.2335,0.0,0.1905
B,96,MI with outcome,0.6601987596283385,0.06966563827658236,1140.2586300742444,-0.017516554356293557,0.02500549950451208,291.8572895381835,0.6821072101593018,0.4615,0.432,0.2335,0.0,0.1905
B,96,MI without auxiliary,0.5429210307461103,0.07403922588332265,309.09112987475123,0.2500893607109359,0.024703019120962705,136.2530327682773,0.5543408393859863,0.4615,0.432,0.2335,0.0,0.1905
B,97,Complete-case,0.5411671103906958,0.09370905907058064,1000000.0,0.3008398455315573,0.02665839247367128,1000000.0,0.003290891647338867,0.4775,0.416,0.24,0.0,0.191
B,97,Mean imputation,0.6507623511131909,0.09275474813476918,1000000.0,0.30083984553155735,0.015565727097721783,1000000.0,0.005516767501831055,0.4775,0.416,0.24,0.0,0.191
B,97,KNN (k=5),0.8352342723308359,0.0802442385704719,1000000.0,0.0731914806865085,0.018265594900430587,1000000.0,0.09960579872131348,0.4775,0.416,0.24,0.0,0.191
B,97,MissForest (single),0.8293311123773842,0.07988724224174508,1000000.0,0.05600775757005133,0.018216633087093273,1000000.0,1.3906276226043701,0.4775,0.416,0.24,0.0,0.191
B,97,MI without outcome,0.6840403285220875,0.07899376238188678,205.49021460351392,0.018112180143888518,0.023897224769416973,280.6589770552525,0.398348331451416,0.4775,0.416,0.24,0.0,0.191
B,97,MI with outcome,0.6849938849334448,0.07961293894861708,189.31227277077753,0.018584524466606033,0.023885304552542144,281.9498709655592,0.520402193069458,0.4775,0.416,0.24,0.0,0.191
B,97,MI without auxiliary,0.513474275965258,0.08319419290770899,130.2854640062748,0.2549761947400524,0.023418551083095457,145.97793571638164,0.502622127532959,0.4775,0.416,0.24,0.0,0.191
B,98,Complete-case,0.6278222698718608,0.09620428282425923,1000000.0,0.3170294327581504,0.02749632694543558,1000000.0,0.0040683746337890625,0.4785,0.422,0.257,0.0,0.19
B,98,Mean imputation,0.7616186594158916,0.09376923558720593,1000000.0,0.3170294327581505,0.015889974395757504,1000000.0,0.006747007369995117,0.4785,0.422,0.257,0.0,0.19
B,98,KNN (k=5),0.9859928521235456,0.08082301760867112,1000000.0,0.04713309242800618,0.019263781961320323,1000000.0,0.11960625648498535,0.4785,0.422,0.257,0.0,0.19
B,98,MissForest (single),0.9669251620692637,0.07889714205795796,1000000.0,0.0022110168668759513,0.01966256368992808,1000000.0,1.8236935138702393,0.4785,0.422,0.257,0.0,0.19
B,98,MI without outcome,0.7671804422846633,0.07255427000039526,9951.637655734,-0.005603373892982628,0.025280829903559586,173.36175294897458,0.6346323490142822,0.4785,0.422,0.257,0.0,0.19
B,98,MI with outcome,0.7547093674992109,0.07252074321971168,8152.879468250449,-0.006930715415861884,0.025326809657432788,173.70424637087896,0.6788930892944336,0.4785,0.422,0.257,0.0,0.19
B,98,MI without auxiliary,0.5962798787546981,0.07442472495800972,2019.6062406644355,0.25676237125624113,0.025416465294569677,84.28969057759694,0.5327975749969482,0.4785,0.422,0.257,0.0,0.19
B,99,Complete-case,0.32097579488305217,0.09362883850883023,1000000.0,0.29730385982271856,0.02839042908288802,1000000.0,0.003572225570678711,0.4675,0.435,0.2485,0.0,0.1865
B,99,Mean imputation,0.39132158839002557,0.09021214843929172,1000000.0,0.29730385982271856,0.01603750313067869,1000000.0,0.007851362228393555,0.4675,0.435,0.2485,0.0,0.1865
B,99,KNN (k=5),0.6916050029581146,0.07967761610091367,1000000.0,0.04995923306608922,0.018699596785136177,1000000.0,0.12207460403442383,0.4675,0.435,0.2485,0.0,0.1865
B,99,MissForest (single),0.6944282694417718,0.07865922142829458,1000000.0,0.015469749682764157,0.018999423348630775,1000000.0,1.7602736949920654,0.4675,0.435,0.2485,0.0,0.1865
B,99,MI without outcome,0.5270516197990106,0.07314077608519619,378.94891599098173,-0.010704744128198307,0.02349703869103984,1206.2218413712812,0.660391092300415,0.4675,0.435,0.2485,0.0,0.1865
B,99,MI with outcome,0.4841990352855766,0.07304803822283262,352.6408033967393,-0.012399178307869026,0.023566456970049544,1200.5352089820171,0.6996970176696777,0.4675,0.435,0.2485,0.0,0.1865
B,99,MI without auxiliary,0.29557609540793933,0.07625084933980204,254.79517667552906,0.25852452358424943,0.02269100565611646,498.8802971241132,0.6881566047668457,0.4675,0.435,0.2485,0.0,0.1865
B,100,Complete-case,0.46518853195305915,0.09018602197085247,1000000.0,0.37579282498886907,0.028021397027119525,1000000.0,0.0030517578125,0.474,0.4245,0.247,0.0,0.202
B,100,Mean imputation,0.581428720237379,0.08783895320164256,1000000.0,0.375792824988869,0.016123338456204644,1000000.0,0.0067005157470703125,0.474,0.4245,0.247,0.0,0.202
B,100,KNN (k=5),0.8602698103780898,0.07856830750561176,1000000.0,0.12586066972409746,0.018975598173148225,1000000.0,0.10539460182189941,0.474,0.4245,0.247,0.0,0.202
B,100,MissForest (single),0.8032013286976327,0.07667886451426051,1000000.0,0.08768306140590224,0.019172529040723026,1000000.0,1.6420478820800781,0.474,0.4245,0.247,0.0,0.202
B,100,MI without outcome,0.5997362547758905,0.07261635547940797,309.0756908256738,0.047042575826488735,0.025669783277929556,189.16284419343685,0.5276026725769043,0.474,0.4245,0.247,0.0,0.202
B,100,MI with outcome,0.584684475078513,0.07258128664319917,301.64993104416754,0.04451792044722422,0.025748564632514164,188.2402160519723,0.7057793140411377,0.474,0.4245,0.247,0.0,0.202
B,100,MI without auxiliary,0.5043875507126867,0.08037118126148635,121.69410158838812,0.31205678415068966,0.02551431827637535,97.07181338481925,0.6318285465240479,0.474,0.4245,0.247,0.0,0.202
B,101,Complete-case,0.4100685395576311,0.09091685213342098,1000000.0,0.33330685210478217,0.02801116332390096,1000000.0,0.004270792007446289,0.458,0.4385,0.25,0.0,0.1915
B,101,Mean imputation,0.47800444910695256,0.08846484389025361,1000000.0,0.3333068521047821,0.01572519564634457,1000000.0,0.00678563117980957,0.458,0.4385,0.25,0.0,0.1915
B,101,KNN (k=5),0.7124804249177169,0.07498147915267901,1000000.0,0.04290168236531415,0.019133049933633354,1000000.0,0.15398621559143066,0.458,0.4385,0.25,0.0,0.1915
B,101,MissForest (single),0.7088019497429795,0.07372231050315602,1000000.0,0.011118614196185574,0.019467807944841976,1000000.0,1.7203617095947266,0.458,0.4385,0.25,0.0,0.1915
B,101,MI without outcome,0.5862776293296551,0.07158429022437264,350.4324553468334,-0.010005571167153417,0.025725488408297224,167.60139159696627,0.6302177906036377,0.458,0.4385,0.25,0.0,0.1915
B,101,MI with outcome,0.5462438958985444,0.07126586198273759,326.8519642597739,-0.012589357359381057,0.025765218243397336,172.36978669747543,0.7324316501617432,0.458,0.4385,0.25,0.0,0.1915
B,101,MI without auxiliary,0.3859026019191716,0.080102206717163,104.93506900637732,0.2813229363513337,0.02561662424674172,79.60512264230547,0.5191366672515869,0.458,0.4385,0.25,0.0,0.1915
B,102,Complete-case,0.4336719565498686,0.09623637855029007,1000000.0,0.30687248891028085,0.027395286796583204,1000000.0,0.0033206939697265625,0.4635,0.4425,0.248,0.0,0.19
B,102,Mean imputation,0.49929410969480215,0.09382863129373603,1000000.0,0.30687248891028085,0.01526983996839067,1000000.0,0.004115581512451172,0.4635,0.4425,0.248,0.0,0.19
B,102,KNN (k=5),0.737613126917641,0.082311355587519,1000000.0,0.06766684271526807,0.018095234418667634,1000000.0,0.0879673957824707,0.4635,0.4425,0.248,0.0,0.19
B,102,MissForest (single),0.7105367816542872,0.08035161379343235,1000000.0,0.01680190289142773,0.018288680517304173,1000000.0,1.3648953437805176,0.4635,0.4425,0.248,0.0,0.19
B,102,MI without outcome,0.5589239077949372,0.07909842919189078,154.73519255260277,-0.01358321480467278,0.02520982051278227,153.32896825400053,0.5387632846832275,0.4635,0.4425,0.248,0.0,0.19
B,102,MI with outcome,0.5353665424953533,0.07890663551030229,161.10170422592938,-0.015731693219808655,0.02525388324548905,154.37614682392586,0.7636828422546387,0.4635,0.4425,0.248,0.0,0.19
B,102,MI without auxiliary,0.40954791062663665,0.08515718380683107,101.42951230158397,0.25700802971210474,0.0251158167132002,78.923959633852,0.5327167510986328,0.4635,0.4425,0.248,0.0,0.19
B,103,Complete-case,0.3602906967853986,0.09617922072276361,1000000.0,0.2978189870096065,0.027440117115912616,1000000.0,0.004339694976806641,0.438,0.455,0.2495,0.0,0.1925
B,103,Mean imputation,0.393724911398471,0.09319954063842066,1000000.0,0.2978189870096065,0.014951740627285591,1000000.0,0.007325172424316406,0.438,0.455,0.2495,0.0,0.1925
B,103,KNN (k=5),0.6144936478422663,0.08165966154261076,1000000.0,0.06632982327131942,0.017413466463527857,1000000.0,0.1643047332763672,0.438,0.455,0.2495,0.0,0.1925
B,103,MissForest (single),0.5681691477334004,0.08026570937146667,1000000.0,0.037085071165644995,0.01744758982243995,1000000.0,1.672156810760498,0.438,0.455,0.2495,0.0,0.1925
B,103,MI without outcome,0.5159178891382912,0.07452690676272185,457.58258448294237,-0.01333215383612798,0.02519610985650308,128.5334591885434,0.5722963809967041,0.438,0.455,0.2495,0.0,0.1925
B,103,MI with outcome,0.4865265870828332,0.07474286846303456,399.1470208489926,-0.014811792682800879,0.025216363684462315,130.31044014337854,0.6551964282989502,0.438,0.455,0.2495,0.0,0.1925
B,103,MI without auxiliary,0.34048059380673196,0.07716698374633628,371.659104203679,0.2393125210633121,0.02510392527881004,73.76916639716447,0.5769665241241455,0.438,0.455,0.2495,0.0,0.1925
B,104,Complete-case,0.3918247651897148,0.09446453274031866,1000000.0,0.26203121630807846,0.027319630008160737,1000000.0,0.006501674652099609,0.4385,0.4505,0.2475,0.0,0.1955
B,104,Mean imputation,0.4056849941772415,0.09076232368147269,1000000.0,0.2620312163080785,0.01500905796125157,1000000.0,0.007103919982910156,0.4385,0.4505,0.2475,0.0,0.1955
B,104,KNN (k=5),0.6528002593801683,0.08037261833932459,1000000.0,0.047843747023295496,0.01744976083459569,1000000.0,0.19008827209472656,0.4385,0.4505,0.2475,0.0,0.1955
B,104,MissForest (single),0.6931047034111323,0.07840527096110193,1000000.0,-0.0009247928812123209,0.017648398217630357,1000000.0,1.6888282299041748,0.4385,0.4505,0.2475,0.0,0.1955
B,104,MI without outcome,0.5477125192412782,0.07729492697498296,157.44693730899417,-0.06107022340614129,0.023505013521789016,421.63201279054095,0.567429780960083,0.4385,0.4505,0.2475,0.0,0.1955
B,104,MI with outcome,0.519142621025346,0.07745135834260872,148.06159915989628,-0.062152915730424474,0.023552027262565754,415.8138089934904,0.6462502479553223,0.4385,0.4505,0.2475,0.0,0.1955
B,104,MI without auxiliary,0.34063881814664565,0.08252188368948749,98.64780400475695,0.20505914141488013,0.0228943803511042,201.80367372045004,0.5859191417694092,0.4385,0.4505,0.2475,0.0,0.1955
B,105,Complete-case,0.34000930894784687,0.09749284853593211,1000000.0,0.333545040314164,0.027118108242675135,1000000.0,0.004539012908935547,0.468,0.4335,0.243,0.0,0.191
B,105,Mean imputation,0.38745703583923363,0.09255625776500166,1000000.0,0.33354504031416404,0.015359467642844491,1000000.0,0.006753444671630859,0.468,0.4335,0.243,0.0,0.191
B,105,KNN (k=5),0.6297947144267921,0.08097490522353669,1000000.0,0.09765257608662102,0.0179835970065798,1000000.0,0.17896151542663574,0.468,0.4335,0.243,0.0,0.191
B,105,MissForest (single),0.6551387743850984,0.08010989925504487,1000000.0,0.058017296474642446,0.018211997287168366,1000000.0,1.6570992469787598,0.468,0.4335,0.243,0.0,0.191
B,105,MI without outcome,0.5425872759549545,0.0753331481528069,395.46742027666374,0.0125621018388989,0.024011795834235048,316.66473618105744,0.5844907760620117,0.468,0.4335,0.243,0.0,0.191
B,105,MI with outcome,0.48546848161161904,0.0744108690158579,444.79105725301594,0.009489293969109167,0.024117665978406574,320.88236137364913,0.6539416313171387,0.468,0.4335,0.243,0.0,0.191
B,105,MI without auxiliary,0.30974664915281885,0.08047605865669841,192.6214131992072,0.29027233638715993,0.02365323766393847,136.50030054258423,0.6375668048858643,0.468,0.4335,0.243,0.0,0.191
B,106,Complete-case,0.36319486596913336,0.09309341490210847,1000000.0,0.31775390567850054,0.02697400998086895,1000000.0,0.005423069000244141,0.4615,0.4315,0.251,0.0,0.1885
B,106,Mean imputation,0.46286490161400823,0.09106452541308446,1000000.0,0.3177539056785006,0.015331813120755333,1000000.0,0.008645296096801758,0.4615,0.4315,0.251,0.0,0.1885
B,106,KNN (k=5),0.7425185568249761,0.08024782348750094,1000000.0,0.07812750922437732,0.017843436086875615,1000000.0,0.18793630599975586,0.4615,0.4315,0.251,0.0,0.1885
B,106,MissForest (single),0.7420034649215104,0.07932103682852187,1000000.0,0.044466890953124644,0.018073573764954144,1000000.0,1.8909766674041748,0.4615,0.4315,0.251,0.0,0.1885
B,106,MI without outcome,0.5760921121635805,0.07303787702048353,617.3826984663127,0.012816279630601285,0.02491238580286825,160.5688072698155,0.742011547088623,0.4615,0.4315,0.251,0.0,0.1885
B,106,MI with outcome,0.5560894481060176,0.07295646768304884,597.0432999697798,0.011875908866011359,0.024931850625816657,162.07069548521903,0.5787684917449951,0.4615,0.4315,0.251,0.0,0.1885
B,106,MI without auxiliary,0.3672571314465129,0.07464632844194534,510.93480115100334,0.27659448112597895,0.02483899381648711,82.59754098049439,0.5558891296386719,0.4615,0.4315,0.251,0.0,0.1885
B,107,Complete-case,0.5602720990750776,0.0955284741477852,1000000.0,0.299476590425434,0.02693271558723135,1000000.0,0.004973888397216797,0.457,0.4405,0.2525,0.0,0.1855
B,107,Mean imputation,0.6260429649238604,0.0940439467746978,1000000.0,0.29947659042543406,0.015065886629785913,1000000.0,0.010135889053344727,0.457,0.4405,0.2525,0.0,0.1855
B,107,KNN (k=5),0.8894572291190674,0.0818631377183725,1000000.0,0.05553890612212715,0.017844743722986896,1000000.0,0.15526485443115234,0.457,0.4405,0.2525,0.0,0.1855
B,107,MissForest (single),0.844132580291707,0.07903990623723708,1000000.0,0.018842308521087623,0.018207688978497068,1000000.0,1.773040771484375,0.457,0.4405,0.2525,0.0,0.1855
B,107,MI without outcome,0.6836279784524274,0.07245705383199771,2812.2053862217967,-0.005830429361446109,0.02317196947402803,432.76498509256334,0.5531816482543945,0.457,0.4405,0.2525,0.0,0.1855
B,107,MI with outcome,0.6676197644060353,0.07228986464131196,2693.52371947328,-0.00744411857032035,0.023225607870160214,428.55360574104816,0.6121141910552979,0.457,0.4405,0.2525,0.0,0.1855
B,107,MI without auxiliary,0.522900970598932,0.07565771679255268,924.0410233372954,0.25334355200527814,0.022507289079036583,211.63935916592547,0.5725419521331787,0.457,0.4405,0.2525,0.0,0.1855
B,108,Complete-case,0.4295213992137909,0.09080482099249888,1000000.0,0.3582268512148799,0.02769873323054512,1000000.0,0.005079507827758789,0.475,0.433,0.256,0.0,0.185
B,108,Mean imputation,0.5170666827192884,0.09073797435721843,1000000.0,0.35822685121487996,0.01570218156734002,1000000.0,0.0075283050537109375,0.475,0.433,0.256,0.0,0.185
B,108,KNN (k=5),0.6505989228314858,0.07961358088192877,1000000.0,0.11949042475468892,0.018537368271258913,1000000.0,0.1573030948638916,0.475,0.433,0.256,0.0,0.185
B,108,MissForest (single),0.7037363868383281,0.07843339835289569,1000000.0,0.08046010451602402,0.018661312544137578,1000000.0,1.8983237743377686,0.475,0.433,0.256,0.0,0.185
B,108,MI without outcome,0.592930637429595,0.07955847573829836,141.22110658062934,0.042907452317341124,0.02556578911449418,147.18430032711436,0.7719759941101074,0.475,0.433,0.256,0.0,0.185
B,108,MI with outcome,0.5626930292509043,0.07949727648359256,134.42956385867097,0.03958923900668308,0.025637174160512966,147.55712421574168,0.7488284111022949,0.475,0.433,0.256,0.0,0.185
B,108,MI without auxiliary,0.45560489111842317,0.08907961930916447,64.79869857621969,0.3079024529111073,0.025755981427541312,75.5074466923734,0.5433862209320068,0.475,0.433,0.256,0.0,0.185
B,109,Complete-case,0.6049460501605681,0.09835819216361515,1000000.0,0.2830893580547079,0.027382411679840426,1000000.0,0.003952741622924805,0.463,0.4345,0.25,0.0,0.193
B,109,Mean imputation,0.664010941121264,0.09239187047561985,1000000.0,0.2830893580547079,0.015481777616516316,1000000.0,0.006647825241088867,0.463,0.4345,0.25,0.0,0.193
B,109,KNN (k=5),0.9146985468174053,0.08211785220296636,1000000.0,0.029920772107023954,0.018577322214116766,1000000.0,0.15376973152160645,0.463,0.4345,0.25,0.0,0.193
B,109,MissForest (single),0.9340138849734448,0.08242233038173262,1000000.0,0.018038545189705078,0.01849481857050207,1000000.0,1.9339966773986816,0.463,0.4345,0.25,0.0,0.193
B,109,MI without outcome,0.6895188532970015,0.08689624246118458,75.62101760413556,-0.014659363193183885,0.026361379174205904,93.66673199363848,0.6763677597045898,0.463,0.4345,0.25,0.0,0.193
B,109,MI with outcome,0.6980918105968191,0.08799744648006236,71.44026729994587,-0.014000510599630683,0.02635505308456722,93.40057224020904,0.8012855052947998,0.463,0.4345,0.25,0.0,0.193
B,109,MI without auxiliary,0.567111028744576,0.09988059716525864,38.59645398493312,0.23460352831899164,0.026925886109963087,51.34703438044377,0.6676194667816162,0.463,0.4345,0.25,0.0,0.193
B,110,Complete-case,0.4847398093600957,0.09095618854657506,1000000.0,0.328821198671699,0.028018379958083536,1000000.0,0.004417896270751953,0.4685,0.431,0.2485,0.0,0.199
B,110,Mean imputation,0.5564555005986491,0.08740726931788306,1000000.0,0.328821198671699,0.015939437419275313,1000000.0,0.009557723999023438,0.4685,0.431,0.2485,0.0,0.199
B,110,KNN (k=5),0.7725307525674945,0.07459458080389757,1000000.0,0.055218547608178056,0.019016693742787808,1000000.0,0.14740848541259766,0.4685,0.431,0.2485,0.0,0.199
B,110,MissForest (single),0.7783392360502488,0.07383160753898015,1000000.0,0.030287253920708163,0.019330410655158586,1000000.0,1.481337070465088,0.4685,0.431,0.2485,0.0,0.199
B,110,MI without outcome,0.6147684786192611,0.0714824600511106,361.37736544576876,-0.0023272695322714204,0.027332064635003463,92.15454945513659,0.5902550220489502,0.4685,0.431,0.2485,0.0,0.199
B,110,MI with outcome,0.6018695661507714,0.07151181305089073,344.41007945143633,-0.0030107027884960446,0.02736552107931887,91.9191973913002,0.6069362163543701,0.4685,0.431,0.2485,0.0,0.199
B,110,MI without auxiliary,0.4877974089097471,0.07694892671677141,175.74880130086035,0.27621347289924436,0.027976559373411942,47.44378352011496,0.5350260734558105,0.4685,0.431,0.2485,0.0,0.199
B,111,Complete-case,0.48376154757840384,0.09576855779078329,1000000.0,0.29369938124584916,0.0276707590218863,1000000.0,0.008858203887939453,0.445,0.4405,0.2505,0.0,0.1805
B,111,Mean imputation,0.5309007912784437,0.09323004424061083,1000000.0,0.29369938124584916,0.01547874060577491,1000000.0,0.008245229721069336,0.445,0.4405,0.2505,0.0,0.1805
B,111,KNN (k=5),0.6734776004273375,0.08249851683225544,1000000.0,0.07266791178642296,0.017739818307338673,1000000.0,0.19396758079528809,0.445,0.4405,0.2505,0.0,0.1805
B,111,MissForest (single),0.7403948375882754,0.08148777644317197,1000000.0,0.03908971085612863,0.017938825131617382,1000000.0,2.061504364013672,0.445,0.4405,0.2505,0.0,0.1805
B,111,MI without outcome,0.5904407730971781,0.07371936011329497,1018.9666562570121,0.0029361787708699775,0.023302434911214195,487.07188194670067,0.6956174373626709,0.445,0.4405,0.2505,0.0,0.1805
B,111,MI with outcome,0.5824722179609567,0.07384605921000345,1078.7553251850134,0.0028683686006312223,0.02330870995976051,488.15718639720836,0.7837660312652588,0.445,0.4405,0.2505,0.0,0.1805
B,111,MI without auxiliary,0.4573795213506709,0.0753339483351932,893.3478439007547,0.2467048098999765,0.022870813308843004,255.91211191871014,0.6478877067565918,0.445,0.4405,0.2505,0.0,0.1805
B,112,Complete-case,0.5075659022462764,0.09138826185389314,1000000.0,0.33251558773514556,0.026989699895054634,1000000.0,0.003409147262573242,0.467,0.4275,0.2335,0.0,0.1955
B,112,Mean imputation,0.631376619833028,0.08994169588290718,1000000.0,0.33251558773514556,0.015448716953195867,1000000.0,0.005987405776977539,0.467,0.4275,0.2335,0.0,0.1955
B,112,KNN (k=5),0.8503252543880381,0.08020994014501964,1000000.0,0.13135869709363,0.0177114353114387,1000000.0,0.12129592895507812,0.467,0.4275,0.2335,0.0,0.1955
B,112,MissForest (single),0.8636959767826987,0.07820533235267411,1000000.0,0.07848723280467218,0.018048196903604662,1000000.0,1.7421362400054932,0.467,0.4275,0.2335,0.0,0.1955
B,112,MI without outcome,0.6647114107902673,0.07516985791041571,325.9042763877097,0.047397781679807086,0.023848700888381775,230.77430798732684,0.45129919052124023,0.467,0.4275,0.2335,0.0,0.1955
B,112,MI with outcome,0.6555540494871279,0.0759417663815948,269.98616261661175,0.047022646149938264,0.023867635279438207,231.46206778386312,0.53507399559021,0.467,0.4275,0.2335,0.0,0.1955
B,112,MI without auxiliary,0.5191160249811742,0.08307250123533304,101.60928636577775,0.2815425039166458,0.02369391982883105,126.5623473298589,0.4984567165374756,0.467,0.4275,0.2335,0.0,0.1955
B,113,Complete-case,0.4608383444719364,0.09697491181392434,1000000.0,0.34793967398197995,0.027224335316223713,1000000.0,0.005716800689697266,0.459,0.433,0.2615,0.0,0.183
B,113,Mean imputation,0.576328243158018,0.09519151583043868,1000000.0,0.34793967398197995,0.015433249334091625,1000000.0,0.005807399749755859,0.459,0.433,0.2615,0.0,0.183
B,113,KNN (k=5),0.8393722042610839,0.08441431222720891,1000000.0,0.10310171601451569,0.01820526073544776,1000000.0,0.1136016845703125,0.459,0.433,0.2615,0.0,0.183
B,113,MissForest (single),0.8378942028449373,0.08194914821553383,1000000.0,0.055799951792886,0.01865680204834736,1000000.0,1.751436471939087,0.459,0.433,0.2615,0.0,0.183
B,113,MI without outcome,0.6334820061089783,0.07851081295859336,341.13048765677974,0.029282345013109095,0.022925014067372813,1031.8176254974799,0.5279412269592285,0.459,0.433,0.2615,0.0,0.183
B,113,MI with outcome,0.6335079363015109,0.07910992843783159,323.1224144553775,0.029372047967589077,0.022935009146471924,1028.6371742852782,0.6059784889221191,0.459,0.433,0.2615,0.0,0.183
B,113,MI without auxiliary,0.451744255730977,0.08422971853065563,153.94953014085576,0.2920239076668895,0.02189209733803526,571.1719585414953,0.625178337097168,0.459,0.433,0.2615,0.0,0.183
B,114,Complete-case,0.4879923085622847,0.0930925047076912,1000000.0,0.2989122897275855,0.028555964909821534,1000000.0,0.0049076080322265625,0.4495,0.4455,0.249,0.0,0.1795
B,114,Mean imputation,0.5310818446639649,0.09107652961814072,1000000.0,0.29891228972758543,0.015831100211110224,1000000.0,0.007377147674560547,0.4495,0.4455,0.249,0.0,0.1795
B,114,KNN (k=5),0.863930448413794,0.07844905988056114,1000000.0,0.008069133771520956,0.0192891836551528,1000000.0,0.18495988845825195,0.4495,0.4455,0.249,0.0,0.1795
B,114,MissForest (single),0.8123828190193965,0.0769055914414448,1000000.0,-0.025792312767369083,0.019508826342717753,1000000.0,1.8358581066131592,0.4495,0.4455,0.249,0.0,0.1795
B,114,MI without outcome,0.6451961516587782,0.0786438130459901,152.18724345946833,-0.05232057468034686,0.024879156046757445,327.74614014875453,0.5546178817749023,0.4495,0.4455,0.249,0.0,0.1795
B,114,MI with outcome,0.6304506396479178,0.07864131571131304,148.52190169666906,-0.05276819605167794,0.024901895329487857,327.1328499002739,0.6525895595550537,0.4495,0.4455,0.249,0.0,0.1795
B,114,MI without auxiliary,0.4736298612316496,0.08844348379246425,65.66863380162692,0.24239135457408656,0.02442603372131875,142.14458439854943,0.6098549365997314,0.4495,0.4455,0.249,0.0,0.1795
B,115,Complete-case,0.4085456807450607,0.08167329550883354,1000000.0,0.3626084945962932,0.02871627562423331,1000000.0,0.002957582473754883,0.49,0.4105,0.235,0.0,0.207
B,115,Mean imputation,0.4699529735157453,0.08058819071377807,1000000.0,0.3626084945962932,0.016925295741637484,1000000.0,0.005228996276855469,0.49,0.4105,0.235,0.0,0.207
B,115,KNN (k=5),0.6985725391627025,0.07155581181257802,1000000.0,0.12151576976793274,0.019501387743076703,1000000.0,0.10209822654724121,0.49,0.4105,0.235,0.0,0.207
B,115,MissForest (single),0.6669409112552385,0.06961909026416715,1000000.0,0.07441210346341177,0.020063024711114655,1000000.0,1.7920010089874268,0.49,0.4105,0.235,0.0,0.207
B,115,MI without outcome,0.5486288913318995,0.06780624162279818,286.124262444398,0.038245972472461115,0.025546582642577517,383.11033984429065,0.6102120876312256,0.49,0.4105,0.235,0.0,0.207
B,115,MI with outcome,0.529955626799149,0.06777559351152788,276.5027042117651,0.036703790864767286,0.025580942528683703,384.9881722076541,0.7744314670562744,0.49,0.4105,0.235,0.0,0.207
B,115,MI without auxiliary,0.4196902139781603,0.07340381235107248,146.0275609866102,0.3146753738863809,0.02509555846786329,171.30472896450144,0.6153161525726318,0.49,0.4105,0.235,0.0,0.207
B,116,Complete-case,0.5596235431824564,0.09467746318205819,1000000.0,0.3221252124554552,0.027160267291607806,1000000.0,0.007188081741333008,0.4655,0.4295,0.2495,0.0,0.1895
B,116,Mean imputation,0.6695356058597906,0.09039911801669388,1000000.0,0.3221252124554553,0.01549201442249449,1000000.0,0.007610797882080078,0.4655,0.4295,0.2495,0.0,0.1895
B,116,KNN (k=5),0.9326776827548742,0.07895571652512375,1000000.0,0.07920314564727286,0.018374611851074946,1000000.0,0.19922566413879395,0.4655,0.4295,0.2495,0.0,0.1895
B,116,MissForest (single),0.9077943913745803,0.07685547595389362,1000000.0,0.03788389805484976,0.018545796745110844,1000000.0,1.6883773803710938,0.4655,0.4295,0.2495,0.0,0.1895
B,116,MI without outcome,0.6801313716857219,0.07142762299345284,1071.5583348999805,0.009073677765407198,0.024531026218003314,206.9113633699823,0.6152915954589844,0.4655,0.4295,0.2495,0.0,0.1895
B,116,MI with outcome,0.6611939614073352,0.0711477066742464,1045.7158189916684,0.007755718073998649,0.02457407700931014,207.2592079165286,0.6447262763977051,0.4655,0.4295,0.2495,0.0,0.1895
B,116,MI without auxiliary,0.5262128453032798,0.0781954488721513,218.76176079454837,0.27599163546424,0.024253852426991337,102.07762393992134,0.5550377368927002,0.4655,0.4295,0.2495,0.0,0.1895
B,117,Complete-case,0.5990098951426004,0.0922853417298868,1000000.0,0.3038808094909992,0.028411688684412698,1000000.0,0.007248401641845703,0.4825,0.42,0.237,0.0,0.1985
B,117,Mean imputation,0.6703555392132549,0.08917736877672838,1000000.0,0.3038808094909992,0.016475794446934953,1000000.0,0.012711524963378906,0.4825,0.42,0.237,0.0,0.1985
B,117,KNN (k=5),0.8999806538453041,0.07843728275081875,1000000.0,0.035428539315984095,0.0198204463625103,1000000.0,0.1373739242553711,0.4825,0.42,0.237,0.0,0.1985
B,117,MissForest (single),0.8556942529436562,0.07680970325366873,1000000.0,0.0048429817965976625,0.020107704685860286,1000000.0,1.7478001117706299,0.4825,0.42,0.237,0.0,0.1985
B,117,MI without outcome,0.6761593612155639,0.07528415732138176,233.42478088575203,-0.013449402318392844,0.023716665409352567,1957.8317265654964,0.5694971084594727,0.4825,0.42,0.237,0.0,0.1985
B,117,MI with outcome,0.6740134357242413,0.07590193434676239,214.93906210316914,-0.013410232424934962,0.023710259227723556,2015.3074390179968,0.681896448135376,0.4825,0.42,0.237,0.0,0.1985
B,117,MI without auxiliary,0.5627483136535568,0.07678356520940892,258.417947274742,0.24497840261077464,0.022814727073284993,754.9611770703716,0.6323459148406982,0.4825,0.42,0.237,0.0,0.1985
B,118,Complete-case,0.4277307632843645,0.09118785706241683,1000000.0,0.34683018116463,0.027672013509866797,1000000.0,0.00867605209350586,0.4575,0.4445,0.2385,0.0,0.193
B,118,Mean imputation,0.5068099523731217,0.09160637315618805,1000000.0,0.34683018116463,0.015368726605990432,1000000.0,0.008175373077392578,0.4575,0.4445,0.2385,0.0,0.193
B,118,KNN (k=5),0.7589691635523227,0.07948817287247231,1000000.0,0.1102451945725468,0.01845220873893462,1000000.0,0.12236666679382324,0.4575,0.4445,0.2385,0.0,0.193
B,118,MissForest (single),0.7817456683483935,0.07814673803656234,1000000.0,0.0667798121166729,0.018678087466881828,1000000.0,1.6594715118408203,0.4575,0.4445,0.2385,0.0,0.193
B,118,MI without outcome,0.5888854059475817,0.07152609241275362,861.4163732132132,0.04236284936404107,0.025697708074555507,124.00092461587262,0.6104245185852051,0.4575,0.4445,0.2385,0.0,0.193
B,118,MI with outcome,0.5738486478676751,0.07152984807415166,828.0347850055302,0.04188853556786089,0.02568830780893217,126.40515247122853,0.7599513530731201,0.4575,0.4445,0.2385,0.0,0.193
B,118,MI without auxiliary,0.4094402525377939,0.07398521458861027,599.4350315410479,0.29509401280761516,0.025610782697341527,71.8983753551798,0.6508803367614746,0.4575,0.4445,0.2385,0.0,0.193
B,119,Complete-case,0.4159428509921632,0.09088417943027716,1000000.0,0.305509033785757,0.028421632296909024,1000000.0,0.004200458526611328,0.4645,0.4335,0.246,0.0,0.1885
B,119,Mean imputation,0.5256932076353726,0.08888595583092582,1000000.0,0.305509033785757,0.016097772665949594,1000000.0,0.006695747375488281,0.4645,0.4335,0.246,0.0,0.1885
B,119,KNN (k=5),0.7859298811865839,0.0768392896029032,1000000.0,0.024405310566962296,0.019474495884613443,1000000.0,0.16937756538391113,0.4645,0.4335,0.246,0.0,0.1885
B,119,MissForest (single),0.7711201136861063,0.07613703267749145,1000000.0,0.00613238432527869,0.01957141499189903,1000000.0,1.794978380203247,0.4645,0.4335,0.246,0.0,0.1885
B,119,MI without outcome,0.6125836839518352,0.07033237490178083,1173.580984576724,-0.01777988048857871,0.024262998429221975,583.8386620981373,0.5958278179168701,0.4645,0.4335,0.246,0.0,0.1885
B,119,MI with outcome,0.602895669955812,0.07092088782765521,941.125987915597,-0.018280284980859172,0.024279154368738842,582.587591367353,0.679004430770874,0.4645,0.4335,0.246,0.0,0.1885
B,119,MI without auxiliary,0.4444686036016658,0.07544984399637429,280.0408900383299,0.25688952069119225,0.02369039016924878,255.5708393331584,0.5867891311645508,0.4645,0.4335,0.246,0.0,0.1885
B,120,Complete-case,0.4117646709142139,0.10087399641758674,1000000.0,0.3381912240109159,0.027664748060913586,1000000.0,0.007447957992553711,0.4565,0.4305,0.248,0.0,0.181
B,120,Mean imputation,0.39259210128195243,0.09091350667012697,1000000.0,0.3381912240109159,0.015752094831052842,1000000.0,0.007688045501708984,0.4565,0.4305,0.248,0.0,0.181
B,120,KNN (k=5),0.6865523930872784,0.07861344143740344,1000000.0,0.08030991892125469,0.019136808511685224,1000000.0,0.13032889366149902,0.4565,0.4305,0.248,0.0,0.181
B,120,MissForest (single),0.6562141994662098,0.0770310177926268,1000000.0,0.046032525036979494,0.019515701187185815,1000000.0,1.7666544914245605,0.4565,0.4305,0.248,0.0,0.181
B,120,MI without outcome,0.5135988302854338,0.07054698036675403,1936.1637768449868,0.031717300505110464,0.02520433518634047,183.71541371974507,0.5635688304901123,0.4565,0.4305,0.248,0.0,0.181
B,120,MI with outcome,0.4678342974570489,0.0702782523072034,1759.2613088109933,0.03039943219662955,0.025209175158194593,188.6599779992962,0.7458162307739258,0.4565,0.4305,0.248,0.0,0.181
B,120,MI without auxiliary,0.34365853305823685,0.07351276911160622,976.7334504997532,0.2878063923691786,0.025417438448849722,90.32199990320763,0.630256175994873,0.4565,0.4305,0.248,0.0,0.181
B,121,Complete-case,0.38543908019655854,0.08626286535057842,1000000.0,0.30605849643672295,0.027920002306888684,1000000.0,0.004702091217041016,0.4825,0.4255,0.235,0.0,0.1995
B,121,Mean imputation,0.48965555473908995,0.08640781927049199,1000000.0,0.30605849643672295,0.016037069574034796,1000000.0,0.007553815841674805,0.4825,0.4255,0.235,0.0,0.1995
B,121,KNN (k=5),0.6977255666896809,0.07450024153007556,1000000.0,0.04564054097935204,0.01907966850225794,1000000.0,0.16938304901123047,0.4825,0.4255,0.235,0.0,0.1995
B,121,MissForest (single),0.7287092241634378,0.07303316881503054,1000000.0,-0.0012226136549657247,0.01976089292826185,1000000.0,1.7222645282745361,0.4825,0.4255,0.235,0.0,0.1995
B,121,MI without outcome,0.5907189591996476,0.07074462112484799,442.0640163741236,-0.027142472058001837,0.02540931057689413,198.67740362465548,0.6648838520050049,0.4825,0.4255,0.235,0.0,0.1995
B,121,MI with outcome,0.563185892682309,0.0703587289389929,433.72477101341667,-0.02873947773717119,0.02544899308132561,198.93193146433754,0.7601065635681152,0.4825,0.4255,0.235,0.0,0.1995
B,121,MI without auxiliary,0.40234583196339074,0.07566646819452541,177.26455724005513,0.2523517704473713,0.02550835872237469,95.797753792426,0.656557559967041,0.4825,0.4255,0.235,0.0,0.1995
B,122,Complete-case,0.4045596337722857,0.09043191489158323,1000000.0,0.30141940155272867,0.0286155862414547,1000000.0,0.005857944488525391,0.464,0.425,0.2655,0.0,0.186
B,122,Mean imputation,0.49566649222967585,0.08633102649879426,1000000.0,0.3014194015527287,0.016450919880594602,1000000.0,0.006232023239135742,0.464,0.425,0.2655,0.0,0.186
B,122,KNN (k=5),0.7356867091455458,0.07492689985530435,1000000.0,0.04254710426200798,0.019355262328186663,1000000.0,0.17116451263427734,0.464,0.425,0.2655,0.0,0.186
B,122,MissForest (single),0.7596145823097097,0.07393440856320399,1000000.0,0.007231360497315571,0.019587898605533338,1000000.0,1.6271579265594482,0.464,0.425,0.2655,0.0,0.186
B,122,MI without outcome,0.5647098514245614,0.07282180088822918,242.87589772453532,-0.01126752073596593,0.028409780249629216,71.16045324636849,0.5240321159362793,0.464,0.425,0.2655,0.0,0.186
B,122,MI with outcome,0.5398214436403401,0.07308325753950377,212.58932434742184,-0.012272981223308315,0.028453765559757784,71.12454362374265,0.6305179595947266,0.464,0.425,0.2655,0.0,0.186
B,122,MI without auxiliary,0.3930352985775611,0.07779645689691742,121.8752547005466,0.25086200222798266,0.02973453517973838,40.92507136329521,0.5657622814178467,0.464,0.425,0.2655,0.0,0.186
B,123,Complete-case,0.19063273888350604,0.084899230635793,1000000.0,0.2739224168993638,0.028196831719189956,1000000.0,0.006702423095703125,0.4655,0.424,0.247,0.0,0.1885
B,123,Mean imputation,0.22136970071471335,0.08452027841627115,1000000.0,0.2739224168993638,0.01623838443556857,1000000.0,0.006501913070678711,0.4655,0.424,0.247,0.0,0.1885
B,123,KNN (k=5),0.508603246687186,0.07206799082856366,1000000.0,-0.013356238468784212,0.01966364357689815,1000000.0,0.16335749626159668,0.4655,0.424,0.247,0.0,0.1885
B,123,MissForest (single),0.5266363242386543,0.07156877462851947,1000000.0,-0.04071366502483948,0.01972815993196692,1000000.0,1.7365472316741943,0.4655,0.424,0.247,0.0,0.1885
B,123,MI without outcome,0.4805552168900921,0.0665922185828918,1308.1666251779902,-0.06780584925787746,0.02572669615152527,227.37117494067138,0.6517384052276611,0.4655,0.424,0.247,0.0,0.1885
B,123,MI with outcome,0.42742340395058226,0.06612164884157619,1249.5334097600094,-0.06890000863704053,0.025690421187276546,238.54653580990635,0.7549412250518799,0.4655,0.424,0.247,0.0,0.1885
B,123,MI without auxiliary,0.19611479925701242,0.07083347021975955,418.3637601819293,0.23502296996194927,0.025493374254151723,102.20695878016627,0.6601002216339111,0.4655,0.424,0.247,0.0,0.1885
B,124,Complete-case,0.446769965810412,0.08893625827775255,1000000.0,0.32898848284516546,0.027961772627314606,1000000.0,0.0030379295349121094,0.4645,0.424,0.256,0.0,0.1855
B,124,Mean imputation,0.5228157887358234,0.08657813003758648,1000000.0,0.3289884828451654,0.01610301532967183,1000000.0,0.004324913024902344,0.4645,0.424,0.256,0.0,0.1855
B,124,KNN (k=5),0.7789082921074005,0.07686767029046866,1000000.0,0.07542503102622061,0.019016300906999233,1000000.0,0.09624147415161133,0.4645,0.424,0.256,0.0,0.1855
B,124,MissForest (single),0.7671617398356212,0.074183401203607,1000000.0,0.025385071363113847,0.019807607903237098,1000000.0,1.5480296611785889,0.4645,0.424,0.256,0.0,0.1855
B,124,MI without outcome,0.5713518255810865,0.07071526789330812,463.462577045373,0.003323662923854847,0.024099079546823467,785.0636955400597,0.6612133979797363,0.4645,0.424,0.256,0.0,0.1855
B,124,MI with outcome,0.5721329204875794,0.07107208591229516,445.13289979211584,0.003582382012899213,0.024112087636644713,780.527296370757,0.7086586952209473,0.4645,0.424,0.256,0.0,0.1855
B,124,MI without auxiliary,0.41209151620917445,0.07304627685401485,366.26454021205774,0.27354070207404463,0.023426775357478426,305.62901313289774,0.6352009773254395,0.4645,0.424,0.256,0.0,0.1855
B,125,Complete-case,0.3322574106387539,0.09248698277235341,1000000.0,0.32263786088953456,0.028185889193795458,1000000.0,0.0034949779510498047,0.4455,0.4375,0.271,0.0,0.1965
B,125,Mean imputation,0.4615683930059542,0.08778324917722477,1000000.0,0.3226378608895345,0.015851477997614397,1000000.0,0.006121397018432617,0.4455,0.4375,0.271,0.0,0.1965
B,125,KNN (k=5),0.7148061700635732,0.0774072596942355,1000000.0,0.07900430506694701,0.018740254162699335,1000000.0,0.11139273643493652,0.4455,0.4375,0.271,0.0,0.1965
B,125,MissForest (single),0.701033560540268,0.07654149025197898,1000000.0,0.05089807199682609,0.01862084128079362,1000000.0,1.7148032188415527,0.4455,0.4375,0.271,0.0,0.1965
B,125,MI without outcome,0.5733974490301897,0.07516075021254483,179.9328551190899,0.018713674705270987,0.028644549793647098,58.240789667745354,0.4022846221923828,0.4455,0.4375,0.271,0.0,0.1965
B,125,MI with outcome,0.5648939511036803,0.07529381210373325,178.7477938233257,0.01904553323982708,0.028642192547390137,58.387721866106794,0.4079277515411377,0.4455,0.4375,0.271,0.0,0.1965
B,125,MI without auxiliary,0.4061816008125668,0.07848635086189593,132.4142118242833,0.2699232149775135,0.029602195081865595,37.26173534226386,0.3957502841949463,0.4455,0.4375,0.271,0.0,0.1965
B,126,Complete-case,0.6194708193909786,0.09226153105719719,1000000.0,0.29094324293583557,0.0267696166097165,1000000.0,0.006051301956176758,0.4865,0.411,0.249,0.0,0.1945
B,126,Mean imputation,0.6503793560942828,0.08977760260737809,1000000.0,0.29094324293583557,0.01576455198884058,1000000.0,0.005174160003662109,0.4865,0.411,0.249,0.0,0.1945
B,126,KNN (k=5),0.797210696550964,0.07950371271540871,1000000.0,0.06497930219658721,0.01825048471664392,1000000.0,0.10258030891418457,0.4865,0.411,0.249,0.0,0.1945
B,126,MissForest (single),0.8337425796747757,0.07872236979511969,1000000.0,0.03896696267854691,0.018130785714683215,1000000.0,1.7530403137207031,0.4865,0.411,0.249,0.0,0.1945
B,126,MI without outcome,0.6523437646868995,0.07604519942203891,244.07786717390272,-0.0059260619671951485,0.026355289337671423,94.24056513457063,0.6573903560638428,0.4865,0.411,0.249,0.0,0.1945
B,126,MI with outcome,0.6366194849624229,0.07666733338820812,212.7471404828476,-0.00823442781870011,0.026394879805818193,95.37953127193735,0.7285022735595703,0.4865,0.411,0.249,0.0,0.1945
B,126,MI without auxiliary,0.5561506686260421,0.08081473041576404,164.03693209760385,0.23792449420561831,0.026702619351056094,53.30154761848632,0.523078203201294,0.4865,0.411,0.249,0.0,0.1945
B,127,Complete-case,0.5439668210139862,0.0936300646314392,1000000.0,0.32581265047043423,0.028378496970465773,1000000.0,0.003683805465698242,0.4565,0.436,0.2475,0.0,0.185
B,127,Mean imputation,0.6343344278389017,0.09005527756727608,1000000.0,0.32581265047043423,0.016002377188509057,1000000.0,0.0060672760009765625,0.4565,0.436,0.2475,0.0,0.185
B,127,KNN (k=5),0.9197684900956876,0.0778231567959905,1000000.0,0.04104255893090864,0.019269249514487576,1000000.0,0.1171715259552002,0.4565,0.436,0.2475,0.0,0.185
B,127,MissForest (single),0.9042201732632581,0.07708911029948906,1000000.0,0.030210196360792026,0.019119184162999098,1000000.0,1.8731918334960938,0.4565,0.436,0.2475,0.0,0.185
B,127,MI without outcome,0.6838757810017702,0.07186116093274365,832.8727532777075,-0.00860685861393252,0.026486385441912588,132.8333716945276,0.5936970710754395,0.4565,0.436,0.2475,0.0,0.185
B,127,MI with outcome,0.6798439563778282,0.07184401813000836,869.4415405913019,-0.008560090288326126,0.02649058326224606,132.85476186903853,0.725693941116333,0.4565,0.436,0.2475,0.0,0.185
B,127,MI without auxiliary,0.5165546040178529,0.07620898814354256,313.45750992696594,0.2693221394254675,0.026737726475227087,65.6472484783711,0.6106607913970947,0.4565,0.436,0.2475,0.0,0.185
B,128,Complete-case,0.6698961582979193,0.09897437993737043,1000000.0,0.2854604374769564,0.028120387425609496,1000000.0,0.0038259029388427734,0.455,0.4475,0.2465,0.0,0.182
B,128,Mean imputation,0.6896928259338386,0.09381367571439679,1000000.0,0.2854604374769564,0.01553336619164009,1000000.0,0.00641632080078125,0.455,0.4475,0.2465,0.0,0.182
B,128,KNN (k=5),0.8829481007966816,0.08138671079368827,1000000.0,0.0295703409467679,0.018453283418560455,1000000.0,0.11940741539001465,0.455,0.4475,0.2465,0.0,0.182
B,128,MissForest (single),0.8132524169294707,0.07888584834721168,1000000.0,-0.017974055790633776,0.018726654646775594,1000000.0,1.3648951053619385,0.455,0.4475,0.2465,0.0,0.182
B,128,MI without outcome,0.6912979277568985,0.08348596290956967,105.17057908225843,-0.046546615294362055,0.025155182674803038,205.22973858827987,0.641141414642334,0.455,0.4475,0.2465,0.0,0.182
B,128,MI with outcome,0.7042865107334138,0.08420604744652634,102.450937451466,-0.045277293437442905,0.025124484477978916,206.56782962448463,0.6898412704467773,0.455,0.4475,0.2465,0.0,0.182
B,128,MI without auxiliary,0.6084268526955324,0.094882799600421,51.514213764620735,0.22674921075506677,0.024832073320142388,103.19936015124183,0.5579979419708252,0.455,0.4475,0.2465,0.0,0.182
B,129,Complete-case,0.3383943410375446,0.09111922624290539,1000000.0,0.3601843196078857,0.02807051681879128,1000000.0,0.007957935333251953,0.4665,0.4425,0.2355,0.0,0.1915
B,129,Mean imputation,0.44493606727483465,0.08971738264539832,1000000.0,0.36018431960788566,0.01564620596366312,1000000.0,0.0077953338623046875,0.4665,0.4425,0.2355,0.0,0.1915
B,129,KNN (k=5),0.8168197800415147,0.0792256698808002,1000000.0,0.09000439342022548,0.018631321011994842,1000000.0,0.18515467643737793,0.4665,0.4425,0.2355,0.0,0.1915
B,129,MissForest (single),0.7953715472446411,0.0770977145465655,1000000.0,0.06652572039877694,0.018885716980809285,1000000.0,1.8699378967285156,0.4665,0.4425,0.2355,0.0,0.1915
B,129,MI without outcome,0.5716706650260409,0.06949878333801075,1353.002424323444,0.01765815459396795,0.02424441388629236,428.7478238190829,0.5794217586517334,0.4665,0.4425,0.2355,0.0,0.1915
B,129,MI with outcome,0.5645279712426332,0.07014475054843626,1114.1608866910685,0.017208244823419226,0.02426437663464404,429.34287479637544,0.6241190433502197,0.4665,0.4425,0.2355,0.0,0.1915
B,129,MI without auxiliary,0.3806853786859468,0.07485608070737301,398.5777230500876,0.3061894798579029,0.023446414198266017,200.29990978341306,0.5739233493804932,0.4665,0.4425,0.2355,0.0,0.1915
B,130,Complete-case,0.34163348603307386,0.09244650191918372,1000000.0,0.3284499595658828,0.027869669043487966,1000000.0,0.003955841064453125,0.464,0.442,0.2515,0.0,0.1885
B,130,Mean imputation,0.4394376010363684,0.09055440305844972,1000000.0,0.3284499595658828,0.01554819388197744,1000000.0,0.007633686065673828,0.464,0.442,0.2515,0.0,0.1885
B,130,KNN (k=5),0.6889459215101635,0.07932478500426067,1000000.0,0.09448195162419534,0.018195359950795093,1000000.0,0.12154293060302734,0.464,0.442,0.2515,0.0,0.1885
B,130,MissForest (single),0.6392750407829794,0.0790999441565812,1000000.0,0.06986488399872869,0.018227124095106163,1000000.0,1.5966615676879883,0.464,0.442,0.2515,0.0,0.1885
B,130,MI without outcome,0.5240606457891855,0.07379804301137381,279.08053219865013,0.0305581086760905,0.027340247974284027,73.67135408061334,0.3347299098968506,0.464,0.442,0.2515,0.0,0.1885
B,130,MI with outcome,0.5144707440278898,0.07394435789275847,277.1948429565552,0.03075260702602382,0.02734499260890335,73.73456010958762,0.545525074005127,0.464,0.442,0.2515,0.0,0.1885
B,130,MI without auxiliary,0.3585215844380888,0.07867219513850586,149.90266541600838,0.2778213173253051,0.027792401476721452,46.50584859597228,0.501633882522583,0.464,0.442,0.2515,0.0,0.1885
B,131,Complete-case,0.5276580657848456,0.09193131281739005,1000000.0,0.3565544006816971,0.02863849899689709,1000000.0,0.00414276123046875,0.456,0.431,0.263,0.0,0.185
B,131,Mean imputation,0.6440820018020048,0.08767490218828122,1000000.0,0.3565544006816971,0.016292218294774077,1000000.0,0.007236957550048828,0.456,0.431,0.263,0.0,0.185
B,131,KNN (k=5),0.8458878426882709,0.07570811350382704,1000000.0,0.09134640485011958,0.019359906177345242,1000000.0,0.1556718349456787,0.456,0.431,0.263,0.0,0.185
B,131,MissForest (single),0.8318177939032716,0.07557877233302931,1000000.0,0.08888223515458361,0.018978792434930482,1000000.0,1.889047384262085,0.456,0.431,0.263,0.0,0.185
B,131,MI without outcome,0.6605876772245056,0.0710705659469091,375.4904869404146,0.0113098445831145,0.024224314918320757,1872.7377119520115,0.5736010074615479,0.456,0.431,0.263,0.0,0.185
B,131,MI with outcome,0.6645703320522796,0.07143455800028109,357.5922242702352,0.011998976436937644,0.02421379263197163,1874.5267805740857,0.6395018100738525,0.456,0.431,0.263,0.0,0.185
B,131,MI without auxiliary,0.5223149894793079,0.07604609869733232,181.21442704393576,0.3019582888709956,0.022865068406460423,785.6259065444365,0.5281059741973877,0.456,0.431,0.263,0.0,0.185
B,132,Complete-case,0.34380462536896284,0.0905350646236799,1000000.0,0.34606539973606637,0.02820182016326983,1000000.0,0.0046176910400390625,0.4575,0.44,0.2445,0.0,0.212
B,132,Mean imputation,0.4052224293622811,0.0853666902238359,1000000.0,0.3460653997360664,0.01578991523429186,1000000.0,0.007287740707397461,0.4575,0.44,0.2445,0.0,0.212
B,132,KNN (k=5),0.7037085185530128,0.07578310720698588,1000000.0,0.08206004727807213,0.0188216769761642,1000000.0,0.16581034660339355,0.4575,0.44,0.2445,0.0,0.212
B,132,MissForest (single),0.7249666622013807,0.07491815283642021,1000000.0,0.053345669796688665,0.018863969737057368,1000000.0,1.827350378036499,0.4575,0.44,0.2445,0.0,0.212
B,132,MI without outcome,0.5627341720527972,0.07003866202481566,425.38884848779486,0.025543624030406407,0.024925218428789687,280.68125256273237,0.5712282657623291,0.4575,0.44,0.2445,0.0,0.212
B,132,MI with outcome,0.5425389856600878,0.06984860847382095,450.27549657807856,0.025641055821930308,0.024945655420524966,280.7740232745699,0.6924538612365723,0.4575,0.44,0.2445,0.0,0.212
B,132,MI without auxiliary,0.3512406532283384,0.07454878628121493,161.38800186707277,0.28394177545994903,0.024558628129805953,139.61011254460226,0.6048192977905273,0.4575,0.44,0.2445,0.0,0.212
B,133,Complete-case,0.4844038195459222,0.08955223505138882,1000000.0,0.41378984183141937,0.02799077732631385,1000000.0,0.004403591156005859,0.4655,0.431,0.2545,0.0,0.195
B,133,Mean imputation,0.5594857174820163,0.08788161641183587,1000000.0,0.4137898418314193,0.01592373449775171,1000000.0,0.005750894546508789,0.4655,0.431,0.2545,0.0,0.195
B,133,KNN (k=5),0.8544026962549269,0.07532596175159333,1000000.0,0.1248048329318947,0.01944397311214796,1000000.0,0.10889196395874023,0.4655,0.431,0.2545,0.0,0.195
B,133,MissForest (single),0.8319549193616793,0.07357416209518126,1000000.0,0.09137838344974542,0.01948134743326492,1000000.0,1.15317964553833,0.4655,0.431,0.2545,0.0,0.195
B,133,MI without outcome,0.6604808466252418,0.07522885870454162,157.92533415097944,0.05788696440388239,0.024684856322442838,491.67948511687734,0.40288639068603516,0.4655,0.431,0.2545,0.0,0.195
B,133,MI with outcome,0.6382898609180206,0.07478244964889047,160.15719383061838,0.05602556736657949,0.024738177743939382,495.31943370565443,0.6718623638153076,0.4655,0.431,0.2545,0.0,0.195
B,133,MI without auxiliary,0.4327554616047311,0.07993522585530215,94.66110688430643,0.3631625456373754,0.023798766735943003,209.73650920856488,0.5568981170654297,0.4655,0.431,0.2545,0.0,0.195
B,134,Complete-case,0.4618992249000314,0.09206118250652337,1000000.0,0.332792005431568,0.02844189715187326,1000000.0,0.0034651756286621094,0.4585,0.446,0.256,0.0,0.1815
B,134,Mean imputation,0.5566852354686985,0.09093247773174311,1000000.0,0.332792005431568,0.015753637844661997,1000000.0,0.005794048309326172,0.4585,0.446,0.256,0.0,0.1815
B,134,KNN (k=5),0.7946707138384185,0.07971161983729941,1000000.0,0.09049088172950037,0.01852683669045525,1000000.0,0.11872625350952148,0.4585,0.446,0.256,0.0,0.1815
B,134,MissForest (single),0.7967556748022293,0.07843922671869381,1000000.0,0.06198173584402546,0.01861209545758926,1000000.0,1.5943341255187988,0.4585,0.446,0.256,0.0,0.1815
B,134,MI without outcome,0.6057310709179601,0.07647113801391633,199.75861059390377,0.015450453779983483,0.02762790629679228,75.45370233700459,0.48162055015563965,0.4585,0.446,0.256,0.0,0.1815
B,134,MI with outcome,0.5999016192036202,0.07706021871070134,183.0349772455039,0.015442464598328797,0.02762903196996221,75.60138560949454,0.5814042091369629,0.4585,0.446,0.256,0.0,0.1815
B,134,MI without auxiliary,0.45746121491597763,0.08317281500388882,101.97805915399303,0.28026191121783295,0.02810482349088765,46.57897170778488,0.658776044845581,0.4585,0.446,0.256,0.0,0.1815
B,135,Complete-case,0.40358767565080617,0.08731865912685043,1000000.0,0.29542859760264956,0.02825942752282721,1000000.0,0.004133939743041992,0.466,0.425,0.2525,0.0,0.1835
B,135,Mean imputation,0.4833140156082677,0.08557223267448509,1000000.0,0.29542859760264956,0.01624616648167845,1000000.0,0.006771564483642578,0.466,0.425,0.2525,0.0,0.1835
B,135,KNN (k=5),0.7001507723017867,0.07495786739237895,1000000.0,0.026390653324080693,0.019122126393191496,1000000.0,0.17396783828735352,0.466,0.425,0.2525,0.0,0.1835
B,135,MissForest (single),0.6823231869097197,0.07278985640660254,1000000.0,0.00776178199292902,0.0193521276040864,1000000.0,1.9716370105743408,0.466,0.425,0.2525,0.0,0.1835
B,135,MI without outcome,0.5527445546765852,0.07115966329110117,361.5583944038159,-0.017724939132872715,0.024507678525844998,457.1393939810837,0.6150574684143066,0.466,0.425,0.2525,0.0,0.1835
B,135,MI with outcome,0.5349820569344435,0.07105352111084044,346.70992400532936,-0.018241898802999625,0.0245443474070508,456.85711191809924,0.7138833999633789,0.466,0.425,0.2525,0.0,0.1835
B,135,MI without auxiliary,0.39867960670244296,0.07396243857925823,216.88226043808584,0.24421059225445013,0.02407297403622369,202.38639847455153,0.5754532814025879,0.466,0.425,0.2525,0.0,0.1835
B,136,Complete-case,0.4648629302063722,0.09412596047087445,1000000.0,0.3187077841536024,0.027460040426275274,1000000.0,0.002968311309814453,0.4655,0.438,0.242,0.0,0.178
B,136,Mean imputation,0.575718312331803,0.09370428530113675,1000000.0,0.31870778415360235,0.0154295340476709,1000000.0,0.0041997432708740234,0.4655,0.438,0.242,0.0,0.178
B,136,KNN (k=5),0.8394681430287019,0.0820519572781149,1000000.0,0.055276430150172105,0.018161462590283513,1000000.0,0.09741616249084473,0.4655,0.438,0.242,0.0,0.178
B,136,MissForest (single),0.8543843743253396,0.08131123970061248,1000000.0,0.027042249575681927,0.018297281988595638,1000000.0,1.2662107944488525,0.4655,0.438,0.242,0.0,0.178
B,136,MI without outcome,0.6825446543273833,0.07772304698551888,283.8211915693862,-0.024915550543393845,0.024076933931675676,379.5883533955318,0.630007266998291,0.4655,0.438,0.242,0.0,0.178
B,136,MI with outcome,0.6650016493099685,0.07837686792498136,238.73283820178546,-0.026858926021824187,0.024107499697600725,384.98629498646136,0.5941293239593506,0.4655,0.438,0.242,0.0,0.178
B,136,MI without auxiliary,0.508871999069758,0.08940733155915426,78.82815346983634,0.25777975648408746,0.02338012041933891,170.16606662017398,0.5077183246612549,0.4655,0.438,0.242,0.0,0.178
B,137,Complete-case,0.4508244535915885,0.08915348926206575,1000000.0,0.27500073440486483,0.02761716343230869,1000000.0,0.0048983097076416016,0.473,0.4285,0.243,0.0,0.189
B,137,Mean imputation,0.5022335224518057,0.08763964472954934,1000000.0,0.27500073440486483,0.015780248655340442,1000000.0,0.008751869201660156,0.473,0.4285,0.243,0.0,0.189
B,137,KNN (k=5),0.7820350638989312,0.07626040481288308,1000000.0,0.013267837778005092,0.018672972276082576,1000000.0,0.1748332977294922,0.473,0.4285,0.243,0.0,0.189
B,137,MissForest (single),0.7811769641098459,0.07480257777371595,1000000.0,-0.023721088531649434,0.018937690680085786,1000000.0,1.8626415729522705,0.473,0.4285,0.243,0.0,0.189
B,137,MI without outcome,0.6249810656433997,0.07130386408284083,789.7991222268372,-0.03687081097975889,0.026284290619088147,109.74591564957151,0.7104170322418213,0.473,0.4285,0.243,0.0,0.189
B,137,MI with outcome,0.6073875959915931,0.07117990582062304,785.6257517891986,-0.03777441315181896,0.02631723779167118,109.9215686962015,0.8379874229431152,0.473,0.4285,0.243,0.0,0.189
B,137,MI without auxiliary,0.4226742339083879,0.07502482845277297,309.5171138518792,0.22262410250615403,0.026333296617634155,63.97695858564572,0.6417458057403564,0.473,0.4285,0.243,0.0,0.189
B,138,Complete-case,0.6256266482947535,0.09639147427916818,1000000.0,0.3532988059511543,0.02746833666353849,1000000.0,0.003174304962158203,0.4695,0.441,0.218,0.0,0.1815
B,138,Mean imputation,0.6805108246851314,0.09478888413001539,1000000.0,0.3532988059511543,0.015351769996853613,1000000.0,0.005273342132568359,0.4695,0.441,0.218,0.0,0.1815
B,138,KNN (k=5),0.9816649523217275,0.08264083645787589,1000000.0,0.08944083973041286,0.0187174149077049,1000000.0,0.10686898231506348,0.4695,0.441,0.218,0.0,0.1815
B,138,MissForest (single),0.9611393653922513,0.08023785422630603,1000000.0,0.05615938651113213,0.018862078774415807,1000000.0,1.7540326118469238,0.4695,0.441,0.218,0.0,0.1815
B,138,MI without outcome,0.7022661640348972,0.07702933566851337,425.71435052334414,0.04489918795693429,0.02584496633022598,106.06763049797355,0.6316425800323486,0.4695,0.441,0.218,0.0,0.1815
B,138,MI with outcome,0.699127244041087,0.07736630859481204,393.008285310119,0.04459091357976226,0.025865142650055916,106.0318727430659,0.7315285205841064,0.4695,0.441,0.218,0.0,0.1815
B,138,MI without auxiliary,0.5700451673152095,0.08575640610236546,120.98155384343339,0.30547075345794594,0.026219192870336885,57.025052629456795,0.5788865089416504,0.4695,0.441,0.218,0.0,0.1815
B,139,Complete-case,0.45107855990615897,0.09095958956067027,1000000.0,0.32063784673954143,0.02741075750364331,1000000.0,0.004238605499267578,0.4685,0.4295,0.2525,0.0,0.1755
B,139,Mean imputation,0.531588420447781,0.09213700303196283,1000000.0,0.3206378467395414,0.01563489217608518,1000000.0,0.006595134735107422,0.4685,0.4295,0.2525,0.0,0.1755
B,139,KNN (k=5),0.7594352811319403,0.07903396498769752,1000000.0,0.06848388399658713,0.018851467717363443,1000000.0,0.16055560111999512,0.4685,0.4295,0.2525,0.0,0.1755
B,139,MissForest (single),0.7881257194952062,0.07794405957947872,1000000.0,0.025500336359315992,0.0191134445895883,1000000.0,2.0737454891204834,0.4685,0.4295,0.2525,0.0,0.1755
B,139,MI without outcome,0.6101477803277195,0.07172789291518732,1464.9990511392045,0.014765306880538832,0.025725410504795116,131.43499729520468,0.670278787612915,0.4685,0.4295,0.2525,0.0,0.1755
B,139,MI with outcome,0.5962740874177749,0.07156258318917809,1528.7186372636054,0.014544935102462653,0.025743832576152013,132.44573132261425,0.6975688934326172,0.4685,0.4295,0.2525,0.0,0.1755
B,139,MI without auxiliary,0.40207077990625456,0.07506148763458088,547.5639980417495,0.27335662942372446,0.025511630147651405,75.70684361576008,0.6924173831939697,0.4685,0.4295,0.2525,0.0,0.1755
B,140,Complete-case,0.34848102231374645,0.08772641791981828,1000000.0,0.35374430953626784,0.028141990152296053,1000000.0,0.007134675979614258,0.4775,0.426,0.231,0.0,0.202
B,140,Mean imputation,0.4624211833259336,0.08529574493402196,1000000.0,0.35374430953626784,0.016150503447783047,1000000.0,0.006918430328369141,0.4775,0.426,0.231,0.0,0.202
B,140,KNN (k=5),0.7533947539544056,0.07431803275176538,1000000.0,0.08486083204550018,0.019550169404833208,1000000.0,0.15413165092468262,0.4775,0.426,0.231,0.0,0.202
B,140,MissForest (single),0.7140239691151198,0.07219745648240888,1000000.0,0.055803322677422613,0.01952638095910915,1000000.0,1.790220022201538,0.4775,0.426,0.231,0.0,0.202
B,140,MI without outcome,0.5555744156422372,0.07352374955524862,147.14374277791256,0.03512978400655949,0.02416384307580349,591.3883838213312,0.616924524307251,0.4775,0.426,0.231,0.0,0.202
B,140,MI with outcome,0.5297620227482496,0.07344892326146504,142.63143100367498,0.03416764679204882,0.024174394263252606,610.9301544938871,0.7192306518554688,0.4775,0.426,0.231,0.0,0.202
B,140,MI without auxiliary,0.37759941140986025,0.08029095862675101,84.06737887483567,0.3134813758413208,0.0234377420587063,275.3378978195058,0.5878729820251465,0.4775,0.426,0.231,0.0,0.202
B,141,Complete-case,0.45083534730364966,0.09154485738521934,1000000.0,0.3265991867335942,0.02786864527502652,1000000.0,0.0030198097229003906,0.446,0.457,0.2485,0.0,0.189
B,141,Mean imputation,0.5402523729853212,0.09280958302072026,1000000.0,0.32659918673359417,0.015129488463453909,1000000.0,0.007643938064575195,0.446,0.457,0.2485,0.0,0.189
B,141,KNN (k=5),0.7906066536674771,0.07881528047754117,1000000.0,0.05479357875010436,0.01842914062938929,1000000.0,0.11146163940429688,0.446,0.457,0.2485,0.0,0.189
B,141,MissForest (single),0.8458314290343367,0.07647020200503155,1000000.0,-0.010520825570584516,0.019150149056874937,1000000.0,1.6829335689544678,0.446,0.457,0.2485,0.0,0.189
B,141,MI without outcome,0.6469806994178303,0.0749297080907625,405.85574970353446,-0.013556696943412303,0.025388122316925547,140.78736636333466,0.6037766933441162,0.446,0.457,0.2485,0.0,0.189
B,141,MI with outcome,0.6100997793505838,0.07459218671354177,370.09903887568265,-0.015515709743143227,0.025433739221468653,143.16150736815206,0.8267364501953125,0.446,0.457,0.2485,0.0,0.189
B,141,MI without auxiliary,0.4571886310695028,0.08309190683458077,112.98176197692865,0.27075772253813024,0.025552536131869984,68.66464541366122,0.7233266830444336,0.446,0.457,0.2485,0.0,0.189
B,142,Complete-case,0.39077108634681984,0.09031195368405923,1000000.0,0.3356480208694701,0.027729754993951073,1000000.0,0.0047550201416015625,0.475,0.422,0.2465,0.0,0.1935
B,142,Mean imputation,0.43064684946525916,0.08563594387952506,1000000.0,0.3356480208694701,0.01602487116657069,1000000.0,0.006637096405029297,0.475,0.422,0.2465,0.0,0.1935
B,142,KNN (k=5),0.6366081533766877,0.0769071425905838,1000000.0,0.11867170820180391,0.01844200921772012,1000000.0,0.14801478385925293,0.475,0.422,0.2465,0.0,0.1935
B,142,MissForest (single),0.7339242308015241,0.07778346720429809,1000000.0,0.10415322338354795,0.018390515592873836,1000000.0,1.8036894798278809,0.475,0.422,0.2465,0.0,0.1935
B,142,MI without outcome,0.5281237432284589,0.0725101468445139,291.2090479578937,0.05829315745762749,0.02434287773820483,297.3042190479491,0.7220699787139893,0.475,0.422,0.2465,0.0,0.1935
B,142,MI with outcome,0.5167606246466667,0.0727528617592378,287.52915465593594,0.05751462102267102,0.02436118295122465,302.5991449093086,0.816504955291748,0.475,0.422,0.2465,0.0,0.1935
B,142,MI without auxiliary,0.3632828141614697,0.07578894070309283,183.72264952190557,0.2900260830676592,0.024099914379253996,160.1594033578966,0.707442045211792,0.475,0.422,0.2465,0.0,0.1935
B,143,Complete-case,0.5437399096097203,0.09819905854794286,1000000.0,0.35461944462231987,0.02779573870311839,1000000.0,0.006027698516845703,0.4475,0.449,0.262,0.0,0.187
B,143,Mean imputation,0.6482442055683396,0.09401756811309486,1000000.0,0.3546194446223199,0.015312330074738364,1000000.0,0.006430864334106445,0.4475,0.449,0.262,0.0,0.187
B,143,KNN (k=5),0.9334703576157367,0.0828687530539675,1000000.0,0.08668424346646529,0.018196861211378337,1000000.0,0.14760184288024902,0.4475,0.449,0.262,0.0,0.187
B,143,MissForest (single),0.933292622383448,0.08233045417250555,1000000.0,0.05697720548286128,0.018266051633668054,1000000.0,1.8233540058135986,0.4475,0.449,0.262,0.0,0.187
B,143,MI without outcome,0.7133260610378019,0.07464057504945351,629.3379058226467,-0.0005637879950890955,0.02641776697721158,105.9108091004079,0.5774779319763184,0.4475,0.449,0.262,0.0,0.187
B,143,MI with outcome,0.714771424679913,0.07515201011818592,578.1854489397389,-0.00038226313211961666,0.026411049086907466,106.28392154704554,0.63669753074646,0.4475,0.449,0.262,0.0,0.187
B,143,MI without auxiliary,0.5143912649339228,0.08200146201501343,144.56659972108017,0.29008673912445465,0.026533231276543272,58.563487263826346,0.5917983055114746,0.4475,0.449,0.262,0.0,0.187
B,144,Complete-case,0.4122005865457548,0.09166117267338646,1000000.0,0.32188613689850665,0.027929499089097164,1000000.0,0.003620624542236328,0.485,0.4055,0.2365,0.0,0.191
B,144,Mean imputation,0.5674647068646547,0.0873237020598013,1000000.0,0.32188613689850665,0.016601254197427407,1000000.0,0.0060541629791259766,0.485,0.4055,0.2365,0.0,0.191
B,144,KNN (k=5),0.807607858776207,0.07720485989740682,1000000.0,0.07627356423407565,0.019422397157789695,1000000.0,0.10740447044372559,0.485,0.4055,0.2365,0.0,0.191
B,144,MissForest (single),0.7582049125868758,0.07518342185820111,1000000.0,0.044158160166655906,0.019743975203897642,1000000.0,1.9385571479797363,0.485,0.4055,0.2365,0.0,0.191
B,144,MI without outcome,0.606701540721262,0.07571692292704141,161.31200148108337,0.008901275780289618,0.0247855030684873,587.9638402265749,0.5978507995605469,0.485,0.4055,0.2365,0.0,0.191
B,144,MI with outcome,0.5886351011592762,0.0760368061106134,148.90761756537387,0.006962676283971575,0.02483347445440283,599.5009533713644,0.6528403759002686,0.485,0.4055,0.2365,0.0,0.191
B,144,MI without auxiliary,0.4463704974838233,0.0872778943931405,58.14096644933934,0.2775502567277796,0.023912047778848766,249.7407993974218,0.536156177520752,0.485,0.4055,0.2365,0.0,0.191
B,145,Complete-case,0.4455002226945098,0.09366943547642148,1000000.0,0.25218374224141477,0.027333966949632384,1000000.0,0.004006862640380859,0.4755,0.4245,0.2455,0.0,0.192
B,145,Mean imputation,0.5785955388450594,0.08975357393774264,1000000.0,0.2521837422414147,0.01572779544335724,1000000.0,0.006896495819091797,0.4755,0.4245,0.2455,0.0,0.192
B,145,KNN (k=5),0.7807623638589437,0.07943709284496295,1000000.0,0.025314158488172925,0.018099649875142496,1000000.0,0.11017751693725586,0.4755,0.4245,0.2455,0.0,0.192
B,145,MissForest (single),0.6927859052780766,0.0789185656665143,1000000.0,0.024024156847534405,0.017889762082187247,1000000.0,1.7026066780090332,0.4755,0.4245,0.2455,0.0,0.192
B,145,MI without outcome,0.5783816740361757,0.07373598684783811,354.5332763353161,-0.0360460917332644,0.026692565354953946,82.30891737126979,0.49388575553894043,0.4755,0.4245,0.2455,0.0,0.192
B,145,MI with outcome,0.5793590458809836,0.07454013082024086,308.29246513884004,-0.03545724749298434,0.02669399044770411,81.98510437725137,0.7240171432495117,0.4755,0.4245,0.2455,0.0,0.192
B,145,MI without auxiliary,0.4269393263258225,0.07909712526244372,148.83738190636927,0.20930036208307584,0.027485461299035494,47.87847545962837,0.5353798866271973,0.4755,0.4245,0.2455,0.0,0.192
B,146,Complete-case,0.4339143766196719,0.09688641867655647,1000000.0,0.36792958328972836,0.02806377561324484,1000000.0,0.004033803939819336,0.436,0.4585,0.2715,0.0,0.181
B,146,Mean imputation,0.55731326945973,0.09557491689931295,1000000.0,0.36792958328972836,0.015193315734201714,1000000.0,0.00737452507019043,0.436,0.4585,0.2715,0.0,0.181
B,146,KNN (k=5),0.8601502897131493,0.08230495347816957,1000000.0,0.06600162251925473,0.01887263049039573,1000000.0,0.11954927444458008,0.436,0.4585,0.2715,0.0,0.181
B,146,MissForest (single),0.7969213654274248,0.08010540982749953,1000000.0,0.028494920850555796,0.019172754818569112,1000000.0,1.6721999645233154,0.436,0.4585,0.2715,0.0,0.181
B,146,MI without outcome,0.6470877332359511,0.07880764220695408,230.70054170678978,0.008435415453867891,0.023915437871868374,467.9368873730419,0.4969747066497803,0.436,0.4585,0.2715,0.0,0.181
B,146,MI with outcome,0.6255028470637518,0.07944106801944054,203.07942818953933,0.007340975849375131,0.023942702338659326,478.14481689650825,0.5620675086975098,0.436,0.4585,0.2715,0.0,0.181
B,146,MI without auxiliary,0.43528298169595525,0.08750762291803586,84.1057234206107,0.2951286513637844,0.023219725717836637,201.11256380122927,0.5388774871826172,0.436,0.4585,0.2715,0.0,0.181
B,147,Complete-case,0.5094197221329629,0.09705912150348983,1000000.0,0.3073625083458249,0.02730094707821061,1000000.0,0.0047419071197509766,0.4525,0.4355,0.2615,0.0,0.187
B,147,Mean imputation,0.5852441416788455,0.09267123535271986,1000000.0,0.3073625083458249,0.015408410461113546,1000000.0,0.007967472076416016,0.4525,0.4355,0.2615,0.0,0.187
B,147,KNN (k=5),0.8314588634471558,0.08164693145076464,1000000.0,0.061306707163669705,0.018141776460951085,1000000.0,0.11145639419555664,0.4525,0.4355,0.2615,0.0,0.187
B,147,MissForest (single),0.8474590945250421,0.08055397065930933,1000000.0,0.028460605579247202,0.018276628268594663,1000000.0,1.482706069946289,0.4525,0.4355,0.2615,0.0,0.187
B,147,MI without outcome,0.6433687873834388,0.0771031614285276,256.4945987339076,-0.011655277750910334,0.024031613931364,302.44856989588584,0.6432039737701416,0.4525,0.4355,0.2615,0.0,0.187
B,147,MI with outcome,0.6350169535492144,0.07714441683726371,252.72255817807508,-0.012126775976115617,0.02405759255441449,301.2812523415164,0.7420120239257812,0.4525,0.4355,0.2615,0.0,0.187
B,147,MI without auxiliary,0.47007574951874326,0.08576212075820905,95.09890332317418,0.2588850719747157,0.023554858812218443,150.5330929843577,0.6295576095581055,0.4525,0.4355,0.2615,0.0,0.187
B,148,Complete-case,0.35164382527783183,0.09039117289012717,1000000.0,0.32576801774800024,0.029161609098956105,1000000.0,0.005423069000244141,0.4555,0.4445,0.237,0.0,0.179
B,148,Mean imputation,0.4747080745971352,0.08684967827904047,1000000.0,0.32576801774800024,0.016196031325035908,1000000.0,0.005309104919433594,0.4555,0.4445,0.237,0.0,0.179
B,148,KNN (k=5),0.7231188342802882,0.0766486167513688,1000000.0,0.0701137828360618,0.018858029969582128,1000000.0,0.11208200454711914,0.4555,0.4445,0.237,0.0,0.179
B,148,MissForest (single),0.6829586895733171,0.07648308974366357,1000000.0,0.04609249406186517,0.018968290550177257,1000000.0,1.6567459106445312,0.4555,0.4445,0.237,0.0,0.179
B,148,MI without outcome,0.5314541177364097,0.07175595916745628,297.8458297550667,-0.015667378656130826,0.027168753542597214,121.71040446858632,0.5318152904510498,0.4555,0.4445,0.237,0.0,0.179
B,148,MI with outcome,0.5082764001277069,0.07140869565700039,303.5434042646167,-0.017573237731393826,0.027172889092857675,124.37169348955948,0.6521849632263184,0.4555,0.4445,0.237,0.0,0.179
B,148,MI without auxiliary,0.36618331746804483,0.07514199275425795,213.72350139090258,0.2709673609086788,0.02701398807170308,70.7219892000953,0.5461032390594482,0.4555,0.4445,0.237,0.0,0.179
B,149,Complete-case,0.3920488675736662,0.09029512868807947,1000000.0,0.3594787047417688,0.02679008575053519,1000000.0,0.004354238510131836,0.491,0.408,0.2415,0.0,0.189
B,149,Mean imputation,0.4914091989436873,0.08721325190823435,1000000.0,0.35947870474176874,0.015856996572907373,1000000.0,0.006513357162475586,0.491,0.408,0.2415,0.0,0.189
B,149,KNN (k=5),0.7080034427685203,0.07718554590084724,1000000.0,0.12142386803287829,0.01840331166045963,1000000.0,0.15491533279418945,0.491,0.408,0.2415,0.0,0.189
B,149,MissForest (single),0.6970657143255936,0.0757636092229832,1000000.0,0.0951205879726719,0.018630885512984086,1000000.0,1.7417590618133545,0.491,0.408,0.2415,0.0,0.189
B,149,MI without outcome,0.5810844278512377,0.0698910304753897,2248.0726485883497,0.06376680372917168,0.02332376681871568,640.4026423582897,0.534639835357666,0.491,0.408,0.2415,0.0,0.189
B,149,MI with outcome,0.563580271380582,0.06991535061662817,1829.2665981728758,0.06288029416532985,0.023349314489049016,643.0678428574029,0.7324111461639404,0.491,0.408,0.2415,0.0,0.189
B,149,MI without auxiliary,0.42499722350982605,0.07528616827459171,371.23832048874766,0.31894373535889387,0.022616808882042073,296.947027987403,0.6126317977905273,0.491,0.408,0.2415,0.0,0.189
B,150,Complete-case,0.5381378535638559,0.091780465998687,1000000.0,0.27899823779252264,0.02803995540600402,1000000.0,0.007181644439697266,0.4705,0.428,0.2565,0.0,0.1975
B,150,Mean imputation,0.6247041121820773,0.08786687341353595,1000000.0,0.2789982377925227,0.016035852435164238,1000000.0,0.00756382942199707,0.4705,0.428,0.2565,0.0,0.1975
B,150,KNN (k=5),0.9107085538261894,0.07655123343731261,1000000.0,-0.019325342087664114,0.01990163694536397,1000000.0,0.11648416519165039,0.4705,0.428,0.2565,0.0,0.1975
B,150,MissForest (single),0.8864167031721958,0.07477326824863972,1000000.0,-0.035435613540867494,0.019963925608783434,1000000.0,1.8572032451629639,0.4705,0.428,0.2565,0.0,0.1975
B,150,MI without outcome,0.712966505327812,0.0752079229565003,249.25482541615315,-0.050393169835512744,0.025620025811382906,196.1097121069607,0.597846508026123,0.4705,0.428,0.2565,0.0,0.1975
B,150,MI with outcome,0.7131751697098835,0.07572682661085842,228.5827921013579,-0.050054196924096815,0.02563452465298747,194.27159244529383,0.6625995635986328,0.4705,0.428,0.2565,0.0,0.1975
B,150,MI without auxiliary,0.5533654601862465,0.07583865116535893,250.3125972246477,0.20897145359771038,0.02548641992029825,95.3882427612283,0.7386195659637451,0.4705,0.428,0.2565,0.0,0.1975
B,151,Complete-case,0.4956650091262332,0.09607099518716432,1000000.0,0.3238203471059745,0.027021600762364734,1000000.0,0.0033233165740966797,0.4595,0.4345,0.2495,0.0,0.186
B,151,Mean imputation,0.5162640164752411,0.09249827864639713,1000000.0,0.3238203471059745,0.015277778259144795,1000000.0,0.005147218704223633,0.4595,0.4345,0.2495,0.0,0.186
B,151,KNN (k=5),0.7915957692953143,0.08178098222385653,1000000.0,0.07806632626629326,0.01802983259311176,1000000.0,0.10305428504943848,0.4595,0.4345,0.2495,0.0,0.186
B,151,MissForest (single),0.8180065769004125,0.07977540592020765,1000000.0,0.03868959567467712,0.018353461043244812,1000000.0,1.6980869770050049,0.4595,0.4345,0.2495,0.0,0.186
B,151,MI without outcome,0.6500946283633706,0.07574783316127491,498.65512926569426,0.004205761355097231,0.024919624575433154,167.9909924107889,0.5326988697052002,0.4595,0.4345,0.2495,0.0,0.186
B,151,MI with outcome,0.6383370285608795,0.0761147367792816,451.5101915901456,0.0038496495614778635,0.024921822542377087,169.08013065129603,0.5702998638153076,0.4595,0.4345,0.2495,0.0,0.186
B,151,MI without auxiliary,0.4729726090027011,0.0776677202334716,403.099323547049,0.2776814085959393,0.02495166027206023,81.61834038928913,0.48896121978759766,0.4595,0.4345,0.2495,0.0,0.186
B,152,Complete-case,0.5462506538411667,0.09207116111766502,1000000.0,0.34595286948269477,0.027693167209469124,1000000.0,0.0044481754302978516,0.465,0.4295,0.257,0.0,0.1915
B,152,Mean imputation,0.6140075114907981,0.08872488654045611,1000000.0,0.3459528694826947,0.015795976571490147,1000000.0,0.006860256195068359,0.465,0.4295,0.257,0.0,0.1915
B,152,KNN (k=5),0.8503999631069439,0.07812438836776016,1000000.0,0.09606221599101812,0.018629946281950718,1000000.0,0.11019706726074219,0.465,0.4295,0.257,0.0,0.1915
B,152,MissForest (single),0.8516661044772857,0.07777678499210161,1000000.0,0.07090419941937559,0.018667085036475954,1000000.0,1.595083475112915,0.465,0.4295,0.257,0.0,0.1915
B,152,MI without outcome,0.6556142992483731,0.0703506674128074,1056.5166546058822,0.02843737006892525,0.024185855002913682,378.407377770224,0.5295200347900391,0.465,0.4295,0.257,0.0,0.1915
B,152,MI with outcome,0.6565609350959486,0.0708372391480041,939.7529698430308,0.028992629271355107,0.024197831581402523,371.9435504281338,0.6508908271789551,0.465,0.4295,0.257,0.0,0.1915
B,152,MI without auxiliary,0.5164551378767843,0.07236779734364218,898.4979592970197,0.29688607856756016,0.023633279813743212,176.80800314100287,0.5739593505859375,0.465,0.4295,0.257,0.0,0.1915
B,153,Complete-case,0.4312113412588947,0.09318072440326029,1000000.0,0.35028199170658497,0.027587587019631894,1000000.0,0.0040988922119140625,0.455,0.44,0.242,0.0,0.192
B,153,Mean imputation,0.5304562840472736,0.08996009767323046,1000000.0,0.350281991706585,0.015446012279943994,1000000.0,0.006313323974609375,0.455,0.44,0.242,0.0,0.192
B,153,KNN (k=5),0.7665179157915964,0.07864198308035401,1000000.0,0.0945736164666243,0.018134761901508884,1000000.0,0.1461637020111084,0.455,0.44,0.242,0.0,0.192
B,153,MissForest (single),0.7658826420753262,0.07661874222434377,1000000.0,0.06842812143602267,0.018662903974704836,1000000.0,1.7294971942901611,0.455,0.44,0.242,0.0,0.192
B,153,MI without outcome,0.5645111719376994,0.07090435820438509,835.8037148414667,0.04612315229526289,0.02314067608537926,801.3436788412839,0.5488224029541016,0.455,0.44,0.242,0.0,0.192
B,153,MI with outcome,0.5518582710793067,0.07108689007740994,762.3025627123629,0.04551865959794081,0.023160117525430103,807.1459156525395,0.6078598499298096,0.455,0.44,0.242,0.0,0.192
B,153,MI without auxiliary,0.427170269918464,0.07314611993815341,693.1002767300192,0.3042115877320834,0.022376723147864187,381.27377671640795,0.5468823909759521,0.455,0.44,0.242,0.0,0.192
B,154,Complete-case,0.3921826868829535,0.08964259222495859,1000000.0,0.38046119519995325,0.02823900712197282,1000000.0,0.003937959671020508,0.4755,0.4285,0.2415,0.0,0.2035
B,154,Mean imputation,0.3962587005505042,0.08552822230489006,1000000.0,0.3804611951999533,0.016135565669403322,1000000.0,0.0065195560455322266,0.4755,0.4285,0.2415,0.0,0.2035
B,154,KNN (k=5),0.5817457375690989,0.07373739230448438,1000000.0,0.11127809350002056,0.019114645697809678,1000000.0,0.17960453033447266,0.4755,0.4285,0.2415,0.0,0.2035
B,154,MissForest (single),0.6271557200193711,0.07323308235492693,1000000.0,0.07830570328603292,0.019326998700951815,1000000.0,1.8897802829742432,0.4755,0.4285,0.2415,0.0,0.2035
B,154,MI without outcome,0.5119646291269955,0.07507052374215782,117.1358623536471,0.03540089423246438,0.02773053045320675,87.941791016467,0.6039001941680908,0.4755,0.4285,0.2415,0.0,0.2035
B,154,MI with outcome,0.46732267487662,0.07530008410716517,106.27282290817737,0.031264228612933154,0.027698686035290913,91.71700736092939,0.7172954082489014,0.4755,0.4285,0.2415,0.0,0.2035
B,154,MI without auxiliary,0.3018991751272771,0.08592398243364896,52.84456403898465,0.33351176212456235,0.028350597513154007,47.07634363852855,0.6180565357208252,0.4755,0.4285,0.2415,0.0,0.2035
B,155,Complete-case,0.3714146806144384,0.08932614798187051,1000000.0,0.32496339746905856,0.02770099137286792,1000000.0,0.0044591426849365234,0.477,0.428,0.242,0.0,0.1735
B,155,Mean imputation,0.45639052418438636,0.08964281772179897,1000000.0,0.32496339746905856,0.015842001298901915,1000000.0,0.007623434066772461,0.477,0.428,0.242,0.0,0.1735
B,155,KNN (k=5),0.7068086306123658,0.07697022198796712,1000000.0,0.06494768828459227,0.018795091487532167,1000000.0,0.18450093269348145,0.477,0.428,0.242,0.0,0.1735
B,155,MissForest (single),0.6863993216307333,0.07436186949601968,1000000.0,0.015240221416475788,0.019120690125531244,1000000.0,1.7976422309875488,0.477,0.428,0.242,0.0,0.1735
B,155,MI without outcome,0.5498805855064725,0.06933972474142272,3170.7547083831287,0.0034783594304215112,0.025058581684632056,196.0486131082164,0.5506346225738525,0.477,0.428,0.242,0.0,0.1735
B,155,MI with outcome,0.5140772892956327,0.06892424108133621,2852.838392606807,0.0007504397360728985,0.025097657300817755,199.75664794482378,0.6586861610412598,0.477,0.428,0.242,0.0,0.1735
B,155,MI without auxiliary,0.3788703185425982,0.0723625701640768,1125.1659154838549,0.2870867594536777,0.025068890273655917,95.9722321948166,0.5688543319702148,0.477,0.428,0.242,0.0,0.1735
B,156,Complete-case,0.30741976282812067,0.08883435947499237,1000000.0,0.32056918226133196,0.028811219359467753,1000000.0,0.007272243499755859,0.452,0.4425,0.252,0.0,0.201
B,156,Mean imputation,0.3596052727266617,0.08552769089288781,1000000.0,0.32056918226133196,0.016059065640741617,1000000.0,0.006619691848754883,0.452,0.4425,0.252,0.0,0.201
B,156,KNN (k=5),0.6497797912232474,0.0763091159109317,1000000.0,0.06168316131978862,0.018869486137651475,1000000.0,0.16936039924621582,0.452,0.4425,0.252,0.0,0.201
B,156,MissForest (single),0.6534981608552676,0.07513304953856226,1000000.0,0.033846141910202965,0.019026371620903027,1000000.0,1.8233017921447754,0.452,0.4425,0.252,0.0,0.201
B,156,MI without outcome,0.5320770185250515,0.07339253534858566,178.42358578383732,-0.027042329055128995,0.026646669037286092,140.0749125384849,0.5996556282043457,0.452,0.4425,0.252,0.0,0.201
B,156,MI with outcome,0.4886747731627068,0.07340710440039439,165.38338248482032,-0.028353035810912353,0.02667330851951979,141.97029449856166,0.513225793838501,0.452,0.4425,0.252,0.0,0.201
B,156,MI without auxiliary,0.32011924094552746,0.07683689546984306,139.41112744032344,0.25915863181323184,0.02702806842395767,64.98536049316745,0.36812829971313477,0.452,0.4425,0.252,0.0,0.201
B,157,Complete-case,0.3318861630142538,0.09033629141170728,1000000.0,0.3578286772977277,0.02749613065486245,1000000.0,0.007059812545776367,0.4635,0.424,0.2545,0.0,0.1975
B,157,Mean imputation,0.42128865432638174,0.08661883523154404,1000000.0,0.3578286772977276,0.01583485494082685,1000000.0,0.00657200813293457,0.4635,0.424,0.2545,0.0,0.1975
B,157,KNN (k=5),0.6962100461083057,0.07483610679556055,1000000.0,0.07375394367367703,0.01894028683079202,1000000.0,0.16138720512390137,0.4635,0.424,0.2545,0.0,0.1975
B,157,MissForest (single),0.7012338332269591,0.07270994863948281,1000000.0,0.040199255701144694,0.019348658934770214,1000000.0,1.6407930850982666,0.4635,0.424,0.2545,0.0,0.1975
B,157,MI without outcome,0.5555856324518686,0.0681783298707705,1566.0589596366929,0.022629854685885086,0.025896891827663183,138.49569476173104,0.4433743953704834,0.4635,0.424,0.2545,0.0,0.1975
B,157,MI with outcome,0.5264404700273935,0.06776114416669918,1728.953400243862,0.021510856978266386,0.025924647423752927,140.1293853999622,0.4258913993835449,0.4635,0.424,0.2545,0.0,0.1975
B,157,MI without auxiliary,0.34499456801761297,0.07570418755441771,208.90524926622928,0.3123513610785743,0.026338879637633622,64.62706858646563,0.47131919860839844,0.4635,0.424,0.2545,0.0,0.1975
B,158,Complete-case,0.45904192471211264,0.095115008129028,1000000.0,0.32613633450819024,0.02762215355178733,1000000.0,0.004889488220214844,0.462,0.435,0.2525,0.0,0.193
B,158,Mean imputation,0.45296236958917363,0.08905389894249574,1000000.0,0.3261363345081902,0.015603511055417048,1000000.0,0.007758378982543945,0.462,0.435,0.2525,0.0,0.193
B,158,KNN (k=5),0.5947384564170063,0.07826126331575495,1000000.0,0.08850130842237336,0.018175040854045837,1000000.0,0.18752336502075195,0.462,0.435,0.2525,0.0,0.193
B,158,MissForest (single),0.606831894408944,0.07934693450858496,1000000.0,0.07751625223838289,0.01808608817829056,1000000.0,2.0156893730163574,0.462,0.435,0.2525,0.0,0.193
B,158,MI without outcome,0.5047058554177979,0.07177342499146776,676.473537391958,0.03201878509119237,0.024080910438958877,318.3230471925685,0.699993371963501,0.462,0.435,0.2525,0.0,0.193
B,158,MI with outcome,0.47343386722652986,0.07238514134835279,517.2568214557124,0.029085612858219062,0.024140882443523075,323.88382472847536,0.77508544921875,0.462,0.435,0.2525,0.0,0.193
B,158,MI without auxiliary,0.3854193808637135,0.07847227809085819,193.3053462098728,0.2799737904306304,0.023725082634010488,162.8284583497466,0.7021145820617676,0.462,0.435,0.2525,0.0,0.193
B,159,Complete-case,0.5647069962388783,0.0975467362182391,1000000.0,0.33390326061558,0.027081176258698506,1000000.0,0.00642848014831543,0.464,0.4245,0.246,0.0,0.1805
B,159,Mean imputation,0.6518072278029485,0.0925770422304351,1000000.0,0.33390326061558,0.015582341244033768,1000000.0,0.006339073181152344,0.464,0.4245,0.246,0.0,0.1805
B,159,KNN (k=5),0.8283240921036034,0.08043350305189428,1000000.0,0.0979474241189712,0.018417918830448767,1000000.0,0.1434614658355713,0.464,0.4245,0.246,0.0,0.1805
B,159,MissForest (single),0.8458410063169662,0.0791715826880706,1000000.0,0.0656254778169208,0.018516562965156278,1000000.0,1.7912721633911133,0.464,0.4245,0.246,0.0,0.1805
B,159,MI without outcome,0.6601913120607629,0.07386803380312716,1045.4240412873457,0.046309001415386485,0.024661348082551018,179.87741627013028,0.6093554496765137,0.464,0.4245,0.246,0.0,0.1805
B,159,MI with outcome,0.6674063876909766,0.07457258582854569,882.954925948662,0.046753670371784586,0.024666669625128163,178.92042498937002,0.6782677173614502,0.464,0.4245,0.246,0.0,0.1805
B,159,MI without auxiliary,0.5091183579796011,0.07670967605337582,568.2722521977557,0.2811175787663834,0.024533424038943673,100.61675510380573,0.6303634643554688,0.464,0.4245,0.246,0.0,0.1805
B,160,Complete-case,0.4051224085985982,0.09419083571325929,1000000.0,0.3739086169684528,0.026560314439859182,1000000.0,0.008463859558105469,0.4765,0.422,0.2405,0.0,0.192
B,160,Mean imputation,0.4849053160724588,0.09098301395659164,1000000.0,0.3739086169684528,0.01534905797527587,1000000.0,0.007230520248413086,0.4765,0.422,0.2405,0.0,0.192
B,160,KNN (k=5),0.710307972644205,0.0797424287704969,1000000.0,0.14400824645297347,0.018157646808756537,1000000.0,0.12788748741149902,0.4765,0.422,0.2405,0.0,0.192
B,160,MissForest (single),0.735891999238112,0.07884525132504276,1000000.0,0.10951040549512843,0.01848093318123519,1000000.0,1.7406909465789795,0.4765,0.422,0.2405,0.0,0.192
B,160,MI without outcome,0.6059266215871573,0.07820644471207358,227.1295311067309,0.09522292292809842,0.02330605233221768,336.99615568125836,0.5700533390045166,0.4765,0.422,0.2405,0.0,0.192
B,160,MI with outcome,0.57964239361181,0.07850151938848916,201.31095165468406,0.09357801013569746,0.023328770112379247,340.43073318081696,0.6403613090515137,0.4765,0.422,0.2405,0.0,0.192
B,160,MI without auxiliary,0.45353100703165056,0.08509004241273721,104.57645224183013,0.3214263292879945,0.02302689085457805,174.7639519320066,0.5848748683929443,0.4765,0.422,0.2405,0.0,0.192
B,161,Complete-case,0.4257115867895623,0.09559485141340641,1000000.0,0.3335697025262601,0.026991755583796267,1000000.0,0.00863027572631836,0.452,0.4445,0.2645,0.0,0.1915
B,161,Mean imputation,0.44072629584745493,0.09305181110525786,1000000.0,0.3335697025262601,0.014990918967106179,1000000.0,0.006882429122924805,0.452,0.4445,0.2645,0.0,0.1915
B,161,KNN (k=5),0.7534162410872993,0.08108303728452848,1000000.0,0.08223245537941613,0.017916304238840337,1000000.0,0.16861939430236816,0.452,0.4445,0.2645,0.0,0.1915
B,161,MissForest (single),0.7292263347807386,0.08051800767097926,1000000.0,0.059322659354721766,0.01763387939144631,1000000.0,1.9254097938537598,0.452,0.4445,0.2645,0.0,0.1915
B,161,MI without outcome,0.5456316018023677,0.07697021306967472,185.31553458760732,0.01059363349828545,0.02425648862763112,231.75785143601635,0.5916626453399658,0.452,0.4445,0.2645,0.0,0.1915
B,161,MI with outcome,0.5128654683047836,0.07668493917772023,180.7927421494269,0.006510226497519721,0.02429996148691745,238.46163286004352,0.643507719039917,0.452,0.4445,0.2645,0.0,0.1915
B,161,MI without auxiliary,0.3963404582477895,0.0846400405949304,95.53576708920578,0.275990732381948,0.0238929965821421,112.31944843967331,0.5946412086486816,0.452,0.4445,0.2645,0.0,0.1915
B,162,Complete-case,0.40337511324944847,0.09132694634633814,1000000.0,0.3067856990119999,0.0285295542755268,1000000.0,0.0035784244537353516,0.4645,0.436,0.245,0.0,0.19
B,162,Mean imputation,0.48151783857242836,0.0866526542482953,1000000.0,0.30678569901199987,0.016087557033487528,1000000.0,0.0056798458099365234,0.4645,0.436,0.245,0.0,0.19
B,162,KNN (k=5),0.7117335321807303,0.07383027084419432,1000000.0,0.036533322699853946,0.019553146329304293,1000000.0,0.10660791397094727,0.4645,0.436,0.245,0.0,0.19
B,162,MissForest (single),0.7084040022846602,0.07246557154633909,1000000.0,-0.006328387978319356,0.01971257576941578,1000000.0,1.699824333190918,0.4645,0.436,0.245,0.0,0.19
B,162,MI without outcome,0.5536757067195475,0.0683185657092724,867.661862206621,-0.02183823530397256,0.024203434084731162,697.3660508968788,0.5479519367218018,0.4645,0.436,0.245,0.0,0.19
B,162,MI with outcome,0.5348881582813122,0.06852058998578132,763.1262407919139,-0.022775509653098318,0.024230766786896903,697.6671853941114,0.4638807773590088,0.4645,0.436,0.245,0.0,0.19
B,162,MI without auxiliary,0.39198191027363133,0.07169678421063243,491.1445064801648,0.25816868091783307,0.02353605253444247,282.5508306157934,0.43546414375305176,0.4645,0.436,0.245,0.0,0.19
B,163,Complete-case,0.27790354360880887,0.08843587218784099,1000000.0,0.34759736514213097,0.02854903357847641,1000000.0,0.008445024490356445,0.463,0.444,0.248,0.0,0.1875
B,163,Mean imputation,0.38457233773908733,0.08692353018640409,1000000.0,0.34759736514213097,0.015870091824937534,1000000.0,0.009994745254516602,0.463,0.444,0.248,0.0,0.1875
B,163,KNN (k=5),0.6447359253112579,0.07611729359226815,1000000.0,0.09706412925005568,0.018747986967821,1000000.0,0.16682791709899902,0.463,0.444,0.248,0.0,0.1875
B,163,MissForest (single),0.7163993189892647,0.07385479567506996,1000000.0,0.03548409292949934,0.019493631942060316,1000000.0,1.9142241477966309,0.463,0.444,0.248,0.0,0.1875
B,163,MI without outcome,0.5624383638426927,0.07319950833146441,271.6465718931542,0.03166458519216958,0.024260014233332725,471.18362739797334,0.6263926029205322,0.463,0.444,0.248,0.0,0.1875
B,163,MI with outcome,0.5121476957993505,0.07296508147239607,236.09952156149654,0.027169913725518968,0.0243779537311885,469.6205987962316,0.7319533824920654,0.463,0.444,0.248,0.0,0.1875
B,163,MI without auxiliary,0.3086069079917537,0.07739320832363698,124.43545139131845,0.29965489612325036,0.02372524648696172,227.26939191972943,0.6264269351959229,0.463,0.444,0.248,0.0,0.1875
B,164,Complete-case,0.49951751907478453,0.09306742188240709,1000000.0,0.37767257910981267,0.027439276952830934,1000000.0,0.0033872127532958984,0.456,0.444,0.2495,0.0,0.191
B,164,Mean imputation,0.5904405667509931,0.09310158207376393,1000000.0,0.37767257910981267,0.015253190397997309,1000000.0,0.006390094757080078,0.456,0.444,0.2495,0.0,0.191
B,164,KNN (k=5),0.8047163576812681,0.08142637629945582,1000000.0,0.13384763511886216,0.01829845371534892,1000000.0,0.12306499481201172,0.456,0.444,0.2495,0.0,0.191
B,164,MissForest (single),0.7947794093255022,0.07963666436081962,1000000.0,0.09052626558145567,0.018419273138223842,1000000.0,1.5743541717529297,0.456,0.444,0.2495,0.0,0.191
B,164,MI without outcome,0.6147534053459184,0.0782469871771514,211.2084088324891,0.07581340066768436,0.023908433612518504,314.2859791462579,0.5229103565216064,0.456,0.444,0.2495,0.0,0.191
B,164,MI with outcome,0.6137550451749646,0.07844747114641969,208.08871860106146,0.07614266880414042,0.02391530846627604,312.28334471117614,0.4574909210205078,0.456,0.444,0.2495,0.0,0.191
B,164,MI without auxiliary,0.48375558969980775,0.08332611001848181,125.90292670430267,0.3356927681642433,0.023431829949479867,160.49292843502894,0.5524613857269287,0.456,0.444,0.2495,0.0,0.191
B,165,Complete-case,0.47180250663625295,0.09191110742769136,1000000.0,0.3469935569209258,0.02788734180991087,1000000.0,0.004227876663208008,0.455,0.4335,0.264,0.0,0.1995
B,165,Mean imputation,0.5411098424119055,0.08916697135196419,1000000.0,0.3469935569209258,0.015795155043308293,1000000.0,0.0077190399169921875,0.455,0.4335,0.264,0.0,0.1995
B,165,KNN (k=5),0.7850768496349623,0.0784680166159678,1000000.0,0.09417893895762293,0.01861980326395811,1000000.0,0.16545414924621582,0.455,0.4335,0.264,0.0,0.1995
B,165,MissForest (single),0.7344532308342551,0.07600899091371517,1000000.0,0.03266372762831547,0.019150370888083555,1000000.0,1.762587070465088,0.455,0.4335,0.264,0.0,0.1995
B,165,MI without outcome,0.6052597443976945,0.07496148844953031,187.81253918346607,0.004026603119484126,0.0246166017988941,356.237208773036,0.5924732685089111,0.455,0.4335,0.264,0.0,0.1995
B,165,MI with outcome,0.5953815363628514,0.07547534038262467,176.32941313850463,0.0033615645654664086,0.0246813405986042,343.87113453345205,0.6817984580993652,0.455,0.4335,0.264,0.0,0.1995
B,165,MI without auxiliary,0.45799059463291963,0.07849058999088787,142.49685725904257,0.29521213738760055,0.024184175297563826,149.12165218928078,0.5470051765441895,0.455,0.4335,0.264,0.0,0.1995
B,166,Complete-case,0.3602564539833923,0.09564805562253043,1000000.0,0.27171229011372544,0.026903709925439584,1000000.0,0.005446195602416992,0.464,0.4295,0.2425,0.0,0.184
B,166,Mean imputation,0.4467338812502981,0.09304147889597453,1000000.0,0.2717122901137255,0.015345676009319022,1000000.0,0.006031990051269531,0.464,0.4295,0.2425,0.0,0.184
B,166,KNN (k=5),0.7316619598458876,0.08327521706156914,1000000.0,0.06877913093302229,0.01764014686312064,1000000.0,0.10447549819946289,0.464,0.4295,0.2425,0.0,0.184
B,166,MissForest (single),0.7088209300408362,0.08250514088751333,1000000.0,0.04406013564715585,0.017897917490597264,1000000.0,1.7240798473358154,0.464,0.4295,0.2425,0.0,0.184
B,166,MI without outcome,0.5524088789699364,0.0744441623218687,745.2378164900962,0.004361824332456746,0.024657484538665467,148.61871627913072,0.526045560836792,0.464,0.4295,0.2425,0.0,0.184
B,166,MI with outcome,0.5202484169868145,0.07423630539815852,718.8024141897889,0.002847559388368861,0.02471324514463325,148.51039423283518,0.6358397006988525,0.464,0.4295,0.2425,0.0,0.184
B,166,MI without auxiliary,0.3401668902134627,0.07838009090908175,307.2858958576017,0.2387484867666704,0.02474528751869114,81.65903637686218,0.5962023735046387,0.464,0.4295,0.2425,0.0,0.184
B,167,Complete-case,0.4611871803549063,0.09186020611225065,1000000.0,0.34797199370921017,0.027596029206175286,1000000.0,0.010549306869506836,0.459,0.4185,0.262,0.0,0.196
B,167,Mean imputation,0.5547334632845352,0.08799538059189622,1000000.0,0.34797199370921017,0.016044202044449642,1000000.0,0.010164499282836914,0.459,0.4185,0.262,0.0,0.196
B,167,KNN (k=5),0.780685124418263,0.07828178418463207,1000000.0,0.10653607621645768,0.018914496283729258,1000000.0,0.17378616333007812,0.459,0.4185,0.262,0.0,0.196
B,167,MissForest (single),0.7820785386599398,0.07519661607820978,1000000.0,0.047890857399783965,0.01944560299103625,1000000.0,1.8397483825683594,0.459,0.4185,0.262,0.0,0.196
B,167,MI without outcome,0.6375344186262568,0.0694742043095425,2168.023318506781,0.032039587032994817,0.023850422608906862,788.5865964538732,0.6253767013549805,0.459,0.4185,0.262,0.0,0.196
B,167,MI with outcome,0.632734227484476,0.06989593634099596,1855.3538720142194,0.032019884296023884,0.023870104813320924,791.2419091183729,0.7340104579925537,0.459,0.4185,0.262,0.0,0.196
B,167,MI without auxiliary,0.4768043561796901,0.07507344830539882,391.7391070009289,0.2910468205158387,0.02279879648002252,382.0060826682169,0.6016404628753662,0.459,0.4185,0.262,0.0,0.196
B,168,Complete-case,0.3838763945321339,0.08955115609783922,1000000.0,0.3284733315761667,0.02758428229591665,1000000.0,0.003372669219970703,0.4785,0.4155,0.2415,0.0,0.187
B,168,Mean imputation,0.42096778637774857,0.08535631471400046,1000000.0,0.3284733315761667,0.01612014599635796,1000000.0,0.005377054214477539,0.4785,0.4155,0.2415,0.0,0.187
B,168,KNN (k=5),0.689664087512107,0.07587628840522607,1000000.0,0.10749911665691095,0.018591395122528966,1000000.0,0.1150965690612793,0.4785,0.4155,0.2415,0.0,0.187
B,168,MissForest (single),0.6603798683548093,0.0752724495830621,1000000.0,0.08367045090671424,0.01856642752802295,1000000.0,1.8317480087280273,0.4785,0.4155,0.2415,0.0,0.187
B,168,MI without outcome,0.5151040173907598,0.07147354512003419,356.62810971767465,0.03724626397079483,0.025617176396474862,145.55287277063888,0.6257200241088867,0.4785,0.4155,0.2415,0.0,0.187
B,168,MI with outcome,0.48571882729130483,0.07140971815862512,332.1995435205648,0.0353046281508175,0.02562351270304497,148.390675231752,0.7272977828979492,0.4785,0.4155,0.2415,0.0,0.187
B,168,MI without auxiliary,0.3414398603883343,0.07854051921033822,132.99714601759786,0.2896532215913112,0.02593072540265727,78.21275709926152,0.6131548881530762,0.4785,0.4155,0.2415,0.0,0.187
B,169,Complete-case,0.6040403595569679,0.09863693996145712,1000000.0,0.2974891200291159,0.02746415057303753,1000000.0,0.003556489944458008,0.4435,0.446,0.251,0.0,0.1855
B,169,Mean imputation,0.787994561165449,0.09691406717344915,1000000.0,0.2974891200291159,0.01521207532425112,1000000.0,0.005864858627319336,0.4435,0.446,0.251,0.0,0.1855
B,169,KNN (k=5),1.008911537818815,0.08445817695090353,1000000.0,0.06311978996280995,0.017920960966457736,1000000.0,0.1090242862701416,0.4435,0.446,0.251,0.0,0.1855
B,169,MissForest (single),1.0265509397759915,0.08478284856623702,1000000.0,0.029644676111370557,0.01785162401218768,1000000.0,1.622715711593628,0.4435,0.446,0.251,0.0,0.1855
B,169,MI without outcome,0.7623529432495965,0.08122262408483853,253.44446890185364,-0.006294727120326203,0.022402148773769275,1335.2336275030266,0.5101592540740967,0.4435,0.446,0.251,0.0,0.1855
B,169,MI with outcome,0.7657452380911549,0.08182359938116456,238.45788751807305,-0.005899859785030604,0.022399661380186155,1333.991935055703,0.5993232727050781,0.4435,0.446,0.251,0.0,0.1855
B,169,MI without auxiliary,0.618049608468512,0.08695360686437469,123.1477524923704,0.23744932608237157,0.02165570162444503,628.172289078448,0.5495929718017578,0.4435,0.446,0.251,0.0,0.1855
B,170,Complete-case,0.40832028048166324,0.08971637698192121,1000000.0,0.3159279767014625,0.027807592257246248,1000000.0,0.003136873245239258,0.46,0.4365,0.2455,0.0,0.193
B,170,Mean imputation,0.5037170460048992,0.08733271840217344,1000000.0,0.3159279767014624,0.015666541921266902,1000000.0,0.005259990692138672,0.46,0.4365,0.2455,0.0,0.193
B,170,KNN (k=5),0.7594853047521032,0.07693857309742831,1000000.0,0.061981840092723256,0.01839251962428544,1000000.0,0.09621596336364746,0.46,0.4365,0.2455,0.0,0.193
B,170,MissForest (single),0.773184583849116,0.07514744724640786,1000000.0,0.03669382512642303,0.018573317800245407,1000000.0,1.642408847808838,0.46,0.4365,0.2455,0.0,0.193
B,170,MI without outcome,0.6119052861072325,0.07327221670530709,327.59996020519895,0.006716276324064348,0.026387403061105895,105.82865016707112,0.5305218696594238,0.46,0.4365,0.2455,0.0,0.193
B,170,MI with outcome,0.5917269262941749,0.07327975480131647,312.46001533475516,0.005538660281145394,0.026402473342573476,106.98319222343407,0.6299912929534912,0.46,0.4365,0.2455,0.0,0.193
B,170,MI without auxiliary,0.40590392559637267,0.07433096047490731,337.8866915753429,0.27057146728075293,0.026691867238173766,59.59315024369728,0.4540414810180664,0.46,0.4365,0.2455,0.0,0.193
B,171,Complete-case,0.45498763099634076,0.09331778634239607,1000000.0,0.32239741860157134,0.027298182333296495,1000000.0,0.0050394535064697266,0.4575,0.4355,0.2475,0.0,0.193
B,171,Mean imputation,0.5310971169649408,0.0904498414189819,1000000.0,0.3223974186015714,0.015406850063800775,1000000.0,0.007539510726928711,0.4575,0.4355,0.2475,0.0,0.193
B,171,KNN (k=5),0.7873287589427309,0.07895911318584571,1000000.0,0.060779706699699246,0.018414208606152612,1000000.0,0.17763757705688477,0.4575,0.4355,0.2475,0.0,0.193
B,171,MissForest (single),0.8271786207889926,0.07780717349681109,1000000.0,0.04164848647636849,0.01848864330276218,1000000.0,2.0218846797943115,0.4575,0.4355,0.2475,0.0,0.193
B,171,MI without outcome,0.6471821449108135,0.0722652582769961,1511.205689481374,0.011818334435149158,0.023890187295930492,312.24071384133805,0.7019774913787842,0.4575,0.4355,0.2475,0.0,0.193
B,171,MI with outcome,0.626192655447426,0.07188363171854666,1661.2295836653684,0.010102207858412718,0.023973447702060564,306.7759607731585,0.7800836563110352,0.4575,0.4355,0.2475,0.0,0.193
B,171,MI without auxiliary,0.4678001311204336,0.07738319474143844,288.588444754792,0.25968630528844183,0.02360393374945455,147.68941346110972,0.6716556549072266,0.4575,0.4355,0.2475,0.0,0.193
B,172,Complete-case,0.3448986321160455,0.09301081640413204,1000000.0,0.3560530561267676,0.027666180129128335,1000000.0,0.0072650909423828125,0.467,0.439,0.2385,0.0,0.181
B,172,Mean imputation,0.5234549727745178,0.09356216721026439,1000000.0,0.35605305612676763,0.01551768887286916,1000000.0,0.008735418319702148,0.467,0.439,0.2385,0.0,0.181
B,172,KNN (k=5),0.7833620441873398,0.08033171791270766,1000000.0,0.08812349657204355,0.018753529023241886,1000000.0,0.11068224906921387,0.467,0.439,0.2385,0.0,0.181
B,172,MissForest (single),0.7771937370629992,0.07827909850826797,1000000.0,0.05361700929659506,0.018894138440598836,1000000.0,1.358492374420166,0.467,0.439,0.2385,0.0,0.181
B,172,MI without outcome,0.615815084293414,0.08540774727564704,91.34079336232368,0.0412456557886921,0.02411094947792895,332.6235222104929,0.38552045822143555,0.467,0.439,0.2385,0.0,0.181
B,172,MI with outcome,0.5924959280529525,0.08556391771936082,87.50295342832628,0.04049414972826705,0.024168178845516437,329.92139441852976,0.6867618560791016,0.467,0.439,0.2385,0.0,0.181
B,172,MI without auxiliary,0.4160741564934323,0.09502069991490557,49.30302885786881,0.2952270319281701,0.02364907032357794,164.00517444950387,0.6323373317718506,0.467,0.439,0.2385,0.0,0.181
B,173,Complete-case,0.4845864461199912,0.09103114756315157,1000000.0,0.3279458307341684,0.028533603538093026,1000000.0,0.0047054290771484375,0.464,0.4315,0.2485,0.0,0.1985
B,173,Mean imputation,0.565727102033847,0.0862258496071343,1000000.0,0.3279458307341684,0.016218273716738372,1000000.0,0.005499839782714844,0.464,0.4315,0.2485,0.0,0.1985
B,173,KNN (k=5),0.7900590405625523,0.0758621536225448,1000000.0,0.08773383234224559,0.019126370772681,1000000.0,0.09243321418762207,0.464,0.4315,0.2485,0.0,0.1985
B,173,MissForest (single),0.7525081401310324,0.0733807302706822,1000000.0,0.034829249624946726,0.019486208951716946,1000000.0,1.7745780944824219,0.464,0.4315,0.2485,0.0,0.1985
B,173,MI without outcome,0.617354861425547,0.07572296644788246,136.21375675700122,0.004470603092784983,0.02601996488495984,192.1567676325892,0.4004099369049072,0.464,0.4315,0.2485,0.0,0.1985
B,173,MI with outcome,0.6097830398098465,0.07642971585790094,123.8164072925936,0.00357581388660336,0.026058951617415428,190.2118569725197,0.4138655662536621,0.464,0.4315,0.2485,0.0,0.1985
B,173,MI without auxiliary,0.5165043914547829,0.08227437713523786,87.32430673648946,0.28412759977704677,0.02557968878095864,97.028548779647,0.4560964107513428,0.464,0.4315,0.2485,0.0,0.1985
B,174,Complete-case,0.5501482954733486,0.0995276935849544,1000000.0,0.27946117786712427,0.028194832361167845,1000000.0,0.004069328308105469,0.465,0.4325,0.2435,0.0,0.1755
B,174,Mean imputation,0.7186661441624944,0.09465030814331014,1000000.0,0.2794611778671242,0.0159975169829024,1000000.0,0.006382465362548828,0.465,0.4325,0.2435,0.0,0.1755
B,174,KNN (k=5),0.9263508231192923,0.08206450917490404,1000000.0,0.0208998353636028,0.019073861368910587,1000000.0,0.15727782249450684,0.465,0.4325,0.2435,0.0,0.1755
B,174,MissForest (single),0.8822207802689,0.08045718282572085,1000000.0,-0.007006779620861246,0.01920596717767165,1000000.0,1.8386025428771973,0.465,0.4325,0.2435,0.0,0.1755
B,174,MI without outcome,0.6586693481604062,0.07591407517109855,449.4726313543429,-0.02560221358018619,0.023903767238569424,923.0190084467855,0.5588233470916748,0.465,0.4325,0.2435,0.0,0.1755
B,174,MI with outcome,0.6664974035944576,0.07652476828963306,412.02265365715857,-0.02481676553655402,0.023897221397047082,911.2022481414472,0.6508450508117676,0.465,0.4325,0.2435,0.0,0.1755
B,174,MI without auxiliary,0.5758639767355074,0.07892091354692043,384.38848223676064,0.2261962259319606,0.022785664823919728,435.3833453762575,0.5640888214111328,0.465,0.4325,0.2435,0.0,0.1755
B,175,Complete-case,0.49719830544530236,0.09226909847515648,1000000.0,0.34342334999052565,0.028457010550264304,1000000.0,0.004494428634643555,0.4685,0.4225,0.2595,0.0,0.189
B,175,Mean imputation,0.6610033627919636,0.08924875728410982,1000000.0,0.34342334999052565,0.016430916042196653,1000000.0,0.00532078742980957,0.4685,0.4225,0.2595,0.0,0.189
B,175,KNN (k=5),0.9146484961058704,0.07545767729196226,1000000.0,0.026794079051974656,0.020511532638333555,1000000.0,0.09802126884460449,0.4685,0.4225,0.2595,0.0,0.189
B,175,MissForest (single),0.8704609863888357,0.07360321630999682,1000000.0,0.014369176002466913,0.020477822268308944,1000000.0,1.681840419769287,0.4685,0.4225,0.2595,0.0,0.189
B,175,MI without outcome,0.6842366333278773,0.0728973371442655,399.4329013082669,0.013411249374945958,0.025847372021407824,197.5591228624492,0.4772000312805176,0.4685,0.4225,0.2595,0.0,0.189
B,175,MI with outcome,0.6690738763622133,0.0727829435175231,390.5895905616837,0.012273333486186871,0.025872324934980536,198.75250355612133,0.6122467517852783,0.4685,0.4225,0.2595,0.0,0.189
B,175,MI without auxiliary,0.5442960719288911,0.07910777008460702,157.8899426198423,0.2892360594922447,0.02584210594807927,95.97031719654896,0.5259754657745361,0.4685,0.4225,0.2595,0.0,0.189
B,176,Complete-case,0.44505913550544646,0.10076669008696862,1000000.0,0.3483337832179899,0.026629000395852233,1000000.0,0.004462003707885742,0.4705,0.43,0.247,0.0,0.198
B,176,Mean imputation,0.5084191162105723,0.09578632462573007,1000000.0,0.34833378321798997,0.015175665905807482,1000000.0,0.007251262664794922,0.4705,0.43,0.247,0.0,0.198
B,176,KNN (k=5),0.786440561772386,0.08541444722804145,1000000.0,0.1279642453034285,0.01770516105676628,1000000.0,0.15852999687194824,0.4705,0.43,0.247,0.0,0.198
B,176,MissForest (single),0.7625272376442591,0.08599577950463433,1000000.0,0.1167423686982527,0.01759353360946038,1000000.0,1.7743709087371826,0.4705,0.43,0.247,0.0,0.198
B,176,MI without outcome,0.6057003481768506,0.08393176154718004,108.2047785259378,0.06275675611653508,0.02398807668639448,214.10077487139273,0.5575864315032959,0.4705,0.43,0.247,0.0,0.198
B,176,MI with outcome,0.587669964337177,0.08362706467931513,114.578720016245,0.06177105200294138,0.023999648184342675,215.15765561184878,0.6287095546722412,0.4705,0.43,0.247,0.0,0.198
B,176,MI without auxiliary,0.4654528365679889,0.08839119867720906,85.59232673002238,0.2909618603664994,0.02368971593108739,119.13569594122879,0.5775032043457031,0.4705,0.43,0.247,0.0,0.198
B,177,Complete-case,0.41379047960354903,0.09317485125912975,1000000.0,0.3386270185974202,0.026881790176082988,1000000.0,0.007326602935791016,0.4665,0.4245,0.2525,0.0,0.1885
B,177,Mean imputation,0.5119413279133115,0.09061254892268736,1000000.0,0.3386270185974202,0.015467615725875078,1000000.0,0.0074117183685302734,0.4665,0.4245,0.2525,0.0,0.1885
B,177,KNN (k=5),0.6765063100863012,0.07806573589009562,1000000.0,0.07855861322849048,0.01853192985077598,1000000.0,0.16356992721557617,0.4665,0.4245,0.2525,0.0,0.1885
B,177,MissForest (single),0.7277499831042324,0.07629628142410047,1000000.0,0.03375918422890861,0.018878924019246082,1000000.0,1.8844990730285645,0.4665,0.4245,0.2525,0.0,0.1885
B,177,MI without outcome,0.5893024549193314,0.07666138122284052,219.10277259397637,0.014534247025213123,0.02389602219245049,344.6874983626668,0.6085212230682373,0.4665,0.4245,0.2525,0.0,0.1885
B,177,MI with outcome,0.5862039588993281,0.0770982009006838,208.34973802984524,0.014504632017149374,0.023909166087938704,342.70030397685883,0.6984450817108154,0.4665,0.4245,0.2525,0.0,0.1885
B,177,MI without auxiliary,0.4480161035456288,0.08293881851953186,116.77620250778635,0.28649289930595334,0.023381172184136115,165.8917015621294,0.6346926689147949,0.4665,0.4245,0.2525,0.0,0.1885
B,178,Complete-case,0.3903143678825825,0.09371611872055563,1000000.0,0.31773264255878547,0.02721376057688766,1000000.0,0.003192424774169922,0.472,0.422,0.241,0.0,0.1905
B,178,Mean imputation,0.4248263178052764,0.08909802908812976,1000000.0,0.3177326425587855,0.015726680863125363,1000000.0,0.00530552864074707,0.472,0.422,0.241,0.0,0.1905
B,178,KNN (k=5),0.6451126149554012,0.07720566687453835,1000000.0,0.08350308118560332,0.01819158907399035,1000000.0,0.09750247001647949,0.472,0.422,0.241,0.0,0.1905
B,178,MissForest (single),0.6993953897214245,0.07536002940925156,1000000.0,0.04170999778437235,0.018691974958004075,1000000.0,1.6593728065490723,0.472,0.422,0.241,0.0,0.1905
B,178,MI without outcome,0.5412655705336983,0.07538877539409167,240.29529492379154,0.04179764482310114,0.026441337231271064,87.04252536465054,0.5431361198425293,0.472,0.422,0.241,0.0,0.1905
B,178,MI with outcome,0.5102703211984791,0.07510719057184087,237.12843729087808,0.039020112648491014,0.026484597595244165,87.49348592056216,0.6034173965454102,0.472,0.422,0.241,0.0,0.1905
B,178,MI without auxiliary,0.367529682816603,0.08186372252190138,106.20551547344488,0.287625691170082,0.02701038810837551,52.16972381579594,0.522068977355957,0.472,0.422,0.241,0.0,0.1905
B,179,Complete-case,0.5832897619722248,0.09354203343457342,1000000.0,0.3035271826627423,0.029001768089521617,1000000.0,0.0042819976806640625,0.446,0.4485,0.259,0.0,0.1825
B,179,Mean imputation,0.7260170845443048,0.09141880708253108,1000000.0,0.3035271826627423,0.015991221320438287,1000000.0,0.006339311599731445,0.446,0.4485,0.259,0.0,0.1825
B,179,KNN (k=5),0.9333442267774833,0.0786023981824048,1000000.0,0.011814560361350234,0.01929583535037787,1000000.0,0.11005401611328125,0.446,0.4485,0.259,0.0,0.1825
B,179,MissForest (single),0.8629078597725827,0.07608417986846222,1000000.0,-0.028795714386330558,0.019536583331301764,1000000.0,1.866058349609375,0.446,0.4485,0.259,0.0,0.1825
B,179,MI without outcome,0.6784976497164514,0.07962549598219,105.44179838380508,-0.05246010588061163,0.02713504965361787,115.52253032186066,0.5860800743103027,0.446,0.4485,0.259,0.0,0.1825
B,179,MI with outcome,0.6772108380647126,0.0805004183856776,98.19659552362651,-0.05239628189163409,0.027134647531020493,115.98424999144409,0.7166719436645508,0.446,0.4485,0.259,0.0,0.1825
B,179,MI without auxiliary,0.5661141918843714,0.09044347086475336,52.25617733912022,0.24194765048917585,0.02762026701895313,57.06027048532791,0.5313355922698975,0.446,0.4485,0.259,0.0,0.1825
B,180,Complete-case,0.36005338996922215,0.0923458847944274,1000000.0,0.31640903218451155,0.0277562650172859,1000000.0,0.003245115280151367,0.447,0.4345,0.2665,0.0,0.1815
B,180,Mean imputation,0.41685451374959387,0.09079894769256254,1000000.0,0.3164090321845116,0.01569315104480293,1000000.0,0.0053272247314453125,0.447,0.4345,0.2665,0.0,0.1815
B,180,KNN (k=5),0.671633056092812,0.08016430322020739,1000000.0,0.06827155307065653,0.018466321460796766,1000000.0,0.11531710624694824,0.447,0.4345,0.2665,0.0,0.1815
B,180,MissForest (single),0.7025774026762169,0.07750964895815408,1000000.0,0.018167430067997814,0.019036639619248556,1000000.0,1.4069244861602783,0.447,0.4345,0.2665,0.0,0.1815
B,180,MI without outcome,0.5310588497935926,0.0768493388980324,192.7928215527915,-0.012135181069855798,0.02324827388557843,1958.067692346227,0.6078989505767822,0.447,0.4345,0.2665,0.0,0.1815
B,180,MI with outcome,0.5153478612349065,0.07689710400975486,194.10353397784274,-0.012981908268589614,0.023269821354481326,1978.6322334131187,0.7168803215026855,0.447,0.4345,0.2665,0.0,0.1815
B,180,MI without auxiliary,0.351886360292577,0.08503079967945136,89.73912009905496,0.26873402709103844,0.021963826201046862,796.5549715210173,0.5859284400939941,0.447,0.4345,0.2665,0.0,0.1815
B,181,Complete-case,0.30003641559573635,0.08765378307807883,1000000.0,0.34986574470293325,0.02851217791977112,1000000.0,0.005516529083251953,0.4605,0.432,0.2345,0.0,0.196
B,181,Mean imputation,0.35512952532326586,0.08459019245318916,1000000.0,0.3498657447029333,0.016191835909686307,1000000.0,0.007716655731201172,0.4605,0.432,0.2345,0.0,0.196
B,181,KNN (k=5),0.5812054003718006,0.07349628888954608,1000000.0,0.09341424512982398,0.019287620126404996,1000000.0,0.17590761184692383,0.4605,0.432,0.2345,0.0,0.196
B,181,MissForest (single),0.6055510019286483,0.0727203414198043,1000000.0,0.05408738474968777,0.01942316989654265,1000000.0,2.0597083568573,0.4605,0.432,0.2345,0.0,0.196
B,181,MI without outcome,0.4948569869022671,0.06913469653503189,390.17938916946923,0.035777978787386824,0.02468445621578628,405.81124456421963,0.6880707740783691,0.4605,0.432,0.2345,0.0,0.196
B,181,MI with outcome,0.4454833628811862,0.06866269432211634,371.2945730722635,0.03211907089174833,0.024715749767362932,426.6027904066402,0.8069770336151123,0.4605,0.432,0.2345,0.0,0.196
B,181,MI without auxiliary,0.2729049897985164,0.0725529405965423,217.70509479584615,0.30761989554764,0.024279016981560833,205.69547592886445,0.7091128826141357,0.4605,0.432,0.2345,0.0,0.196
B,182,Complete-case,0.31551338493690534,0.09232825230757066,1000000.0,0.2923247930210723,0.027197607767693446,1000000.0,0.006836891174316406,0.4715,0.4255,0.2375,0.0,0.179
B,182,Mean imputation,0.4205400474605508,0.08962575345751994,1000000.0,0.2923247930210723,0.01562213080155058,1000000.0,0.0075473785400390625,0.4715,0.4255,0.2375,0.0,0.179
B,182,KNN (k=5),0.5842701560630749,0.07834023176097664,1000000.0,0.058617483330305545,0.018040787660856802,1000000.0,0.17697906494140625,0.4715,0.4255,0.2375,0.0,0.179
B,182,MissForest (single),0.6325744791403224,0.07768097045204626,1000000.0,0.02013436632235518,0.01826951372062697,1000000.0,1.908165454864502,0.4715,0.4255,0.2375,0.0,0.179
B,182,MI without outcome,0.5164996924689018,0.08189865106780785,91.70833138684705,-0.01743078410956595,0.025961296905524657,108.51942599098187,0.6393430233001709,0.4715,0.4255,0.2375,0.0,0.179
B,182,MI with outcome,0.47397214126771525,0.0817825873002055,88.13794492211727,-0.02280444509994209,0.025966400033731584,113.64995330869269,0.740178108215332,0.4715,0.4255,0.2375,0.0,0.179
B,182,MI without auxiliary,0.36830223414312946,0.09061549878961558,55.93813883383486,0.24978993580165137,0.026223477564555456,59.495982048853065,0.7148411273956299,0.4715,0.4255,0.2375,0.0,0.179
B,183,Complete-case,0.3345306333910172,0.09369777028442176,1000000.0,0.3139127126330588,0.02775023351107203,1000000.0,0.004062652587890625,0.439,0.4485,0.265,0.0,0.1715
B,183,Mean imputation,0.5247984552456968,0.09507191453136019,1000000.0,0.3139127126330588,0.015301140413219406,1000000.0,0.006551504135131836,0.439,0.4485,0.265,0.0,0.1715
B,183,KNN (k=5),0.8418267906845728,0.0826917861262082,1000000.0,0.06424165596664268,0.01831442606821153,1000000.0,0.1825850009918213,0.439,0.4485,0.265,0.0,0.1715
B,183,MissForest (single),0.8311532615895401,0.08109043361646595,1000000.0,0.02930342726900621,0.01847537373563377,1000000.0,1.7859179973602295,0.439,0.4485,0.265,0.0,0.1715
B,183,MI without outcome,0.6128993005413457,0.08802684533273708,79.18375422385968,0.02089032636940352,0.025694574594061003,113.25938783452146,0.600766658782959,0.439,0.4485,0.265,0.0,0.1715
B,183,MI with outcome,0.5854420944526557,0.08749866073932201,80.26108960472425,0.018880586334730755,0.02575832650142991,113.71532465205696,0.7540721893310547,0.439,0.4485,0.265,0.0,0.1715
B,183,MI without auxiliary,0.40359709447789205,0.09358235846718606,55.212816886295315,0.27066430032122896,0.02608895253724839,61.8783131384596,0.5955619812011719,0.439,0.4485,0.265,0.0,0.1715
B,184,Complete-case,0.48748670787298776,0.10294739616698591,1000000.0,0.293504700335647,0.026129541543496813,1000000.0,0.004441022872924805,0.4685,0.4365,0.237,0.0,0.197
B,184,Mean imputation,0.5784551413571025,0.09883133715351106,1000000.0,0.293504700335647,0.014721143570709716,1000000.0,0.007781028747558594,0.4685,0.4365,0.237,0.0,0.197
B,184,KNN (k=5),0.9320896465362758,0.08810175706299479,1000000.0,0.06731612886491631,0.01754424342625314,1000000.0,0.18658447265625,0.4685,0.4365,0.237,0.0,0.197
B,184,MissForest (single),0.9189551777683023,0.08797609752822416,1000000.0,0.04524703306785356,0.017324767547720353,1000000.0,1.7950046062469482,0.4685,0.4365,0.237,0.0,0.197
B,184,MI without outcome,0.6581594843321457,0.0783563018069718,750.8738505619858,0.007931524162455832,0.024960902203222297,96.05343136540587,0.6019618511199951,0.4685,0.4365,0.237,0.0,0.197
B,184,MI with outcome,0.6581718400268562,0.07846732936512674,925.0198522027902,0.007804641363458889,0.02497589676706647,95.92804124625806,0.6298067569732666,0.4685,0.4365,0.237,0.0,0.197
B,184,MI without auxiliary,0.4814232752337878,0.08100699026724215,577.8368961800702,0.23107890899429462,0.02525021915772751,57.75019435993403,0.5733685493469238,0.4685,0.4365,0.237,0.0,0.197
B,185,Complete-case,0.38632088232033684,0.10060589874716656,1000000.0,0.31380557344464727,0.02647496485008993,1000000.0,0.00406336784362793,0.4645,0.4355,0.232,0.0,0.1815
B,185,Mean imputation,0.49157788439959516,0.09419252513105796,1000000.0,0.3138055734446473,0.01494223347582404,1000000.0,0.0062978267669677734,0.4645,0.4355,0.232,0.0,0.1815
B,185,KNN (k=5),0.6749638565992564,0.08415423918572014,1000000.0,0.1209941292843836,0.01702136910097372,1000000.0,0.1103827953338623,0.4645,0.4355,0.232,0.0,0.1815
B,185,MissForest (single),0.6511822819713978,0.08395929362799684,1000000.0,0.10042306273913422,0.016949220275293983,1000000.0,1.8920021057128906,0.4645,0.4355,0.232,0.0,0.1815
B,185,MI without outcome,0.5871686965286642,0.08188296270630634,141.2875296232127,0.020374120727547684,0.023097461567236934,379.1648638463229,0.5819406509399414,0.4645,0.4355,0.232,0.0,0.1815
B,185,MI with outcome,0.5585967084220299,0.08170812568176267,139.89709258516078,0.01821768712765715,0.023127775687141895,385.0617797749081,0.5578427314758301,0.4645,0.4355,0.232,0.0,0.1815
B,185,MI without auxiliary,0.399892826298193,0.08807341080316314,87.4135115362302,0.26639209288573396,0.02245068105541757,191.44762844606487,0.4768505096435547,0.4645,0.4355,0.232,0.0,0.1815
B,186,Complete-case,0.5694671104479502,0.09871967439569615,1000000.0,0.33433741920645876,0.028711493398879483,1000000.0,0.00261688232421875,0.4545,0.437,0.2535,0.0,0.1745
B,186,Mean imputation,0.6380042730524456,0.09179811755378176,1000000.0,0.3343374192064587,0.01616143217906081,1000000.0,0.0037245750427246094,0.4545,0.437,0.2535,0.0,0.1745
B,186,KNN (k=5),0.7980210102165377,0.08060308802913223,1000000.0,0.09395574093479091,0.018934003106518934,1000000.0,0.08368682861328125,0.4545,0.437,0.2535,0.0,0.1745
B,186,MissForest (single),0.8086878430777075,0.07927219830601269,1000000.0,0.054665591695531916,0.019005259019880934,1000000.0,1.5305273532867432,0.4545,0.437,0.2535,0.0,0.1745
B,186,MI without outcome,0.6131442381498114,0.07435943444099646,333.65572047565405,0.015288462086803256,0.026579938329449913,133.43196091897474,0.5331709384918213,0.4545,0.437,0.2535,0.0,0.1745
B,186,MI with outcome,0.5928515157328051,0.0746886252599711,295.0134812827263,0.012257921561656358,0.02662485134341684,135.72267444143694,0.5920917987823486,0.4545,0.437,0.2535,0.0,0.1745
B,186,MI without auxiliary,0.5236535876399344,0.08130749715046214,145.72333315841664,0.2833674466041261,0.026718960049964918,73.08433398879951,0.49683713912963867,0.4545,0.437,0.2535,0.0,0.1745
B,187,Complete-case,0.5100826705106255,0.09190755542015601,1000000.0,0.30387754566204644,0.027912500555140614,1000000.0,0.0032744407653808594,0.4625,0.4365,0.237,0.0,0.198
B,187,Mean imputation,0.5575967544410405,0.08922856639662209,1000000.0,0.3038775456620465,0.015725646292175627,1000000.0,0.0052111148834228516,0.4625,0.4365,0.237,0.0,0.198
B,187,KNN (k=5),0.7955436941148742,0.07860099405637531,1000000.0,0.053007595771965184,0.018580305174782534,1000000.0,0.11198639869689941,0.4625,0.4365,0.237,0.0,0.198
B,187,MissForest (single),0.7866368878428525,0.0778537361562821,1000000.0,0.020443960808932685,0.018730613014287523,1000000.0,1.6652805805206299,0.4625,0.4365,0.237,0.0,0.198
B,187,MI without outcome,0.6576985640867296,0.07690354193346227,165.41246567801647,-0.022000965296008947,0.024711924946646036,274.94669998927804,0.48841428756713867,0.4625,0.4365,0.237,0.0,0.198
B,187,MI with outcome,0.6374167681601757,0.07706286521036204,153.59119247211564,-0.02360390861998696,0.02472996043017992,277.30979374450857,0.5832467079162598,0.4625,0.4365,0.237,0.0,0.198
B,187,MI without auxiliary,0.48183566076626194,0.08211077538630987,92.58815977851103,0.2589155948648357,0.02453733072518375,124.82030170184615,0.46660685539245605,0.4625,0.4365,0.237,0.0,0.198
B,188,Complete-case,0.6799049642105781,0.09564487371338141,1000000.0,0.320387666626966,0.027879930026496278,1000000.0,0.004433393478393555,0.465,0.4295,0.253,0.0,0.1935
B,188,Mean imputation,0.8031079657806948,0.09179914799208473,1000000.0,0.32038766662696594,0.0159025046930254,1000000.0,0.008163690567016602,0.465,0.4295,0.253,0.0,0.1935
B,188,KNN (k=5),0.9870093217119538,0.07986125772834007,1000000.0,0.06933389289469408,0.01875554630795658,1000000.0,0.17513680458068848,0.465,0.4295,0.253,0.0,0.1935
B,188,MissForest (single),0.9913753488000032,0.07754584156160448,1000000.0,0.01859884010096205,0.019214682436332245,1000000.0,1.9170567989349365,0.465,0.4295,0.253,0.0,0.1935
B,188,MI without outcome,0.7854012625375666,0.07739403716753926,227.03806803805043,-0.01887210049384499,0.026910993154915956,102.58968660805795,0.6479899883270264,0.465,0.4295,0.253,0.0,0.1935
B,188,MI with outcome,0.8084754434528811,0.07805688093688978,230.20526010531105,-0.016803326649588897,0.02688560272287793,101.33704100142964,0.7344894409179688,0.465,0.4295,0.253,0.0,0.1935
B,188,MI without auxiliary,0.6732645550307848,0.0797446860536071,242.30568738701783,0.24554372277558528,0.027061818923593016,56.0125920714042,0.46712660789489746,0.465,0.4295,0.253,0.0,0.1935
B,189,Complete-case,0.5089427457187191,0.09296482266966372,1000000.0,0.35653138421817476,0.028118100805225886,1000000.0,0.0038690567016601562,0.469,0.4315,0.2465,0.0,0.192
B,189,Mean imputation,0.619139921390456,0.09153581357718311,1000000.0,0.3565313842181747,0.01598210526214077,1000000.0,0.005898475646972656,0.469,0.4315,0.2465,0.0,0.192
B,189,KNN (k=5),0.7924245008974713,0.07893046195852399,1000000.0,0.08358463234065772,0.01937939637052361,1000000.0,0.11186957359313965,0.469,0.4315,0.2465,0.0,0.192
B,189,MissForest (single),0.828376873944938,0.07808288808160219,1000000.0,0.048443622348268135,0.019555834704247998,1000000.0,1.616858720779419,0.469,0.4315,0.2465,0.0,0.192
B,189,MI without outcome,0.6173191671176241,0.07180695997512788,738.8491767147963,0.01842273114724465,0.027161745764026708,99.04184023402298,0.3726160526275635,0.469,0.4315,0.2465,0.0,0.192
B,189,MI with outcome,0.6141245451040589,0.07206059807319348,713.7079757907454,0.018121325679281798,0.027183053566024958,99.13737661032293,0.41522717475891113,0.469,0.4315,0.2465,0.0,0.192
B,189,MI without auxiliary,0.49283159401172416,0.07637299785832509,343.204266724764,0.29436982067043915,0.02750742964853357,55.188060378963435,0.48087382316589355,0.469,0.4315,0.2465,0.0,0.192
B,190,Complete-case,0.35673064717933844,0.08767684054947279,1000000.0,0.3523447443981432,0.02828604772025886,1000000.0,0.0029087066650390625,0.4645,0.4365,0.2515,0.0,0.199
B,190,Mean imputation,0.44862111857993264,0.08659358907088138,1000000.0,0.3523447443981431,0.01593609933204176,1000000.0,0.005480766296386719,0.4645,0.4365,0.2515,0.0,0.199
B,190,KNN (k=5),0.7661538288067005,0.07559024884163411,1000000.0,0.07720484337301683,0.019094712301560603,1000000.0,0.10499000549316406,0.4645,0.4365,0.2515,0.0,0.199
B,190,MissForest (single),0.7371138963350073,0.07421706706298528,1000000.0,0.0429947659074539,0.019255240305841588,1000000.0,1.689864158630371,0.4645,0.4365,0.2515,0.0,0.199
B,190,MI without outcome,0.5872308397689052,0.07512379131845393,153.25386493926698,0.01135257790053632,0.02447768079920724,404.38222098387354,0.5217463970184326,0.4645,0.4365,0.2515,0.0,0.199
B,190,MI with outcome,0.5602767434563912,0.07498803553035512,147.43988598696498,0.010471339611116506,0.024510466950561874,408.16062289747396,0.5959534645080566,0.4645,0.4365,0.2515,0.0,0.199
B,190,MI without auxiliary,0.37583545598702917,0.0810035113979589,87.5942124115983,0.3001679439890255,0.02392371820169464,182.53489517880047,0.329195499420166,0.4645,0.4365,0.2515,0.0,0.199
B,191,Complete-case,0.5236900173859173,0.09841422205178388,1000000.0,0.3188011070453448,0.027921291872161302,1000000.0,0.004667043685913086,0.4565,0.435,0.2645,0.0,0.1945
B,191,Mean imputation,0.5948238991257558,0.093004835976228,1000000.0,0.3188011070453448,0.015772491655727708,1000000.0,0.007809162139892578,0.4565,0.435,0.2645,0.0,0.1945
B,191,KNN (k=5),0.8573847594386788,0.08163749684152584,1000000.0,0.06872300357099312,0.019116468302395467,1000000.0,0.18408989906311035,0.4565,0.435,0.2645,0.0,0.1945
B,191,MissForest (single),0.8952202749510043,0.07945394325591303,1000000.0,0.02307715070562859,0.019398314885470405,1000000.0,2.022412061691284,0.4565,0.435,0.2645,0.0,0.1945
B,191,MI without outcome,0.716095905689908,0.07930394937075774,203.11577581057068,0.004825614803144305,0.025111878115427186,185.98730038405014,0.6710567474365234,0.4565,0.435,0.2645,0.0,0.1945
B,191,MI with outcome,0.703399945517236,0.08001409517976633,178.89826100110534,0.004591915761204601,0.02511969763847638,186.30964332205266,0.750401496887207,0.4565,0.435,0.2645,0.0,0.1945
B,191,MI without auxiliary,0.4939377357311673,0.08856489305047288,69.43574063521257,0.2654943940521705,0.02530080848247955,90.89358199869983,0.565312385559082,0.4565,0.435,0.2645,0.0,0.1945
B,192,Complete-case,0.46780382521557445,0.09168390744822226,1000000.0,0.28686855001459083,0.02818899298656861,1000000.0,0.0034062862396240234,0.4625,0.4355,0.244,0.0,0.1855
B,192,Mean imputation,0.5592575069454064,0.08995343405831419,1000000.0,0.2868685500145908,0.015909615632681146,1000000.0,0.005875349044799805,0.4625,0.4355,0.244,0.0,0.1855
B,192,KNN (k=5),0.7739813606331494,0.07801081339286878,1000000.0,0.045381021311146165,0.01878011072111575,1000000.0,0.11643218994140625,0.4625,0.4355,0.244,0.0,0.1855
B,192,MissForest (single),0.7539403150149997,0.07690873685386557,1000000.0,0.007966801859817128,0.01869082465362204,1000000.0,1.7057182788848877,0.4625,0.4355,0.244,0.0,0.1855
B,192,MI without outcome,0.6031708012008175,0.07702807330375433,144.15866858980252,-0.04458595716903127,0.026502122377788786,129.33597374611537,0.5937860012054443,0.4625,0.4355,0.244,0.0,0.1855
B,192,MI with outcome,0.5876384371616561,0.0769071790742171,143.61100789977374,-0.04587159895216776,0.026548733133640076,129.74337122509087,0.473785400390625,0.4625,0.4355,0.244,0.0,0.1855
B,192,MI without auxiliary,0.42825506136911917,0.0894663937635124,51.07335921857055,0.23966699261279018,0.026706840554593828,65.53273912260683,0.6656515598297119,0.4625,0.4355,0.244,0.0,0.1855
B,193,Complete-case,0.4891716284793957,0.09303604398838893,1000000.0,0.3281129082631681,0.028534175031496398,1000000.0,0.0043904781341552734,0.4475,0.4495,0.265,0.0,0.2045
B,193,Mean imputation,0.7124627253703909,0.09349127384343325,1000000.0,0.32811290826316813,0.015704854895180705,1000000.0,0.006339550018310547,0.4475,0.4495,0.265,0.0,0.2045
B,193,KNN (k=5),1.0270059057010756,0.08354206517419809,1000000.0,0.05083179180722936,0.019235705173241996,1000000.0,0.16596555709838867,0.4475,0.4495,0.265,0.0,0.2045
B,193,MissForest (single),0.9895539211635509,0.08268396581196269,1000000.0,0.038020411748728854,0.01878855500352539,1000000.0,1.743664026260376,0.4475,0.4495,0.265,0.0,0.2045
B,193,MI without outcome,0.7133467463972704,0.07265476732813739,774.9802862715935,-0.01910373420996635,0.028495959069151457,67.94955708484008,0.6056430339813232,0.4475,0.4495,0.265,0.0,0.2045
B,193,MI with outcome,0.7346760353123385,0.07309662871913684,852.1347434506632,-0.017800659424952778,0.028472797966913904,67.64135418674866,0.7202675342559814,0.4475,0.4495,0.265,0.0,0.2045
B,193,MI without auxiliary,0.5750725134786931,0.07728334037276889,270.13348559128247,0.25906251086216636,0.029254518536318552,38.980189926242616,0.6350717544555664,0.4475,0.4495,0.265,0.0,0.2045
B,194,Complete-case,0.5282740126934146,0.0915768298609894,1000000.0,0.335377813565726,0.027493827493566242,1000000.0,0.0031023025512695312,0.4645,0.4325,0.2405,0.0,0.1875
B,194,Mean imputation,0.6454953508273115,0.09170523960081177,1000000.0,0.33537781356572605,0.01559977256183611,1000000.0,0.00529932975769043,0.4645,0.4325,0.2405,0.0,0.1875
B,194,KNN (k=5),0.9236763938573362,0.08089464298183181,1000000.0,0.07552828467261133,0.01859302110432683,1000000.0,0.1019136905670166,0.4645,0.4325,0.2405,0.0,0.1875
B,194,MissForest (single),0.8856829992742052,0.08011376763008515,1000000.0,0.05480585424828586,0.01840058163532015,1000000.0,1.7229235172271729,0.4645,0.4325,0.2405,0.0,0.1875
B,194,MI without outcome,0.7157346669572828,0.07399922489962482,720.2777739676716,0.008007663138583452,0.024956062610501553,191.85020410846545,0.49689507484436035,0.4645,0.4325,0.2405,0.0,0.1875
B,194,MI with outcome,0.7183091054279774,0.07406952919637735,832.569047286116,0.008460048812630813,0.024955490331710416,191.27138670158803,0.35300779342651367,0.4645,0.4325,0.2405,0.0,0.1875
B,194,MI without auxiliary,0.5452623178110902,0.0770766510160994,361.04363906572195,0.27365525205981867,0.024723167060061484,96.3790683551531,0.349928617477417,0.4645,0.4325,0.2405,0.0,0.1875
B,195,Complete-case,0.44463578879957477,0.09820918077228447,1000000.0,0.3523845536180359,0.027591423279715147,1000000.0,0.00432586669921875,0.4475,0.4445,0.258,0.0,0.192
B,195,Mean imputation,0.48842935569027174,0.09244735779272094,1000000.0,0.35238455361803583,0.015323967694107392,1000000.0,0.006941080093383789,0.4475,0.4445,0.258,0.0,0.192
B,195,KNN (k=5),0.7278241680406793,0.08084805549234496,1000000.0,0.0947238917227069,0.018193149212482867,1000000.0,0.16130733489990234,0.4475,0.4445,0.258,0.0,0.192
B,195,MissForest (single),0.8408877952169225,0.08077114793623191,1000000.0,0.05607189301552322,0.01840939815916597,1000000.0,1.712355613708496,0.4475,0.4445,0.258,0.0,0.192
B,195,MI without outcome,0.5976817579423834,0.07595001164135208,266.6318210137983,0.02102637817705497,0.025870839888699714,114.76079807480275,0.613405704498291,0.4475,0.4445,0.258,0.0,0.192
B,195,MI with outcome,0.5731649933773983,0.0762835426577051,241.16306143013918,0.0192169163133906,0.02599270048919335,111.51902264907999,0.7550735473632812,0.4475,0.4445,0.258,0.0,0.192
B,195,MI without auxiliary,0.39735169838638845,0.08397483713941817,98.62170349775158,0.300449996019135,0.02629939226717504,59.701200604403496,0.6418650150299072,0.4475,0.4445,0.258,0.0,0.192
B,196,Complete-case,0.4385374748971013,0.09339427356185594,1000000.0,0.3199334412480507,0.027916981221317198,1000000.0,0.0031452178955078125,0.4735,0.4215,0.248,0.0,0.183
B,196,Mean imputation,0.6019667388374511,0.09116380929433607,1000000.0,0.3199334412480506,0.016147030144783872,1000000.0,0.005487918853759766,0.4735,0.4215,0.248,0.0,0.183
B,196,KNN (k=5),0.872118790096953,0.0795530977715939,1000000.0,0.048578867209204665,0.019117146515727202,1000000.0,0.0817866325378418,0.4735,0.4215,0.248,0.0,0.183
B,196,MissForest (single),0.8214189115544042,0.07812068521439564,1000000.0,0.03645467576749213,0.01922253272157524,1000000.0,1.5791285037994385,0.4735,0.4215,0.248,0.0,0.183
B,196,MI without outcome,0.6457677504007778,0.08162998592927484,102.75308470612347,0.005251617822064703,0.024990185517990027,290.9523089599604,0.3404076099395752,0.4735,0.4215,0.248,0.0,0.183
B,196,MI with outcome,0.6414690507957811,0.08207181984028628,99.98683418345283,0.004883789988211975,0.024988824373440566,294.3714859887013,0.3566856384277344,0.4735,0.4215,0.248,0.0,0.183
B,196,MI without auxiliary,0.5017642040066106,0.08791792827914474,68.20978023418057,0.2665717742389109,0.024544979493040377,146.84003408814223,0.34610652923583984,0.4735,0.4215,0.248,0.0,0.183
B,197,Complete-case,0.4641565383804149,0.09100772229703107,1000000.0,0.32421820717255656,0.028023817273455078,1000000.0,0.007392406463623047,0.4635,0.438,0.235,0.0,0.193
B,197,Mean imputation,0.5117958191093801,0.08919872880176129,1000000.0,0.3242182071725565,0.01574631486531769,1000000.0,0.006971120834350586,0.4635,0.438,0.235,0.0,0.193
B,197,KNN (k=5),0.692484269700578,0.07771809374415135,1000000.0,0.0856608065931101,0.018430242011744702,1000000.0,0.1619877815246582,0.4635,0.438,0.235,0.0,0.193
B,197,MissForest (single),0.7458787506583222,0.07807900857100979,1000000.0,0.05456327484442002,0.01834193221829239,1000000.0,1.4856863021850586,0.4635,0.438,0.235,0.0,0.193
B,197,MI without outcome,0.6174184193137571,0.07066370349217634,2101.0143369004586,0.0066157851249011804,0.02322453023298571,1107.6451859167423,0.3260772228240967,0.4635,0.438,0.235,0.0,0.193
B,197,MI with outcome,0.5955253702046931,0.07055401172460002,1965.0085578958615,0.004341853415230605,0.023284935397617473,1089.7765454455814,0.5522763729095459,0.4635,0.438,0.235,0.0,0.193
B,197,MI without auxiliary,0.45756674345930914,0.07404907757028326,833.0961600776709,0.26641706060630976,0.02239781159236251,465.6476868975662,0.36202096939086914,0.4635,0.438,0.235,0.0,0.193
B,198,Complete-case,0.4382651486623837,0.0890984645260343,1000000.0,0.30709306001485004,0.02790633368879114,1000000.0,0.0035326480865478516,0.4525,0.449,0.24,0.0,0.2005
B,198,Mean imputation,0.4945334858536603,0.08768432340715038,1000000.0,0.30709306001485004,0.01537325549008061,1000000.0,0.006340980529785156,0.4525,0.449,0.24,0.0,0.2005
B,198,KNN (k=5),0.7770932839471868,0.07544425543306037,1000000.0,0.03264720556776584,0.018462025923059656,1000000.0,0.11068391799926758,0.4525,0.449,0.24,0.0,0.2005
B,198,MissForest (single),0.7548147068670263,0.07428514365207783,1000000.0,-0.011499949037317578,0.01879375421080178,1000000.0,1.7608168125152588,0.4525,0.449,0.24,0.0,0.2005
B,198,MI without outcome,0.5972717289528477,0.07497514114919272,139.39098715666046,-0.0420152252241444,0.024402352978665543,329.0673674961671,0.6475207805633545,0.4525,0.449,0.24,0.0,0.2005
B,198,MI with outcome,0.5796215000644029,0.0750142648695473,135.69485061778056,-0.042883070467605186,0.024417466935435103,333.06589474807413,0.35462021827697754,0.4525,0.449,0.24,0.0,0.2005
B,198,MI without auxiliary,0.40799563207594486,0.08363087489832075,70.22389266253852,0.2621997365832588,0.023842339055460092,146.2957775110954,0.3132462501525879,0.4525,0.449,0.24,0.0,0.2005
B,199,Complete-case,0.42783912225418536,0.09438267421027195,1000000.0,0.3194473764090888,0.027305595367581675,1000000.0,0.0050122737884521484,0.4685,0.4405,0.2275,0.0,0.1875
B,199,Mean imputation,0.5481832390981631,0.09289491371804225,1000000.0,0.3194473764090889,0.015274471778918101,1000000.0,0.007715702056884766,0.4685,0.4405,0.2275,0.0,0.1875
B,199,KNN (k=5),0.8002371610591283,0.07940821985317084,1000000.0,0.07194861691364834,0.01810045637208712,1000000.0,0.16952872276306152,0.4685,0.4405,0.2275,0.0,0.1875
B,199,MissForest (single),0.7464440161119953,0.0782031373891822,1000000.0,0.05440335675441284,0.018016641057059052,1000000.0,1.3532631397247314,0.4685,0.4405,0.2275,0.0,0.1875
B,199,MI without outcome,0.6180132499376427,0.075994232158722,261.15227994487,0.005193150246807821,0.024005403552822227,274.79122895810025,0.33861517906188965,0.4685,0.4405,0.2275,0.0,0.1875
B,199,MI with outcome,0.6086709651515291,0.07580024031789251,274.69551432948185,0.005042390115937021,0.024021002126039387,272.7740090541261,0.35898399353027344,0.4685,0.4405,0.2275,0.0,0.1875
B,199,MI without auxiliary,0.4494062333930426,0.08041840899322475,170.71269268067627,0.27466253376263017,0.02400210180370825,119.89957265984187,0.325408935546875,0.4685,0.4405,0.2275,0.0,0.1875
D,0,Complete-case,0.3877871035103475,0.10079075687426671,1000000.0,0.38581809151486623,0.02567080245478055,1000000.0,0.0024085044860839844,0.432,0.413,0.2495,0.0,0.1955
D,0,Mean imputation,0.4887396941303645,0.09029008993737728,1000000.0,0.3858180915148663,0.015066108971305303,1000000.0,0.004082679748535156,0.432,0.413,0.2495,0.0,0.1955
D,0,KNN (k=5),0.7203360701821385,0.08388658826991995,1000000.0,0.2596834173269881,0.017304562756860778,1000000.0,0.21485686302185059,0.432,0.413,0.2495,0.0,0.1955
D,0,MissForest (single),0.7331295232176323,0.08296395516588641,1000000.0,0.23142821786742218,0.017491612377976445,1000000.0,1.6742205619812012,0.432,0.413,0.2495,0.0,0.1955
D,0,MI without outcome,0.5913517068302896,0.07890433946029161,416.837398216332,0.2123455010534791,0.021539914699429372,550.7513931065291,0.4998812675476074,0.432,0.413,0.2495,0.0,0.1955
D,0,MI with outcome,0.5370934617550023,0.07814542162546802,459.65012542697775,0.20998522652613882,0.021569013678474268,567.210596611399,0.6783266067504883,0.432,0.413,0.2495,0.0,0.1955
D,0,MI without auxiliary,0.4538641692963578,0.08061708293751374,240.780303806966,0.33294173762334883,0.021708063632899715,263.2313759931929,0.7143921852111816,0.432,0.413,0.2495,0.0,0.1955
D,0,Missingness indicator,0.4572636877155345,0.08696092127735958,1000000.0,,,1000000.0,0.008254528045654297,0.432,0.413,0.2495,0.0,0.1955
D,0,MI delta=-0.25,0.5415705290946334,0.07540947255658795,542.9122391345767,0.10673522652613879,0.02232976692263456,651.568307690933,0.8623065948486328,0.432,0.413,0.2495,0.0,0.1955
D,0,MI delta=-0.5,0.5278302249292127,0.07154331727253131,683.0825961201375,0.0034852265261387837,0.023391753842642665,784.6470254781975,0.8199868202209473,0.432,0.413,0.2495,0.0,0.1955
D,0,MI delta=-0.75,0.5016020691042347,0.06712750407401372,886.4164236920417,-0.09976477347386122,0.024716175313122795,978.0211809520597,0.7640483379364014,0.432,0.413,0.2495,0.0,0.1955
D,0,MI delta=-1.0,0.46851284249616265,0.06258503317989607,1161.4624368599025,-0.2030147734738612,0.026263358765433703,1246.8788475991314,0.8185644149780273,0.432,0.413,0.2495,0.0,0.1955
D,1,Complete-case,0.6409397317503238,0.11334101438469721,1000000.0,0.4225090219053919,0.026051106619375965,1000000.0,0.0032072067260742188,0.4365,0.4205,0.2475,0.0,0.1935
D,1,Mean imputation,0.6728220020730522,0.0937530562350803,1000000.0,0.4225090219053919,0.01509387604465318,1000000.0,0.004298210144042969,0.4365,0.4205,0.2475,0.0,0.1935
D,1,KNN (k=5),0.8317219107110041,0.08688191176714392,1000000.0,0.3032398670003381,0.01751251120534384,1000000.0,0.20221924781799316,0.4365,0.4205,0.2475,0.0,0.1935
D,1,MissForest (single),0.8524670544861349,0.0873727981949834,1000000.0,0.2838246981391866,0.01756212928217273,1000000.0,1.5125536918640137,0.4365,0.4205,0.2475,0.0,0.1935
D,1,MI without outcome,0.6769862099941482,0.08448586413445927,179.1158817364528,0.2782893631431951,0.021594198131434404,509.4883104368383,0.36037731170654297,0.4365,0.4205,0.2475,0.0,0.1935
D,1,MI with outcome,0.6488480419294916,0.08359306605749092,197.831798883088,0.27760823471914675,0.021625918122728398,505.68561924765766,0.422898530960083,0.4365,0.4205,0.2475,0.0,0.1935
D,1,MI without auxiliary,0.6585994619782375,0.08554359092341512,160.07529763249215,0.3756465215660066,0.021965446883124826,263.75087821800935,0.43912792205810547,0.4365,0.4205,0.2475,0.0,0.1935
D,1,Missingness indicator,0.6298442138369242,0.09120157409507201,1000000.0,,,1000000.0,0.003688335418701172,0.4365,0.4205,0.2475,0.0,0.1935
D,1,MI delta=-0.25,0.65170025163534,0.08179503926247444,193.09215752066984,0.17248323471914678,0.022277839645808938,569.4750221294466,0.5396163463592529,0.4365,0.4205,0.2475,0.0,0.1935
D,1,MI delta=-0.5,0.6311509061089035,0.07826561829814677,199.90480754209634,0.06735823471914679,0.023241375757351128,674.5741809261831,0.5872163772583008,0.4365,0.4205,0.2475,0.0,0.1935
D,1,MI delta=-0.75,0.5946233058817608,0.07360819900180787,218.5761216961576,-0.03776676528085321,0.024479758129544282,830.2538069825144,0.5835356712341309,0.4365,0.4205,0.2475,0.0,0.1935
D,1,MI delta=-1.0,0.5497219452705457,0.06843609834957162,250.3002990520888,-0.1428917652808532,0.02595367357897872,1049.0054353543112,0.7108352184295654,0.4365,0.4205,0.2475,0.0,0.1935
D,2,Complete-case,0.5494397109410832,0.11135739571354401,1000000.0,0.418620744192485,0.025483979194017722,1000000.0,0.004594326019287109,0.4015,0.4545,0.2565,0.0,0.192
D,2,Mean imputation,0.6447243922240042,0.09899722754305762,1000000.0,0.4186207441924851,0.013898613282731696,1000000.0,0.008523941040039062,0.4015,0.4545,0.2565,0.0,0.192
D,2,KNN (k=5),0.9035126537234656,0.09019055304012122,1000000.0,0.2798746028048825,0.016315098389876506,1000000.0,0.4361739158630371,0.4015,0.4545,0.2565,0.0,0.192
D,2,MissForest (single),0.8957421664775368,0.08996880354898656,1000000.0,0.27357006488295116,0.01631581273384927,1000000.0,1.9817383289337158,0.4015,0.4545,0.2565,0.0,0.192
D,2,MI without outcome,0.6659512833357577,0.0989410557273371,56.76135508131215,0.2689354627765068,0.021165637997831194,309.6479892051552,0.7558467388153076,0.4015,0.4545,0.2565,0.0,0.192
D,2,MI with outcome,0.6405970772737851,0.09962733749087227,54.573302580728324,0.2685055777114263,0.02117542272182056,311.18221746116507,0.8494086265563965,0.4015,0.4545,0.2565,0.0,0.192
D,2,MI without auxiliary,0.5940485768047848,0.10666463807963619,39.14395828006225,0.3792881594718764,0.021517924809565898,178.30183845040094,0.5943088531494141,0.4015,0.4545,0.2565,0.0,0.192
D,2,Missingness indicator,0.5913220470606027,0.09597030912786779,1000000.0,,,1000000.0,0.006274223327636719,0.4015,0.4545,0.2565,0.0,0.192
D,2,MI delta=-0.25,0.6472435628308048,0.0966090709302854,56.42906584754491,0.1548805777114263,0.021831912534243915,351.60378922179007,0.6602532863616943,0.4015,0.4545,0.2565,0.0,0.192
D,2,MI delta=-0.5,0.629043135616697,0.09135644165337489,60.92340745279312,0.04125557771142626,0.02281161203013689,419.09291855465085,0.644305944442749,0.4015,0.4545,0.2565,0.0,0.192
D,2,MI delta=-0.75,0.593717598817312,0.08483085761525308,68.14844272523865,-0.07236942228857372,0.02407509590800468,519.9463327802414,0.5542755126953125,0.4015,0.4545,0.2565,0.0,0.192
D,2,MI delta=-1.0,0.5492913883479755,0.07788458227821923,78.3573667859374,-0.18599442228857374,0.02558034799609436,662.6927345435682,0.7522923946380615,0.4015,0.4545,0.2565,0.0,0.192
D,3,Complete-case,0.6703905854927765,0.11077017989749059,1000000.0,0.4459956005393727,0.025697738214519407,1000000.0,0.003771543502807617,0.432,0.431,0.237,0.0,0.1965
D,3,Mean imputation,0.608842670545665,0.09485992085234098,1000000.0,0.4459956005393727,0.014619242465126064,1000000.0,0.008191585540771484,0.432,0.431,0.237,0.0,0.1965
D,3,KNN (k=5),0.795443079827984,0.08689001259664061,1000000.0,0.3052680877624896,0.01677666277337929,1000000.0,0.4167194366455078,0.432,0.431,0.237,0.0,0.1965
D,3,MissForest (single),0.8189532083016788,0.08642944896122158,1000000.0,0.2926425833842628,0.016920435169229673,1000000.0,1.725076675415039,0.432,0.431,0.237,0.0,0.1965
D,3,MI without outcome,0.6247361656162927,0.07970830724722741,522.043606602004,0.2716205366035621,0.02320006352334357,124.45393219017797,0.5739426612854004,0.432,0.431,0.237,0.0,0.1965
D,3,MI with outcome,0.6093428776255652,0.0802890716762174,455.31251325516166,0.271249285070022,0.02321192932695999,124.9061027887274,0.6690981388092041,0.432,0.431,0.237,0.0,0.1965
D,3,MI without auxiliary,0.568771858508386,0.08338044416193799,252.55042236652838,0.3925590589096696,0.024152362730337676,69.94355541507215,0.57352614402771,0.432,0.431,0.237,0.0,0.1965
D,3,Missingness indicator,0.557903808448635,0.09154111122498351,1000000.0,,,1000000.0,0.005538225173950195,0.432,0.431,0.237,0.0,0.1965
D,3,MI delta=-0.25,0.6144796664831528,0.07694464426255725,650.8879499835202,0.16349928507002207,0.023902537815695967,140.44774009746553,0.7223775386810303,0.432,0.431,0.237,0.0,0.1965
D,3,MI delta=-0.5,0.5972005674492402,0.07255664693633278,985.2429856897761,0.055749285070022046,0.024883811404893198,164.9705051677905,0.7238082885742188,0.432,0.431,0.237,0.0,0.1965
D,3,MI delta=-0.75,0.5648328840601369,0.06772052977228354,1520.3607782643908,-0.05200071492997795,0.02612301535218199,200.3696420230151,0.8377597332000732,0.432,0.431,0.237,0.0,0.1965
D,3,MI delta=-1.0,0.5245523514288664,0.06284659615005608,2335.527228527197,-0.15975071492997794,0.027585410948523233,249.14749919899552,0.9200732707977295,0.432,0.431,0.237,0.0,0.1965
D,4,Complete-case,0.6955434367485109,0.11508987599325303,1000000.0,0.43703257947328245,0.025735319199313166,1000000.0,0.004908323287963867,0.4195,0.4355,0.2595,0.0,0.1855
D,4,Mean imputation,0.6762034643728304,0.09745348728766019,1000000.0,0.43703257947328245,0.014524784082940459,1000000.0,0.008361101150512695,0.4195,0.4355,0.2595,0.0,0.1855
D,4,KNN (k=5),0.8716323962237893,0.08839973798450786,1000000.0,0.3087409032352298,0.01670364308271895,1000000.0,0.4407539367675781,0.4195,0.4355,0.2595,0.0,0.1855
D,4,MissForest (single),0.907692478589131,0.08897159155188937,1000000.0,0.2917231308662423,0.016703000489772378,1000000.0,1.7909986972808838,0.4195,0.4355,0.2595,0.0,0.1855
D,4,MI without outcome,0.6852622320860206,0.08976665253611468,110.94467628753765,0.2776004741555302,0.020690870392704844,1193.1390541397022,0.6280014514923096,0.4195,0.4355,0.2595,0.0,0.1855
D,4,MI with outcome,0.658431002823593,0.08962668150205515,113.53418721917919,0.27643053384659705,0.020705782859682897,1208.5316327108933,0.7490763664245605,0.4195,0.4355,0.2595,0.0,0.1855
D,4,MI without auxiliary,0.6411429390414229,0.08961072889655698,128.14317246266953,0.39922497254903466,0.02062489501971221,594.3084659582736,0.6708612442016602,0.4195,0.4355,0.2595,0.0,0.1855
D,4,Missingness indicator,0.6370627405460179,0.09593018955709527,1000000.0,,,1000000.0,0.00608515739440918,0.4195,0.4355,0.2595,0.0,0.1855
D,4,MI delta=-0.25,0.6472766264010966,0.08628727583687532,123.87008030051271,0.16755553384659708,0.02142643416500986,1385.7695187795512,0.6893618106842041,0.4195,0.4355,0.2595,0.0,0.1855
D,4,MI delta=-0.5,0.6149919147974467,0.08125087325738119,144.1586642570277,0.058680533846597084,0.022468364180176104,1675.6264974577546,0.44751882553100586,0.4195,0.4355,0.2595,0.0,0.1855
D,4,MI delta=-0.75,0.5698428143496996,0.07538892677702717,176.02531590537336,-0.050194466153402915,0.023789396115683443,2105.838553079319,0.5799322128295898,0.4195,0.4355,0.2595,0.0,0.1855
D,4,MI delta=-1.0,0.5193055716685622,0.06937844466132222,222.08540927029526,-0.15906946615340292,0.02534592702733762,2713.4643612098216,0.6741733551025391,0.4195,0.4355,0.2595,0.0,0.1855
D,5,Complete-case,0.3886415369238584,0.10790884060682807,1000000.0,0.40194264711135314,0.02445479627138176,1000000.0,0.0037522315979003906,0.439,0.416,0.252,0.0,0.183
D,5,Mean imputation,0.41911783184556406,0.09569203991700219,1000000.0,0.4019426471113531,0.014279056224664037,1000000.0,0.009030580520629883,0.439,0.416,0.252,0.0,0.183
D,5,KNN (k=5),0.6192237166825478,0.08892430603637419,1000000.0,0.28584697323050406,0.01620121153280575,1000000.0,0.40612316131591797,0.439,0.416,0.252,0.0,0.183
D,5,MissForest (single),0.677986006305863,0.08887239790464463,1000000.0,0.2766045877970636,0.016187446812917547,1000000.0,1.873079538345337,0.439,0.416,0.252,0.0,0.183
D,5,MI without outcome,0.5647576377361125,0.0872738288285682,168.56196190432863,0.2589548907536495,0.022059571120138337,146.5151966038984,0.537196159362793,0.439,0.416,0.252,0.0,0.183
D,5,MI with outcome,0.5242857614793127,0.0872139745477336,163.2520608979251,0.25917594213609585,0.022042287151663252,147.7796588920492,0.6329338550567627,0.439,0.416,0.252,0.0,0.183
D,5,MI without auxiliary,0.3811793186691597,0.09341129016963431,73.68583196385589,0.3693088182887263,0.022842474752721775,86.38058030700176,0.3909924030303955,0.439,0.416,0.252,0.0,0.183
D,5,Missingness indicator,0.3811352149784163,0.09095381388531691,1000000.0,,,1000000.0,0.003760814666748047,0.439,0.416,0.252,0.0,0.183
D,5,MI delta=-0.25,0.5474473242908747,0.08432734136462702,184.97901319336503,0.1551759421360959,0.022678460857932372,165.59314051692178,0.5053818225860596,0.439,0.416,0.252,0.0,0.183
D,5,MI delta=-0.5,0.5473334496881784,0.08007995854404008,212.92328789748984,0.05117594213609587,0.023621057272930467,194.88812045040186,0.6634330749511719,0.439,0.416,0.252,0.0,0.183
D,5,MI delta=-0.75,0.5297044572306516,0.07504976960845232,249.10267470792684,-0.05282405786390411,0.024835210937200657,238.15486010103447,0.6359655857086182,0.439,0.416,0.252,0.0,0.183
D,5,MI delta=-1.0,0.501259328460566,0.06973416131713765,296.7557094584486,-0.15682405786390413,0.026283315120002263,298.7504751224177,0.6698086261749268,0.439,0.416,0.252,0.0,0.183
D,6,Complete-case,0.47210212936120793,0.11314139995093024,1000000.0,0.4208897502264759,0.025196379169987997,1000000.0,0.005159616470336914,0.4325,0.431,0.242,0.0,0.1695
D,6,Mean imputation,0.4865549981406105,0.09987307559151246,1000000.0,0.4208897502264759,0.014334023222370006,1000000.0,0.010251522064208984,0.4325,0.431,0.242,0.0,0.1695
D,6,KNN (k=5),0.6882614984243507,0.0912327653995935,1000000.0,0.29327428522131993,0.016328490914464967,1000000.0,0.4159085750579834,0.4325,0.431,0.242,0.0,0.1695
D,6,MissForest (single),0.7460980997329224,0.09138787210934878,1000000.0,0.27014756198585643,0.016308655898032206,1000000.0,1.7262592315673828,0.4325,0.431,0.242,0.0,0.1695
D,6,MI without outcome,0.5496337919282163,0.08597190562567573,248.27946540288386,0.27631084564075004,0.021565946541434795,228.4111590159019,0.5833733081817627,0.4325,0.431,0.242,0.0,0.1695
D,6,MI with outcome,0.5207901522820173,0.08597986138486094,247.7211716154214,0.27548582171184954,0.021562405642375992,230.55098150797633,0.792107105255127,0.4325,0.431,0.242,0.0,0.1695
D,6,MI without auxiliary,0.4680575775246771,0.0907220855206138,129.74167779489036,0.3928146125875846,0.02215507847698371,131.13590681161187,0.7555520534515381,0.4325,0.431,0.242,0.0,0.1695
D,6,Missingness indicator,0.45295163863466775,0.09688235203335055,1000000.0,,,1000000.0,0.007848739624023438,0.4325,0.431,0.242,0.0,0.1695
D,6,MI delta=-0.25,0.5204697292152318,0.08316603110688318,264.28309624607,0.16773582171184953,0.02221033420441409,259.53653478692956,0.8526298999786377,0.4325,0.431,0.242,0.0,0.1695
D,6,MI delta=-0.5,0.5015450117887863,0.07887798618599962,296.15732180065754,0.05998582171184952,0.023173166786386607,307.5527944575559,0.691591739654541,0.4325,0.431,0.242,0.0,0.1695
D,6,MI delta=-0.75,0.47049922219525325,0.07376374031246961,346.6758750783271,-0.04776417828815047,0.024413673984063564,378.8878605437561,0.6964747905731201,0.4325,0.431,0.242,0.0,0.1695
D,6,MI delta=-1.0,0.4335337487805505,0.06838491237846328,420.00098406537785,-0.15551417828815045,0.02589197560911718,479.33471659884214,0.5070028305053711,0.4325,0.431,0.242,0.0,0.1695
D,7,Complete-case,0.5719269368891657,0.10964494214286437,1000000.0,0.45640599458543724,0.026615910799627232,1000000.0,0.004113912582397461,0.426,0.438,0.243,0.0,0.203
D,7,Mean imputation,0.5895216392036832,0.09288712171321624,1000000.0,0.45640599458543724,0.014955225684943544,1000000.0,0.009226560592651367,0.426,0.438,0.243,0.0,0.203
D,7,KNN (k=5),0.834582583574243,0.08508814682251713,1000000.0,0.30545650206752234,0.01769427136321554,1000000.0,0.33650898933410645,0.426,0.438,0.243,0.0,0.203
D,7,MissForest (single),0.8260096192366193,0.08450808987012207,1000000.0,0.28747628866574254,0.017880328110502632,1000000.0,1.6039700508117676,0.426,0.438,0.243,0.0,0.203
D,7,MI without outcome,0.6117859282767645,0.07993105329739067,273.81708560592153,0.2805549325637949,0.024034205089070063,124.2550212409998,0.5114490985870361,0.426,0.438,0.243,0.0,0.203
D,7,MI with outcome,0.5849818175686352,0.08008354300825545,250.0785125659939,0.2795691822946357,0.024052859280297125,124.62475041461128,0.6226677894592285,0.426,0.438,0.243,0.0,0.203
D,7,MI without auxiliary,0.5166979751817283,0.08506152695392123,115.09540653054144,0.41258420711577715,0.02492739949436385,71.31195315852781,0.5443754196166992,0.426,0.438,0.243,0.0,0.203
D,7,Missingness indicator,0.548689123040877,0.09079529743223393,1000000.0,,,1000000.0,0.005570411682128906,0.426,0.438,0.243,0.0,0.203
D,7,MI delta=-0.25,0.5810680215301435,0.07741992354872587,268.4229527524382,0.17006918229463572,0.024720320867592977,139.04451894302412,0.6338956356048584,0.426,0.438,0.243,0.0,0.203
D,7,MI delta=-0.5,0.5577836966759783,0.07346421376424829,298.76471161372046,0.06056918229463568,0.025671792579772094,161.71944424797667,0.8005728721618652,0.426,0.438,0.243,0.0,0.203
D,7,MI delta=-0.75,0.522060052038303,0.06875702107644559,345.8822246562941,-0.048930817705364324,0.026877128770462846,194.29827633137666,0.751819372177124,0.426,0.438,0.243,0.0,0.203
D,7,MI delta=-1.0,0.48041377360277193,0.06378850734413338,415.2903683689424,-0.1584308177053643,0.028303915168265213,238.95906776181943,0.7820479869842529,0.426,0.438,0.243,0.0,0.203
D,8,Complete-case,0.46258613647786856,0.10737750270465037,1000000.0,0.4365504964257172,0.02545021912273048,1000000.0,0.00544285774230957,0.432,0.4315,0.252,0.0,0.1975
D,8,Mean imputation,0.36005587770744324,0.09424531984851658,1000000.0,0.4365504964257172,0.01446570249468735,1000000.0,0.011335611343383789,0.432,0.4315,0.252,0.0,0.1975
D,8,KNN (k=5),0.49551189873502344,0.08564920155754142,1000000.0,0.3099462082346152,0.016642640007636995,1000000.0,0.312335729598999,0.432,0.4315,0.252,0.0,0.1975
D,8,MissForest (single),0.6238677844087288,0.08695209893988828,1000000.0,0.29356506530568116,0.016658521406665502,1000000.0,1.6404249668121338,0.432,0.4315,0.252,0.0,0.1975
D,8,MI without outcome,0.4760086621512184,0.07844804011103207,726.9490637430332,0.28232779692588694,0.022604085514598107,139.24202907045967,0.5172889232635498,0.432,0.4315,0.252,0.0,0.1975
D,8,MI with outcome,0.4051991507518071,0.07884121974076139,506.98603067676754,0.2818919868850362,0.022616919522356994,141.3734838291527,0.6287493705749512,0.432,0.4315,0.252,0.0,0.1975
D,8,MI without auxiliary,0.3269975225514783,0.08216557933383573,220.82348627950876,0.3904546603007416,0.023226768490400555,87.15419581990173,0.553795576095581,0.432,0.4315,0.252,0.0,0.1975
D,8,Missingness indicator,0.32751760405621183,0.08934410257887086,1000000.0,,,1000000.0,0.005944013595581055,0.432,0.4315,0.252,0.0,0.1975
D,8,MI delta=-0.25,0.43497845674592456,0.07648825977637914,573.624652903511,0.1740169868850362,0.02326341736087058,158.24434486856313,0.6581342220306396,0.432,0.4315,0.252,0.0,0.1975
D,8,MI delta=-0.5,0.4448915021850512,0.07294819160273262,654.1672920365987,0.06614198688503621,0.024211309960602608,185.65527806286516,0.6880724430084229,0.432,0.4315,0.252,0.0,0.1975
D,8,MI delta=-0.75,0.4388317787697963,0.06869442064848177,752.9199896095039,-0.0417330131149638,0.02542691245093934,225.84405368159997,0.6413207054138184,0.432,0.4315,0.252,0.0,0.1975
D,8,MI delta=-1.0,0.42202027722356117,0.06414518257690285,878.5590456231598,-0.1496080131149638,0.0268739209577637,281.81122740134384,0.6362049579620361,0.432,0.4315,0.252,0.0,0.1975
D,9,Complete-case,0.36080880444876123,0.10588842328195949,1000000.0,0.459519243686845,0.024475766298991126,1000000.0,0.007820606231689453,0.4535,0.4055,0.242,0.0,0.1895
D,9,Mean imputation,0.3822794176499967,0.09563756926547162,1000000.0,0.4595192436868449,0.01454836038090626,1000000.0,0.015120744705200195,0.4535,0.4055,0.242,0.0,0.1895
D,9,KNN (k=5),0.5002900809339784,0.08621833268817589,1000000.0,0.33627070918118634,0.016751742490200925,1000000.0,0.39279699325561523,0.4535,0.4055,0.242,0.0,0.1895
D,9,MissForest (single),0.5817577527879271,0.08792918652172026,1000000.0,0.32585830752933187,0.01638609258708939,1000000.0,1.7744929790496826,0.4535,0.4055,0.242,0.0,0.1895
D,9,MI without outcome,0.45609342497935657,0.08535433408858079,172.8621188074387,0.3162448023911598,0.021393091513358282,249.51379984726825,0.6333792209625244,0.4535,0.4055,0.242,0.0,0.1895
D,9,MI with outcome,0.40483515140885257,0.08550667633043069,166.55317165703661,0.31678740181025006,0.02141307518954075,251.99294408527217,0.8144214153289795,0.4535,0.4055,0.242,0.0,0.1895
D,9,MI without auxiliary,0.33520219852556987,0.09023362041728898,100.04493727105931,0.4250408404049777,0.02193475480310759,138.9572116111033,0.8154540061950684,0.4535,0.4055,0.242,0.0,0.1895
D,9,Missingness indicator,0.3464888148988981,0.0906250955583816,1000000.0,,,1000000.0,0.010043859481811523,0.4535,0.4055,0.242,0.0,0.1895
D,9,MI delta=-0.25,0.4358171049582459,0.08288168710542451,178.2944788921436,0.21541240181025004,0.02207444494034925,284.5976967353835,1.008206844329834,0.4535,0.4055,0.242,0.0,0.1895
D,9,MI delta=-0.5,0.44665707629382334,0.07865963446661059,204.47111759996923,0.11403740181025004,0.023045972453975164,338.1056018895338,0.764002799987793,0.4535,0.4055,0.242,0.0,0.1895
D,9,MI delta=-0.75,0.44133896981675613,0.07358872449647388,246.1818955392608,0.012662401810250015,0.024290470762163917,417.2688256509996,0.7329368591308594,0.4535,0.4055,0.242,0.0,0.1895
D,9,MI delta=-1.0,0.42511471002363094,0.06826823098253981,305.8239736576862,-0.08871259818975,0.02576842040015229,528.4737270850148,0.7222607135772705,0.4535,0.4055,0.242,0.0,0.1895
D,10,Complete-case,0.7234705862611288,0.10404649266606197,1000000.0,0.43742527799590414,0.026401663427845872,1000000.0,0.007096052169799805,0.448,0.42,0.236,0.0,0.2025
D,10,Mean imputation,0.6705238196019272,0.09064154269763329,1000000.0,0.43742527799590414,0.015310190975483735,1000000.0,0.011941671371459961,0.448,0.42,0.236,0.0,0.2025
D,10,KNN (k=5),0.8874427760966024,0.08362522717341647,1000000.0,0.30483849267229945,0.01741605014134575,1000000.0,0.3960251808166504,0.448,0.42,0.236,0.0,0.2025
D,10,MissForest (single),0.9038054330593686,0.0831256839051562,1000000.0,0.29077374735298234,0.01743786022536246,1000000.0,1.6821770668029785,0.448,0.42,0.236,0.0,0.2025
D,10,MI without outcome,0.6535657286622322,0.0902978551442922,57.23796943040811,0.26740393989396205,0.022751934988923493,308.1363656112728,0.5366501808166504,0.448,0.42,0.236,0.0,0.2025
D,10,MI with outcome,0.6630122124751525,0.09058759657866063,57.548088390224635,0.26802532680334296,0.022746537005342772,307.53531155893756,0.6398646831512451,0.448,0.42,0.236,0.0,0.2025
D,10,MI without auxiliary,0.6344277957557213,0.10168776181146248,35.362760876321715,0.39947382018910516,0.02295730320471197,166.83254206349818,0.5795984268188477,0.448,0.42,0.236,0.0,0.2025
D,10,Missingness indicator,0.6367490580140294,0.08942730216815198,1000000.0,,,1000000.0,0.0057506561279296875,0.448,0.42,0.236,0.0,0.2025
D,10,MI delta=-0.25,0.6471119910438575,0.08649133299006538,63.597597853538524,0.16302532680334295,0.023443475306632943,346.99387501801687,0.6429078578948975,0.448,0.42,0.236,0.0,0.2025
D,10,MI delta=-0.5,0.6125586263523692,0.08096661919057502,72.89324790130453,0.05802532680334295,0.024434007847222737,409.4611235901949,0.6603841781616211,0.448,0.42,0.236,0.0,0.2025
D,10,MI delta=-0.75,0.5669178339545687,0.07482070191073555,85.87620325971008,-0.04697467319665705,0.025684188926491925,499.91625818736566,0.4878067970275879,0.448,0.42,0.236,0.0,0.2025
D,10,MI delta=-1.0,0.5168447782431443,0.0686487445216081,103.16272677286464,-0.15197467319665706,0.02715818474150054,624.9377950282765,0.6565566062927246,0.448,0.42,0.236,0.0,0.2025
D,11,Complete-case,0.5221496471186375,0.10667530341813355,1000000.0,0.46097899688406524,0.025620910809489784,1000000.0,0.012880325317382812,0.4405,0.4315,0.2365,0.0,0.2005
D,11,Mean imputation,0.5377264447021417,0.09427877705691202,1000000.0,0.4609789968840653,0.014562722294283936,1000000.0,0.020320653915405273,0.4405,0.4315,0.2365,0.0,0.2005
D,11,KNN (k=5),0.7549525656751057,0.08434212122488072,1000000.0,0.3108658841830984,0.017133638112215906,1000000.0,0.3260836601257324,0.4405,0.4315,0.2365,0.0,0.2005
D,11,MissForest (single),0.8009904408461455,0.08536465209539555,1000000.0,0.2891161192786949,0.01714883993791132,1000000.0,1.7133686542510986,0.4405,0.4315,0.2365,0.0,0.2005
D,11,MI without outcome,0.6191683039270749,0.08143583366722963,266.7251658221988,0.29288266796384665,0.022472351353879295,166.44032708737032,0.46876072883605957,0.4405,0.4315,0.2365,0.0,0.2005
D,11,MI with outcome,0.5775777101514297,0.08170024250061769,246.09160748995683,0.2921204707426671,0.022494868763824057,166.91791716106786,0.3702418804168701,0.4405,0.4315,0.2365,0.0,0.2005
D,11,MI without auxiliary,0.4943370339682846,0.08116095612939883,263.5487888720363,0.41933179456952985,0.023181701042689448,95.56722849104612,0.46177029609680176,0.4405,0.4315,0.2365,0.0,0.2005
D,11,Missingness indicator,0.48074275577663206,0.08957746093857819,1000000.0,,,1000000.0,0.0055348873138427734,0.4405,0.4315,0.2365,0.0,0.2005
D,11,MI delta=-0.25,0.5947062574522783,0.07906457942172651,263.21458574484336,0.18424547074266714,0.02318835583390514,188.4729057339118,0.6084754467010498,0.4405,0.4315,0.2365,0.0,0.2005
D,11,MI delta=-0.5,0.5885157654334889,0.07515229873566122,288.6023913825147,0.07637047074266716,0.024180983766897826,222.87685129293283,0.6303977966308594,0.4405,0.4315,0.2365,0.0,0.2005
D,11,MI delta=-0.75,0.5656168970477901,0.07051124351722311,323.5969988801162,-0.031504529257332846,0.025437757559721896,272.9508160413941,0.6263840198516846,0.4405,0.4315,0.2365,0.0,0.2005
D,11,MI delta=-1.0,0.5329249578029256,0.06561035432645604,370.17618183786436,-0.13937952925733285,0.02692170959423713,342.4361789358266,0.687558650970459,0.4405,0.4315,0.2365,0.0,0.2005
D,12,Complete-case,0.6219195207954089,0.10614091578287264,1000000.0,0.46764766332138274,0.02562189179893202,1000000.0,0.010715723037719727,0.432,0.426,0.2445,0.0,0.1825
D,12,Mean imputation,0.6875085169279144,0.09607032151199484,1000000.0,0.46764766332138274,0.01470423554261723,1000000.0,0.011875391006469727,0.432,0.426,0.2445,0.0,0.1825
D,12,KNN (k=5),0.8625260218204304,0.08583446012520028,1000000.0,0.30953250803136173,0.017361434083262323,1000000.0,0.3839077949523926,0.432,0.426,0.2445,0.0,0.1825
D,12,MissForest (single),0.8605184433639694,0.08500771082843916,1000000.0,0.2940275107726959,0.01757945065471181,1000000.0,1.8613519668579102,0.432,0.426,0.2445,0.0,0.1825
D,12,MI without outcome,0.6914735713514677,0.08430106411196801,224.44357107545233,0.2907536953850125,0.023493038403495255,115.66024851925383,0.7125136852264404,0.432,0.426,0.2445,0.0,0.1825
D,12,MI with outcome,0.6462846409919566,0.08313564009311654,244.32808363918042,0.2890612638925535,0.023546097485107557,116.59943596209362,0.8157484531402588,0.432,0.426,0.2445,0.0,0.1825
D,12,MI without auxiliary,0.6192884453622034,0.08917145643257243,118.86063858328824,0.4223919823165331,0.024767880559980544,59.08797676468105,0.6694424152374268,0.432,0.426,0.2445,0.0,0.1825
D,12,Missingness indicator,0.6187097764709203,0.09181814017993171,1000000.0,,,1000000.0,0.0067598819732666016,0.432,0.426,0.2445,0.0,0.1825
D,12,MI delta=-0.25,0.6550951107586171,0.08068562927310764,255.66294311901657,0.18256126389255348,0.024242604494550003,131.0200629078826,0.7563753128051758,0.432,0.426,0.2445,0.0,0.1825
D,12,MI delta=-0.5,0.6407797332892426,0.07681236807903388,282.03548099281824,0.07606126389255348,0.025224579952454355,153.5735665940329,0.7279489040374756,0.432,0.426,0.2445,0.0,0.1825
D,12,MI delta=-0.75,0.6104387819626504,0.07212727742058844,324.85797223925937,-0.030438736107446535,0.0264602605821248,185.95042098027469,0.7644522190093994,0.432,0.426,0.2445,0.0,0.1825
D,12,MI delta=-1.0,0.5711672211171688,0.0671556674024017,386.630089314382,-0.13693873610744656,0.027915976457357376,230.37321976579125,0.7251107692718506,0.432,0.426,0.2445,0.0,0.1825
D,13,Complete-case,0.6270439127686273,0.11615625166140466,1000000.0,0.390484312352972,0.024733697939902974,1000000.0,0.015608549118041992,0.4285,0.431,0.2445,0.0,0.182
D,13,Mean imputation,0.7724503275806924,0.10020100815227204,1000000.0,0.390484312352972,0.014070807486019556,1000000.0,0.03209948539733887,0.4285,0.431,0.2445,0.0,0.182
D,13,KNN (k=5),0.9170492892287375,0.09001663030454708,1000000.0,0.26391338841134676,0.016060771472209287,1000000.0,0.2771117687225342,0.4285,0.431,0.2445,0.0,0.182
D,13,MissForest (single),0.888450319327657,0.08823356595475985,1000000.0,0.2414930335213596,0.016171169424253885,1000000.0,1.8482120037078857,0.4285,0.431,0.2445,0.0,0.182
D,13,MI without outcome,0.7033015729324139,0.08612334109858867,295.8763440975106,0.2316414808582309,0.022016550552963213,129.63894181090978,0.3382387161254883,0.4285,0.431,0.2445,0.0,0.182
D,13,MI with outcome,0.6877252724392874,0.08626305085400442,292.9816014381628,0.23113612088487284,0.022024089699606206,130.20486151806188,0.553170919418335,0.4285,0.431,0.2445,0.0,0.182
D,13,MI without auxiliary,0.6852718039987933,0.08928460729831249,201.73815665517574,0.3649626880275888,0.02314974027423996,70.11249556943763,0.567375898361206,0.4285,0.431,0.2445,0.0,0.182
D,13,Missingness indicator,0.7167181349546737,0.09825464977253563,1000000.0,,,1000000.0,0.00566554069519043,0.4285,0.431,0.2445,0.0,0.182
D,13,MI delta=-0.25,0.6766119671702997,0.08298576179291538,310.86046379768163,0.1233861208848728,0.022702570320751653,147.00613162098952,0.7194187641143799,0.4285,0.431,0.2445,0.0,0.182
D,13,MI delta=-0.5,0.6428071926181439,0.07839778392245718,340.04287198131254,0.015636120884872803,0.023687295672861715,174.21969762238527,0.8666484355926514,0.4285,0.431,0.2445,0.0,0.182
D,13,MI delta=-0.75,0.5957837962517682,0.07313683035829097,383.66440970752865,-0.0921138791151272,0.02494201993566277,214.1715695044493,0.8056037425994873,0.4285,0.431,0.2445,0.0,0.182
D,13,MI delta=-1.0,0.5435793539750714,0.06770762932286749,445.6921149724937,-0.1998638791151272,0.026428315226305118,269.968593724966,0.8733141422271729,0.4285,0.431,0.2445,0.0,0.182
D,14,Complete-case,0.5687936897613353,0.1005904299156708,1000000.0,0.4332813831075568,0.02625342174569146,1000000.0,0.023061275482177734,0.434,0.427,0.2485,0.0,0.203
D,14,Mean imputation,0.6261563191327996,0.09019362514003613,1000000.0,0.4332813831075569,0.015040406444164468,1000000.0,0.013304710388183594,0.434,0.427,0.2485,0.0,0.203
D,14,KNN (k=5),0.888232581047472,0.08331792720258553,1000000.0,0.296889582464073,0.017399457837647233,1000000.0,0.346160888671875,0.434,0.427,0.2485,0.0,0.203
D,14,MissForest (single),0.8405994243154984,0.08172934364800555,1000000.0,0.2777493901491585,0.017484105376814413,1000000.0,1.8009591102600098,0.434,0.427,0.2485,0.0,0.203
D,14,MI without outcome,0.6652293315678979,0.0817771381769355,168.28190758302017,0.26354686775468095,0.023751833511573887,120.76649021693103,0.7158007621765137,0.434,0.427,0.2485,0.0,0.203
D,14,MI with outcome,0.634559957317162,0.08145655432179198,173.23485553940105,0.2627087822814417,0.02378441073501143,120.20514653601072,0.8219742774963379,0.434,0.427,0.2485,0.0,0.203
D,14,MI without auxiliary,0.5859911312821094,0.0854065002756212,103.36323487478737,0.3919559877184042,0.025170120389414744,64.64558165739224,0.6720616817474365,0.434,0.427,0.2485,0.0,0.203
D,14,Missingness indicator,0.5790025542536537,0.08741604519220139,1000000.0,,,1000000.0,0.006764888763427734,0.434,0.427,0.2485,0.0,0.203
D,14,MI delta=-0.25,0.6334232097021407,0.07789798853600997,216.69809529291504,0.1559587822814417,0.024449841228546088,134.23249134853233,0.726001501083374,0.434,0.427,0.2485,0.0,0.203
D,14,MI delta=-0.5,0.6114267617042262,0.07331334759564391,281.7626632254548,0.04920878228144171,0.025400607581003744,156.3615251398735,0.6667869091033936,0.434,0.427,0.2485,0.0,0.203
D,14,MI delta=-0.75,0.5756856875005434,0.06830784866596441,372.9734606747587,-0.05754121771855829,0.02660613805423147,188.22653112513953,0.7873861789703369,0.434,0.427,0.2485,0.0,0.203
D,14,MI delta=-1.0,0.5329497920130389,0.06329542487062315,495.7195035023064,-0.16429121771855829,0.02803358496751977,231.98934316623937,0.6578254699707031,0.434,0.427,0.2485,0.0,0.203
D,15,Complete-case,0.6057332255859404,0.11398866406150428,1000000.0,0.44397835145809256,0.025687333112455586,1000000.0,0.013211965560913086,0.437,0.4245,0.2385,0.0,0.207
D,15,Mean imputation,0.6502152467300818,0.09583735819734994,1000000.0,0.44397835145809256,0.014780332522627565,1000000.0,0.03678464889526367,0.437,0.4245,0.2385,0.0,0.207
D,15,KNN (k=5),0.9876618102202431,0.0887791500601622,1000000.0,0.28895612699697426,0.017394974000506536,1000000.0,0.29401254653930664,0.437,0.4245,0.2385,0.0,0.207
D,15,MissForest (single),0.8662895380576775,0.08660491071825671,1000000.0,0.2754136872869059,0.01733437622292616,1000000.0,1.6142082214355469,0.437,0.4245,0.2385,0.0,0.207
D,15,MI without outcome,0.6770576397112694,0.08168138728120831,328.27230543186255,0.27194875807711066,0.023565621438218633,115.01447265894367,0.5249209403991699,0.437,0.4245,0.2385,0.0,0.207
D,15,MI with outcome,0.639517322205159,0.08233001492669566,270.2369212962987,0.27070768404657497,0.023576960815696612,115.73420186834375,0.6290087699890137,0.437,0.4245,0.2385,0.0,0.207
D,15,MI without auxiliary,0.6112934865776224,0.08409402086353455,228.47656507705386,0.40465795771585905,0.024724938102432755,62.09403744865134,0.5524170398712158,0.437,0.4245,0.2385,0.0,0.207
D,15,Missingness indicator,0.6159018355414172,0.09359593761716761,1000000.0,,,1000000.0,0.005351543426513672,0.437,0.4245,0.2385,0.0,0.207
D,15,MI delta=-0.25,0.627068706897101,0.07851563807516261,352.33352015111257,0.164582684046575,0.02425805135936211,129.69823887593776,0.6403658390045166,0.437,0.4245,0.2385,0.0,0.207
D,15,MI delta=-0.5,0.5942516250752399,0.0736824173999873,467.8188859326161,0.05845768404657501,0.02522517398876144,151.65164162280712,0.7683038711547852,0.437,0.4245,0.2385,0.0,0.207
D,15,MI delta=-0.75,0.5495393658900898,0.06844391048400952,622.5570012792791,-0.047667315953424994,0.026446968112326306,183.2373492291878,0.5958778858184814,0.437,0.4245,0.2385,0.0,0.207
D,15,MI delta=-1.0,0.5002514383056968,0.06322473147237469,824.8740898495374,-0.153792315953425,0.02788998412453479,226.6227484939306,0.643681526184082,0.437,0.4245,0.2385,0.0,0.207
D,16,Complete-case,0.6301894586981172,0.11532916403337405,1000000.0,0.3976289091772502,0.0241970047248255,1000000.0,0.02797532081604004,0.443,0.416,0.2445,0.0,0.1915
D,16,Mean imputation,0.6122138035448726,0.09810855275053507,1000000.0,0.3976289091772502,0.014128532787597922,1000000.0,0.024390220642089844,0.443,0.416,0.2445,0.0,0.1915
D,16,KNN (k=5),0.8130664437773939,0.09102739005841354,1000000.0,0.2943273711887859,0.01611147487996001,1000000.0,0.24175524711608887,0.443,0.416,0.2445,0.0,0.1915
D,16,MissForest (single),0.8437362062380822,0.09097133011117974,1000000.0,0.2696055183474212,0.016233199394556055,1000000.0,1.6379127502441406,0.443,0.416,0.2445,0.0,0.1915
D,16,MI without outcome,0.6508172666513822,0.08717151510673204,244.42844902184083,0.2629180537239531,0.02140143679074485,165.51521945556047,0.524545431137085,0.443,0.416,0.2445,0.0,0.1915
D,16,MI with outcome,0.630042306748476,0.08811036948141057,208.80250783502402,0.26229117053826356,0.021411730346609748,165.5520689179011,0.6147046089172363,0.443,0.416,0.2445,0.0,0.1915
D,16,MI without auxiliary,0.5668704374987655,0.09233739490755863,109.82006502959827,0.3672075114871074,0.022350949809475558,90.97490588505954,0.5374493598937988,0.443,0.416,0.2445,0.0,0.1915
D,16,Missingness indicator,0.5772115313493784,0.0962780241547214,1000000.0,,,1000000.0,0.005946636199951172,0.443,0.416,0.2445,0.0,0.1915
D,16,MI delta=-0.25,0.6234544739984563,0.0849238341655951,232.19965985629807,0.15829117053826353,0.022041487898356357,185.9050481641923,0.547107458114624,0.443,0.416,0.2445,0.0,0.1915
D,16,MI delta=-0.5,0.5936883948966682,0.08017471771785752,268.55434538955933,0.05429117053826356,0.02298659994233052,219.90064382651812,0.5111615657806396,0.443,0.416,0.2445,0.0,0.1915
D,16,MI delta=-0.75,0.5498229383128194,0.07463992106867091,318.8887349652901,-0.04970882946173645,0.024210162346461204,270.5941217165439,0.8967206478118896,0.443,0.416,0.2445,0.0,0.1915
D,16,MI delta=-1.0,0.5000929449139235,0.06891774528800249,385.7161498490913,-0.15370882946173645,0.025672392575939736,342.13139812567545,0.42711806297302246,0.443,0.416,0.2445,0.0,0.1915
D,17,Complete-case,0.820299354809215,0.1119776300429897,1000000.0,0.4523982883958854,0.025730744569802684,1000000.0,0.012522220611572266,0.439,0.4175,0.2495,0.0,0.1905
D,17,Mean imputation,0.7850439622027924,0.09591309252791405,1000000.0,0.4523982883958854,0.014985471481053454,1000000.0,0.011689424514770508,0.439,0.4175,0.2495,0.0,0.1905
D,17,KNN (k=5),0.9623032420610239,0.0873633855108079,1000000.0,0.3248915763507204,0.017230969785998855,1000000.0,0.24510860443115234,0.439,0.4175,0.2495,0.0,0.1905
D,17,MissForest (single),0.9971703182181487,0.08704365706849916,1000000.0,0.29501193105640483,0.017323155368717907,1000000.0,1.5299162864685059,0.439,0.4175,0.2495,0.0,0.1905
D,17,MI without outcome,0.7436915124569243,0.08448271371455482,234.3008204356596,0.29441227582647844,0.024135885871970172,89.03984129875111,0.5144181251525879,0.439,0.4175,0.2495,0.0,0.1905
D,17,MI with outcome,0.771608368132467,0.08540774690531683,227.02246613775958,0.2948249444172964,0.024131431578276304,88.57923146020698,0.6228115558624268,0.439,0.4175,0.2495,0.0,0.1905
D,17,MI without auxiliary,0.7355080330478435,0.0920200786711564,97.09889244123652,0.39882311440581775,0.025350272274584446,55.171541481375314,0.5568821430206299,0.439,0.4175,0.2495,0.0,0.1905
D,17,Missingness indicator,0.7213387176011554,0.09269568986484097,1000000.0,,,1000000.0,0.005529165267944336,0.439,0.4175,0.2495,0.0,0.1905
D,17,MI delta=-0.25,0.7725185842777613,0.08250168949818193,263.8009656865979,0.19044994441729637,0.024756568699504586,98.12086381293886,0.4535939693450928,0.439,0.4175,0.2495,0.0,0.1905
D,17,MI delta=-0.5,0.7466184869477284,0.07822095628763075,315.0629405837533,0.08607494441729638,0.02566430615682101,113.32289751383306,0.4375009536743164,0.439,0.4175,0.2495,0.0,0.1905
D,17,MI delta=-0.75,0.7029707844727567,0.07320587180954834,383.4112549697683,-0.018300055582703617,0.026825971375334812,135.27619772643473,0.6038529872894287,0.439,0.4175,0.2495,0.0,0.1905
D,17,MI delta=-1.0,0.6503216832269644,0.06797089566476083,473.85874580479947,-0.1226750555827036,0.028210212387201464,165.43408125305464,0.6299207210540771,0.439,0.4175,0.2495,0.0,0.1905
D,18,Complete-case,0.7423163615441889,0.1121091391346838,1000000.0,0.40468472051871185,0.02558303841311917,1000000.0,0.0029883384704589844,0.429,0.437,0.2265,0.0,0.202
D,18,Mean imputation,0.7182639324139979,0.09856642402503267,1000000.0,0.40468472051871185,0.014400454009963445,1000000.0,0.003713846206665039,0.429,0.437,0.2265,0.0,0.202
D,18,KNN (k=5),1.065929539326108,0.09148596197514876,1000000.0,0.2796066804408322,0.01686614918691651,1000000.0,0.08235573768615723,0.429,0.437,0.2265,0.0,0.202
D,18,MissForest (single),1.1072548115137302,0.09263140554617826,1000000.0,0.2580059821005429,0.016687225649718584,1000000.0,1.825103998184204,0.429,0.437,0.2265,0.0,0.202
D,18,MI without outcome,0.7705174053530375,0.08076830436103383,846.7246361568459,0.22956419394054092,0.02097645483026055,621.6022272820669,0.6082363128662109,0.429,0.437,0.2265,0.0,0.202
D,18,MI with outcome,0.7825647460832714,0.08124497195657385,881.7500817036852,0.22964409304066535,0.020980022456592196,617.4861208661135,0.7839317321777344,0.429,0.437,0.2265,0.0,0.202
D,18,MI without auxiliary,0.636104269921674,0.0798089439880093,886.4485182621364,0.3514516059986653,0.021082543897921628,321.3147771413752,0.6733026504516602,0.429,0.437,0.2265,0.0,0.202
D,18,Missingness indicator,0.6392577171902528,0.0929311827030856,1000000.0,,,1000000.0,0.008477926254272461,0.429,0.437,0.2265,0.0,0.202
D,18,MI delta=-0.25,0.7983259763093672,0.07932828014550107,816.867379668757,0.12039409304066535,0.021737132979088653,711.5615205389487,0.8454864025115967,0.429,0.437,0.2265,0.0,0.202
D,18,MI delta=-0.5,0.782822975188176,0.07576510809919827,850.6523837329321,0.011144093040665359,0.02280853322414578,862.5669931935597,0.6432535648345947,0.429,0.437,0.2265,0.0,0.202
D,18,MI delta=-0.75,0.7456863875440399,0.0712051463297159,974.2076613856399,-0.09810590695933465,0.024152433735303933,1084.5435668651278,0.6775643825531006,0.429,0.437,0.2265,0.0,0.202
D,18,MI delta=-1.0,0.6966334398205045,0.06625124612587209,1195.9965550096972,-0.20735590695933462,0.0257261647482566,1396.0584176577556,0.5753424167633057,0.429,0.437,0.2265,0.0,0.202
D,19,Complete-case,0.5789546663701414,0.1113720891024233,1000000.0,0.4582115910182768,0.026304299119667317,1000000.0,0.0038084983825683594,0.4175,0.447,0.2475,0.0,0.185
D,19,Mean imputation,0.6620202519931384,0.09479655771811143,1000000.0,0.45821159101827674,0.0145433361398971,1000000.0,0.00591278076171875,0.4175,0.447,0.2475,0.0,0.185
D,19,KNN (k=5),0.8567812149399253,0.08541184256475327,1000000.0,0.30068425369783064,0.017117444543981807,1000000.0,0.12781405448913574,0.4175,0.447,0.2475,0.0,0.185
D,19,MissForest (single),0.9053188863595641,0.08637214612252658,1000000.0,0.2938127887256602,0.016932934908621074,1000000.0,1.619229793548584,0.4175,0.447,0.2475,0.0,0.185
D,19,MI without outcome,0.6887788416303935,0.08548589621737177,149.7409485824524,0.2877638574477973,0.024028250090223774,87.10306776902034,0.4919614791870117,0.4175,0.447,0.2475,0.0,0.185
D,19,MI with outcome,0.6979517800226168,0.08704858637911676,132.6807029472061,0.2880836176241347,0.024025253253744976,87.07063725782163,0.6138043403625488,0.4175,0.447,0.2475,0.0,0.185
D,19,MI without auxiliary,0.6428726715242887,0.0913960888383496,86.35326377743266,0.40777471337714355,0.025309530182331324,54.27207870765189,0.47860240936279297,0.4175,0.447,0.2475,0.0,0.185
D,19,Missingness indicator,0.6004367967325968,0.09089027408204786,1000000.0,,,1000000.0,0.005113363265991211,0.4175,0.447,0.2475,0.0,0.185
D,19,MI delta=-0.25,0.706770097062914,0.08488855546148512,132.14725308050316,0.17633361762413474,0.024667252284131587,96.7571188937363,0.6196455955505371,0.4175,0.447,0.2475,0.0,0.185
D,19,MI delta=-0.5,0.6902531426741352,0.08117404235044341,135.87671001350498,0.06458361762413473,0.025596699839519305,112.18524184915753,0.6353576183319092,0.4175,0.447,0.2475,0.0,0.185
D,19,MI delta=-0.75,0.6560139269354053,0.07643126544514313,144.50475342331723,-0.047166382375865276,0.026783687501592122,134.4873086390774,0.6303873062133789,0.4175,0.447,0.2475,0.0,0.185
D,19,MI delta=-1.0,0.6118791232776274,0.07118985121172582,158.81861493617117,-0.1589163823758653,0.028195708109116143,165.17025891277902,0.6499583721160889,0.4175,0.447,0.2475,0.0,0.185
D,20,Complete-case,0.5685561787735489,0.1028811598690967,1000000.0,0.4524201149732861,0.025235793036992752,1000000.0,0.0035543441772460938,0.4395,0.4205,0.246,0.0,0.2
D,20,Mean imputation,0.6357303686831376,0.0934078291584689,1000000.0,0.4524201149732861,0.014621487584162164,1000000.0,0.007553577423095703,0.4395,0.4205,0.246,0.0,0.2
D,20,KNN (k=5),0.8264510507482445,0.08530764070631731,1000000.0,0.32568007071404215,0.01691503618943783,1000000.0,0.13112425804138184,0.4395,0.4205,0.246,0.0,0.2
D,20,MissForest (single),0.827456498157295,0.0843347817511337,1000000.0,0.3036331497954557,0.016787297899292272,1000000.0,1.6644628047943115,0.4395,0.4205,0.246,0.0,0.2
D,20,MI without outcome,0.6346614682287934,0.0755279767095878,3169.7596524264263,0.29825233287033415,0.023071351332476463,111.52803513163761,0.4777345657348633,0.4395,0.4205,0.246,0.0,0.2
D,20,MI with outcome,0.6415247615071961,0.07648536548793104,1951.4154165837404,0.2984696983127834,0.02307496607193039,111.16757604173017,0.5993087291717529,0.4395,0.4205,0.246,0.0,0.2
D,20,MI without auxiliary,0.5611566295748605,0.07712966780020443,1238.5450167601925,0.41550373930487633,0.024034438220191735,65.89861502064575,0.5364103317260742,0.4395,0.4205,0.246,0.0,0.2
D,20,Missingness indicator,0.5771557240775524,0.08972976030731426,1000000.0,,,1000000.0,0.00545048713684082,0.4395,0.4205,0.246,0.0,0.2
D,20,MI delta=-0.25,0.65242741123797,0.074620822410004,1779.9987284729095,0.19334469831278348,0.023714712412017794,124.01816495050872,0.6199948787689209,0.4395,0.4205,0.246,0.0,0.2
D,20,MI delta=-0.5,0.6391178287214735,0.07151433011937323,1689.8714368553797,0.08821969831278346,0.024648706122741445,144.7405969019558,0.6288609504699707,0.4395,0.4205,0.246,0.0,0.2
D,20,MI delta=-0.75,0.6088334032990711,0.06759015554892246,1719.2251981539812,-0.01690530168721654,0.02584506617214242,174.95422927368566,0.6263995170593262,0.4395,0.4205,0.246,0.0,0.2
D,20,MI delta=-1.0,0.5690141981679806,0.06327307344060933,1882.073992678053,-0.12203030168721654,0.027269282728670324,216.82467821100568,0.6190533638000488,0.4395,0.4205,0.246,0.0,0.2
D,21,Complete-case,0.43904622629173123,0.10525597652057818,1000000.0,0.42917713805711855,0.02537328989960113,1000000.0,0.003381490707397461,0.439,0.422,0.245,0.0,0.194
D,21,Mean imputation,0.5078631581391144,0.0910684248190454,1000000.0,0.42917713805711855,0.014663083096185069,1000000.0,0.004225492477416992,0.439,0.422,0.245,0.0,0.194
D,21,KNN (k=5),0.7065985069780829,0.08319707356674752,1000000.0,0.30144143917220934,0.016833631414281843,1000000.0,0.08936762809753418,0.439,0.422,0.245,0.0,0.194
D,21,MissForest (single),0.7610091574939369,0.08393472408114613,1000000.0,0.2871139547306999,0.016773848058592312,1000000.0,1.4156930446624756,0.439,0.422,0.245,0.0,0.194
D,21,MI without outcome,0.5670976050624776,0.08236265222547806,151.7864159233581,0.2702315647044035,0.023059420168684938,137.0077561363113,0.34411168098449707,0.439,0.422,0.245,0.0,0.194
D,21,MI with outcome,0.5358506170967661,0.08242633779395811,147.39331964533545,0.26925984175411344,0.023062820964263406,138.48851735791845,0.42042970657348633,0.439,0.422,0.245,0.0,0.194
D,21,MI without auxiliary,0.46444317896080867,0.0856256844918215,107.06936997162995,0.39054571621307393,0.02384506204900285,76.19741091997666,0.6216995716094971,0.439,0.422,0.245,0.0,0.194
D,21,Missingness indicator,0.47470040876732206,0.08839424677387119,1000000.0,,,1000000.0,0.006739616394042969,0.439,0.422,0.245,0.0,0.194
D,21,MI delta=-0.25,0.5374072730596775,0.07974693095114573,156.59765278315868,0.1637598417541134,0.023720023356735107,154.96174730344933,0.7170135974884033,0.439,0.422,0.245,0.0,0.194
D,21,MI delta=-0.5,0.5209608043167799,0.07566105045378009,175.8267875034433,0.0582598417541134,0.024670583321975678,181.33503831786595,0.7396862506866455,0.439,0.422,0.245,0.0,0.194
D,21,MI delta=-0.75,0.49230796406720445,0.07079423599527158,206.36694927531144,-0.04724015824588659,0.025882199115166468,219.66898899975385,0.7747373580932617,0.439,0.422,0.245,0.0,0.194
D,21,MI delta=-1.0,0.45715728212613166,0.06567572232491499,250.31349697267223,-0.1527401582458866,0.027320160263362245,272.7074647531709,0.7763323783874512,0.439,0.422,0.245,0.0,0.194
D,22,Complete-case,0.572158702063553,0.10935195370963294,1000000.0,0.40666100149444706,0.0264880625216777,1000000.0,0.003247499465942383,0.4395,0.434,0.2245,0.0,0.1735
D,22,Mean imputation,0.6009952583724143,0.09755353334501582,1000000.0,0.40666100149444706,0.014989367718998189,1000000.0,0.005465269088745117,0.4395,0.434,0.2245,0.0,0.1735
D,22,KNN (k=5),0.9142496269408414,0.08954317674010942,1000000.0,0.2722681947203425,0.017530188760256762,1000000.0,0.14123797416687012,0.4395,0.434,0.2245,0.0,0.1735
D,22,MissForest (single),0.9237577291396742,0.08943813393300998,1000000.0,0.2573429677662488,0.01751669354723169,1000000.0,1.6768536567687988,0.4395,0.434,0.2245,0.0,0.1735
D,22,MI without outcome,0.681120526638698,0.08586149757970293,216.39547185472728,0.26022199848582733,0.02292313574493836,184.58052153050352,0.521181583404541,0.4395,0.434,0.2245,0.0,0.1735
D,22,MI with outcome,0.6557254227600942,0.08683980819892073,177.65417449783402,0.259963111682911,0.02292847829672353,184.99526110216448,0.6022496223449707,0.4395,0.434,0.2245,0.0,0.1735
D,22,MI without auxiliary,0.515533437981474,0.09090940336367755,91.37162527491725,0.3789066717236605,0.02383135867746839,99.2890833324258,0.5484409332275391,0.4395,0.434,0.2245,0.0,0.1735
D,22,Missingness indicator,0.5436611292535375,0.09356756410156022,1000000.0,,,1000000.0,0.005396604537963867,0.4395,0.434,0.2245,0.0,0.1735
D,22,MI delta=-0.25,0.6634811480111421,0.08400951882341112,203.61136184601048,0.151463111682911,0.023540676871894442,205.55850812830118,0.6334097385406494,0.4395,0.434,0.2245,0.0,0.1735
D,22,MI delta=-0.5,0.6473895935605594,0.07976368167159492,240.832146256324,0.042963111682911004,0.024453471090740423,239.343551400983,0.6431729793548584,0.4395,0.434,0.2245,0.0,0.1735
D,22,MI delta=-0.75,0.6145983408458623,0.07472494994477655,292.19664799806316,-0.065536888317089,0.025634770515834873,289.0529516983034,0.6513981819152832,0.4395,0.434,0.2245,0.0,0.1735
D,22,MI delta=-1.0,0.5725268691228689,0.06941770895984016,362.0612216216319,-0.17403688831708902,0.02704941959873564,358.3368537182229,0.5671966075897217,0.4395,0.434,0.2245,0.0,0.1735
D,23,Complete-case,0.5289461868621427,0.10794297581702206,1000000.0,0.47652005346241355,0.024553234339738425,1000000.0,0.004295825958251953,0.4395,0.421,0.2515,0.0,0.203
D,23,Mean imputation,0.5843930126716295,0.0964968670318659,1000000.0,0.47652005346241355,0.014213736926877036,1000000.0,0.007984399795532227,0.4395,0.421,0.2515,0.0,0.203
D,23,KNN (k=5),0.7790169193843431,0.08703950874729172,1000000.0,0.33954224793224874,0.016287544950112656,1000000.0,0.14958643913269043,0.4395,0.421,0.2515,0.0,0.203
D,23,MissForest (single),0.7892395262108557,0.08674462823381365,1000000.0,0.32282648816335585,0.016258744057300944,1000000.0,1.9154715538024902,0.4395,0.421,0.2515,0.0,0.203
D,23,MI without outcome,0.6296414962088301,0.07854258847730469,2986.482582162792,0.323598841784323,0.02000185107437411,725.2302018037304,0.5889394283294678,0.4395,0.421,0.2515,0.0,0.203
D,23,MI with outcome,0.5956599125701709,0.0781508695746266,3838.8398596890715,0.3232916278594035,0.020022017062777658,720.4252920535829,0.7250533103942871,0.4395,0.421,0.2515,0.0,0.203
D,23,MI without auxiliary,0.5504952530355454,0.0783591383925537,4957.682916218248,0.4346380916122007,0.02023420458525408,379.41638432823856,0.6468989849090576,0.4395,0.421,0.2515,0.0,0.203
D,23,Missingness indicator,0.530069454543846,0.09232787180563315,1000000.0,,,1000000.0,0.005904197692871094,0.4395,0.421,0.2515,0.0,0.203
D,23,MI delta=-0.25,0.6078432414045857,0.07555212061733257,4245.2689453697085,0.2180416278594036,0.02075315293426329,831.5607621684157,0.6966266632080078,0.4395,0.421,0.2515,0.0,0.203
D,23,MI delta=-0.5,0.5951251518743081,0.07178240155268689,4677.460545852551,0.11279162785940358,0.021811650669838627,1014.6395263750608,0.7165753841400146,0.4395,0.421,0.2515,0.0,0.203
D,23,MI delta=-0.75,0.5656184347000942,0.06738570762755058,5103.7513005172905,0.00754162785940358,0.023152654533608284,1288.1333047529079,0.5881533622741699,0.4395,0.421,0.2515,0.0,0.203
D,23,MI delta=-1.0,0.5271984839887842,0.062788206182768,5595.0847624654,-0.09770837214059643,0.024730250256346828,1676.7630206313243,0.661952018737793,0.4395,0.421,0.2515,0.0,0.203
D,24,Complete-case,0.5096226031503003,0.11156809265100112,1000000.0,0.5082988770630338,0.024910461222165475,1000000.0,0.004162788391113281,0.4325,0.4265,0.2575,0.0,0.1915
D,24,Mean imputation,0.5516577823041569,0.09858101455470877,1000000.0,0.5082988770630338,0.014283491857078964,1000000.0,0.0067522525787353516,0.4325,0.4265,0.2575,0.0,0.1915
D,24,KNN (k=5),0.8646675420985059,0.0937724911705134,1000000.0,0.3757873559993259,0.016308062714442125,1000000.0,0.13225960731506348,0.4325,0.4265,0.2575,0.0,0.1915
D,24,MissForest (single),0.8526366869055029,0.0935115304184146,1000000.0,0.36104962517076883,0.01620167350077985,1000000.0,1.6538658142089844,0.4325,0.4265,0.2575,0.0,0.1915
D,24,MI without outcome,0.6301040814844018,0.08612119594341815,266.9693995283236,0.34867821042527053,0.0202297964990599,893.0596812933223,0.5079138278961182,0.4325,0.4265,0.2575,0.0,0.1915
D,24,MI with outcome,0.5952858665114751,0.08643958425617278,251.9697203388748,0.3475119899639722,0.02021393563526382,969.9197399004823,0.6114935874938965,0.4325,0.4265,0.2575,0.0,0.1915
D,24,MI without auxiliary,0.5304532062508404,0.09063415077792329,149.18248516694555,0.4550795845253928,0.020143976764806306,528.1433501439975,0.5449824333190918,0.4325,0.4265,0.2575,0.0,0.1915
D,24,Missingness indicator,0.5045557802551093,0.0943348125278958,1000000.0,,,1000000.0,0.005490779876708984,0.4325,0.4265,0.2575,0.0,0.1915
D,24,MI delta=-0.25,0.6076369091516749,0.08364215184568922,264.9214085378512,0.24088698996397215,0.020959843735574295,1121.2035034561688,0.6323695182800293,0.4325,0.4265,0.2575,0.0,0.1915
D,24,MI delta=-0.5,0.5950895436127437,0.07924097601088442,295.8620071679867,0.13426198996397215,0.022030022965290726,1368.3338911160197,0.6376781463623047,0.4325,0.4265,0.2575,0.0,0.1915
D,24,MI delta=-0.75,0.5655139732144091,0.07397523131793049,346.0506732652513,0.027636989963972174,0.02337998676563397,1735.8385465117526,0.6954751014709473,0.4325,0.4265,0.2575,0.0,0.1915
D,24,MI delta=-1.0,0.5267876020369395,0.06845515351909298,418.3475968940306,-0.07898801003602782,0.024964387782391975,2256.3993419755802,0.6679866313934326,0.4325,0.4265,0.2575,0.0,0.1915
D,25,Complete-case,0.6270506576815309,0.11044154865760651,1000000.0,0.4629135248683027,0.02611143735611554,1000000.0,0.003010272979736328,0.4385,0.424,0.2515,0.0,0.187
D,25,Mean imputation,0.5263903203274548,0.0932028702878663,1000000.0,0.46291352486830273,0.015037418465185325,1000000.0,0.006062746047973633,0.4385,0.424,0.2515,0.0,0.187
D,25,KNN (k=5),0.7571925776059687,0.0855359395395561,1000000.0,0.32113809186156267,0.017398139778975766,1000000.0,0.1135408878326416,0.4385,0.424,0.2515,0.0,0.187
D,25,MissForest (single),0.7493011287107147,0.08543761987660675,1000000.0,0.30576403258692536,0.01747436232081956,1000000.0,1.848550796508789,0.4385,0.424,0.2515,0.0,0.187
D,25,MI without outcome,0.6011764678842716,0.08242540596742368,230.41203151365838,0.29872201404935284,0.02184889704163004,422.8286223897827,0.629511833190918,0.4385,0.424,0.2515,0.0,0.187
D,25,MI with outcome,0.5407318806361978,0.08206268054562807,219.59052799583662,0.29714678792463695,0.021884758389367893,424.7110082976024,0.717179536819458,0.4385,0.424,0.2515,0.0,0.187
D,25,MI without auxiliary,0.48082487322917594,0.0879570476398216,100.71080953575057,0.42151213585347874,0.022313262884016295,199.20985187641574,0.6551618576049805,0.4385,0.424,0.2515,0.0,0.187
D,25,Missingness indicator,0.4775290206036605,0.09006157938550026,1000000.0,,,1000000.0,0.007406949996948242,0.4385,0.424,0.2515,0.0,0.187
D,25,MI delta=-0.25,0.5475630638276663,0.08034834015762199,197.7464234338922,0.191146787924637,0.02259337998099219,482.4488976505858,0.8067576885223389,0.4385,0.424,0.2515,0.0,0.187
D,25,MI delta=-0.5,0.5351722969423234,0.07718093797843707,186.85830983707586,0.08514678792463697,0.02360615648486423,574.9467448914254,0.6983504295349121,0.4385,0.424,0.2515,0.0,0.187
D,25,MI delta=-0.75,0.5093902973899402,0.07300731364032881,185.7626961724308,-0.02085321207536302,0.02488598129124519,710.142612947088,0.7243125438690186,0.4385,0.424,0.2515,0.0,0.187
D,25,MI delta=-1.0,0.47613080087588405,0.06830454210605325,193.454650858357,-0.12685321207536301,0.026394036096937173,898.5654540646191,0.6412420272827148,0.4385,0.424,0.2515,0.0,0.187
D,26,Complete-case,0.774494502243779,0.11759406523020116,1000000.0,0.4230537886425009,0.025126262214661747,1000000.0,0.004637241363525391,0.421,0.4335,0.2545,0.0,0.184
D,26,Mean imputation,0.7529481135687326,0.09671708284500424,1000000.0,0.42305378864250087,0.014231302862948254,1000000.0,0.007779836654663086,0.421,0.4335,0.2545,0.0,0.184
D,26,KNN (k=5),0.9630166553858609,0.08842026516320955,1000000.0,0.2769694160676238,0.016707018286656408,1000000.0,0.17857861518859863,0.421,0.4335,0.2545,0.0,0.184
D,26,MissForest (single),0.9561574775901032,0.08759433458662388,1000000.0,0.2624822649133001,0.016819399741233122,1000000.0,1.8203365802764893,0.421,0.4335,0.2545,0.0,0.184
D,26,MI without outcome,0.7477971810550241,0.08629644281828208,222.6236687690929,0.25067394296409695,0.022883023888829217,115.70413210146756,0.595264196395874,0.421,0.4335,0.2545,0.0,0.184
D,26,MI with outcome,0.7600497311003118,0.08681807826870498,218.1098301172947,0.2510657491109153,0.022881241219193438,115.13203940568636,0.7538478374481201,0.421,0.4335,0.2545,0.0,0.184
D,26,MI without auxiliary,0.7038924920140976,0.09158914633830781,112.68261330417246,0.36901239930324703,0.02388297207959536,65.07431478265725,0.6770968437194824,0.421,0.4335,0.2545,0.0,0.184
D,26,Missingness indicator,0.6819859094848747,0.09335546925467207,1000000.0,,,1000000.0,0.006849050521850586,0.421,0.4335,0.2545,0.0,0.184
D,26,MI delta=-0.25,0.7630363635997248,0.0841009609903275,232.27544974660768,0.14269074911091528,0.023571154714703835,129.65859561495776,0.7734339237213135,0.421,0.4335,0.2545,0.0,0.184
D,26,MI delta=-0.5,0.7385937284369867,0.07985750661409423,256.7854905006329,0.03431574911091528,0.02455613481305337,152.72773650652448,0.7958848476409912,0.421,0.4335,0.2545,0.0,0.184
D,26,MI delta=-0.75,0.6961293710660255,0.07477196260456372,292.2133821791571,-0.07405925088908472,0.02580241203546595,186.17403181144286,0.8660261631011963,0.421,0.4335,0.2545,0.0,0.184
D,26,MI delta=-1.0,0.6445979539358877,0.06941134578342009,340.59561937773094,-0.18243425088908474,0.027274190441841234,232.42634560828873,0.6787960529327393,0.421,0.4335,0.2545,0.0,0.184
D,27,Complete-case,0.5903146515402079,0.10934427144261011,1000000.0,0.4540292323856659,0.0242707436341739,1000000.0,0.003101348876953125,0.4495,0.411,0.24,0.0,0.1995
D,27,Mean imputation,0.5599839862837153,0.09680325521480455,1000000.0,0.454029232385666,0.014292972716309964,1000000.0,0.0055408477783203125,0.4495,0.411,0.24,0.0,0.1995
D,27,KNN (k=5),0.709670931923122,0.08859958407400338,1000000.0,0.330350092365675,0.016137723983267988,1000000.0,0.10643911361694336,0.4495,0.411,0.24,0.0,0.1995
D,27,MissForest (single),0.7503445808452831,0.08841701493578139,1000000.0,0.3075470147634362,0.016129160241928432,1000000.0,1.677142858505249,0.4495,0.411,0.24,0.0,0.1995
D,27,MI without outcome,0.5977599791332332,0.08183400047977164,544.1837340921877,0.29207215748166127,0.021576294326533883,176.7944723249448,0.5356452465057373,0.4495,0.411,0.24,0.0,0.1995
D,27,MI with outcome,0.558269155223538,0.08216736569630123,465.92937589477583,0.29129831669086137,0.02158778554883264,179.02980646921785,0.6228063106536865,0.4495,0.411,0.24,0.0,0.1995
D,27,MI without auxiliary,0.515640213812089,0.08635379082156645,223.86433995798248,0.416016080440893,0.022176120213096766,97.77001712032025,0.5495684146881104,0.4495,0.411,0.24,0.0,0.1995
D,27,Missingness indicator,0.5124140548713811,0.09292445530095747,1000000.0,,,1000000.0,0.005440950393676758,0.4495,0.411,0.24,0.0,0.1995
D,27,MI delta=-0.25,0.569355793822119,0.07886019659564406,587.3769872789591,0.18854831669086142,0.022306397118813416,204.08480935042263,0.639733076095581,0.4495,0.411,0.24,0.0,0.1995
D,27,MI delta=-0.5,0.5577899865599087,0.07439837109734951,773.2632090625042,0.08579831669086138,0.023329289020352802,244.17375136430866,0.49504518508911133,0.4495,0.411,0.24,0.0,0.1995
D,27,MI delta=-0.75,0.5308381519308991,0.06942653761623575,1030.5596038642368,-0.01695168330913861,0.024618562228961034,302.79151737007055,0.6345744132995605,0.4495,0.411,0.24,0.0,0.1995
D,27,MI delta=-1.0,0.49558625036015247,0.06439545178241873,1365.8853420033076,-0.11970168330913862,0.026134823368456624,384.56631308819993,0.7214934825897217,0.4495,0.411,0.24,0.0,0.1995
D,28,Complete-case,0.6008745547923412,0.10834178721198666,1000000.0,0.4396000858679437,0.025748563851342197,1000000.0,0.00455784797668457,0.417,0.443,0.2455,0.0,0.2015
D,28,Mean imputation,0.7446787348382898,0.09714633610191828,1000000.0,0.4396000858679437,0.014339096701369437,1000000.0,0.0074787139892578125,0.417,0.443,0.2455,0.0,0.2015
D,28,KNN (k=5),1.0073115914582174,0.09079872040573975,1000000.0,0.2961686405527265,0.016503154511632052,1000000.0,0.18109941482543945,0.417,0.443,0.2455,0.0,0.2015
D,28,MissForest (single),0.9916592662241734,0.09067154477494628,1000000.0,0.278055609744135,0.01661440533883481,1000000.0,2.0434582233428955,0.417,0.443,0.2455,0.0,0.2015
D,28,MI without outcome,0.7526111278718253,0.08776739156496886,142.61451321080006,0.2700835140277117,0.020286982852250807,1082.9209706011218,0.6556644439697266,0.417,0.443,0.2455,0.0,0.2015
D,28,MI with outcome,0.732718717964637,0.0875248430766837,158.21243217600647,0.2696347238313985,0.02030615496281837,1073.7162285489594,0.730924129486084,0.417,0.443,0.2455,0.0,0.2015
D,28,MI without auxiliary,0.6898305401611939,0.09089766656702007,101.50042415798569,0.38934998404082966,0.02050169534255525,529.4457829496602,0.666837215423584,0.417,0.443,0.2455,0.0,0.2015
D,28,Missingness indicator,0.6768829787983001,0.09362628309317778,1000000.0,,,1000000.0,0.006905555725097656,0.417,0.443,0.2455,0.0,0.2015
D,28,MI delta=-0.25,0.7352903833381282,0.08404437034810504,184.63498559431162,0.15888472383139854,0.0210650011146184,1243.4395551074479,0.7665629386901855,0.417,0.443,0.2455,0.0,0.2015
D,28,MI delta=-0.5,0.7115706659569193,0.07905578132562499,228.38631296716986,0.04813472383139854,0.02214854999474952,1519.7072330227606,0.7504708766937256,0.417,0.443,0.2455,0.0,0.2015
D,28,MI delta=-0.75,0.6705494081963623,0.07338720537556705,293.2599089397224,-0.06261527616860145,0.023511952579637584,1929.8942912630002,0.7819163799285889,0.417,0.443,0.2455,0.0,0.2015
D,28,MI delta=-1.0,0.620823593973467,0.0676520718803291,383.79458408834245,-0.17336527616860145,0.025109663750645824,2510.396500836775,0.6875615119934082,0.417,0.443,0.2455,0.0,0.2015
D,29,Complete-case,0.5728259756788536,0.11019920002902318,1000000.0,0.3914193936243851,0.02624262103350429,1000000.0,0.003599882125854492,0.432,0.4295,0.245,0.0,0.1665
D,29,Mean imputation,0.630932372035301,0.09916570266916125,1000000.0,0.39141939362438516,0.014968595823087683,1000000.0,0.005511283874511719,0.432,0.4295,0.245,0.0,0.1665
D,29,KNN (k=5),0.7845492199451176,0.08763693997950484,1000000.0,0.22368962518078395,0.017462237603042535,1000000.0,0.10642576217651367,0.432,0.4295,0.245,0.0,0.1665
D,29,MissForest (single),0.7762213297931869,0.08737113169937807,1000000.0,0.2142535561178936,0.01766975568961273,1000000.0,1.2852931022644043,0.432,0.4295,0.245,0.0,0.1665
D,29,MI without outcome,0.5998012615485149,0.08389535805816138,267.1964366430276,0.2009815525432861,0.024254371135191934,110.05730562710556,0.4736299514770508,0.432,0.4295,0.245,0.0,0.1665
D,29,MI with outcome,0.5673287612899723,0.08397578845317645,239.75127597118694,0.19978161557335242,0.0242669045564209,111.46469945206518,0.6025729179382324,0.432,0.4295,0.245,0.0,0.1665
D,29,MI without auxiliary,0.5471375630478398,0.09471559035132891,75.73800363604825,0.3433201140197072,0.02535838714622036,60.78430308856293,0.556246280670166,0.432,0.4295,0.245,0.0,0.1665
D,29,Missingness indicator,0.5750936186983174,0.0954194658623725,1000000.0,,,1000000.0,0.00529170036315918,0.432,0.4295,0.245,0.0,0.1665
D,29,MI delta=-0.25,0.5680999241285792,0.08021828238333388,313.0703395832018,0.09240661557335242,0.024977783689573346,125.11097892955834,0.6889078617095947,0.432,0.4295,0.245,0.0,0.1665
D,29,MI delta=-0.5,0.5505067105247623,0.07555997896031358,419.6524127684443,-0.014968384426647583,0.025965722014243773,146.11050250059728,0.6150803565979004,0.432,0.4295,0.245,0.0,0.1665
D,29,MI delta=-0.75,0.520752311991295,0.07055427383043196,564.3435303522408,-0.12234338442664758,0.027200547453756215,175.95045780893636,0.6560139656066895,0.432,0.4295,0.245,0.0,0.1665
D,29,MI delta=-1.0,0.4846587305888101,0.06556669232998762,752.3306509894312,-0.22971838442664758,0.02865035539451992,216.57078738168423,0.692758321762085,0.432,0.4295,0.245,0.0,0.1665
D,30,Complete-case,0.5766859426193834,0.11300881160531796,1000000.0,0.4350720127109157,0.025971968378055713,1000000.0,0.0046880245208740234,0.427,0.44,0.2435,0.0,0.1885
D,30,Mean imputation,0.5743252493384325,0.0972013311752558,1000000.0,0.4350720127109157,0.014541443665090737,1000000.0,0.00812077522277832,0.427,0.44,0.2435,0.0,0.1885
D,30,KNN (k=5),0.7762296055655091,0.08576696213478498,1000000.0,0.27542300037113626,0.017096846318121698,1000000.0,0.17885994911193848,0.427,0.44,0.2435,0.0,0.1885
D,30,MissForest (single),0.789933683196262,0.08490088971928249,1000000.0,0.2572567810166347,0.017241697689169992,1000000.0,1.8831148147583008,0.427,0.44,0.2435,0.0,0.1885
D,30,MI without outcome,0.6167377696848676,0.08065031441516975,570.4405337959763,0.25592457211310826,0.023977566871129403,81.1609310502649,0.5438482761383057,0.427,0.44,0.2435,0.0,0.1885
D,30,MI with outcome,0.5562069970506589,0.08007245288773833,542.7197090513278,0.25467341225027706,0.024008738390962143,81.70018315959088,0.6364407539367676,0.427,0.44,0.2435,0.0,0.1885
D,30,MI without auxiliary,0.4655499786558539,0.08258044270516328,312.29606559740444,0.3895760943312657,0.025483687621976402,49.298657426596506,0.5602216720581055,0.427,0.44,0.2435,0.0,0.1885
D,30,Missingness indicator,0.5068021333609914,0.09202967455381174,1000000.0,,,1000000.0,0.005512237548828125,0.427,0.44,0.2435,0.0,0.1885
D,30,MI delta=-0.25,0.5704779573405427,0.07712828721294243,607.2654369666178,0.14467341225027702,0.024685862539827404,91.31432181567489,0.6449286937713623,0.427,0.44,0.2435,0.0,0.1885
D,30,MI delta=-0.5,0.5625173137421625,0.07311382210817916,688.5106775669855,0.03467341225027705,0.02564706227615112,106.38886557281941,0.6873764991760254,0.427,0.44,0.2435,0.0,0.1885
D,30,MI delta=-0.75,0.5391236091515199,0.06854160039766832,790.8559616823378,-0.07532658774972295,0.026861859602607934,128.02358136046894,0.6501471996307373,0.427,0.44,0.2435,0.0,0.1885
D,30,MI delta=-1.0,0.5069992135485961,0.06381133064291007,924.7475271249692,-0.18532658774972294,0.028297613027879087,157.668481772287,0.6776964664459229,0.427,0.44,0.2435,0.0,0.1885
D,31,Complete-case,0.5441412855402461,0.10962831677643917,1000000.0,0.4595991752214324,0.026099606652625423,1000000.0,0.005555629730224609,0.4195,0.4245,0.264,0.0,0.2005
D,31,Mean imputation,0.5971075317088684,0.09211369167591325,1000000.0,0.45959917522143245,0.015017552166539777,1000000.0,0.008497953414916992,0.4195,0.4245,0.264,0.0,0.2005
D,31,KNN (k=5),0.8066142182253003,0.08500950364030777,1000000.0,0.3173278807899173,0.01726217263483413,1000000.0,0.18810272216796875,0.4195,0.4245,0.264,0.0,0.2005
D,31,MissForest (single),0.7874098946895487,0.08334268875956409,1000000.0,0.29373284860592375,0.017653100234376648,1000000.0,2.170974016189575,0.4195,0.4245,0.264,0.0,0.2005
D,31,MI without outcome,0.6078562165289846,0.07436141388231238,3127.3477635982954,0.28861565662402777,0.02199325444350429,412.46805590872975,0.7412078380584717,0.4195,0.4245,0.264,0.0,0.2005
D,31,MI with outcome,0.5883623268430151,0.07460569362192529,3332.806347106507,0.28788077430957626,0.02200975134965743,414.5589739270922,0.9100754261016846,0.4195,0.4245,0.264,0.0,0.2005
D,31,MI without auxiliary,0.5401514467179853,0.07738813640735091,699.583741615067,0.41923529779493734,0.022203382629683355,211.9040015846076,0.8675553798675537,0.4195,0.4245,0.264,0.0,0.2005
D,31,Missingness indicator,0.5578015359530107,0.08957977324166932,1000000.0,,,1000000.0,0.007427692413330078,0.4195,0.4245,0.264,0.0,0.2005
D,31,MI delta=-0.25,0.5876276895618849,0.07195909835228853,6957.500381223951,0.1817557743095763,0.022732920728706026,471.78782133588436,0.8496828079223633,0.4195,0.4245,0.264,0.0,0.2005
D,31,MI delta=-0.5,0.56774593131444,0.06843914448480352,16633.768569542055,0.07563077430957629,0.02375749540256291,562.7666998551944,0.7975709438323975,0.4195,0.4245,0.264,0.0,0.2005
D,31,MI delta=-0.75,0.5350226693458329,0.06446847210292289,42768.57202970734,-0.030494225690423715,0.025046513995149993,695.2082718113473,0.8193597793579102,0.4195,0.4245,0.264,0.0,0.2005
D,31,MI delta=-1.0,0.4956026228823859,0.06036036936021523,110402.41869305725,-0.1366192256904237,0.026561504313140315,879.2987313931312,0.823998212814331,0.4195,0.4245,0.264,0.0,0.2005
D,32,Complete-case,0.7469168028032019,0.1105719599707426,1000000.0,0.4671052738602609,0.02572245178902963,1000000.0,0.0041997432708740234,0.4155,0.429,0.2605,0.0,0.1975
D,32,Mean imputation,0.6954542231611547,0.09263157323937984,1000000.0,0.4671052738602608,0.014684759599132855,1000000.0,0.006540536880493164,0.4155,0.429,0.2605,0.0,0.1975
D,32,KNN (k=5),0.9549308086630476,0.08663578119827761,1000000.0,0.3321347707445144,0.01687957777830371,1000000.0,0.11456131935119629,0.4155,0.429,0.2605,0.0,0.1975
D,32,MissForest (single),0.9277939762540994,0.0856849781289678,1000000.0,0.3180335313429713,0.016799228686205175,1000000.0,1.7390022277832031,0.4155,0.429,0.2605,0.0,0.1975
D,32,MI without outcome,0.6966293654773583,0.08347578492189806,160.99675131511614,0.2987711735251597,0.021532446919243848,425.99478812739835,0.5340499877929688,0.4155,0.429,0.2605,0.0,0.1975
D,32,MI with outcome,0.70428646706599,0.0838950733766326,161.86938643517698,0.2990611039882419,0.02152669352613088,424.8987427658071,0.560589075088501,0.4155,0.429,0.2605,0.0,0.1975
D,32,MI without auxiliary,0.6223561435833391,0.08531698389978756,129.94783175022826,0.41369598110854344,0.021645168404489913,233.21060769632865,0.5351603031158447,0.4155,0.429,0.2605,0.0,0.1975
D,32,Missingness indicator,0.6332483790969721,0.08893487747369268,1000000.0,,,1000000.0,0.005917072296142578,0.4155,0.429,0.2605,0.0,0.1975
D,32,MI delta=-0.25,0.7128157842896339,0.08114281830625691,183.9605540748581,0.19181110398824197,0.022249890734989494,484.9396168811566,0.5714685916900635,0.4155,0.429,0.2605,0.0,0.1975
D,32,MI delta=-0.5,0.6958561996174195,0.07692914519244282,219.40490999288554,0.08456110398824197,0.02328163090438741,581.339367962884,0.620619535446167,0.4155,0.429,0.2605,0.0,0.1975
D,32,MI delta=-0.75,0.6610665968462301,0.07195244583669584,269.22852462849045,-0.022688896011758036,0.024583096503805846,722.6408013098409,0.6580352783203125,0.4155,0.429,0.2605,0.0,0.1975
D,32,MI delta=-1.0,0.6163627669876468,0.06675709335675603,335.6581593259956,-0.12993889601175804,0.026113991004074515,920.1722572465629,0.7409577369689941,0.4155,0.429,0.2605,0.0,0.1975
D,33,Complete-case,0.4331687263787352,0.1037744410685046,1000000.0,0.4175537198217403,0.02505221083566902,1000000.0,0.0032813549041748047,0.4495,0.407,0.2495,0.0,0.19
D,33,Mean imputation,0.5816770607326194,0.09326646013949973,1000000.0,0.4175537198217403,0.0148534104689833,1000000.0,0.005921363830566406,0.4495,0.407,0.2495,0.0,0.19
D,33,KNN (k=5),0.7961926562616038,0.08622196674419719,1000000.0,0.28734307167388523,0.016755552666380312,1000000.0,0.09221673011779785,0.4495,0.407,0.2495,0.0,0.19
D,33,MissForest (single),0.7743304864392018,0.08577186155603361,1000000.0,0.26965111034730566,0.017010337697360108,1000000.0,1.4878990650177002,0.4495,0.407,0.2495,0.0,0.19
D,33,MI without outcome,0.6210190408480037,0.07995800927320583,637.6264668475982,0.2552365847222763,0.02090368603541187,574.4980873813385,0.3463709354400635,0.4495,0.407,0.2495,0.0,0.19
D,33,MI with outcome,0.5918307723348883,0.08027614171872229,535.9586370557668,0.25445269211329785,0.020922787177049443,571.6036475657611,0.4010961055755615,0.4495,0.407,0.2495,0.0,0.19
D,33,MI without auxiliary,0.5289590529751916,0.08282978363536765,276.33633176482806,0.3762865198562132,0.021208859172211752,301.6978612537824,0.33864593505859375,0.4495,0.407,0.2495,0.0,0.19
D,33,Missingness indicator,0.5338377280291151,0.08988907715399985,1000000.0,,,1000000.0,0.003452301025390625,0.4495,0.407,0.2495,0.0,0.19
D,33,MI delta=-0.25,0.5964571474651819,0.07753301384945065,603.6199299810945,0.15270269211329784,0.02166796802359162,657.4906564537503,0.42661523818969727,0.4495,0.407,0.2495,0.0,0.19
D,33,MI delta=-0.5,0.5800880552252203,0.07362429400740257,706.3548868451528,0.05095269211329785,0.02272290995401819,795.1931518797716,0.6039996147155762,0.4495,0.407,0.2495,0.0,0.19
D,33,MI delta=-0.75,0.549681651027099,0.06910697881032253,845.9942571865533,-0.05079730788670215,0.024046879605828176,997.3595661996877,0.891005277633667,0.4495,0.407,0.2495,0.0,0.19
D,33,MI delta=-1.0,0.5118652519261705,0.06441378503523902,1027.774223577183,-0.15254730788670215,0.025598167595898672,1280.7145810464683,0.8714804649353027,0.4495,0.407,0.2495,0.0,0.19
D,34,Complete-case,0.5119879622808035,0.10520626400525293,1000000.0,0.41455115213718724,0.02558934330472899,1000000.0,0.00647425651550293,0.453,0.429,0.225,0.0,0.195
D,34,Mean imputation,0.6513681636250169,0.09700818165753733,1000000.0,0.4145511521371873,0.014608768938965946,1000000.0,0.0069255828857421875,0.453,0.429,0.225,0.0,0.195
D,34,KNN (k=5),0.9657715481448632,0.09137654266247812,1000000.0,0.29163923879480863,0.016907954973250112,1000000.0,0.1419820785522461,0.453,0.429,0.225,0.0,0.195
D,34,MissForest (single),0.8950429390557385,0.0885687357060496,1000000.0,0.26535042879184406,0.016944835345572104,1000000.0,1.8206942081451416,0.453,0.429,0.225,0.0,0.195
D,34,MI without outcome,0.670267307775804,0.08547311841825156,219.63873297595705,0.25574796363090113,0.02144484636266305,370.6933766538302,0.6488101482391357,0.453,0.429,0.225,0.0,0.195
D,34,MI with outcome,0.6599617793452679,0.08551509189905752,217.3458213590242,0.25582894178345916,0.021453604868970286,370.1313177891424,0.7603564262390137,0.453,0.429,0.225,0.0,0.195
D,34,MI without auxiliary,0.6039297541693676,0.09324823882039107,84.52427082722588,0.3651961194063228,0.021836365035080546,190.32029069547676,0.6908817291259766,0.453,0.429,0.225,0.0,0.195
D,34,Missingness indicator,0.6009335977565539,0.09373203206649713,1000000.0,,,1000000.0,0.006714582443237305,0.453,0.429,0.225,0.0,0.195
D,34,MI delta=-0.25,0.6630233331159799,0.08259988110179937,242.60379074174318,0.14857894178345915,0.022149150999890975,420.5165172581751,0.800161600112915,0.453,0.429,0.225,0.0,0.195
D,34,MI delta=-0.5,0.6418621976071226,0.0783232882491,276.2286337651993,0.04132894178345915,0.023156645146829587,502.40885522661233,0.5793726444244385,0.453,0.429,0.225,0.0,0.195
D,34,MI delta=-0.75,0.6045841554812552,0.07327872667103703,321.8116017156003,-0.06592105821654085,0.02443753537479895,623.1381446322356,0.5736696720123291,0.453,0.429,0.225,0.0,0.195
D,34,MI delta=-1.0,0.5590805088153743,0.06797534729642539,383.8777948611307,-0.17317105821654083,0.025951370912363433,792.493927134202,0.5793633460998535,0.453,0.429,0.225,0.0,0.195
D,35,Complete-case,0.6252090405379785,0.10930222866899937,1000000.0,0.4236339267968487,0.025469155067375668,1000000.0,0.004287242889404297,0.4345,0.422,0.2425,0.0,0.1835
D,35,Mean imputation,0.681609605542815,0.0953633234223172,1000000.0,0.4236339267968487,0.014718483043400031,1000000.0,0.007015705108642578,0.4345,0.422,0.2425,0.0,0.1835
D,35,KNN (k=5),0.9139713768860834,0.08741322291129763,1000000.0,0.2905424016903992,0.016903189399331504,1000000.0,0.15650653839111328,0.4345,0.422,0.2425,0.0,0.1835
D,35,MissForest (single),0.9331346981133803,0.08703136801440192,1000000.0,0.2784394536004404,0.01712560169362114,1000000.0,1.8925058841705322,0.4345,0.422,0.2425,0.0,0.1835
D,35,MI without outcome,0.6953395643932853,0.08271065761501749,299.2770505379374,0.278502059592069,0.022167935075404314,213.93139245269145,0.6270015239715576,0.4345,0.422,0.2425,0.0,0.1835
D,35,MI with outcome,0.6930336410819802,0.08352349395553059,269.46351102291766,0.27829552325804563,0.02218021391937604,213.47421502300688,0.7634761333465576,0.4345,0.422,0.2425,0.0,0.1835
D,35,MI without auxiliary,0.6245282893369997,0.08829590983433522,126.39602609736026,0.3889263399802021,0.02279306432372702,114.78571030665638,0.6857101917266846,0.4345,0.422,0.2425,0.0,0.1835
D,35,Missingness indicator,0.6316798250615904,0.09244655140051726,1000000.0,,,1000000.0,0.007231473922729492,0.4345,0.422,0.2425,0.0,0.1835
D,35,MI delta=-0.25,0.6930831046016422,0.08094915854615353,302.74135931303533,0.17279552325804556,0.022816660204055258,239.0511308499051,0.7639708518981934,0.4345,0.422,0.2425,0.0,0.1835
D,35,MI delta=-0.5,0.669244965045485,0.07700300284160984,352.18176546308433,0.06729552325804558,0.023759007816267264,281.05784059001377,0.7780570983886719,0.4345,0.422,0.2425,0.0,0.1835
D,35,MI delta=-0.75,0.6294333619639878,0.0722818384018979,419.6364358935258,-0.038204476741954416,0.02497265100360138,343.0371022580461,0.6929926872253418,0.4345,0.422,0.2425,0.0,0.1835
D,35,MI delta=-1.0,0.5814347140222742,0.06728190925601162,508.9526822648993,-0.14370447674195444,0.026420229372017028,429.76281763506785,0.7942209243774414,0.4345,0.422,0.2425,0.0,0.1835
D,36,Complete-case,0.4765843136744714,0.10848141809561206,1000000.0,0.4149432384520791,0.025644952241043257,1000000.0,0.0042552947998046875,0.424,0.4385,0.2545,0.0,0.185
D,36,Mean imputation,0.5999954944346871,0.09698681093023126,1000000.0,0.41494323845207914,0.014396827674324748,1000000.0,0.0064525604248046875,0.424,0.4385,0.2545,0.0,0.185
D,36,KNN (k=5),0.8487615757032042,0.08779268801294453,1000000.0,0.27491700958051263,0.016694890581264898,1000000.0,0.12245655059814453,0.424,0.4385,0.2545,0.0,0.185
D,36,MissForest (single),0.8843305385476742,0.08800446915664763,1000000.0,0.2617313499501866,0.016558921144256916,1000000.0,1.739645004272461,0.424,0.4385,0.2545,0.0,0.185
D,36,MI without outcome,0.690688864305467,0.08329420746545772,426.59095591214407,0.2612300091862408,0.020687505131136187,669.9411753839041,0.619086503982544,0.424,0.4385,0.2545,0.0,0.185
D,36,MI with outcome,0.6619462208624511,0.08320905646864847,421.97454678720266,0.2609268062264893,0.020696907081595748,669.238102398614,0.7224605083465576,0.424,0.4385,0.2545,0.0,0.185
D,36,MI without auxiliary,0.5655443190625773,0.08721009216563913,172.8557544469942,0.38062989026605737,0.020945156416613448,336.1828090775243,0.5360300540924072,0.424,0.4385,0.2545,0.0,0.185
D,36,Missingness indicator,0.5443204395821007,0.09348240082677801,1000000.0,,,1000000.0,0.0051195621490478516,0.424,0.4385,0.2545,0.0,0.185
D,36,MI delta=-0.25,0.6653657006473225,0.0803079309949487,495.12669649673853,0.1513018062264893,0.02139371376405491,764.0179867968081,0.7148613929748535,0.424,0.4385,0.2545,0.0,0.185
D,36,MI delta=-0.5,0.6445068560930869,0.07617603387988013,591.7125526260761,0.04167680622648934,0.022414645257536003,920.6325785467728,0.8220615386962891,0.424,0.4385,0.2545,0.0,0.185
D,36,MI delta=-0.75,0.6075298325968825,0.07138916447353132,712.8721636631882,-0.06794819377351066,0.023717882767077127,1154.1507333359123,0.833991527557373,0.424,0.4385,0.2545,0.0,0.185
D,36,MI delta=-1.0,0.56232197009001,0.0664019648880143,864.1792575223877,-0.17757319377351066,0.025259768633406194,1484.828629530255,0.780693769454956,0.424,0.4385,0.2545,0.0,0.185
D,37,Complete-case,0.5216430527656454,0.10798805483439114,1000000.0,0.4365630902439978,0.025638502361220308,1000000.0,0.0036537647247314453,0.4415,0.4155,0.2445,0.0,0.18
D,37,Mean imputation,0.5667073392744916,0.09461161034021126,1000000.0,0.43656309024399775,0.014983039861509126,1000000.0,0.006063222885131836,0.4415,0.4155,0.2445,0.0,0.18
D,37,KNN (k=5),0.7675996276663458,0.0873994438074844,1000000.0,0.31766122740662617,0.017139556470773573,1000000.0,0.11522793769836426,0.4415,0.4155,0.2445,0.0,0.18
D,37,MissForest (single),0.7299680257435877,0.08596651217775607,1000000.0,0.2957084005477155,0.017208894469806505,1000000.0,1.7882699966430664,0.4415,0.4155,0.2445,0.0,0.18
D,37,MI without outcome,0.5868035513147708,0.08226547792449956,273.47470711216823,0.2858803346070521,0.02191052115185976,321.3633442895362,0.5411837100982666,0.4415,0.4155,0.2445,0.0,0.18
D,37,MI with outcome,0.5592570754014919,0.08235136758765403,255.61983010893272,0.285333458563117,0.02193289876537046,321.07815137828356,0.5532498359680176,0.4415,0.4155,0.2445,0.0,0.18
D,37,MI without auxiliary,0.5218787525027978,0.0860068308383547,162.18470612381768,0.39765531105274443,0.0222373204886721,172.0223528461804,0.42347192764282227,0.4415,0.4155,0.2445,0.0,0.18
D,37,Missingness indicator,0.5177582507534337,0.09133980484866595,1000000.0,,,1000000.0,0.0038890838623046875,0.4415,0.4155,0.2445,0.0,0.18
D,37,MI delta=-0.25,0.5664766211406392,0.08043789355109272,245.13420719750937,0.181458458563117,0.022599882669896272,361.95231225761137,0.5001616477966309,0.4415,0.4155,0.2445,0.0,0.18
D,37,MI delta=-0.5,0.5537148116487379,0.07694402424312713,252.97010240715025,0.077583458563117,0.02357209521177395,428.3703113829624,0.5842227935791016,0.4415,0.4155,0.2445,0.0,0.18
D,37,MI delta=-0.75,0.5269405604487877,0.07246769240297984,277.2918880034579,-0.026291541436882997,0.024813685260185847,526.0072070711708,0.6982266902923584,0.4415,0.4155,0.2445,0.0,0.18
D,37,MI delta=-1.0,0.4922871548212213,0.06756860408798068,318.36878213643297,-0.13016654143688297,0.026286509986092898,662.4579787894082,0.7330074310302734,0.4415,0.4155,0.2445,0.0,0.18
D,38,Complete-case,0.5125783187831027,0.10363973963597606,1000000.0,0.466674138927449,0.025682585021029963,1000000.0,0.0035674571990966797,0.438,0.4205,0.24,0.0,0.1855
D,38,Mean imputation,0.5709551223185754,0.09305178573477764,1000000.0,0.4666741389274491,0.014880356542142878,1000000.0,0.005762577056884766,0.438,0.4205,0.24,0.0,0.1855
D,38,KNN (k=5),0.7905123195709528,0.08402521111944289,1000000.0,0.33297222468862525,0.01723942081357814,1000000.0,0.12843990325927734,0.438,0.4205,0.24,0.0,0.1855
D,38,MissForest (single),0.8349463381022012,0.08445264052363745,1000000.0,0.31055506895191165,0.017327976675441857,1000000.0,1.7417359352111816,0.438,0.4205,0.24,0.0,0.1855
D,38,MI without outcome,0.6280191494160711,0.08194337162776724,272.1419018034307,0.30576116284950394,0.023906038844679567,97.17279192612502,0.5241026878356934,0.438,0.4205,0.24,0.0,0.1855
D,38,MI with outcome,0.6035243288513104,0.0821708549506379,244.98077168649343,0.3056481242707743,0.02391953188014014,97.32471223671598,0.6775875091552734,0.438,0.4205,0.24,0.0,0.1855
D,38,MI without auxiliary,0.5100824101040848,0.08281554333879484,206.64265732707423,0.425369166900767,0.025219215044347494,56.42995292803957,0.6399092674255371,0.438,0.4205,0.24,0.0,0.1855
D,38,Missingness indicator,0.5191878048243946,0.08886020613092097,1000000.0,,,1000000.0,0.00760340690612793,0.438,0.4205,0.24,0.0,0.1855
D,38,MI delta=-0.25,0.6181045434989666,0.07882876878047057,334.3563323066646,0.2005231242707743,0.024558157931403073,108.14229354985503,0.7617571353912354,0.438,0.4205,0.24,0.0,0.1855
D,38,MI delta=-0.5,0.6102234368743319,0.0743745989960885,494.0163469940143,0.09539812427077429,0.025481362596592415,125.3438458448345,0.7651922702789307,0.438,0.4205,0.24,0.0,0.1855
D,38,MI delta=-0.75,0.5860036821346715,0.06948921300304665,757.8328666187925,-0.009726875729225705,0.02665959792928038,150.18508522631433,0.7814924716949463,0.438,0.4205,0.24,0.0,0.1855
D,38,MI delta=-1.0,0.5520026562734672,0.06461181253218845,1162.4237409003947,-0.1148518757292257,0.028060757062120592,184.33591530413284,0.79897141456604,0.438,0.4205,0.24,0.0,0.1855
D,39,Complete-case,0.44556736067451974,0.10519636896288695,1000000.0,0.3963473177903131,0.02581245029543861,1000000.0,0.004581451416015625,0.425,0.428,0.2585,0.0,0.198
D,39,Mean imputation,0.5524019900000482,0.09127426465824937,1000000.0,0.39634731779031307,0.01476195799651785,1000000.0,0.0075261592864990234,0.425,0.428,0.2585,0.0,0.198
D,39,KNN (k=5),0.7671341717412044,0.08258266420137339,1000000.0,0.27047743365784777,0.0170272395046611,1000000.0,0.19173455238342285,0.425,0.428,0.2585,0.0,0.198
D,39,MissForest (single),0.789493152940178,0.0835592492090332,1000000.0,0.25345176426321636,0.016926837259370723,1000000.0,1.9580678939819336,0.425,0.428,0.2585,0.0,0.198
D,39,MI without outcome,0.6019683873533123,0.07706810526800259,515.7724415692824,0.24146161222924412,0.021713668730058734,331.34972516335534,0.5555694103240967,0.425,0.428,0.2585,0.0,0.198
D,39,MI with outcome,0.5835349275577553,0.07771132443278454,422.6067937883454,0.24107019483197917,0.021733990197488555,327.05062475589625,0.5386688709259033,0.425,0.428,0.2585,0.0,0.198
D,39,MI without auxiliary,0.4948190919431312,0.07975548198337343,230.56250639602314,0.35394810143913835,0.02225711682168762,172.64677809925604,0.48105335235595703,0.425,0.428,0.2585,0.0,0.198
D,39,Missingness indicator,0.5164409306010262,0.08875990808893579,1000000.0,,,1000000.0,0.0048980712890625,0.425,0.428,0.2585,0.0,0.198
D,39,MI delta=-0.25,0.5824435243741759,0.07555380821630317,425.0965745817446,0.13407019483197916,0.02241063126106397,369.72045193268804,0.590886116027832,0.425,0.428,0.2585,0.0,0.198
D,39,MI delta=-0.5,0.5615093219245824,0.07212765291415864,446.35662313486125,0.02707019483197915,0.023396903886227987,439.2286693788043,0.4193613529205322,0.425,0.428,0.2585,0.0,0.198
D,39,MI delta=-0.75,0.5274380788812046,0.06792694349487324,487.44354088267846,-0.07992980516802085,0.024655678529104948,541.6577374273985,0.4580996036529541,0.425,0.428,0.2585,0.0,0.198
D,39,MI delta=-1.0,0.4867313515802495,0.06339358735542906,550.9964149186385,-0.18692980516802085,0.02614762915307823,685.1511373290043,0.46633267402648926,0.425,0.428,0.2585,0.0,0.198
D,40,Complete-case,0.6107320900702297,0.11331313752619801,1000000.0,0.4132889239649777,0.025144478336647107,1000000.0,0.006071567535400391,0.434,0.4095,0.2585,0.0,0.187
D,40,Mean imputation,0.5758847552944922,0.09344660654332243,1000000.0,0.4132889239649777,0.014845238780689881,1000000.0,0.006724357604980469,0.434,0.4095,0.2585,0.0,0.187
D,40,KNN (k=5),0.8065673319883672,0.08604833500295257,1000000.0,0.29698651398643117,0.01700249844335405,1000000.0,0.11622309684753418,0.434,0.4095,0.2585,0.0,0.187
D,40,MissForest (single),0.8207256099437844,0.08650959797229286,1000000.0,0.2811466186279024,0.01698796598608591,1000000.0,1.6930320262908936,0.434,0.4095,0.2585,0.0,0.187
D,40,MI without outcome,0.5950068039866274,0.08044133104215613,389.8491273666798,0.2750069744196011,0.025210399703128158,57.46237600975613,0.6089329719543457,0.434,0.4095,0.2585,0.0,0.187
D,40,MI with outcome,0.5718310531397703,0.08235457027789102,250.17565940948194,0.27429502272711115,0.0252297173370664,57.45345825772487,0.7959153652191162,0.434,0.4095,0.2585,0.0,0.187
D,40,MI without auxiliary,0.517991459686117,0.08460141771117988,163.9760031958125,0.38375313891566004,0.027132208426406988,37.61421074968212,0.7304809093475342,0.434,0.4095,0.2585,0.0,0.187
D,40,Missingness indicator,0.5308659079082511,0.09063141651534715,1000000.0,,,1000000.0,0.007899045944213867,0.434,0.4095,0.2585,0.0,0.187
D,40,MI delta=-0.25,0.5745081615358167,0.08002705123056045,250.61496674077839,0.17192002272711113,0.025780384230128944,62.63602352330577,0.8244292736053467,0.434,0.4095,0.2585,0.0,0.187
D,40,MI delta=-0.5,0.5573820536947116,0.07623255957938758,267.9987520687967,0.06954502272711116,0.026605233599947,71.0452327452702,0.7733068466186523,0.434,0.4095,0.2585,0.0,0.187
D,40,MI delta=-0.75,0.5269406260880142,0.07157015747585514,303.1394833011805,-0.03282997727288885,0.027679764602905693,83.23695898772995,0.751793622970581,0.434,0.4095,0.2585,0.0,0.187
D,40,MI delta=-1.0,0.48948327006802544,0.06657570762911198,358.579195303021,-0.13520497727288885,0.028976213550887704,99.96159337933899,0.7477924823760986,0.434,0.4095,0.2585,0.0,0.187
D,41,Complete-case,0.7323083460288826,0.10633078027161734,1000000.0,0.44657221861421065,0.02556036985218555,1000000.0,0.006776571273803711,0.4245,0.418,0.2705,0.0,0.1865
D,41,Mean imputation,0.7032319896557806,0.09431755212809935,1000000.0,0.44657221861421065,0.014873462619043251,1000000.0,0.007025957107543945,0.4245,0.418,0.2705,0.0,0.1865
D,41,KNN (k=5),0.8882904218457591,0.08562238365074248,1000000.0,0.317201741667084,0.016970450863570945,1000000.0,0.11956644058227539,0.4245,0.418,0.2705,0.0,0.1865
D,41,MissForest (single),0.897099423818125,0.0854789583754653,1000000.0,0.3023416401721093,0.016972083285140906,1000000.0,1.7023906707763672,0.4245,0.418,0.2705,0.0,0.1865
D,41,MI without outcome,0.6991574212393442,0.080141466877236,382.44615790294415,0.2892338663217938,0.022125822138408687,259.57036163303013,0.5023119449615479,0.4245,0.418,0.2705,0.0,0.1865
D,41,MI with outcome,0.698019364588969,0.08093680927614148,339.62912871507206,0.2892908586877515,0.022129058193258604,260.04759884137195,0.6225700378417969,0.4245,0.418,0.2705,0.0,0.1865
D,41,MI without auxiliary,0.6358940762267056,0.08681898143918011,127.33891136123603,0.4027746556919869,0.022553929728705336,141.1387456322602,0.5548214912414551,0.4245,0.418,0.2705,0.0,0.1865
D,41,Missingness indicator,0.6206142178010262,0.08936033254110858,1000000.0,,,1000000.0,0.005340576171875,0.4245,0.418,0.2705,0.0,0.1865
D,41,MI delta=-0.25,0.716446574451123,0.07873987307698316,373.3767144317326,0.1847908586877515,0.02280783375118901,293.45213892822454,0.5995352268218994,0.4245,0.418,0.2705,0.0,0.1865
D,41,MI delta=-0.5,0.7082710628151881,0.07524465490723989,422.01321030987305,0.08029085868775149,0.023788898681973827,347.29495228291324,0.5706787109375,0.4245,0.418,0.2705,0.0,0.1865
D,41,MI delta=-0.75,0.6807644797378638,0.0709593178791481,490.18880016814427,-0.024209141312248505,0.025036742534895483,426.1008669039271,0.5981199741363525,0.4245,0.418,0.2705,0.0,0.1865
D,41,MI delta=-1.0,0.6416964037025196,0.06633799089826803,584.9279588098384,-0.1287091413122485,0.02651372492114532,535.9004346956489,0.6516222953796387,0.4245,0.418,0.2705,0.0,0.1865
D,42,Complete-case,0.7856005721450816,0.12154243682603208,1000000.0,0.4251753372622392,0.02598064718859564,1000000.0,0.00835418701171875,0.4205,0.429,0.2575,0.0,0.1815
D,42,Mean imputation,0.7763324102205644,0.09888039713122744,1000000.0,0.42517533726223916,0.014832161464372077,1000000.0,0.008162260055541992,0.4205,0.429,0.2575,0.0,0.1815
D,42,KNN (k=5),1.01389118679357,0.09266322715793236,1000000.0,0.30215191536807456,0.01682386837424548,1000000.0,0.1278984546661377,0.4205,0.429,0.2575,0.0,0.1815
D,42,MissForest (single),0.9729371014988477,0.09187845257384551,1000000.0,0.28479087824143007,0.01684326158065202,1000000.0,1.7162797451019287,0.4205,0.429,0.2575,0.0,0.1815
D,42,MI without outcome,0.7178281099787232,0.08227362625080496,757.8164716979577,0.26903210484331963,0.022616603458560522,185.3810712806093,0.5058810710906982,0.4205,0.429,0.2575,0.0,0.1815
D,42,MI with outcome,0.7526144237031954,0.08475311532456571,496.5823138145499,0.2704497795464834,0.02261706958463813,182.99999479497384,0.5795571804046631,0.4205,0.429,0.2575,0.0,0.1815
D,42,MI without auxiliary,0.7577772724229213,0.08913707198084514,247.92839250080488,0.3897251685651641,0.02322074427095585,106.72724925160668,0.5476138591766357,0.4205,0.429,0.2575,0.0,0.1815
D,42,Missingness indicator,0.7497591339425765,0.09925890419242088,1000000.0,,,1000000.0,0.005677223205566406,0.4205,0.429,0.2575,0.0,0.1815
D,42,MI delta=-0.25,0.7289418087885962,0.08238041680083645,455.6925672343413,0.1631997795464834,0.023265613191372676,204.91028337835144,0.6396145820617676,0.4205,0.429,0.2575,0.0,0.1815
D,42,MI delta=-0.5,0.6838202139276286,0.07862857166614715,435.124073772954,0.05594977954648341,0.024214939067504066,240.4580178560205,0.6486907005310059,0.4205,0.429,0.2575,0.0,0.1815
D,42,MI delta=-0.75,0.6266700899583315,0.07400880086712064,437.4228873351775,-0.051300220453516586,0.02543138586891096,292.54039965698945,0.41870951652526855,0.4205,0.429,0.2575,0.0,0.1815
D,42,MI delta=-1.0,0.5655034291551636,0.06900392631753904,462.08012486831205,-0.15855022045351658,0.026878710844869452,365.039181237395,0.5429713726043701,0.4205,0.429,0.2575,0.0,0.1815
D,43,Complete-case,0.5350822194843735,0.10997438060363764,1000000.0,0.408474215940462,0.025036203954152198,1000000.0,0.003588438034057617,0.4265,0.42,0.2655,0.0,0.196
D,43,Mean imputation,0.6654809463918392,0.09492316508248308,1000000.0,0.40847421594046207,0.014518367938701718,1000000.0,0.006252765655517578,0.4265,0.42,0.2655,0.0,0.196
D,43,KNN (k=5),0.8107358476507434,0.08608692753701,1000000.0,0.2786968821507339,0.016690088130456995,1000000.0,0.12628173828125,0.4265,0.42,0.2655,0.0,0.196
D,43,MissForest (single),0.8353712917710239,0.08659029273795464,1000000.0,0.2629576903223407,0.016622456062593053,1000000.0,1.7467923164367676,0.4265,0.42,0.2655,0.0,0.196
D,43,MI without outcome,0.6436744544185269,0.08144841734052129,338.406499604018,0.251419798469325,0.020271416950811513,1084.4548319224539,0.5443110466003418,0.4265,0.42,0.2655,0.0,0.196
D,43,MI with outcome,0.6242661836479969,0.08129001788328823,366.02616973478337,0.2512010384843136,0.02029310614237516,1098.0415947751749,0.6227245330810547,0.4265,0.42,0.2655,0.0,0.196
D,43,MI without auxiliary,0.5790963801004334,0.08468177902158891,194.05759581818972,0.3589962890845288,0.020345080618634565,523.0435928795862,0.5435159206390381,0.4265,0.42,0.2655,0.0,0.196
D,43,Missingness indicator,0.5986677220139915,0.09078844671237309,1000000.0,,,1000000.0,0.005393028259277344,0.4265,0.42,0.2655,0.0,0.196
D,43,MI delta=-0.25,0.6392244407092103,0.07824976913624553,469.8417563771561,0.14620103848431357,0.021029562140004083,1266.3262372157835,0.44556570053100586,0.4265,0.42,0.2655,0.0,0.196
D,43,MI delta=-0.5,0.6294495477085162,0.07403032150684044,629.0681556480095,0.04120103848431354,0.022088626643660673,1541.343879590598,0.5335259437561035,0.4265,0.42,0.2655,0.0,0.196
D,43,MI delta=-0.75,0.6022224859806792,0.06925242649322746,855.1762249746167,-0.06379896151568645,0.023426587171714384,1950.1175093274323,0.7573046684265137,0.4265,0.42,0.2655,0.0,0.196
D,43,MI delta=-1.0,0.5650446794026485,0.06436964354451868,1160.9127027100715,-0.16879896151568646,0.024998703213026555,2528.6842671655304,0.7423665523529053,0.4265,0.42,0.2655,0.0,0.196
D,44,Complete-case,0.3370445791873223,0.10229415784751934,1000000.0,0.4116040359054946,0.02694673565781018,1000000.0,0.009128570556640625,0.4095,0.449,0.2665,0.0,0.1885
D,44,Mean imputation,0.40133253681911235,0.09053645902949221,1000000.0,0.4116040359054946,0.014844624754758546,1000000.0,0.007816314697265625,0.4095,0.449,0.2665,0.0,0.1885
D,44,KNN (k=5),0.5629822921025379,0.08256036296489935,1000000.0,0.24880419525530242,0.01719042488944152,1000000.0,0.18747854232788086,0.4095,0.449,0.2665,0.0,0.1885
D,44,MissForest (single),0.5970933551672172,0.08197772890049031,1000000.0,0.23128367898779947,0.017199237168128104,1000000.0,1.9854121208190918,0.4095,0.449,0.2665,0.0,0.1885
D,44,MI without outcome,0.4919172645337623,0.07384873795225996,1224.128945307476,0.22343234896306735,0.02360179432895654,132.86976414507922,0.7458100318908691,0.4095,0.449,0.2665,0.0,0.1885
D,44,MI with outcome,0.45185498684359054,0.07359941676738868,1390.702894929,0.22282425102834616,0.023624017881632958,132.9537381231208,0.4412071704864502,0.4095,0.449,0.2665,0.0,0.1885
D,44,MI without auxiliary,0.3717641870624366,0.07659289413645685,405.4358337378659,0.36657772419470186,0.02445610808893886,76.97573838885792,0.6468167304992676,0.4095,0.449,0.2665,0.0,0.1885
D,44,Missingness indicator,0.36611455802967696,0.08663406276266311,1000000.0,,,1000000.0,0.0065004825592041016,0.4095,0.449,0.2665,0.0,0.1885
D,44,MI delta=-0.25,0.4659584145462382,0.0716312546233579,1364.7219962902595,0.11057425102834613,0.024327900263765617,149.52162503838767,0.7780227661132812,0.4095,0.449,0.2665,0.0,0.1885
D,44,MI delta=-0.5,0.462955455836739,0.06861593073099113,1373.9833629659095,-0.001675748971653869,0.025319348613304284,175.42666839298704,0.75054931640625,0.4095,0.449,0.2665,0.0,0.1885
D,44,MI delta=-0.75,0.44718570880441505,0.0649260215346761,1436.4734986405542,-0.11392574897165389,0.026566186586460486,212.61914920009804,0.7627294063568115,0.4095,0.449,0.2665,0.0,0.1885
D,44,MI delta=-1.0,0.4234844136010129,0.060920968727329175,1559.254159309979,-0.22617574897165388,0.028034359237862485,263.6623013241559,0.7573659420013428,0.4095,0.449,0.2665,0.0,0.1885
D,45,Complete-case,0.5630487349701976,0.11101247182584732,1000000.0,0.463253009771798,0.02526886880715478,1000000.0,0.004327535629272461,0.4345,0.4265,0.2455,0.0,0.1965
D,45,Mean imputation,0.5394511417955885,0.09576615143830636,1000000.0,0.463253009771798,0.014489000369187722,1000000.0,0.006178379058837891,0.4345,0.4265,0.2455,0.0,0.1965
D,45,KNN (k=5),0.897058626967394,0.08928737203972532,1000000.0,0.33823046666279355,0.01683117518639448,1000000.0,0.11934399604797363,0.4345,0.4265,0.2455,0.0,0.1965
D,45,MissForest (single),0.791972556271104,0.08820577715288994,1000000.0,0.31683798253666895,0.01691466867007334,1000000.0,1.9285082817077637,0.4345,0.4265,0.2455,0.0,0.1965
D,45,MI without outcome,0.604039242798629,0.08141867420100726,432.760217383274,0.31125434614032843,0.02076630861452589,560.8205865920573,0.7030224800109863,0.4345,0.4265,0.2455,0.0,0.1965
D,45,MI with outcome,0.5838393987661541,0.08147806866961896,436.78111053730527,0.3111423293280033,0.020770221077973463,559.6954217262502,0.8237118721008301,0.4345,0.4265,0.2455,0.0,0.1965
D,45,MI without auxiliary,0.5318443191888771,0.08502597261941838,200.50467985456615,0.4201092025391692,0.02095395366600478,309.60186795337177,0.688988447189331,0.4345,0.4265,0.2455,0.0,0.1965
D,45,Missingness indicator,0.5003982886587421,0.09237508670066194,1000000.0,,,1000000.0,0.007183551788330078,0.4345,0.4265,0.2455,0.0,0.1965
D,45,MI delta=-0.25,0.5858626614512356,0.0790130850143281,442.4626711928439,0.20451732932800332,0.021467868216595024,638.7677188772399,0.7567496299743652,0.4345,0.4265,0.2455,0.0,0.1965
D,45,MI delta=-0.5,0.5660856384093618,0.0752138943712108,457.00955108556576,0.09789232932800332,0.022486254796669183,768.875083943718,0.7385249137878418,0.4345,0.4265,0.2455,0.0,0.1965
D,45,MI delta=-0.75,0.5320676310381399,0.0706164362000699,486.92890440698415,-0.00873267067199669,0.02378421641918867,962.371314808926,0.7405722141265869,0.4345,0.4265,0.2455,0.0,0.1965
D,45,MI delta=-1.0,0.4910267274674129,0.06570666012714908,536.2109991020509,-0.11535767067199669,0.025318792495838325,1235.831428327564,0.7128336429595947,0.4345,0.4265,0.2455,0.0,0.1965
D,46,Complete-case,0.6321902083460275,0.11080035173652689,1000000.0,0.4300806198504214,0.02552518581302898,1000000.0,0.003305673599243164,0.4415,0.444,0.222,0.0,0.192
D,46,Mean imputation,0.7187747119525935,0.09805720349267884,1000000.0,0.43008061985042134,0.014189168315902802,1000000.0,0.01136636734008789,0.4415,0.444,0.222,0.0,0.192
D,46,KNN (k=5),0.9639852680136043,0.08986011146076682,1000000.0,0.28807755596673135,0.01645186734717191,1000000.0,0.1124563217163086,0.4415,0.444,0.222,0.0,0.192
D,46,MissForest (single),0.9149293252438322,0.08887763663580203,1000000.0,0.28413776970499455,0.01634083038225833,1000000.0,1.909393310546875,0.4415,0.444,0.222,0.0,0.192
D,46,MI without outcome,0.6837033077059855,0.08349237783866711,322.7735140950661,0.2718466311312836,0.021604631747575254,221.27317460849048,0.5767104625701904,0.4415,0.444,0.222,0.0,0.192
D,46,MI with outcome,0.6812717107668114,0.0841459854435245,294.3435559502101,0.2718258456621546,0.021614259148530726,220.57748927556656,0.6074700355529785,0.4415,0.444,0.222,0.0,0.192
D,46,MI without auxiliary,0.6704821559863655,0.08549094106211787,269.15136115019516,0.3916401473475176,0.022229757421649173,124.59434576032587,0.5700070858001709,0.4415,0.444,0.222,0.0,0.192
D,46,Missingness indicator,0.664126498401285,0.09495503925895309,1000000.0,,,1000000.0,0.007528781890869141,0.4415,0.444,0.222,0.0,0.192
D,46,MI delta=-0.25,0.6807370486324038,0.08112330379247319,335.2145047763372,0.16082584566215466,0.02229132063249088,249.54160665122174,0.8369455337524414,0.4415,0.444,0.222,0.0,0.192
D,46,MI delta=-0.5,0.6552874465824561,0.07670735632860404,398.46991235712636,0.04982584566215466,0.023282320994702448,296.96472352327055,0.8668575286865234,0.4415,0.444,0.222,0.0,0.192
D,46,MI delta=-0.75,0.6138302807403978,0.07156558489002664,490.0367774147132,-0.06117415433784534,0.02454927055167609,367.07443658212173,0.6359834671020508,0.4415,0.444,0.222,0.0,0.192
D,46,MI delta=-1.0,0.5647416113346224,0.06623865318600844,618.1714334611523,-0.1721741543378454,0.026051940747237993,465.54331968228644,0.6847670078277588,0.4415,0.444,0.222,0.0,0.192
D,47,Complete-case,0.35464244761882974,0.10980976380155116,1000000.0,0.44130815350857006,0.024764571005955638,1000000.0,0.004076480865478516,0.439,0.423,0.241,0.0,0.1785
D,47,Mean imputation,0.47696223258016957,0.09652257500491661,1000000.0,0.44130815350857017,0.01428653706670065,1000000.0,0.006941318511962891,0.439,0.423,0.241,0.0,0.1785
D,47,KNN (k=5),0.6263306734378318,0.08597773085935595,1000000.0,0.29870366102386414,0.016535779786715027,1000000.0,0.16152119636535645,0.439,0.423,0.241,0.0,0.1785
D,47,MissForest (single),0.6445726516929998,0.08627632155380947,1000000.0,0.2847901953035377,0.01647129548523058,1000000.0,1.7822692394256592,0.439,0.423,0.241,0.0,0.1785
D,47,MI without outcome,0.5367346905986018,0.08096031532770832,607.9760275955186,0.28042690385840136,0.0212432950358167,260.8982149018407,0.4924659729003906,0.439,0.423,0.241,0.0,0.1785
D,47,MI with outcome,0.47138820020395344,0.08017916480768714,641.4926667216356,0.2789850780940474,0.02127384886672412,264.27714782688497,0.5910589694976807,0.439,0.423,0.241,0.0,0.1785
D,47,MI without auxiliary,0.41773839977703037,0.08271706921865468,352.8505035756742,0.40625069834493244,0.021807345008034953,137.2326122278418,0.6514809131622314,0.439,0.423,0.241,0.0,0.1785
D,47,Missingness indicator,0.43044845162585255,0.09274625369511655,1000000.0,,,1000000.0,0.006754159927368164,0.439,0.423,0.241,0.0,0.1785
D,47,MI delta=-0.25,0.48385483304167953,0.07683390158776626,918.3130580816035,0.17323507809404742,0.021991691542680752,301.79349487486166,0.769639253616333,0.439,0.423,0.241,0.0,0.1785
D,47,MI delta=-0.5,0.4773072959423345,0.07250404517542956,1405.9450792240577,0.06748507809404738,0.02302073884016063,362.3701073713655,0.7935094833374023,0.439,0.423,0.241,0.0,0.1785
D,47,MI delta=-0.75,0.457355492852659,0.06776286471908617,2213.871049269868,-0.03826492190595261,0.02432152143924412,451.47976268623734,0.7597339153289795,0.439,0.423,0.241,0.0,0.1785
D,47,MI delta=-1.0,0.4297166368520992,0.06299982195116711,3481.3894199963515,-0.1440149219059526,0.025853055177804618,576.3984775641344,0.7153446674346924,0.439,0.423,0.241,0.0,0.1785
D,48,Complete-case,0.7186261863739267,0.12077494566180447,1000000.0,0.4265364245746762,0.02610583975383303,1000000.0,0.005736112594604492,0.415,0.428,0.2585,0.0,0.174
D,48,Mean imputation,0.7166674799315936,0.09869860174786557,1000000.0,0.4265364245746762,0.014929745355403532,1000000.0,0.005648374557495117,0.415,0.428,0.2585,0.0,0.174
D,48,KNN (k=5),0.9508576593711453,0.0911510980389372,1000000.0,0.2864967336611717,0.017266225160870532,1000000.0,0.12006282806396484,0.415,0.428,0.2585,0.0,0.174
D,48,MissForest (single),0.9845283319588513,0.09113718353742196,1000000.0,0.26283728663763384,0.017353788255456113,1000000.0,1.8300144672393799,0.415,0.428,0.2585,0.0,0.174
D,48,MI without outcome,0.7131467095503973,0.08124186177588501,1342.4059976476456,0.24781115062730724,0.022547792959959095,225.32107361486527,0.5746734142303467,0.415,0.428,0.2585,0.0,0.174
D,48,MI with outcome,0.7195636383028526,0.08293258862126919,842.8791268174723,0.24788154932982512,0.022558603584627784,223.73917344660885,0.63395094871521,0.415,0.428,0.2585,0.0,0.174
D,48,MI without auxiliary,0.6611133011049557,0.08281907989249601,902.255744720182,0.3788360115879155,0.023249688344999422,111.67061592660319,0.5643875598907471,0.415,0.428,0.2585,0.0,0.174
D,48,Missingness indicator,0.6631781421684316,0.0959503583957464,1000000.0,,,1000000.0,0.005715370178222656,0.415,0.428,0.2585,0.0,0.174
D,48,MI delta=-0.25,0.709558652275248,0.08046538915042631,799.0452218739964,0.14088154932982508,0.023283155933542684,253.89875190376966,0.6528744697570801,0.415,0.428,0.2585,0.0,0.174
D,48,MI delta=-0.5,0.6777085795827797,0.07663389250208438,823.74877497795,0.033881549329825074,0.024302854957599318,301.38550334989634,0.7278900146484375,0.415,0.428,0.2585,0.0,0.174
D,48,MI delta=-0.75,0.632471224185916,0.07202904878495658,912.1240418228903,-0.07311845067017493,0.02558243190710608,370.0500662906897,0.758225679397583,0.415,0.428,0.2585,0.0,0.174
D,48,MI delta=-1.0,0.5812914060654617,0.06715393892813477,1065.1759791527788,-0.18011845067017493,0.0270850796528364,464.957917496556,0.7369825839996338,0.415,0.428,0.2585,0.0,0.174
D,49,Complete-case,0.6486523935639076,0.10622567167457345,1000000.0,0.4506880160473334,0.025191741858463616,1000000.0,0.002942323684692383,0.4365,0.422,0.26,0.0,0.191
D,49,Mean imputation,0.672471343927655,0.09406223546652942,1000000.0,0.45068801604733344,0.014558167493057434,1000000.0,0.003773212432861328,0.4365,0.422,0.26,0.0,0.191
D,49,KNN (k=5),0.9268657128803691,0.08605967930342377,1000000.0,0.2939584554869954,0.01689055632402453,1000000.0,0.08626866340637207,0.4365,0.422,0.26,0.0,0.191
D,49,MissForest (single),0.9587116445452303,0.08580335091702779,1000000.0,0.2881660592242221,0.016824141937880045,1000000.0,1.9179596900939941,0.4365,0.422,0.26,0.0,0.191
D,49,MI without outcome,0.7092794775780262,0.07860967449531338,917.9588279689976,0.2804075952610227,0.02140350675025702,372.207772032982,0.7300255298614502,0.4365,0.422,0.26,0.0,0.191
D,49,MI with outcome,0.7120744732349595,0.07918752544761834,833.0905083612295,0.2804320304888192,0.021403853134983494,373.26192420826453,0.8317594528198242,0.4365,0.422,0.26,0.0,0.191
D,49,MI without auxiliary,0.6308275287572664,0.08112425888998609,428.16013261077006,0.40643028368194073,0.021765548435820882,179.98619235689927,0.7196753025054932,0.4365,0.422,0.26,0.0,0.191
D,49,Missingness indicator,0.6065149820552102,0.0902551699906051,1000000.0,,,1000000.0,0.006707906723022461,0.4365,0.422,0.26,0.0,0.191
D,49,MI delta=-0.25,0.7191746374795103,0.07670433825640317,1043.343693012306,0.17493203048881917,0.022144195947916598,427.64707327182805,0.7840423583984375,0.4365,0.422,0.26,0.0,0.191
D,49,MI delta=-0.5,0.7011174717504989,0.07304712353832807,1357.326746459337,0.06943203048881916,0.0231917717202374,514.4954653762239,0.7686436176300049,0.4365,0.422,0.26,0.0,0.191
D,49,MI delta=-0.75,0.6657527238198793,0.06873626623546088,1800.8146844832986,-0.03606796951118082,0.02450721349022721,641.5368058043003,0.7696654796600342,0.4365,0.422,0.26,0.0,0.191
D,49,MI delta=-1.0,0.6209180777072765,0.06420288973264486,2406.6350069437763,-0.14156796951118084,0.02604997364251334,818.9832018138678,0.7373111248016357,0.4365,0.422,0.26,0.0,0.191
D,50,Complete-case,0.8421437437741504,0.12009625586196462,1000000.0,0.3984732655063212,0.024946345142698726,1000000.0,0.0032329559326171875,0.427,0.4245,0.2645,0.0,0.19
D,50,Mean imputation,0.8877354765167796,0.09876031962865314,1000000.0,0.3984732655063212,0.014353972629978277,1000000.0,0.005767107009887695,0.427,0.4245,0.2645,0.0,0.19
D,50,KNN (k=5),1.0976272138770202,0.09263627515457201,1000000.0,0.27904782774133163,0.016163382162670412,1000000.0,0.11732792854309082,0.427,0.4245,0.2645,0.0,0.19
D,50,MissForest (single),1.0952521713283547,0.0917162517583408,1000000.0,0.2706258676066043,0.016267640332870235,1000000.0,1.8481717109680176,0.427,0.4245,0.2645,0.0,0.19
D,50,MI without outcome,0.827265131750823,0.08388046445068933,534.9748877744328,0.2528176660004763,0.020724322399195052,394.9101308999117,0.5989928245544434,0.427,0.4245,0.2645,0.0,0.19
D,50,MI with outcome,0.8718143802224135,0.08521791501051486,552.4490175631421,0.253853601995032,0.020695532066734374,398.07763414295727,0.7017619609832764,0.427,0.4245,0.2645,0.0,0.19
D,50,MI without auxiliary,0.8668256194703566,0.0869921249179689,415.0279613096841,0.36081761309751437,0.021130323029674117,220.83674672360232,0.6450197696685791,0.427,0.4245,0.2645,0.0,0.19
D,50,Missingness indicator,0.8210155275458109,0.0968076740302589,1000000.0,,,1000000.0,0.006425619125366211,0.427,0.4245,0.2645,0.0,0.19
D,50,MI delta=-0.25,0.8609434404590786,0.08318298320977537,475.53037766206705,0.14772860199503196,0.021371962864346186,452.7297521367137,0.7817592620849609,0.427,0.4245,0.2645,0.0,0.19
D,50,MI delta=-0.5,0.8208774200514954,0.0795752039758852,437.27992687940207,0.04160360199503199,0.022371699050050594,543.572236148625,0.5692164897918701,0.427,0.4245,0.2645,0.0,0.19
D,50,MI delta=-0.75,0.7629697249341836,0.07490343945721162,438.9548647101661,-0.064521398004968,0.023653782206200295,679.3033671568089,0.4211544990539551,0.427,0.4245,0.2645,0.0,0.19
D,50,MI delta=-1.0,0.6973439352944836,0.06972988301108132,477.0144304225223,-0.17064639800496803,0.025175112303462744,871.6598833572252,0.6724929809570312,0.427,0.4245,0.2645,0.0,0.19
D,51,Complete-case,0.5585951522443895,0.11130058568421473,1000000.0,0.40321504592847734,0.025152155059686213,1000000.0,0.0035715103149414062,0.429,0.419,0.2635,0.0,0.191
D,51,Mean imputation,0.578389063136975,0.09504460313725165,1000000.0,0.40321504592847734,0.014610765845644087,1000000.0,0.007195949554443359,0.429,0.419,0.2635,0.0,0.191
D,51,KNN (k=5),0.800154304408973,0.08895837087310622,1000000.0,0.27771374660506876,0.016560286027161406,1000000.0,0.1227731704711914,0.429,0.419,0.2635,0.0,0.191
D,51,MissForest (single),0.8393371461832844,0.08959256820179234,1000000.0,0.27388051632708543,0.016617324577535356,1000000.0,1.7144689559936523,0.429,0.419,0.2635,0.0,0.191
D,51,MI without outcome,0.6312454589087528,0.08046860545098046,861.9998969103586,0.2746797435855346,0.021120046595287458,422.84540031289976,0.6138455867767334,0.429,0.419,0.2635,0.0,0.191
D,51,MI with outcome,0.6265771736234783,0.08102341769527477,795.6928246778842,0.2746588135418674,0.0211248475814007,420.85444898120335,0.747161865234375,0.429,0.419,0.2635,0.0,0.191
D,51,MI without auxiliary,0.5697268217521667,0.08287795838670067,375.9917184061143,0.3680537419230413,0.02151268596443236,241.03158238943936,0.6820206642150879,0.429,0.419,0.2635,0.0,0.191
D,51,Missingness indicator,0.5395030929597943,0.09274685781586009,1000000.0,,,1000000.0,0.007747650146484375,0.429,0.419,0.2635,0.0,0.191
D,51,MI delta=-0.25,0.6286155537654958,0.07887580294493825,837.7061426264628,0.16990881354186732,0.021738274852105218,471.90859592857345,0.6887471675872803,0.429,0.419,0.2635,0.0,0.191
D,51,MI delta=-0.5,0.6066219775047218,0.07521689692312983,943.429962622435,0.06515881354186734,0.022673079864198344,558.4697539482121,0.7279341220855713,0.429,0.419,0.2635,0.0,0.191
D,51,MI delta=-0.75,0.5686593099331764,0.07066465670702206,1120.287925218837,-0.03959118645813266,0.023891568728012607,688.5512204917432,0.7688679695129395,0.429,0.419,0.2635,0.0,0.191
D,51,MI delta=-1.0,0.5227542235992597,0.0657571245643009,1389.415494649196,-0.14434118645813263,0.025352871845547808,873.1045081012455,0.6460075378417969,0.429,0.419,0.2635,0.0,0.191
D,52,Complete-case,0.5311312308873257,0.10416668152360513,1000000.0,0.4237727413247628,0.02585822279424171,1000000.0,0.003689289093017578,0.461,0.4105,0.2545,0.0,0.182
D,52,Mean imputation,0.6498080351145683,0.09385536297079454,1000000.0,0.42377274132476284,0.015240767078317022,1000000.0,0.005839824676513672,0.461,0.4105,0.2545,0.0,0.182
D,52,KNN (k=5),0.7791386098807469,0.08660167183086617,1000000.0,0.2960481426581609,0.01755377580865333,1000000.0,0.09632253646850586,0.461,0.4105,0.2545,0.0,0.182
D,52,MissForest (single),0.7917693126926431,0.08592595915382446,1000000.0,0.2757013242404352,0.017537576874628844,1000000.0,1.5126819610595703,0.461,0.4105,0.2545,0.0,0.182
D,52,MI without outcome,0.6308253614840325,0.08276004691368588,270.7769047141797,0.2664785454323182,0.024200424128212442,97.78422325059896,0.5490376949310303,0.461,0.4105,0.2545,0.0,0.182
D,52,MI with outcome,0.6025408784378948,0.08297334218853536,246.73815278259752,0.266273384208761,0.024200628527171947,98.84484572737814,0.48207616806030273,0.461,0.4105,0.2545,0.0,0.182
D,52,MI without auxiliary,0.5716261525763733,0.08545227753193825,173.2328606329232,0.377917650759416,0.025476114877175673,57.103020824162364,0.5430788993835449,0.461,0.4105,0.2545,0.0,0.182
D,52,Missingness indicator,0.5967136742281987,0.09032138843817514,1000000.0,,,1000000.0,0.003644704818725586,0.461,0.4105,0.2545,0.0,0.182
D,52,MI delta=-0.25,0.6149419247610359,0.08043644951218575,280.1454177495415,0.16364838420876096,0.02482860171402371,109.51068452134055,0.5069139003753662,0.461,0.4105,0.2545,0.0,0.182
D,52,MI delta=-0.5,0.6050633104811164,0.07656034785378098,331.6427855193322,0.06102338420876097,0.02573675252192363,126.4335791216509,0.5943922996520996,0.461,0.4105,0.2545,0.0,0.182
D,52,MI delta=-0.75,0.5791257006420149,0.0719465468575231,403.3958322952905,-0.041601615791239034,0.026896715840665983,150.81497458285136,0.790149450302124,0.461,0.4105,0.2545,0.0,0.182
D,52,MI delta=-1.0,0.5437600478424762,0.06707851503932671,499.85843649790405,-0.14422661579123902,0.028277520064354855,184.25221739473594,0.6874372959136963,0.461,0.4105,0.2545,0.0,0.182
D,53,Complete-case,0.6645067511269677,0.11394398906116492,1000000.0,0.4397927850148061,0.025047942914244514,1000000.0,0.00600123405456543,0.437,0.4225,0.238,0.0,0.177
D,53,Mean imputation,0.5911723464261613,0.09758924481606968,1000000.0,0.4397927850148061,0.014462539778264364,1000000.0,0.008309125900268555,0.437,0.4225,0.238,0.0,0.177
D,53,KNN (k=5),0.7295797630306967,0.08775714196252742,1000000.0,0.29822312481948743,0.016463045745894342,1000000.0,0.21280717849731445,0.437,0.4225,0.238,0.0,0.177
D,53,MissForest (single),0.8172835644018472,0.08875030563452513,1000000.0,0.29646896781025894,0.016419380088302276,1000000.0,1.884185791015625,0.437,0.4225,0.238,0.0,0.177
D,53,MI without outcome,0.6302832884085114,0.08780142604067682,194.3263988597952,0.27548896019262625,0.021878849102522423,190.53414256931464,0.5537891387939453,0.437,0.4225,0.238,0.0,0.177
D,53,MI with outcome,0.6073376730487284,0.08825255756676433,176.22427986085324,0.2750936631093793,0.02188396374603041,191.82172814866772,0.6453313827514648,0.437,0.4225,0.238,0.0,0.177
D,53,MI without auxiliary,0.5317943460721308,0.09562890939226992,79.4398767224027,0.3967246825022953,0.0224623194838188,106.7093100574003,0.5042662620544434,0.437,0.4225,0.238,0.0,0.177
D,53,Missingness indicator,0.5406181780495046,0.0937777745326622,1000000.0,,,1000000.0,0.00481724739074707,0.437,0.4225,0.238,0.0,0.177
D,53,MI delta=-0.25,0.6098933479539118,0.08463683630947566,202.24285069562754,0.16946866310937939,0.022590414319465516,217.8164308720297,0.5598628520965576,0.437,0.4225,0.238,0.0,0.177
D,53,MI delta=-0.5,0.5905448476544961,0.07981325290099622,236.35575042550695,0.06384366310937936,0.02360091114780634,259.48301306855865,0.5790777206420898,0.437,0.4225,0.238,0.0,0.177
D,53,MI delta=-0.75,0.556981305753897,0.07441763222927825,280.2546625916888,-0.04178133689062065,0.02487843308735868,320.3951608401772,0.622727632522583,0.437,0.4225,0.238,0.0,0.177
D,53,MI delta=-1.0,0.5163208728533506,0.0689256647926246,336.8766686917769,-0.14740633689062063,0.026384220601558688,405.2947058004168,0.6241874694824219,0.437,0.4225,0.238,0.0,0.177
D,54,Complete-case,0.49061082516281795,0.11388365295544829,1000000.0,0.40926387196282416,0.024828781562031846,1000000.0,0.003174304962158203,0.4475,0.422,0.2385,0.0,0.174
D,54,Mean imputation,0.5026289851196154,0.1018394867532473,1000000.0,0.40926387196282416,0.014348414756685687,1000000.0,0.004179477691650391,0.4475,0.422,0.2385,0.0,0.174
D,54,KNN (k=5),0.7549903243546784,0.09188295017852231,1000000.0,0.2701307062865421,0.016889832696714045,1000000.0,0.08770871162414551,0.4475,0.422,0.2385,0.0,0.174
D,54,MissForest (single),0.795913297554018,0.09277944764035131,1000000.0,0.25884105554025144,0.016708966131267787,1000000.0,1.5274438858032227,0.4475,0.422,0.2385,0.0,0.174
D,54,MI without outcome,0.6149122659045355,0.09775445598946825,86.76108350138534,0.2533636577858196,0.022611858132003695,114.16629884796484,0.37862634658813477,0.4475,0.422,0.2385,0.0,0.174
D,54,MI with outcome,0.564858473780516,0.09813140660694547,81.67743837150371,0.2521291245538902,0.022607307801348824,115.01384345653217,0.6485731601715088,0.4475,0.422,0.2385,0.0,0.174
D,54,MI without auxiliary,0.4651163689231799,0.10223327270117397,60.669876111987335,0.3613615934774034,0.023717641913590302,67.84367764455644,0.3788185119628906,0.4475,0.422,0.2385,0.0,0.174
D,54,Missingness indicator,0.46514728546216566,0.09814205979986648,1000000.0,,,1000000.0,0.003137826919555664,0.4475,0.422,0.2385,0.0,0.174
D,54,MI delta=-0.25,0.5660728954590398,0.09349910703553421,93.62472816485729,0.14662912455389027,0.02326873189033725,129.07602711186001,0.4973783493041992,0.4475,0.422,0.2385,0.0,0.174
D,54,MI delta=-0.5,0.5462877585557097,0.0872570124698908,112.52254204088118,0.04112912455389024,0.02422869740064378,151.73123443263594,0.5608949661254883,0.4475,0.422,0.2385,0.0,0.174
D,54,MI delta=-0.75,0.513051270379785,0.08037454186514989,140.43800589990352,-0.06437087544610975,0.025453448643899347,184.81671950045762,0.5622138977050781,0.4475,0.422,0.2385,0.0,0.174
D,54,MI delta=-1.0,0.47335495815289813,0.07354200102695811,180.33538289717404,-0.16987087544610974,0.026906852179163845,230.78432003547982,0.620711088180542,0.4475,0.422,0.2385,0.0,0.174
D,55,Complete-case,0.7237952048224571,0.11163599284562216,1000000.0,0.42569139345824664,0.026478896286622887,1000000.0,0.00408172607421875,0.431,0.4265,0.249,0.0,0.183
D,55,Mean imputation,0.6989468063622037,0.09485951148052015,1000000.0,0.42569139345824664,0.015182822032932974,1000000.0,0.008481264114379883,0.431,0.4265,0.249,0.0,0.183
D,55,KNN (k=5),0.9034035936060996,0.08590692806222612,1000000.0,0.28385221294118773,0.01762399802457502,1000000.0,0.1330876350402832,0.431,0.4265,0.249,0.0,0.183
D,55,MissForest (single),0.8911320027871403,0.08475495604598951,1000000.0,0.26661168223866794,0.017654780689452913,1000000.0,1.8974268436431885,0.431,0.4265,0.249,0.0,0.183
D,55,MI without outcome,0.7206025904194112,0.08159872012459868,404.2802109229303,0.263067772198096,0.02337970016154209,154.54330745584187,0.5667662620544434,0.431,0.4265,0.249,0.0,0.183
D,55,MI with outcome,0.6999307237582262,0.08194895165052615,349.2829468366479,0.2626017705158369,0.023401980967743218,153.79243044149615,0.5503568649291992,0.431,0.4265,0.249,0.0,0.183
D,55,MI without auxiliary,0.6439125573353481,0.08624491887852126,153.3179560714457,0.3841310817047997,0.024288396123667448,87.28205832336498,0.4907524585723877,0.431,0.4265,0.249,0.0,0.183
D,55,Missingness indicator,0.64626076226295,0.09146437990879162,1000000.0,,,1000000.0,0.004805326461791992,0.431,0.4265,0.249,0.0,0.183
D,55,MI delta=-0.25,0.6995119318030194,0.07997616084163961,327.40572609352773,0.1559767705158369,0.0240560779986933,171.72114121472697,0.547982931137085,0.431,0.4265,0.249,0.0,0.183
D,55,MI delta=-0.5,0.6756622080581743,0.07674252007187507,309.09969102372384,0.049351770515836876,0.025000641412216917,200.3221981389934,0.6148226261138916,0.431,0.4265,0.249,0.0,0.183
D,55,MI delta=-0.75,0.636301684451445,0.07264923891038452,300.6842246910696,-0.05727322948416312,0.026204279426149737,241.77609584654593,0.6311867237091064,0.431,0.4265,0.249,0.0,0.183
D,55,MI delta=-1.0,0.5890046899471933,0.06808490398622614,305.5662680008894,-0.16389822948416313,0.027633158638556903,298.98306803688723,0.6126542091369629,0.431,0.4265,0.249,0.0,0.183
D,56,Complete-case,0.49525778252339553,0.10854862546928096,1000000.0,0.41328558808098115,0.02530661193936309,1000000.0,0.0068891048431396484,0.4455,0.426,0.2335,0.0,0.188
D,56,Mean imputation,0.5513596584900202,0.09642468150008425,1000000.0,0.4132855880809812,0.014523298500445425,1000000.0,0.0061397552490234375,0.4455,0.426,0.2335,0.0,0.188
D,56,KNN (k=5),0.7977716839594241,0.08659462490327316,1000000.0,0.26882193172893304,0.01678143507038434,1000000.0,0.12021946907043457,0.4455,0.426,0.2335,0.0,0.188
D,56,MissForest (single),0.8167959517817215,0.08712153945498226,1000000.0,0.261754011353781,0.01696330785403911,1000000.0,1.8172850608825684,0.4455,0.426,0.2335,0.0,0.188
D,56,MI without outcome,0.6269086473997125,0.08611974099960353,166.1975411813226,0.2564595126224119,0.020932347462098145,504.57121625579964,0.5460681915283203,0.4455,0.426,0.2335,0.0,0.188
D,56,MI with outcome,0.5915374787969304,0.086409377831849,151.45951374998123,0.25582962914201507,0.020925895479956214,517.2109432113016,0.6250467300415039,0.4455,0.426,0.2335,0.0,0.188
D,56,MI without auxiliary,0.4832777638866464,0.09141051420212591,79.5918553453501,0.3799342378223214,0.021184541736001986,271.9309323085714,0.5175457000732422,0.4455,0.426,0.2335,0.0,0.188
D,56,Missingness indicator,0.5069874699190319,0.09261646360068461,1000000.0,,,1000000.0,0.004678249359130859,0.4455,0.426,0.2335,0.0,0.188
D,56,MI delta=-0.25,0.5963566029212607,0.08313732901557837,170.60676005723855,0.149329629142015,0.021636647902602772,591.141445352035,0.5617060661315918,0.4455,0.426,0.2335,0.0,0.188
D,56,MI delta=-0.5,0.5793900236053693,0.07851089966719699,198.4411315548437,0.042829629142015026,0.022664649974838726,711.7501435499628,0.5630965232849121,0.4455,0.426,0.2335,0.0,0.188
D,56,MI delta=-0.75,0.5478066994599988,0.07319481536565688,236.62660999309358,-0.06367037085798496,0.02396911720736306,890.3067259564326,0.594743013381958,0.4455,0.426,0.2335,0.0,0.188
D,56,MI delta=-1.0,0.5085953660974334,0.06772015339601425,287.34063463683015,-0.17017037085798498,0.0255076693587685,1141.8646109910705,0.6341257095336914,0.4455,0.426,0.2335,0.0,0.188
D,57,Complete-case,0.6965447741587164,0.1112219272291979,1000000.0,0.4602612688545306,0.026485965584197347,1000000.0,0.00594782829284668,0.434,0.429,0.2595,0.0,0.184
D,57,Mean imputation,0.6797451321701576,0.09427034218831995,1000000.0,0.4602612688545305,0.015120644040655702,1000000.0,0.012498140335083008,0.434,0.429,0.2595,0.0,0.184
D,57,KNN (k=5),0.9347606821923738,0.08732090742781691,1000000.0,0.3197868237253314,0.017434532336393187,1000000.0,0.1425948143005371,0.434,0.429,0.2595,0.0,0.184
D,57,MissForest (single),0.9029436590930928,0.08792532031321965,1000000.0,0.3137546659390043,0.017096232134897894,1000000.0,1.94681715965271,0.434,0.429,0.2595,0.0,0.184
D,57,MI without outcome,0.696748140576321,0.07863231193089787,1122.9975836889084,0.2991878323574791,0.02380652391574818,114.28028939958199,0.6550788879394531,0.434,0.429,0.2595,0.0,0.184
D,57,MI with outcome,0.6993335987093455,0.07905904833902057,1032.5873040883312,0.2994082196548979,0.023812555991686857,113.9594323377109,0.8002150058746338,0.434,0.429,0.2595,0.0,0.184
D,57,MI without auxiliary,0.6465415382251185,0.08228256940777925,326.01513284479176,0.4136574093925812,0.02487178385174181,71.62417698700455,0.5300600528717041,0.434,0.429,0.2595,0.0,0.184
D,57,Missingness indicator,0.6256566703819887,0.09129205497677882,1000000.0,,,1000000.0,0.003915071487426758,0.434,0.429,0.2595,0.0,0.184
D,57,MI delta=-0.25,0.6987701984704676,0.07702894878506869,989.6146288666979,0.19215821965489788,0.024447287792498485,126.60444700995015,0.4326174259185791,0.434,0.429,0.2595,0.0,0.184
D,57,MI delta=-0.5,0.674381758807306,0.07367855900809281,992.1883788100914,0.08490821965489785,0.025369657748172687,146.81980871564747,0.5615577697753906,0.434,0.429,0.2595,0.0,0.184
D,57,MI delta=-0.75,0.6342849980922636,0.06948321658279229,1053.9934321729193,-0.02234178034510215,0.026549704036160936,176.10227113353298,0.7627713680267334,0.434,0.429,0.2595,0.0,0.184
D,57,MI delta=-1.0,0.586289911903735,0.06490637600514465,1185.1908857066696,-0.12959178034510216,0.027954814090854027,216.44753987532133,0.5183384418487549,0.434,0.429,0.2595,0.0,0.184
D,58,Complete-case,0.4932039825697393,0.1066392271958755,1000000.0,0.45181553810686254,0.024662669666713915,1000000.0,0.004598140716552734,0.4475,0.4105,0.251,0.0,0.2
D,58,Mean imputation,0.4806643569158629,0.09416537350577336,1000000.0,0.4518155381068626,0.014536111275348913,1000000.0,0.0073757171630859375,0.4475,0.4105,0.251,0.0,0.2
D,58,KNN (k=5),0.6450543752850216,0.08660121155327535,1000000.0,0.32853295720599046,0.01649073702599048,1000000.0,0.1781466007232666,0.4475,0.4105,0.251,0.0,0.2
D,58,MissForest (single),0.6741861218004341,0.08703724252754978,1000000.0,0.3037019820674717,0.01648319363069013,1000000.0,1.921241044998169,0.4475,0.4105,0.251,0.0,0.2
D,58,MI without outcome,0.5821887086137362,0.08415751912740305,205.123386108926,0.29538201709267436,0.023193955309588107,102.61175505075288,0.6186456680297852,0.4475,0.4105,0.251,0.0,0.2
D,58,MI with outcome,0.5322617142898874,0.08418100054580992,194.3000769666127,0.2941536769356058,0.023188083188496564,103.87825073807976,0.6889369487762451,0.4475,0.4105,0.251,0.0,0.2
D,58,MI without auxiliary,0.46529892646781496,0.08975990939600051,98.43001412571253,0.41771526400410924,0.024099179760457404,61.364861682093334,0.657395601272583,0.4475,0.4105,0.251,0.0,0.2
D,58,Missingness indicator,0.44365606024058274,0.09064574383717872,1000000.0,,,1000000.0,0.007050991058349609,0.4475,0.4105,0.251,0.0,0.2
D,58,MI delta=-0.25,0.5412263165243221,0.08175303586153336,195.88364017596012,0.19152867693560585,0.023843242332697554,116.12520129854414,0.7738022804260254,0.4475,0.4105,0.251,0.0,0.2
D,58,MI delta=-0.5,0.5292970229654423,0.07772555434268949,208.49962445908608,0.08890367693560584,0.024788003817421706,135.65363825658838,0.7853379249572754,0.4475,0.4105,0.251,0.0,0.2
D,58,MI delta=-0.75,0.5029627672591958,0.07276062379055777,232.78690710140117,-0.01372132306439414,0.025990805814882965,163.9623773586597,0.7523369789123535,0.4475,0.4105,0.251,0.0,0.2
D,58,MI delta=-1.0,0.4687894385665472,0.06745563014480398,269.92623858392466,-0.11634632306439416,0.02741770898341188,203.04386811669457,0.7748315334320068,0.4475,0.4105,0.251,0.0,0.2
D,59,Complete-case,0.3622149624036004,0.10920584590163974,1000000.0,0.42920485590447727,0.024927708108493256,1000000.0,0.004253864288330078,0.4375,0.428,0.24,0.0,0.196
D,59,Mean imputation,0.39440070158610624,0.0943347131083019,1000000.0,0.42920485590447727,0.0142559801892214,1000000.0,0.007197141647338867,0.4375,0.428,0.24,0.0,0.196
D,59,KNN (k=5),0.609284378611783,0.08422583807385045,1000000.0,0.28288629628117057,0.016730116619924143,1000000.0,0.1728811264038086,0.4375,0.428,0.24,0.0,0.196
D,59,MissForest (single),0.6273063540417054,0.08453004741324802,1000000.0,0.25671466436333273,0.01676755439759949,1000000.0,1.8644592761993408,0.4375,0.428,0.24,0.0,0.196
D,59,MI without outcome,0.4828059960549688,0.07575085598699047,2468.4390408576273,0.2543856109336164,0.022647130135471125,128.07950261275826,0.5944118499755859,0.4375,0.428,0.24,0.0,0.196
D,59,MI with outcome,0.41112279720997363,0.07505340177965185,2438.0167650721505,0.25084814574037007,0.0226902547439166,129.09549126122775,0.6956326961517334,0.4375,0.428,0.24,0.0,0.196
D,59,MI without auxiliary,0.32958935276061874,0.07697604397985337,1181.760022295544,0.3897785727291042,0.023438342448787657,71.39164521978442,0.6730499267578125,0.4375,0.428,0.24,0.0,0.196
D,59,Missingness indicator,0.3737084870751002,0.09169032409816441,1000000.0,,,1000000.0,0.006755352020263672,0.4375,0.428,0.24,0.0,0.196
D,59,MI delta=-0.25,0.41143174138557115,0.07217277201506604,3554.2983066634424,0.14384814574037005,0.023409821783710736,146.26688668277268,0.776984453201294,0.4375,0.428,0.24,0.0,0.196
D,59,MI delta=-0.5,0.39722076144014157,0.06834338384003351,5326.487801111456,0.03684814574037008,0.024423359839987807,173.29068569612025,0.8131163120269775,0.4375,0.428,0.24,0.0,0.196
D,59,MI delta=-0.75,0.37360325504840836,0.06405577174712385,7788.31636388155,-0.07015185425962993,0.02569610690608841,212.33564674882228,0.5672674179077148,0.4375,0.428,0.24,0.0,0.196
D,59,MI delta=-1.0,0.34536940947699224,0.059671083669612934,10846.032033146234,-0.17715185425962993,0.027191689331703593,266.2553521296791,0.5355463027954102,0.4375,0.428,0.24,0.0,0.196
D,60,Complete-case,0.607525489219113,0.10728493065446859,1000000.0,0.40960034183959476,0.025453610732466565,1000000.0,0.00790715217590332,0.439,0.415,0.2475,0.0,0.2025
D,60,Mean imputation,0.6336691035915064,0.09226959098845351,1000000.0,0.40960034183959476,0.014887719910862327,1000000.0,0.007850408554077148,0.439,0.415,0.2475,0.0,0.2025
D,60,KNN (k=5),0.8228079739865475,0.08349690580791687,1000000.0,0.2656168199063931,0.01729897285441155,1000000.0,0.1832873821258545,0.439,0.415,0.2475,0.0,0.2025
D,60,MissForest (single),0.8586919477264919,0.0848040804314727,1000000.0,0.2654847277789866,0.017189059735914735,1000000.0,1.9974775314331055,0.439,0.415,0.2475,0.0,0.2025
D,60,MI without outcome,0.6682442659383323,0.08229203532628689,224.4753853058175,0.25475386159679775,0.020861126908628996,713.3567064824571,0.6351466178894043,0.439,0.415,0.2475,0.0,0.2025
D,60,MI with outcome,0.6312999055785634,0.08226680824054068,202.3803159271675,0.25413417447455683,0.02086960806533868,723.8799044805862,0.720848798751831,0.439,0.415,0.2475,0.0,0.2025
D,60,MI without auxiliary,0.6086846845853012,0.08706699931121763,103.55329661160431,0.36075940806651874,0.021292674301241148,349.913376436002,0.6326096057891846,0.439,0.415,0.2475,0.0,0.2025
D,60,Missingness indicator,0.5853282375842439,0.08880386231465964,1000000.0,,,1000000.0,0.007376432418823242,0.439,0.415,0.2475,0.0,0.2025
D,60,MI delta=-0.25,0.6364148849192046,0.07964185578795877,215.5269196563496,0.15038417447455682,0.021584238599856923,828.240152813028,0.8024876117706299,0.439,0.415,0.2475,0.0,0.2025
D,60,MI delta=-0.5,0.6186013376106912,0.07562409671838,238.60356880632108,0.046634174474556825,0.02261413715100058,997.99745867989,0.7870030403137207,0.439,0.415,0.2475,0.0,0.2025
D,60,MI delta=-0.75,0.5853348116831063,0.0708241643257138,273.70469143311215,-0.057115825525443184,0.02391861346832175,1248.973864237174,0.7700169086456299,0.439,0.415,0.2475,0.0,0.2025
D,60,MI delta=-1.0,0.5439054131596304,0.06576139558260342,323.53186946380924,-0.1608658255254432,0.025455489966286406,1602.2681184261965,0.7831690311431885,0.439,0.415,0.2475,0.0,0.2025
D,61,Complete-case,0.44044276530785886,0.10711077090122832,1000000.0,0.4535679903853409,0.026173698134417507,1000000.0,0.00439906120300293,0.4245,0.4335,0.254,0.0,0.184
D,61,Mean imputation,0.4759336875009298,0.0944866321575689,1000000.0,0.45356799038534096,0.014824561727964662,1000000.0,0.007479429244995117,0.4245,0.4335,0.254,0.0,0.184
D,61,KNN (k=5),0.666062821582059,0.08426163962823058,1000000.0,0.3011347630916252,0.017336339033326088,1000000.0,0.1769721508026123,0.4245,0.4335,0.254,0.0,0.184
D,61,MissForest (single),0.7443835116690355,0.08525961074608072,1000000.0,0.28858304824430037,0.017278245915608118,1000000.0,1.867509126663208,0.4245,0.4335,0.254,0.0,0.184
D,61,MI without outcome,0.5816615641577119,0.08306699007142379,216.34012118128464,0.2815520783456947,0.022818904999614836,167.19399216850897,0.5929780006408691,0.4245,0.4335,0.254,0.0,0.184
D,61,MI with outcome,0.5148878048346115,0.0840121845420425,171.0090890997099,0.2806608189015809,0.022837207307136446,168.4053128686753,0.7539305686950684,0.4245,0.4335,0.254,0.0,0.184
D,61,MI without auxiliary,0.42211243441336127,0.08830424086605936,99.83811545719666,0.4067785175969728,0.023733086550377966,89.78651492294254,0.6789941787719727,0.4245,0.4335,0.254,0.0,0.184
D,61,Missingness indicator,0.4310780605972883,0.09026257211130105,1000000.0,,,1000000.0,0.007483959197998047,0.4245,0.4335,0.254,0.0,0.184
D,61,MI delta=-0.25,0.5279916039587778,0.08160602413320571,171.87757568219834,0.1722858189015809,0.023531179520458204,189.82726909211507,0.8078672885894775,0.4245,0.4335,0.254,0.0,0.184
D,61,MI delta=-0.5,0.5215542563112132,0.07783772970018468,179.03776792668629,0.06391081890158094,0.0245204214722687,223.8182701454074,0.6254904270172119,0.4245,0.4335,0.254,0.0,0.184
D,61,MI delta=-0.75,0.5009922396457752,0.07322190723208319,193.20321501414296,-0.04446418109841906,0.02577095295580122,273.0899538615062,0.6576218605041504,0.4245,0.4335,0.254,0.0,0.184
D,61,MI delta=-1.0,0.4720279730649694,0.06823766382779256,215.25993741540054,-0.15283918109841907,0.027246820930914174,341.22996498286,0.6599607467651367,0.4245,0.4335,0.254,0.0,0.184
D,62,Complete-case,0.6569050582293492,0.10759922217102318,1000000.0,0.4653458951739582,0.025250302237168884,1000000.0,0.003728628158569336,0.438,0.431,0.2395,0.0,0.212
D,62,Mean imputation,0.5787677497792036,0.09482511649350926,1000000.0,0.4653458951739582,0.014364699633928096,1000000.0,0.007538557052612305,0.438,0.431,0.2395,0.0,0.212
D,62,KNN (k=5),0.8152903817097119,0.08764553697084702,1000000.0,0.3462303353397957,0.016616546799420512,1000000.0,0.11781167984008789,0.438,0.431,0.2395,0.0,0.212
D,62,MissForest (single),0.8222894308084417,0.08689319449402529,1000000.0,0.32195884900484545,0.016771579174007775,1000000.0,1.9400956630706787,0.438,0.431,0.2395,0.0,0.212
D,62,MI without outcome,0.6341896872242331,0.08944458789807533,97.47453260177636,0.31701626024803503,0.022055615078300162,179.23713294368002,0.5970742702484131,0.438,0.431,0.2395,0.0,0.212
D,62,MI with outcome,0.6186883743694298,0.08875776999550943,103.7401915339616,0.3163661626684412,0.02204463837626161,181.56670468417298,0.7572021484375,0.438,0.431,0.2395,0.0,0.212
D,62,MI without auxiliary,0.5860031652608986,0.09659005845212809,56.46620731269619,0.4300454888614865,0.02275863533048955,99.86178929482969,0.7193360328674316,0.438,0.431,0.2395,0.0,0.212
D,62,Missingness indicator,0.5488173875568939,0.09305456510331923,1000000.0,,,1000000.0,0.009582996368408203,0.438,0.431,0.2395,0.0,0.212
D,62,MI delta=-0.25,0.6089007851548531,0.08510902327739517,115.5952887278732,0.20861616266844116,0.022690011064332598,203.78073587225725,0.7980132102966309,0.438,0.431,0.2395,0.0,0.212
D,62,MI delta=-0.5,0.5776350643769641,0.0798381243737376,134.66237621252398,0.10086616266844117,0.023644073847614574,240.2777320227639,0.8017489910125732,0.438,0.431,0.2395,0.0,0.212
D,62,MI delta=-0.75,0.5335432646691123,0.07379862299448547,162.58269048366571,-0.006883837331558838,0.024871328054124762,294.1847792891258,0.5264675617218018,0.438,0.431,0.2395,0.0,0.212
D,62,MI delta=-1.0,0.48438791498580824,0.06765447257463021,201.81223392478918,-0.11463383733155882,0.026333605816387197,369.7137622768622,0.47891902923583984,0.438,0.431,0.2395,0.0,0.212
D,63,Complete-case,0.6859404790671584,0.1131950568238654,1000000.0,0.4499032567624117,0.023969302744120832,1000000.0,0.004498720169067383,0.442,0.4275,0.2415,0.0,0.183
D,63,Mean imputation,0.6533339685936964,0.10021732592576676,1000000.0,0.4499032567624117,0.01371986258088159,1000000.0,0.007705211639404297,0.442,0.4275,0.2415,0.0,0.183
D,63,KNN (k=5),0.9002185546135831,0.09191686410748837,1000000.0,0.3311585558066163,0.01581514115328148,1000000.0,0.19832801818847656,0.442,0.4275,0.2415,0.0,0.183
D,63,MissForest (single),0.9395536448291429,0.09112242200243814,1000000.0,0.3055700627919215,0.01591748579205334,1000000.0,1.8794994354248047,0.442,0.4275,0.2415,0.0,0.183
D,63,MI without outcome,0.7111377985591113,0.09511538501349312,96.29327377545164,0.3030530796146492,0.019582413243419222,820.7552668084036,0.6208686828613281,0.442,0.4275,0.2415,0.0,0.183
D,63,MI with outcome,0.6975110607981924,0.09575198759919808,90.08324343434604,0.30326128314665624,0.019585905643337516,820.0269069692416,0.7605249881744385,0.442,0.4275,0.2415,0.0,0.183
D,63,MI without auxiliary,0.56492532762408,0.10251563415854335,52.621099303866686,0.40868505226444435,0.019753067207074492,382.50260627480156,0.6890270709991455,0.442,0.4275,0.2415,0.0,0.183
D,63,Missingness indicator,0.5842972926361503,0.09486750295025723,1000000.0,,,1000000.0,0.007053375244140625,0.442,0.4275,0.2415,0.0,0.183
D,63,MI delta=-0.25,0.714709330091271,0.0915845945041987,106.15917660903008,0.19638628314665627,0.020304147356660435,947.0927185346559,0.7621185779571533,0.442,0.4275,0.2415,0.0,0.183
D,63,MI delta=-0.5,0.7019081401491384,0.08573506667142491,131.3190503344108,0.08951128314665625,0.021359148773662847,1159.8163698150568,0.7541632652282715,0.442,0.4275,0.2415,0.0,0.183
D,63,MI delta=-0.75,0.6683664690839489,0.07918761305146571,168.08161941568812,-0.01736371685334374,0.02270401306450397,1480.6894539595885,0.7347533702850342,0.442,0.4275,0.2415,0.0,0.183
D,63,MI delta=-1.0,0.6235253750434102,0.07264957035811305,219.66052227027484,-0.12423871685334373,0.024290642613444633,1940.0346570788784,0.7240376472473145,0.442,0.4275,0.2415,0.0,0.183
D,64,Complete-case,0.6314764725124626,0.10700625188506693,1000000.0,0.4263872469204041,0.026231436951172856,1000000.0,0.003719806671142578,0.431,0.4265,0.2505,0.0,0.1955
D,64,Mean imputation,0.6522214600861347,0.09443485226942384,1000000.0,0.4263872469204041,0.015040930505058989,1000000.0,0.007116079330444336,0.431,0.4265,0.2505,0.0,0.1955
D,64,KNN (k=5),0.873924899272302,0.08604433196340502,1000000.0,0.2871841297193765,0.017324448323600125,1000000.0,0.1423656940460205,0.431,0.4265,0.2505,0.0,0.1955
D,64,MissForest (single),0.9256779550161797,0.08714198336350504,1000000.0,0.27272884368587835,0.017342381010553572,1000000.0,1.780442237854004,0.431,0.4265,0.2505,0.0,0.1955
D,64,MI without outcome,0.6662179598271272,0.08685604914751399,130.90938627333057,0.26083055511075204,0.023064861535728707,148.51919564485323,0.537529706954956,0.431,0.4265,0.2505,0.0,0.1955
D,64,MI with outcome,0.6577189109842371,0.08702257168729689,131.52223289919843,0.2606015270304251,0.023068550979816752,148.7874329883219,0.6296050548553467,0.431,0.4265,0.2505,0.0,0.1955
D,64,MI without auxiliary,0.5941277996847447,0.09465460183421728,64.28991690328962,0.37341985428146807,0.02396732661858405,88.94263605922583,0.6376206874847412,0.431,0.4265,0.2505,0.0,0.1955
D,64,Missingness indicator,0.5996652284923756,0.09147709483166976,1000000.0,,,1000000.0,0.007570743560791016,0.431,0.4265,0.2505,0.0,0.1955
D,64,MI delta=-0.25,0.6576464629650978,0.0841335556216858,137.19042098850426,0.15397652703042508,0.02373998664797432,166.8809907511745,0.8549151420593262,0.431,0.4265,0.2505,0.0,0.1955
D,64,MI delta=-0.5,0.634674344334706,0.07970526288512236,149.2368834699312,0.0473515270304251,0.02470447114718372,195.69838120595645,0.8327202796936035,0.431,0.4265,0.2505,0.0,0.1955
D,64,MI delta=-0.75,0.5968074248397468,0.0743848195972101,169.53756815165966,-0.0592734729695749,0.02592932375046649,237.49241799162618,0.7280144691467285,0.431,0.4265,0.2505,0.0,0.1955
D,64,MI delta=-1.0,0.5515696155666905,0.0687646039874877,200.17693746083535,-0.16589847296957488,0.027379623308756783,295.25336986113484,0.591040849685669,0.431,0.4265,0.2505,0.0,0.1955
D,65,Complete-case,0.4840093521223763,0.1009113704752161,1000000.0,0.4662525996738516,0.02630688830676806,1000000.0,0.004411220550537109,0.4385,0.415,0.246,0.0,0.2025
D,65,Mean imputation,0.6122708197210692,0.09016432178658891,1000000.0,0.4662525996738515,0.015386798712134999,1000000.0,0.007830619812011719,0.4385,0.415,0.246,0.0,0.2025
D,65,KNN (k=5),0.7982190406069846,0.08221941478227486,1000000.0,0.3289964978663852,0.017686504451136377,1000000.0,0.18185114860534668,0.4385,0.415,0.246,0.0,0.2025
D,65,MissForest (single),0.7877449667616755,0.08032385656331704,1000000.0,0.2876974179402557,0.017900422731782425,1000000.0,1.8879077434539795,0.4385,0.415,0.246,0.0,0.2025
D,65,MI without outcome,0.5772373916384421,0.08000478181702249,153.15207561436262,0.2781431514092728,0.02366068335886574,148.10109167822446,0.6367504596710205,0.4385,0.415,0.246,0.0,0.2025
D,65,MI with outcome,0.5749500848343109,0.07976740405518026,168.76598679479304,0.2782624292563974,0.023670612506694964,147.99876946845657,0.7618262767791748,0.4385,0.415,0.246,0.0,0.2025
D,65,MI without auxiliary,0.5384974318033934,0.08559449521418121,91.49037941609603,0.41728836691898835,0.024305777415471783,86.58524923819157,0.6700072288513184,0.4385,0.415,0.246,0.0,0.2025
D,65,Missingness indicator,0.5603539987327287,0.08623048925831801,1000000.0,,,1000000.0,0.0071353912353515625,0.4385,0.415,0.246,0.0,0.2025
D,65,MI delta=-0.25,0.5838951658851925,0.07754872801986921,167.78483217679477,0.17451242925639737,0.02440073209005625,167.12120056002226,0.7339940071105957,0.4385,0.415,0.246,0.0,0.2025
D,65,MI delta=-0.5,0.5730096942414956,0.07401290083212837,174.20027572881364,0.07076242925639738,0.02541012759970529,196.53843982457852,0.6516480445861816,0.4385,0.415,0.246,0.0,0.2025
D,65,MI delta=-0.75,0.5481684671210202,0.06964012596843287,189.1813286205774,-0.03298757074360263,0.026667104656297343,238.4095136896505,0.7185935974121094,0.4385,0.415,0.246,0.0,0.2025
D,65,MI delta=-1.0,0.5152730600227302,0.06489797124494391,214.0559983215325,-0.13673757074360263,0.028138503600592082,295.545337705073,0.7477281093597412,0.4385,0.415,0.246,0.0,0.2025
D,66,Complete-case,0.6642011452931151,0.111938391823283,1000000.0,0.45149698595792925,0.025705276295216246,1000000.0,0.007615804672241211,0.441,0.4305,0.2365,0.0,0.1955
D,66,Mean imputation,0.6765184987154109,0.09744478824866591,1000000.0,0.45149698595792925,0.01463638667408451,1000000.0,0.00743412971496582,0.441,0.4305,0.2365,0.0,0.1955
D,66,KNN (k=5),0.9180631202556672,0.08802727337262495,1000000.0,0.30823325219698916,0.01743150130720437,1000000.0,0.16153335571289062,0.441,0.4305,0.2365,0.0,0.1955
D,66,MissForest (single),0.9461140034128244,0.08885700742987326,1000000.0,0.28735455691396544,0.017153161847839368,1000000.0,1.873795986175537,0.441,0.4305,0.2365,0.0,0.1955
D,66,MI without outcome,0.7198026249300266,0.07967827708305789,2203.4205217703275,0.26873753660584343,0.02222280630491102,205.5092091370836,0.646106481552124,0.441,0.4305,0.2365,0.0,0.1955
D,66,MI with outcome,0.71290631380107,0.07981461409689594,2004.5390292849324,0.26873054703815474,0.022234553564690344,204.40449782272162,0.7635340690612793,0.441,0.4305,0.2365,0.0,0.1955
D,66,MI without auxiliary,0.6493295861695795,0.0812127071335539,956.611468682691,0.3875907570854401,0.022840580652245337,111.5599749250791,0.6776723861694336,0.441,0.4305,0.2365,0.0,0.1955
D,66,Missingness indicator,0.6268609135281542,0.09386783731464629,1000000.0,,,1000000.0,0.007306814193725586,0.441,0.4305,0.2365,0.0,0.1955
D,66,MI delta=-0.25,0.7106983077396695,0.07768398756526437,1644.3173278408867,0.16110554703815474,0.022979885738139465,233.22132162440357,0.8095300197601318,0.441,0.4305,0.2365,0.0,0.1955
D,66,MI delta=-0.5,0.6833266313948388,0.07417698450889057,1477.549401965391,0.05348054703815475,0.02402302436449641,278.53996672829885,0.8756093978881836,0.441,0.4305,0.2365,0.0,0.1955
D,66,MI delta=-0.75,0.639993387214018,0.06981875434077643,1455.704846938653,-0.05414445296184526,0.02532719932125958,344.13232227879485,0.9047205448150635,0.441,0.4305,0.2365,0.0,0.1955
D,66,MI delta=-1.0,0.5891644832159416,0.06510261636316181,1549.189354578044,-0.16176945296184528,0.026854406082853832,434.94966418279114,0.9166204929351807,0.441,0.4305,0.2365,0.0,0.1955
D,67,Complete-case,0.6240826179011583,0.10007862804880185,1000000.0,0.43632023143432264,0.026811005741234073,1000000.0,0.007127523422241211,0.4485,0.419,0.245,0.0,0.198
D,67,Mean imputation,0.7161160725233798,0.08973923190428458,1000000.0,0.43632023143432264,0.015574384224405992,1000000.0,0.008490324020385742,0.4485,0.419,0.245,0.0,0.198
D,67,KNN (k=5),0.8702408075975885,0.08244191910213206,1000000.0,0.29733354389462746,0.01779409779109529,1000000.0,0.1652545928955078,0.4485,0.419,0.245,0.0,0.198
D,67,MissForest (single),0.9108760295293734,0.08271436028412447,1000000.0,0.2818630821087538,0.01780961524584426,1000000.0,1.8333320617675781,0.4485,0.419,0.245,0.0,0.198
D,67,MI without outcome,0.6953266043216108,0.0794932638953569,214.3839382638024,0.2654872010336291,0.023293027514049647,211.87544350219827,0.5399975776672363,0.4485,0.419,0.245,0.0,0.198
D,67,MI with outcome,0.6862214572526716,0.07914773244843129,233.2478413154478,0.26544953266548577,0.023301567905312143,212.50495020943328,0.600538969039917,0.4485,0.419,0.245,0.0,0.198
D,67,MI without auxiliary,0.6501592740710723,0.08125318731755699,175.9599712471541,0.38908210318025815,0.023851921811120252,118.30096020928283,0.5056636333465576,0.4485,0.419,0.245,0.0,0.198
D,67,Missingness indicator,0.6412729012938515,0.08587691982484877,1000000.0,,,1000000.0,0.005160331726074219,0.4485,0.419,0.245,0.0,0.198
D,67,MI delta=-0.25,0.6991487665810177,0.0765281046605895,276.58696763262424,0.1606995326654858,0.02398761609501003,238.65845856448752,0.5653998851776123,0.4485,0.419,0.245,0.0,0.198
D,67,MI delta=-0.5,0.6883883449085773,0.07278195661014178,339.548765463842,0.055949532665485815,0.024961388859029515,279.8359176613817,0.5995626449584961,0.4485,0.419,0.245,0.0,0.198
D,67,MI delta=-0.75,0.6604771377364176,0.06843555433524794,423.84143065903714,-0.04880046733451419,0.026190813091543547,339.1754405761001,0.6392028331756592,0.4485,0.419,0.245,0.0,0.198
D,67,MI delta=-1.0,0.6222863556800913,0.06389181148918834,533.746833368326,-0.15355046733451422,0.027641797984122557,420.8173405535423,0.6268494129180908,0.4485,0.419,0.245,0.0,0.198
D,68,Complete-case,0.6816981378090751,0.10212679014658686,1000000.0,0.48005437490023684,0.026263276394312484,1000000.0,0.0035424232482910156,0.4545,0.41,0.244,0.0,0.195
D,68,Mean imputation,0.718340416959553,0.09068500137724696,1000000.0,0.48005437490023684,0.015492639506035239,1000000.0,0.006108283996582031,0.4545,0.41,0.244,0.0,0.195
D,68,KNN (k=5),1.031323260825058,0.08558462165382724,1000000.0,0.32075112122502203,0.018129188359648257,1000000.0,0.10680580139160156,0.4545,0.41,0.244,0.0,0.195
D,68,MissForest (single),0.9836494468012947,0.08355795473526421,1000000.0,0.3000996735201741,0.018283821822097476,1000000.0,1.895617961883545,0.4545,0.41,0.244,0.0,0.195
D,68,MI without outcome,0.7539397401582006,0.0829416225357535,181.65904462673404,0.2921903963484781,0.023382051746600546,183.0894900778088,0.644141674041748,0.4545,0.41,0.244,0.0,0.195
D,68,MI with outcome,0.7627037966505538,0.08382355538382645,173.92849553035154,0.2923606959437892,0.02338755078694987,182.53365404414683,0.7192230224609375,0.4545,0.41,0.244,0.0,0.195
D,68,MI without auxiliary,0.6839373903662251,0.09501903112671038,57.57939681130928,0.4316847112890165,0.024168749105522285,93.74435897185917,0.6354966163635254,0.4545,0.41,0.244,0.0,0.195
D,68,Missingness indicator,0.6544695475273182,0.08714943933676705,1000000.0,,,1000000.0,0.007033824920654297,0.4545,0.41,0.244,0.0,0.195
D,68,MI delta=-0.25,0.76186708202341,0.08182755376363297,163.7807479748891,0.18986069594378918,0.024129636453332947,206.82693124199216,0.7359848022460938,0.4545,0.41,0.244,0.0,0.195
D,68,MI delta=-0.5,0.7371908873571912,0.07844742571436168,159.61988736715026,0.0873606959437892,0.025152087231171242,244.17438112782966,0.7374727725982666,0.4545,0.41,0.244,0.0,0.195
D,68,MI delta=-0.75,0.6968209099362734,0.07413899164055424,162.14684305017335,-0.01513930405621081,0.026422375781815288,297.3660834067223,0.4757812023162842,0.4545,0.41,0.244,0.0,0.195
D,68,MI delta=-1.0,0.6483047777547846,0.06937264999381992,171.21080168910052,-0.11763930405621081,0.02790667850144565,370.0296883331229,0.4515812397003174,0.4545,0.41,0.244,0.0,0.195
D,69,Complete-case,0.5144016032209834,0.10322964504604401,1000000.0,0.4275263650041765,0.02561242439313414,1000000.0,0.0031280517578125,0.4325,0.43,0.2395,0.0,0.199
D,69,Mean imputation,0.49250027137969093,0.09142707185299907,1000000.0,0.4275263650041765,0.014596326931164109,1000000.0,0.005563259124755859,0.4325,0.43,0.2395,0.0,0.199
D,69,KNN (k=5),0.745932927236658,0.08272705000505141,1000000.0,0.2872164840657124,0.01697394979676886,1000000.0,0.10042333602905273,0.4325,0.43,0.2395,0.0,0.199
D,69,MissForest (single),0.7349302107789683,0.08149915360007351,1000000.0,0.2773690526871537,0.01717167686571933,1000000.0,1.7463123798370361,0.4325,0.43,0.2395,0.0,0.199
D,69,MI without outcome,0.5598905547545718,0.08011237680307808,261.8357746361777,0.27190245574447947,0.021905826241362662,212.82654716554134,0.6484439373016357,0.4325,0.43,0.2395,0.0,0.199
D,69,MI with outcome,0.5172460330627057,0.07970627636924371,261.556055722152,0.2716666778634799,0.021906347297113188,215.53404983981835,0.655062198638916,0.4325,0.43,0.2395,0.0,0.199
D,69,MI without auxiliary,0.44668185022024637,0.08501419242921267,113.05817631937998,0.38390066924278937,0.02286771862863502,109.39539394417326,0.4917886257171631,0.4325,0.43,0.2395,0.0,0.199
D,69,Missingness indicator,0.45282643388069554,0.08782433896058217,1000000.0,,,1000000.0,0.006710052490234375,0.4325,0.43,0.2395,0.0,0.199
D,69,MI delta=-0.25,0.5302573625868724,0.0777364263242011,251.5236702952423,0.16416667786347994,0.02257813930510167,243.21402111559917,0.726743221282959,0.4325,0.43,0.2395,0.0,0.199
D,69,MI delta=-0.5,0.5229482458263601,0.07434492060298582,255.75939349065024,0.05666667786347994,0.02355807951141219,288.2674112521255,0.7550308704376221,0.4325,0.43,0.2395,0.0,0.199
D,69,MI delta=-0.75,0.50095840375151,0.07002812527677683,274.88604093904286,-0.05083332213652005,0.02480968075687521,354.58529317730955,0.72825026512146,0.4325,0.43,0.2395,0.0,0.199
D,69,MI delta=-1.0,0.47034189884667876,0.0652794665439695,310.30888342780895,-0.15833332213652004,0.026294178470846214,447.3778112845954,0.5683398246765137,0.4325,0.43,0.2395,0.0,0.199
D,70,Complete-case,0.6230067586658358,0.10671771154776265,1000000.0,0.4640363769693503,0.026460731793018683,1000000.0,0.006667375564575195,0.428,0.424,0.2585,0.0,0.198
D,70,Mean imputation,0.6603787333276105,0.09071572335860764,1000000.0,0.46403637696935024,0.015238575013698488,1000000.0,0.007139444351196289,0.428,0.424,0.2585,0.0,0.198
D,70,KNN (k=5),0.8469625145221154,0.08334274798340689,1000000.0,0.3254915927527391,0.017716356192453125,1000000.0,0.16183853149414062,0.428,0.424,0.2585,0.0,0.198
D,70,MissForest (single),0.8794290037121059,0.08359455983370268,1000000.0,0.29832804577646055,0.017853008138838045,1000000.0,1.8867974281311035,0.428,0.424,0.2585,0.0,0.198
D,70,MI without outcome,0.6843541428965318,0.08261997317396423,165.64735775067967,0.29393396778775693,0.021916504256667937,544.3627547152296,0.652620792388916,0.428,0.424,0.2585,0.0,0.198
D,70,MI with outcome,0.6639107896041371,0.08292044166490271,154.56751220867915,0.29316409496172424,0.021928248183592187,549.9811551924288,0.746680498123169,0.428,0.424,0.2585,0.0,0.198
D,70,MI without auxiliary,0.5921308031870701,0.09053025959454407,65.79884360843805,0.42169614088345025,0.022187012586656805,252.67787046951236,0.6354861259460449,0.428,0.424,0.2585,0.0,0.198
D,70,Missingness indicator,0.6157608660589924,0.0883721148286591,1000000.0,,,1000000.0,0.006844758987426758,0.428,0.424,0.2585,0.0,0.198
D,70,MI delta=-0.25,0.6612301842894504,0.07995954149342605,176.16616358190996,0.1871640949617243,0.022651750569835667,626.2376009552501,0.7672429084777832,0.428,0.424,0.2585,0.0,0.198
D,70,MI delta=-0.5,0.6370754618255161,0.07567787182886318,208.90816368447068,0.08116409496172428,0.02367756691834691,747.6190311454526,0.767261266708374,0.428,0.424,0.2585,0.0,0.198
D,70,MI delta=-0.75,0.5987408613694419,0.07069923331753356,255.50632939904418,-0.024835905038275718,0.02496846375501405,924.4838864855425,0.73288893699646,0.428,0.424,0.2585,0.0,0.198
D,70,MI delta=-1.0,0.5532625671309338,0.06553629402356319,319.4203981260402,-0.13083590503827575,0.026485709830321974,1170.5191526424533,0.6927750110626221,0.428,0.424,0.2585,0.0,0.198
D,71,Complete-case,0.5518340374016011,0.10526563725088586,1000000.0,0.41714321427717505,0.026600230250560127,1000000.0,0.0035986900329589844,0.4245,0.439,0.245,0.0,0.199
D,71,Mean imputation,0.5917306009846056,0.09291892962749221,1000000.0,0.41714321427717505,0.014919808048971868,1000000.0,0.005620479583740234,0.4245,0.439,0.245,0.0,0.199
D,71,KNN (k=5),0.7929628142449076,0.08403764396558637,1000000.0,0.2608044444861328,0.017243756590192717,1000000.0,0.11566686630249023,0.4245,0.439,0.245,0.0,0.199
D,71,MissForest (single),0.8330338478719941,0.08406809794085562,1000000.0,0.24736583416231298,0.01729991274277016,1000000.0,1.802382469177246,0.4245,0.439,0.245,0.0,0.199
D,71,MI without outcome,0.6275993576092589,0.09184419048269987,65.1917330837186,0.23694319887107723,0.02254409164804281,247.92757878635723,0.5687921047210693,0.4245,0.439,0.245,0.0,0.199
D,71,MI with outcome,0.5904755514765401,0.09156018765726306,64.10853429280027,0.23663527911782886,0.02256211707757477,249.9026464565622,0.6188933849334717,0.4245,0.439,0.245,0.0,0.199
D,71,MI without auxiliary,0.5437448278574376,0.1016645521592324,37.638407907563135,0.36540978838762955,0.02324889532669133,130.84775472714495,0.5468857288360596,0.4245,0.439,0.245,0.0,0.199
D,71,Missingness indicator,0.5371146351179533,0.08801266422798518,1000000.0,,,1000000.0,0.005372047424316406,0.4245,0.439,0.245,0.0,0.199
D,71,MI delta=-0.25,0.6102266699116446,0.08776467848237055,71.86651267266811,0.12688527911782885,0.023282570694918115,283.3839063249989,0.5169587135314941,0.4245,0.439,0.245,0.0,0.199
D,71,MI delta=-0.5,0.6065147093291596,0.08247061201583991,83.76755878855758,0.01713527911782888,0.02430035404833258,336.28064055691124,0.6979331970214844,0.4245,0.439,0.245,0.0,0.199
D,71,MI delta=-0.75,0.5854607023344596,0.07649944891083788,100.30611130791067,-0.09261472088217113,0.025580001038966974,412.90837565871277,0.7184543609619141,0.4245,0.439,0.245,0.0,0.199
D,71,MI delta=-1.0,0.5537859198941044,0.07045143860125,122.2436712544622,-0.20236472088217114,0.02708442055871925,518.9549471396062,0.711129903793335,0.4245,0.439,0.245,0.0,0.199
D,72,Complete-case,0.7886264123531895,0.11621916965718437,1000000.0,0.3867247495788377,0.026186019504095465,1000000.0,0.003656625747680664,0.4095,0.442,0.2585,0.0,0.192
D,72,Mean imputation,0.6473877598228449,0.09606467516765138,1000000.0,0.3867247495788376,0.014608903593781742,1000000.0,0.0065326690673828125,0.4095,0.442,0.2585,0.0,0.192
D,72,KNN (k=5),0.8290980872048704,0.08695766375514322,1000000.0,0.25174130214691354,0.017052532927346445,1000000.0,0.12698578834533691,0.4095,0.442,0.2585,0.0,0.192
D,72,MissForest (single),0.9358407598292676,0.08730333690845078,1000000.0,0.22236758234043955,0.017307096820864905,1000000.0,1.7799973487854004,0.4095,0.442,0.2585,0.0,0.192
D,72,MI without outcome,0.6904211813948486,0.0891746896931829,102.96099002003774,0.22057576550865116,0.022007733366798468,282.6112281623077,0.5522356033325195,0.4095,0.442,0.2585,0.0,0.192
D,72,MI with outcome,0.6750709202015156,0.08810968710204259,114.61549034210658,0.21962815040377603,0.022023446983932552,281.1024931353653,0.6408267021179199,0.4095,0.442,0.2585,0.0,0.192
D,72,MI without auxiliary,0.6150214487383674,0.09719861302222613,54.231883703516004,0.3448807084175435,0.02263805990675666,144.76674211122,0.5630722045898438,0.4095,0.442,0.2585,0.0,0.192
D,72,Missingness indicator,0.6147948919569444,0.09476797372434426,1000000.0,,,1000000.0,0.008868694305419922,0.4095,0.442,0.2585,0.0,0.192
D,72,MI delta=-0.25,0.6556796748284948,0.08420307468859067,129.71594388120033,0.10912815040377603,0.022717065921296218,318.2236682109402,0.590947151184082,0.4095,0.442,0.2585,0.0,0.192
D,72,MI delta=-0.5,0.6162238451807056,0.07889004061988938,153.56104545003205,-0.001371849596223972,0.023717512776882062,378.094271404001,0.5654659271240234,0.4095,0.442,0.2585,0.0,0.192
D,72,MI delta=-0.75,0.5655858081250413,0.07296772278186181,188.1384378802636,-0.11187184959622395,0.024987961137340208,465.850763716585,0.5854084491729736,0.4095,0.442,0.2585,0.0,0.192
D,72,MI delta=-1.0,0.5112605411925815,0.06702253261957916,236.31939858393315,-0.22237184959622397,0.026489591399481812,588.3348329492951,0.6930558681488037,0.4095,0.442,0.2585,0.0,0.192
D,73,Complete-case,0.4043711074779425,0.10446594866842092,1000000.0,0.4574684564055365,0.025976501880227456,1000000.0,0.0038368701934814453,0.4225,0.439,0.252,0.0,0.195
D,73,Mean imputation,0.48216301323253774,0.09397667701088591,1000000.0,0.45746845640553657,0.014569964928352056,1000000.0,0.00628662109375,0.4225,0.439,0.252,0.0,0.195
D,73,KNN (k=5),0.7801405546661696,0.08421500428774116,1000000.0,0.30665217174989373,0.016933452078940266,1000000.0,0.1260232925415039,0.4225,0.439,0.252,0.0,0.195
D,73,MissForest (single),0.7406538423325114,0.0848479516288604,1000000.0,0.30820699811384844,0.01679522528748203,1000000.0,1.4787607192993164,0.4225,0.439,0.252,0.0,0.195
D,73,MI without outcome,0.5457433938754359,0.0794614748312573,303.6200123401049,0.2979880544125995,0.023408082621272846,111.36402629454997,0.5546109676361084,0.4225,0.439,0.252,0.0,0.195
D,73,MI with outcome,0.5149190689761004,0.0799363322697715,256.099569333222,0.29853908212267,0.02339774438834703,112.41602126185295,0.5957708358764648,0.4225,0.439,0.252,0.0,0.195
D,73,MI without auxiliary,0.42101155104048293,0.08348827447583189,145.00007049267955,0.4092783020673981,0.02445008793946008,67.13150784047548,0.5008370876312256,0.4225,0.439,0.252,0.0,0.195
D,73,Missingness indicator,0.4295998094974693,0.08916292239974334,1000000.0,,,1000000.0,0.0049021244049072266,0.4225,0.439,0.252,0.0,0.195
D,73,MI delta=-0.25,0.538869997499413,0.07725287205187595,305.32377014644624,0.18878908212267004,0.024030303920000877,125.07464983872322,0.561974048614502,0.4225,0.439,0.252,0.0,0.195
D,73,MI delta=-0.5,0.5409247294204187,0.07339389383217672,377.29302076313735,0.07903908212267001,0.024957097348882108,145.5152580588312,0.6243400573730469,0.4225,0.439,0.252,0.0,0.195
D,73,MI delta=-0.75,0.5261146395332464,0.068900371710565,474.1134560684033,-0.03071091787732999,0.02614685539877275,175.31137741552467,0.8258209228515625,0.4225,0.439,0.252,0.0,0.195
D,73,MI delta=-1.0,0.5004717121531286,0.06419589497568019,600.3106239113482,-0.14046091787733,0.027565549585957284,216.57028301720308,0.7723121643066406,0.4225,0.439,0.252,0.0,0.195
D,74,Complete-case,0.8327802478717626,0.11655842480531968,1000000.0,0.4345285757512438,0.026392421186035527,1000000.0,0.006436586380004883,0.444,0.4095,0.2425,0.0,0.1885
D,74,Mean imputation,0.7746767294005867,0.09405496436765706,1000000.0,0.43452857575124393,0.015582021200105782,1000000.0,0.0063571929931640625,0.444,0.4095,0.2425,0.0,0.1885
D,74,KNN (k=5),1.0056237408432809,0.08722449225036571,1000000.0,0.28603602397931516,0.018124038094839253,1000000.0,0.12125825881958008,0.444,0.4095,0.2425,0.0,0.1885
D,74,MissForest (single),0.9298159027306669,0.08561398542585834,1000000.0,0.2769195905357822,0.017931711676219236,1000000.0,1.7551631927490234,0.444,0.4095,0.2425,0.0,0.1885
D,74,MI without outcome,0.7382746934677133,0.08446162255161721,217.7163935052095,0.27343585645982654,0.022360468607075516,403.3395605998271,0.4883687496185303,0.444,0.4095,0.2425,0.0,0.1885
D,74,MI with outcome,0.7532323355612097,0.08526724792545531,212.9911709106132,0.274249330932493,0.022366750432652523,396.2867034379849,0.4976773262023926,0.444,0.4095,0.2425,0.0,0.1885
D,74,MI without auxiliary,0.739743237498502,0.088753626493531,134.55041915810895,0.3887916432629142,0.022738343081697573,214.05205288884383,0.40532779693603516,0.444,0.4095,0.2425,0.0,0.1885
D,74,Missingness indicator,0.7428616888081877,0.0940676286150793,1000000.0,,,1000000.0,0.0036802291870117188,0.444,0.4095,0.2425,0.0,0.1885
D,74,MI delta=-0.25,0.7308955685506247,0.082344211907499,223.50225068818,0.171874330932493,0.023054390467281506,447.31402046041205,0.5745499134063721,0.444,0.4095,0.2425,0.0,0.1885
D,74,MI delta=-0.5,0.6876956895340199,0.07812123596317991,241.9037496335241,0.06949933093249298,0.02403869764419558,528.739398912462,0.6095290184020996,0.444,0.4095,0.2425,0.0,0.1885
D,74,MI delta=-0.75,0.6326399055697257,0.07317416774155372,270.14290900512725,-0.03287566906750703,0.025285049312787244,647.2218237251951,0.6306185722351074,0.444,0.4095,0.2425,0.0,0.1885
D,74,MI delta=-1.0,0.5733699565280431,0.06798046476873751,310.6225229754422,-0.13525066906750702,0.02675685188472228,811.5924369552615,0.7292017936706543,0.444,0.4095,0.2425,0.0,0.1885
D,75,Complete-case,0.5092525030249294,0.10731363240942303,1000000.0,0.4457248801419266,0.025293057144621624,1000000.0,0.003035306930541992,0.4435,0.4225,0.2375,0.0,0.1975
D,75,Mean imputation,0.5581910797379107,0.09303429533749476,1000000.0,0.44572488014192674,0.014604067340794523,1000000.0,0.0039026737213134766,0.4435,0.4225,0.2375,0.0,0.1975
D,75,KNN (k=5),0.7487561067826035,0.08543373324010169,1000000.0,0.33748221558675306,0.01669797008513246,1000000.0,0.1018364429473877,0.4435,0.4225,0.2375,0.0,0.1975
D,75,MissForest (single),0.7041742209812236,0.08452690838737646,1000000.0,0.31134768909323307,0.016723051973715132,1000000.0,1.6865112781524658,0.4435,0.4225,0.2375,0.0,0.1975
D,75,MI without outcome,0.5793134337698451,0.0962219910991534,53.402729848258204,0.30560135128135235,0.024634980379779167,62.65071980937829,0.5621523857116699,0.4435,0.4225,0.2375,0.0,0.1975
D,75,MI with outcome,0.5231622137079551,0.09613189704620953,51.22837098012565,0.3038659021987354,0.024654906297778556,62.97853661702333,0.5627741813659668,0.4435,0.4225,0.2375,0.0,0.1975
D,75,MI without auxiliary,0.5335439541813896,0.10404578490164192,36.76223302461055,0.4157882981523052,0.026547567481974454,39.533418708285694,0.49843692779541016,0.4435,0.4225,0.2375,0.0,0.1975
D,75,Missingness indicator,0.5251609766756689,0.09081685489256094,1000000.0,,,1000000.0,0.0046503543853759766,0.4435,0.4225,0.2375,0.0,0.1975
D,75,MI delta=-0.25,0.5231729023310596,0.0923754907182894,54.525911393336116,0.19824090219873536,0.025218726356767914,68.94007265463307,0.5681536197662354,0.4435,0.4225,0.2375,0.0,0.1975
D,75,MI delta=-0.5,0.5043666504097506,0.08683368602277111,59.94370414152,0.09261590219873536,0.026064557382714914,78.6648206952922,0.6286416053771973,0.4435,0.4225,0.2375,0.0,0.1975
D,75,MI delta=-0.75,0.4732216016343651,0.08037202861422708,67.7771128051212,-0.013009097801264646,0.02716607041973744,92.82958915162429,0.6334052085876465,0.4435,0.4225,0.2375,0.0,0.1975
D,75,MI delta=-1.0,0.4359980103100525,0.07369720107177372,78.47518382655838,-0.11863409780126463,0.028493628244529078,112.34924413533983,0.5393035411834717,0.4435,0.4225,0.2375,0.0,0.1975
D,76,Complete-case,0.7451533717941665,0.11297045194858144,1000000.0,0.46095102211686484,0.024920352747740394,1000000.0,0.0032041072845458984,0.4245,0.4345,0.2465,0.0,0.1935
D,76,Mean imputation,0.7182883189857019,0.09883012983494995,1000000.0,0.46095102211686473,0.014089750891069302,1000000.0,0.005568504333496094,0.4245,0.4345,0.2465,0.0,0.1935
D,76,KNN (k=5),0.8805059712357723,0.08798562005843792,1000000.0,0.29734769719623055,0.01686323329736376,1000000.0,0.12011265754699707,0.4245,0.4345,0.2465,0.0,0.1935
D,76,MissForest (single),0.923061093792749,0.08835980580758701,1000000.0,0.29071783070002505,0.016603923264265814,1000000.0,1.7384793758392334,0.4245,0.4345,0.2465,0.0,0.1935
D,76,MI without outcome,0.6946000448085975,0.08226292708830753,569.8530568443009,0.2795726607108132,0.02193749935840394,178.14304909880573,0.5867888927459717,0.4245,0.4345,0.2465,0.0,0.1935
D,76,MI with outcome,0.7047081883844869,0.08347241439945319,455.2795540768476,0.2799129529960047,0.02193687031371386,177.4453869544912,0.5535852909088135,0.4245,0.4345,0.2465,0.0,0.1935
D,76,MI without auxiliary,0.6554461356913182,0.0849045113437275,392.7550284430918,0.4151529828576604,0.02226666098122951,98.05122702850572,0.5658957958221436,0.4245,0.4345,0.2465,0.0,0.1935
D,76,Missingness indicator,0.6503930420900048,0.09485035318245551,1000000.0,,,1000000.0,0.005917549133300781,0.4245,0.4345,0.2465,0.0,0.1935
D,76,MI delta=-0.25,0.7069406649261499,0.08021808136209369,552.0341771755601,0.17128795299600472,0.022682936550099723,202.84446148155897,0.7145986557006836,0.4245,0.4345,0.2465,0.0,0.1935
D,76,MI delta=-0.5,0.6826755535590545,0.07569048916530896,693.3671655949142,0.06266295299600473,0.02373119220681552,243.0212607910332,0.7322854995727539,0.4245,0.4345,0.2465,0.0,0.1935
D,76,MI delta=-0.75,0.6415454341419973,0.07057086631278787,885.8146116948444,-0.04596204700399527,0.025043719736165725,301.412585352195,0.8065979480743408,0.4245,0.4345,0.2465,0.0,0.1935
D,76,MI delta=-1.0,0.5923603648625221,0.06535663777060986,1140.9462640402212,-0.15458704700399525,0.026581400537523125,382.5405523965914,0.6518368721008301,0.4245,0.4345,0.2465,0.0,0.1935
D,77,Complete-case,0.5168868142655706,0.11355972610811316,1000000.0,0.4186326230863203,0.025556300238906936,1000000.0,0.007534980773925781,0.4255,0.425,0.2515,0.0,0.1895
D,77,Mean imputation,0.6073337872507357,0.09659828379000718,1000000.0,0.4186326230863203,0.01469215567094061,1000000.0,0.007577419281005859,0.4255,0.425,0.2515,0.0,0.1895
D,77,KNN (k=5),0.7923290588927803,0.08980683147682862,1000000.0,0.30484388936672785,0.01688135453222374,1000000.0,0.1719071865081787,0.4255,0.425,0.2515,0.0,0.1895
D,77,MissForest (single),0.8384545266611186,0.08953711455319534,1000000.0,0.2829144599304189,0.017086281816443123,1000000.0,1.9700078964233398,0.4255,0.425,0.2515,0.0,0.1895
D,77,MI without outcome,0.6166884971513973,0.08084722177764236,890.2064094914875,0.27672744208483036,0.02503906710177242,61.77058944150142,0.6128442287445068,0.4255,0.425,0.2515,0.0,0.1895
D,77,MI with outcome,0.5939647779216722,0.08066096579587917,905.4829922701085,0.2759786614029186,0.025043532876001067,62.05772024894544,0.6324570178985596,0.4255,0.425,0.2515,0.0,0.1895
D,77,MI without auxiliary,0.5641697560710335,0.07965465882569367,1896.466468971964,0.3757863838575201,0.026564596940563557,40.5101224505232,0.5837690830230713,0.4255,0.425,0.2515,0.0,0.1895
D,77,Missingness indicator,0.5695512209301007,0.09471173547322928,1000000.0,,,1000000.0,0.006512880325317383,0.4255,0.425,0.2515,0.0,0.1895
D,77,MI delta=-0.25,0.5911385557609763,0.07875362810814425,784.3340876395646,0.16972866140291862,0.025599528185213338,67.75498969018561,0.7171249389648438,0.4255,0.425,0.2515,0.0,0.1895
D,77,MI delta=-0.5,0.5666915772480492,0.07535591705332591,725.3573590731968,0.06347866140291862,0.026434338004548884,77.03484171868408,0.719357967376709,0.4255,0.425,0.2515,0.0,0.1895
D,77,MI delta=-0.75,0.5284250556084306,0.0709507092239574,735.2315695305541,-0.04277133859708138,0.027522603187397857,90.52561289117922,0.7444853782653809,0.4255,0.425,0.2515,0.0,0.1895
D,77,MI delta=-1.0,0.4837644339768065,0.06606961520430228,812.12761608541,-0.14902133859708142,0.02883564156945719,109.07668068307301,0.7208943367004395,0.4255,0.425,0.2515,0.0,0.1895
D,78,Complete-case,0.683554923494862,0.1118796477642941,1000000.0,0.430959671944597,0.025483025084864278,1000000.0,0.0034008026123046875,0.4385,0.4185,0.246,0.0,0.193
D,78,Mean imputation,0.6989180497821055,0.09714066185047905,1000000.0,0.43095967194459706,0.014815711351466818,1000000.0,0.005689859390258789,0.4385,0.4185,0.246,0.0,0.193
D,78,KNN (k=5),0.9268906997566441,0.09001431356392574,1000000.0,0.30313600746075847,0.0170672252559274,1000000.0,0.10745429992675781,0.4385,0.4185,0.246,0.0,0.193
D,78,MissForest (single),0.9450473724809317,0.09016617869036425,1000000.0,0.2868411271646577,0.017157521801414326,1000000.0,1.8015034198760986,0.4385,0.4185,0.246,0.0,0.193
D,78,MI without outcome,0.695834513712813,0.0904498557473278,117.67717224788268,0.2717576076665106,0.021551295312936196,356.6783012435609,0.5476915836334229,0.4385,0.4185,0.246,0.0,0.193
D,78,MI with outcome,0.6945219665255766,0.09144103388073771,108.16266922805258,0.27189454937552066,0.021554238461442127,356.25300767919583,0.6158556938171387,0.4385,0.4185,0.246,0.0,0.193
D,78,MI without auxiliary,0.6371182297058928,0.09973731904671887,55.84165372525163,0.3749390613313687,0.022159670432605156,173.1387584868513,0.5470385551452637,0.4385,0.4185,0.246,0.0,0.193
D,78,Missingness indicator,0.6435933836708054,0.09367331636919561,1000000.0,,,1000000.0,0.005608320236206055,0.4385,0.4185,0.246,0.0,0.193
D,78,MI delta=-0.25,0.7006896222620546,0.0879838086644897,124.17803493093206,0.16726954937552063,0.02225600120710658,404.9639381774863,0.6330156326293945,0.4385,0.4185,0.246,0.0,0.193
D,78,MI delta=-0.5,0.6808055079639578,0.0829040122575878,149.43983300146664,0.06264454937552065,0.023265671103963513,483.6042890760463,0.6420834064483643,0.4385,0.4185,0.246,0.0,0.193
D,78,MI delta=-0.75,0.6432015597608339,0.07704861471250052,185.43445008518972,-0.04198045062447935,0.024545280243132895,599.1006438637583,0.6274905204772949,0.4385,0.4185,0.246,0.0,0.193
D,78,MI delta=-1.0,0.5962488626460924,0.0710531436641016,234.38917797563002,-0.14660545062447933,0.02605508742297965,760.6729017989323,0.6360154151916504,0.4385,0.4185,0.246,0.0,0.193
D,79,Complete-case,0.5287106272874517,0.10226494208385964,1000000.0,0.4410684662966656,0.02529271971518231,1000000.0,0.003899812698364258,0.461,0.4095,0.2325,0.0,0.1895
D,79,Mean imputation,0.5245191482304378,0.09237793036446318,1000000.0,0.44106846629666563,0.014932760129594795,1000000.0,0.008521556854248047,0.461,0.4095,0.2325,0.0,0.1895
D,79,KNN (k=5),0.6930467275160243,0.08487228949151074,1000000.0,0.32697790169096597,0.016805692411423444,1000000.0,0.11537456512451172,0.461,0.4095,0.2325,0.0,0.1895
D,79,MissForest (single),0.7246828535093678,0.08440746402846454,1000000.0,0.3178750001853718,0.01689585561604808,1000000.0,2.0711333751678467,0.461,0.4095,0.2325,0.0,0.1895
D,79,MI without outcome,0.5736347874550811,0.08251707757348739,219.1100746194068,0.30386647488306817,0.022827550012904797,140.2308643965677,0.4628267288208008,0.461,0.4095,0.2325,0.0,0.1895
D,79,MI with outcome,0.5492251916433276,0.08212710925574379,226.20279711038467,0.30425636391583766,0.02283980782663247,140.17660848002942,0.5067222118377686,0.461,0.4095,0.2325,0.0,0.1895
D,79,MI without auxiliary,0.47322255964161386,0.0841922713488617,164.0984050082557,0.4089677917292717,0.02374369977617006,82.30874485041541,0.5035533905029297,0.461,0.4095,0.2325,0.0,0.1895
D,79,Missingness indicator,0.4726200810161897,0.08807577026000973,1000000.0,,,1000000.0,0.007209062576293945,0.461,0.4095,0.2325,0.0,0.1895
D,79,MI delta=-0.25,0.5717324418598755,0.08055188463246636,212.57957215645123,0.2018813639158376,0.023439798346433217,155.4967265279624,0.66485595703125,0.461,0.4095,0.2325,0.0,0.1895
D,79,MI delta=-0.5,0.5716808718738804,0.07743945492802905,211.47522410579995,0.09950636391583764,0.024337463737934162,180.72034049069748,0.6342411041259766,0.461,0.4095,0.2325,0.0,0.1895
D,79,MI delta=-0.75,0.5544688256030634,0.07329687845513976,221.16896092674207,-0.002868636084162362,0.025501388306892664,217.8517552487376,0.5748963356018066,0.461,0.4095,0.2325,0.0,0.1895
D,79,MI delta=-1.0,0.5263826091850158,0.06862931272173452,241.32383593392274,-0.10524363608416236,0.02689702845431886,269.6019170708419,0.614556074142456,0.461,0.4095,0.2325,0.0,0.1895
D,80,Complete-case,0.5149555916081052,0.10463438728636078,1000000.0,0.42419126452009936,0.02552773166896733,1000000.0,0.003734111785888672,0.4415,0.417,0.236,0.0,0.2085
D,80,Mean imputation,0.5302597572063829,0.0915534582346461,1000000.0,0.42419126452009936,0.014880004727462972,1000000.0,0.006394386291503906,0.4415,0.417,0.236,0.0,0.2085
D,80,KNN (k=5),0.7559640052340519,0.08428967785458542,1000000.0,0.29208860212291743,0.016958764927419257,1000000.0,0.11307954788208008,0.4415,0.417,0.236,0.0,0.2085
D,80,MissForest (single),0.7799911768922122,0.08500385758266707,1000000.0,0.2815405012464919,0.017039741822015043,1000000.0,1.80092453956604,0.4415,0.417,0.236,0.0,0.2085
D,80,MI without outcome,0.5885510767263146,0.07864728006735341,376.0374613733451,0.2629698403074671,0.024632570621642518,74.48455464490998,0.5439000129699707,0.4415,0.417,0.236,0.0,0.2085
D,80,MI with outcome,0.5615338760855421,0.07890251662180178,344.502213820928,0.2625841909697011,0.02463889008912421,74.67585615295499,0.7302780151367188,0.4415,0.417,0.236,0.0,0.2085
D,80,MI without auxiliary,0.5067414212470684,0.08343938566314629,152.5801167162038,0.37724789231367767,0.026314611219131027,43.99573159979671,0.5493769645690918,0.4415,0.417,0.236,0.0,0.2085
D,80,Missingness indicator,0.49642000430925187,0.08865949506714828,1000000.0,,,1000000.0,0.005275726318359375,0.4415,0.417,0.236,0.0,0.2085
D,80,MI delta=-0.25,0.5639574217970152,0.07602086409858812,415.2837865802219,0.15833419096970108,0.025263450636453685,82.54035359764912,0.5939629077911377,0.4415,0.417,0.236,0.0,0.2085
D,80,MI delta=-0.5,0.5465180071239357,0.0720375389178711,513.9252352716809,0.05408419096970111,0.026165072325838902,94.96933737145716,0.6443428993225098,0.4415,0.417,0.236,0.0,0.2085
D,80,MI delta=-0.75,0.5157133134586874,0.0674926578211895,640.8819037700355,-0.050165809030298894,0.027316334309191063,112.8198001902571,0.6479122638702393,0.4415,0.417,0.236,0.0,0.2085
D,80,MI delta=-1.0,0.4779272347857611,0.06279515825856279,799.2009135556559,-0.1544158090302989,0.02868719695065826,137.2296986923033,0.816948652267456,0.4415,0.417,0.236,0.0,0.2085
D,81,Complete-case,0.6150350832075612,0.10194607568050554,1000000.0,0.4609917574673834,0.026200921580182553,1000000.0,0.003544330596923828,0.444,0.4135,0.251,0.0,0.2055
D,81,Mean imputation,0.7021110498406349,0.09181361393262104,1000000.0,0.46099175746738336,0.015364130392591638,1000000.0,0.00670933723449707,0.444,0.4135,0.251,0.0,0.2055
D,81,KNN (k=5),0.9044676945753927,0.08450586996617798,1000000.0,0.3051393731257699,0.017700922001912835,1000000.0,0.11877870559692383,0.444,0.4135,0.251,0.0,0.2055
D,81,MissForest (single),0.9024142421338928,0.08388857893601247,1000000.0,0.2866824803720205,0.017719426218547243,1000000.0,1.6733005046844482,0.444,0.4135,0.251,0.0,0.2055
D,81,MI without outcome,0.7170358277680028,0.07869822978062473,526.6400737083865,0.27426069251248925,0.021836546752415937,661.8770011807686,0.4824974536895752,0.444,0.4135,0.251,0.0,0.2055
D,81,MI with outcome,0.705603527036647,0.07874115728002912,513.2512713067968,0.2737809021395882,0.0218475143722083,660.7577471966534,0.5370738506317139,0.444,0.4135,0.251,0.0,0.2055
D,81,MI without auxiliary,0.6672802010904489,0.0829359542249055,178.1117718831959,0.40372027211088907,0.022168246025064616,293.4467708713899,0.6567075252532959,0.444,0.4135,0.251,0.0,0.2055
D,81,Missingness indicator,0.6643705855640949,0.08958417430844853,1000000.0,,,1000000.0,0.007353305816650391,0.444,0.4135,0.251,0.0,0.2055
D,81,MI delta=-0.25,0.6928547430988312,0.07646418660485947,486.38186960420904,0.17040590213958826,0.02263536786957437,761.3500087864428,0.7626051902770996,0.444,0.4135,0.251,0.0,0.2055
D,81,MI delta=-0.5,0.6592170406562977,0.0729165359635046,485.8357884673539,0.06703090213958826,0.02371857531100876,917.8855329135081,0.7522695064544678,0.444,0.4135,0.251,0.0,0.2055
D,81,MI delta=-0.75,0.6129156802356026,0.06859957839803245,512.3247343283479,-0.03634409786041173,0.025058864555740582,1143.6145810217004,0.733727216720581,0.444,0.4135,0.251,0.0,0.2055
D,81,MI delta=-1.0,0.5612069840053433,0.06396919621260844,566.7380389321163,-0.13971909786041173,0.02661742873960278,1455.7893205035566,0.6957888603210449,0.444,0.4135,0.251,0.0,0.2055
D,82,Complete-case,0.724042884876084,0.11300157463593159,1000000.0,0.446487059994791,0.025449492706421228,1000000.0,0.0037441253662109375,0.4305,0.424,0.24,0.0,0.186
D,82,Mean imputation,0.7411909663394072,0.09726104541479642,1000000.0,0.44648705999479105,0.014656208554658798,1000000.0,0.006116151809692383,0.4305,0.424,0.24,0.0,0.186
D,82,KNN (k=5),0.9310467029704834,0.08863425503461975,1000000.0,0.31445717898314096,0.01693156075849116,1000000.0,0.11596488952636719,0.4305,0.424,0.24,0.0,0.186
D,82,MissForest (single),0.930092229030009,0.08810778731700207,1000000.0,0.30320942369816717,0.017012022915635958,1000000.0,1.7670772075653076,0.4305,0.424,0.24,0.0,0.186
D,82,MI without outcome,0.7023491601946017,0.08429844335371377,299.4187326814408,0.28661100094402275,0.024097522458889763,80.74721619554923,0.5502197742462158,0.4305,0.424,0.24,0.0,0.186
D,82,MI with outcome,0.6819884766760396,0.08466441060315182,262.59046490053015,0.2860254237412426,0.024115400121037103,80.8248942788683,0.7217092514038086,0.4305,0.424,0.24,0.0,0.186
D,82,MI without auxiliary,0.6791669278651187,0.09070403885342566,116.7982977328668,0.4041569123958923,0.025490799985804335,49.22067828833699,0.5519216060638428,0.4305,0.424,0.24,0.0,0.186
D,82,Missingness indicator,0.6925680918749657,0.09456351726378741,1000000.0,,,1000000.0,0.004560947418212891,0.4305,0.424,0.24,0.0,0.186
D,82,MI delta=-0.25,0.6780984404510407,0.08236701499771236,255.33422361773415,0.1800254237412426,0.024744825227600624,89.59934189159026,0.6552398204803467,0.4305,0.424,0.24,0.0,0.186
D,82,MI delta=-0.5,0.650936098310266,0.07852154265402722,263.2719585174511,0.07402542374124262,0.025657978562411997,103.57549286514708,0.7021000385284424,0.4305,0.424,0.24,0.0,0.186
D,82,MI delta=-0.75,0.6089026825067452,0.07375254870397818,285.5102033771403,-0.03197457625875739,0.02682590144043245,123.76121244950698,0.7572331428527832,0.4305,0.424,0.24,0.0,0.186
D,82,MI delta=-1.0,0.5598016039890965,0.06860355380792438,323.24804517428817,-0.13797457625875736,0.028216976239354687,151.49878387906145,0.7185287475585938,0.4305,0.424,0.24,0.0,0.186
D,83,Complete-case,0.6048175369759854,0.10815746223134681,1000000.0,0.3841667804570878,0.026318788954146414,1000000.0,0.0030853748321533203,0.4365,0.428,0.24,0.0,0.195
D,83,Mean imputation,0.7242161261233464,0.09487350549540467,1000000.0,0.38416678045708785,0.015051529498886173,1000000.0,0.003866910934448242,0.4365,0.428,0.24,0.0,0.195
D,83,KNN (k=5),0.9395212256997741,0.08781780299279902,1000000.0,0.24059449722224058,0.017429680489823376,1000000.0,0.10552811622619629,0.4365,0.428,0.24,0.0,0.195
D,83,MissForest (single),0.9474676528350852,0.0869233813598176,1000000.0,0.2185782509249118,0.01747589882219013,1000000.0,1.8103652000427246,0.4365,0.428,0.24,0.0,0.195
D,83,MI without outcome,0.7074337590107305,0.0850584538224244,158.65663892248958,0.21628101062865862,0.023522527779909663,126.9165374239751,0.582207202911377,0.4365,0.428,0.24,0.0,0.195
D,83,MI with outcome,0.6827756608231073,0.0859508277568748,137.4008481264984,0.21566181712542037,0.02355204959543007,126.97276580779601,0.8057010173797607,0.4365,0.428,0.24,0.0,0.195
D,83,MI without auxiliary,0.6493385632191837,0.08957856387542928,89.7213111785343,0.3352965816985708,0.024628191574357777,71.2368467097809,0.743443489074707,0.4365,0.428,0.24,0.0,0.195
D,83,Missingness indicator,0.6634351914732451,0.09122025545698943,1000000.0,,,1000000.0,0.006270408630371094,0.4365,0.428,0.24,0.0,0.195
D,83,MI delta=-0.25,0.6890376136700527,0.08293921595700468,153.54448904789587,0.10866181712542038,0.024216969901239754,141.93024715430937,0.5459778308868408,0.4365,0.428,0.24,0.0,0.195
D,83,MI delta=-0.5,0.6708692585639893,0.07844195919663349,179.5830440418677,0.001661817125420372,0.025170078994247717,165.62811729611974,0.43531298637390137,0.4365,0.428,0.24,0.0,0.195
D,83,MI delta=-0.75,0.6359978333971205,0.0731803501064547,217.30104357243363,-0.10533818287457963,0.026380158761519078,199.85056050608716,0.7009568214416504,0.4365,0.428,0.24,0.0,0.195
D,83,MI delta=-1.0,0.5921114862597323,0.06773266948091278,269.0076599821991,-0.21233818287457967,0.027813689620695727,246.96201892085026,0.46943044662475586,0.4365,0.428,0.24,0.0,0.195
D,84,Complete-case,0.9521965486077242,0.11958103865367045,1000000.0,0.4821970665450471,0.025141973042753906,1000000.0,0.00748133659362793,0.44,0.4185,0.247,0.0,0.2005
D,84,Mean imputation,0.7727644500663162,0.09689651585097575,1000000.0,0.4821970665450472,0.014617425292613591,1000000.0,0.0075871944427490234,0.44,0.4185,0.247,0.0,0.2005
D,84,KNN (k=5),0.9584714587159595,0.09019886222238142,1000000.0,0.37248274236387097,0.016632914386709618,1000000.0,0.16852521896362305,0.44,0.4185,0.247,0.0,0.2005
D,84,MissForest (single),0.9362705897281209,0.08801566692932433,1000000.0,0.35473649549120134,0.016845703024200936,1000000.0,1.7462506294250488,0.44,0.4185,0.247,0.0,0.2005
D,84,MI without outcome,0.7234784187766051,0.08444010698583748,233.93552469375686,0.3434120071476145,0.024672004247571055,62.6678200733265,0.5680348873138428,0.44,0.4185,0.247,0.0,0.2005
D,84,MI with outcome,0.7325403212037561,0.08526442544756732,228.18379564590546,0.3435781482653496,0.024683462331692402,62.45296193498746,0.7455224990844727,0.44,0.4185,0.247,0.0,0.2005
D,84,MI without auxiliary,0.7793811435959106,0.090071148071445,141.62137649950506,0.4466893993708137,0.026241242182990576,41.440474531469846,0.5646593570709229,0.44,0.4185,0.247,0.0,0.2005
D,84,Missingness indicator,0.7443694115334388,0.09645068283927627,1000000.0,,,1000000.0,0.005058765411376953,0.44,0.4185,0.247,0.0,0.2005
D,84,MI delta=-0.25,0.7098223233257297,0.08171318935065906,273.8368605654491,0.23895314826534958,0.025239727670531415,68.2758927969485,0.6692447662353516,0.44,0.4185,0.247,0.0,0.2005
D,84,MI delta=-0.5,0.6648588178984834,0.07706430565502115,323.50349685269373,0.13432814826534958,0.026077420524165274,77.80137116307402,0.6432948112487793,0.44,0.4185,0.247,0.0,0.2005
D,84,MI delta=-0.75,0.6076054982812261,0.07186400142059628,377.983234885823,0.029703148265349595,0.027170523322431202,91.68974022416549,0.8041586875915527,0.44,0.4185,0.247,0.0,0.2005
D,84,MI delta=-1.0,0.546504801375866,0.06653106968471599,442.5023196479194,-0.07492185173465042,0.028489652194164355,110.83510025449307,0.6401445865631104,0.44,0.4185,0.247,0.0,0.2005
D,85,Complete-case,0.579153921366301,0.10411637953289873,1000000.0,0.4405596233216256,0.025116308476508236,1000000.0,0.007442474365234375,0.4505,0.4055,0.2445,0.0,0.2025
D,85,Mean imputation,0.5872318224541947,0.08958905081590984,1000000.0,0.4405596233216256,0.014929097732450323,1000000.0,0.007910966873168945,0.4505,0.4055,0.2445,0.0,0.2025
D,85,KNN (k=5),0.8170902184488325,0.08294626003299367,1000000.0,0.3256874212769622,0.016984058096065957,1000000.0,0.16759991645812988,0.4505,0.4055,0.2445,0.0,0.2025
D,85,MissForest (single),0.8392308542986919,0.08306285076084545,1000000.0,0.30802127754301956,0.0171033612228676,1000000.0,1.9088129997253418,0.4505,0.4055,0.2445,0.0,0.2025
D,85,MI without outcome,0.6529584977880399,0.07922585873720604,388.8327304535029,0.3076473979425194,0.022881880174276486,124.55334894779497,0.6142024993896484,0.4505,0.4055,0.2445,0.0,0.2025
D,85,MI with outcome,0.63490173665134,0.07917913413192379,383.8125525763812,0.30743255637987577,0.02288550931487043,124.40403750031544,0.8025386333465576,0.4505,0.4055,0.2445,0.0,0.2025
D,85,MI without auxiliary,0.5604669056754272,0.08099155073316211,202.38855915626417,0.4054893697704768,0.02418252948550902,69.87213291417598,0.7161293029785156,0.4505,0.4055,0.2445,0.0,0.2025
D,85,Missingness indicator,0.5591846756406427,0.087974988800252,1000000.0,,,1000000.0,0.009039640426635742,0.4505,0.4055,0.2445,0.0,0.2025
D,85,MI delta=-0.25,0.6262178534983469,0.0763340631316006,471.3411201334112,0.20605755637987574,0.02347508558378481,137.72756976424978,0.8297152519226074,0.4505,0.4055,0.2445,0.0,0.2025
D,85,MI delta=-0.5,0.5969636721635815,0.07229923510183958,605.3922949906436,0.10468255637987581,0.02436159162091648,159.74040538449668,0.7654447555541992,0.4505,0.4055,0.2445,0.0,0.2025
D,85,MI delta=-0.75,0.5548475167045307,0.06768304163627333,792.7966517881708,0.003307556379875788,0.025514095045991374,192.18205078511954,0.8108320236206055,0.4505,0.4055,0.2445,0.0,0.2025
D,85,MI delta=-1.0,0.5069847167597541,0.06293297915756126,1042.3775469050177,-0.0980674436201242,0.026898426390789883,237.41034659374452,0.7471520900726318,0.4505,0.4055,0.2445,0.0,0.2025
D,86,Complete-case,0.5357865350868758,0.11127984889989348,1000000.0,0.44203742126808376,0.025786152482977998,1000000.0,0.003694295883178711,0.4295,0.435,0.241,0.0,0.1765
D,86,Mean imputation,0.5000116390330833,0.0961663385961383,1000000.0,0.44203742126808376,0.014566370235777,1000000.0,0.006794929504394531,0.4295,0.435,0.241,0.0,0.1765
D,86,KNN (k=5),0.7215801443662909,0.08733349357408236,1000000.0,0.30571732586727446,0.01684466886140809,1000000.0,0.11473536491394043,0.4295,0.435,0.241,0.0,0.1765
D,86,MissForest (single),0.7558228649180174,0.088339345059844,1000000.0,0.2947983727314984,0.016659090360958122,1000000.0,1.9063305854797363,0.4295,0.435,0.241,0.0,0.1765
D,86,MI without outcome,0.5406803346061709,0.09127858812252729,92.13345760460484,0.2826953436922238,0.02288170558206072,123.60970131937222,0.5966932773590088,0.4295,0.435,0.241,0.0,0.1765
D,86,MI with outcome,0.5179111219847455,0.0911435060975131,93.46367381967343,0.2825440316131843,0.02288915523136965,123.89601570001132,0.7280387878417969,0.4295,0.435,0.241,0.0,0.1765
D,86,MI without auxiliary,0.4495697331179347,0.09999770443331618,51.12409927910731,0.3970155028813943,0.024006311646506795,70.17431363761969,0.5246407985687256,0.4295,0.435,0.241,0.0,0.1765
D,86,Missingness indicator,0.46002122387939665,0.09258201483765315,1000000.0,,,1000000.0,0.004970550537109375,0.4295,0.435,0.241,0.0,0.1765
D,86,MI delta=-0.25,0.5262163943994509,0.08777348461822619,100.6254652398638,0.17379403161318432,0.02354012424044352,138.60320887591615,0.5686173439025879,0.4295,0.435,0.241,0.0,0.1765
D,86,MI delta=-0.5,0.5146470666732018,0.08288265476024782,112.20600084043923,0.06504403161318432,0.02448938735689812,162.34912976612023,0.60202956199646,0.4295,0.435,0.241,0.0,0.1765
D,86,MI delta=-0.75,0.4893326964395851,0.07717866809308879,129.12236035907245,-0.04370596838681567,0.02570391718761543,197.03144199826858,0.6513247489929199,0.4295,0.435,0.241,0.0,0.1765
D,86,MI delta=-1.0,0.4564580623157094,0.07124564060559746,152.7509253410462,-0.1524559683868157,0.02714813522638871,245.18748420342814,0.49197936058044434,0.4295,0.435,0.241,0.0,0.1765
D,87,Complete-case,0.6477130955421301,0.10938760994990254,1000000.0,0.4139115287577993,0.02551913596319634,1000000.0,0.005832672119140625,0.4345,0.431,0.2425,0.0,0.1865
D,87,Mean imputation,0.7009091663527658,0.09726801219870515,1000000.0,0.41391152875779935,0.014517637039967125,1000000.0,0.0070497989654541016,0.4345,0.431,0.2425,0.0,0.1865
D,87,KNN (k=5),0.9653687621492264,0.09044129286137703,1000000.0,0.2788475503602685,0.01684598675853108,1000000.0,0.1573483943939209,0.4345,0.431,0.2425,0.0,0.1865
D,87,MissForest (single),0.9527812799934979,0.08987429034582001,1000000.0,0.2574244548474169,0.01685984841885877,1000000.0,1.8871898651123047,0.4345,0.431,0.2425,0.0,0.1865
D,87,MI without outcome,0.7421872310207478,0.09530507975044147,78.6083323020088,0.23450903832525394,0.021637280728212464,295.7544619540725,0.6939024925231934,0.4345,0.431,0.2425,0.0,0.1865
D,87,MI with outcome,0.7299287306373926,0.09583404135480393,74.61211140012506,0.23449408361576984,0.021642973203555127,296.1366023894752,0.8201911449432373,0.4345,0.431,0.2425,0.0,0.1865
D,87,MI without auxiliary,0.6701437797217988,0.10106198685353962,52.133542057913125,0.3596932836623271,0.022115263446456975,140.71122027659626,0.7225668430328369,0.4345,0.431,0.2425,0.0,0.1865
D,87,Missingness indicator,0.638723653864501,0.09333959097986619,1000000.0,,,1000000.0,0.006755352020263672,0.4345,0.431,0.2425,0.0,0.1865
D,87,MI delta=-0.25,0.7306788748563479,0.0912872470983983,85.92914055265258,0.12674408361576983,0.022396891316364263,339.60601408114786,0.7592041492462158,0.4345,0.431,0.2425,0.0,0.1865
D,87,MI delta=-0.5,0.7048273466777808,0.08500854481165235,104.77594645583154,0.018994083615769836,0.02345545346474432,408.50722005389036,0.8191654682159424,0.4345,0.431,0.2425,0.0,0.1865
D,87,MI delta=-0.75,0.6620654047573473,0.07811335324009491,132.89747090252962,-0.08875591638423017,0.024779648078394216,508.86776332076516,0.7566127777099609,0.4345,0.431,0.2425,0.0,0.1865
D,87,MI delta=-1.0,0.6112739658267408,0.07134590528031987,172.69761441564697,-0.19650591638423018,0.026329426989470783,648.6195473898738,0.688591480255127,0.4345,0.431,0.2425,0.0,0.1865
D,88,Complete-case,0.6756433286733589,0.11115083331688018,1000000.0,0.3935897889293414,0.02569023219469956,1000000.0,0.00783991813659668,0.4435,0.412,0.2495,0.0,0.189
D,88,Mean imputation,0.7146395486214372,0.09445297348330725,1000000.0,0.3935897889293415,0.01510320888082765,1000000.0,0.009030580520629883,0.4435,0.412,0.2495,0.0,0.189
D,88,KNN (k=5),0.8956716574055092,0.08656583922938506,1000000.0,0.26493739762973895,0.017301438040456384,1000000.0,0.19289851188659668,0.4435,0.412,0.2495,0.0,0.189
D,88,MissForest (single),0.9028090355533026,0.08631931762464042,1000000.0,0.2546196601077458,0.017437027853910454,1000000.0,2.1782584190368652,0.4435,0.412,0.2495,0.0,0.189
D,88,MI without outcome,0.6892328025661751,0.08327093249289062,248.17648224390004,0.2556974327571414,0.021628627537381383,427.8334988981161,0.6704273223876953,0.4435,0.412,0.2495,0.0,0.189
D,88,MI with outcome,0.671611617382092,0.08354533207567283,233.7835756141799,0.25538713090665854,0.02164805571038186,427.5229998032137,0.7893648147583008,0.4435,0.412,0.2495,0.0,0.189
D,88,MI without auxiliary,0.6550084927691346,0.08666819856651548,150.515391434077,0.3579370811374521,0.021999055683531926,211.4693317305049,0.7357239723205566,0.4435,0.412,0.2495,0.0,0.189
D,88,Missingness indicator,0.656188033673388,0.09179041373956416,1000000.0,,,1000000.0,0.007631540298461914,0.4435,0.412,0.2495,0.0,0.189
D,88,MI delta=-0.25,0.6757776979856941,0.08122089555670485,246.92963770771644,0.15238713090665856,0.022283145130110246,479.9432097002518,0.8576602935791016,0.4435,0.412,0.2495,0.0,0.189
D,88,MI delta=-0.5,0.6562846599340066,0.07750765357279411,266.5084215830731,0.04938713090665856,0.023229020040166547,566.7707784931218,0.7848672866821289,0.4435,0.412,0.2495,0.0,0.189
D,88,MI delta=-0.75,0.6206276446454826,0.07294948002056084,294.4367809764624,-0.05361286909334144,0.024449637245785576,695.6224282770232,0.8091912269592285,0.4435,0.412,0.2495,0.0,0.189
D,88,MI delta=-1.0,0.5763072117469904,0.06803349694123006,333.0849149527477,-0.15661286909334143,0.02590619086553821,876.7951519076089,0.8118298053741455,0.4435,0.412,0.2495,0.0,0.189
D,89,Complete-case,0.6489204365218648,0.11288988414069727,1000000.0,0.46368041586230063,0.025941221876343592,1000000.0,0.00648951530456543,0.4195,0.437,0.2585,0.0,0.1855
D,89,Mean imputation,0.7384947539533037,0.09715607392501086,1000000.0,0.4636804158623006,0.014602072144838607,1000000.0,0.006659984588623047,0.4195,0.437,0.2585,0.0,0.1855
D,89,KNN (k=5),0.9518569942757502,0.08864774508152236,1000000.0,0.3224835016948822,0.016859324289569003,1000000.0,0.1698896884918213,0.4195,0.437,0.2585,0.0,0.1855
D,89,MissForest (single),0.9010741313565985,0.08707260630551521,1000000.0,0.30544100155239823,0.01688398254391199,1000000.0,1.7888214588165283,0.4195,0.437,0.2585,0.0,0.1855
D,89,MI without outcome,0.6741290125476079,0.08395890658342556,233.23429593826924,0.29768582233127117,0.022901791425196712,139.46224211426335,0.710515022277832,0.4195,0.437,0.2585,0.0,0.1855
D,89,MI with outcome,0.6744229000151296,0.0848086976060232,211.44523871186058,0.2978784441941541,0.02290796515210723,138.98556897262486,0.8043267726898193,0.4195,0.437,0.2585,0.0,0.1855
D,89,MI without auxiliary,0.6389136760740236,0.08847096726972134,126.79676618835428,0.42058777879897546,0.023894829817670566,79.13774550150026,0.6608333587646484,0.4195,0.437,0.2585,0.0,0.1855
D,89,Missingness indicator,0.6765177940923643,0.09397655751649416,1000000.0,,,1000000.0,0.007462263107299805,0.4195,0.437,0.2585,0.0,0.1855
D,89,MI delta=-0.25,0.6789865452137904,0.08241505530450628,217.23613124455338,0.18862844419415414,0.023575739309314052,155.91393647907245,0.7242586612701416,0.4195,0.437,0.2585,0.0,0.1855
D,89,MI delta=-0.5,0.6593803679154353,0.07853538828249174,232.67703070878258,0.07937844419415413,0.024540593521066686,183.0475423809533,0.6852209568023682,0.4195,0.437,0.2585,0.0,0.1855
D,89,MI delta=-0.75,0.6233537413896291,0.07375316844807991,259.21198922552463,-0.029871555805845874,0.025769179392573057,222.5491857402078,0.6660778522491455,0.4195,0.437,0.2585,0.0,0.1855
D,89,MI delta=-1.0,0.5785976497705627,0.06859714915271292,299.22368003923805,-0.13912155580584587,0.02722581702322101,277.29838476455706,0.683323860168457,0.4195,0.437,0.2585,0.0,0.1855
D,90,Complete-case,0.5601794463290329,0.10139213901385767,1000000.0,0.43240942743756206,0.025429209912142176,1000000.0,0.0035326480865478516,0.451,0.4205,0.23,0.0,0.1955
D,90,Mean imputation,0.5501580908441328,0.0917578842538855,1000000.0,0.43240942743756217,0.01473355231834425,1000000.0,0.006815910339355469,0.451,0.4205,0.23,0.0,0.1955
D,90,KNN (k=5),0.6961252192320195,0.0834157586059839,1000000.0,0.30803962243050337,0.01678327361417389,1000000.0,0.10723757743835449,0.451,0.4205,0.23,0.0,0.1955
D,90,MissForest (single),0.7532068487934599,0.08351332306975037,1000000.0,0.281125431105939,0.0167778564529057,1000000.0,1.8461170196533203,0.451,0.4205,0.23,0.0,0.1955
D,90,MI without outcome,0.5879083445145045,0.08051017692273378,272.36251373071207,0.281661975904846,0.021433204842044702,287.3475061450485,0.6764719486236572,0.451,0.4205,0.23,0.0,0.1955
D,90,MI with outcome,0.5400798832313439,0.08073679205549504,239.75480696139135,0.28076518394081484,0.021447892565375618,289.7892239864928,0.80338454246521,0.451,0.4205,0.23,0.0,0.1955
D,90,MI without auxiliary,0.4758103290990484,0.0829976091413938,149.10805600136766,0.3936425752919227,0.022209003064906873,155.6035761697273,0.48717427253723145,0.451,0.4205,0.23,0.0,0.1955
D,90,Missingness indicator,0.5077755493685568,0.08819323067396645,1000000.0,,,1000000.0,0.005244731903076172,0.451,0.4205,0.23,0.0,0.1955
D,90,MI delta=-0.25,0.5512564587014069,0.07810735205094442,265.029876655274,0.17564018394081485,0.022127163105237446,328.28170347176643,0.7558937072753906,0.451,0.4205,0.23,0.0,0.1955
D,90,MI delta=-0.5,0.5418815802314343,0.07421126492798501,305.4894883153654,0.07051518394081485,0.023118135778047843,391.1604797640475,0.7236688137054443,0.451,0.4205,0.23,0.0,0.1955
D,90,MI delta=-0.75,0.5178612789182468,0.06960722042844136,364.38594989275373,-0.034609816059185144,0.024382835351847792,484.0392215744845,0.6942191123962402,0.451,0.4205,0.23,0.0,0.1955
D,90,MI delta=-1.0,0.4853760173160686,0.06475992064383299,447.01057476207546,-0.13973481605918514,0.025881165370109774,614.439377645429,0.7453925609588623,0.451,0.4205,0.23,0.0,0.1955
D,91,Complete-case,0.5367694178837025,0.11200264047366584,1000000.0,0.3970343963246501,0.02421155164278529,1000000.0,0.004242420196533203,0.4545,0.408,0.235,0.0,0.1985
D,91,Mean imputation,0.6207384145883423,0.0961468610870077,1000000.0,0.39703439632465,0.014330767545854032,1000000.0,0.008702754974365234,0.4545,0.408,0.235,0.0,0.1985
D,91,KNN (k=5),0.9016808525622622,0.08803801824890861,1000000.0,0.26429968653177277,0.016614051689706776,1000000.0,0.12789607048034668,0.4545,0.408,0.235,0.0,0.1985
D,91,MissForest (single),0.8692542748910581,0.08791972177940985,1000000.0,0.25471490767664107,0.016600209854526964,1000000.0,1.904033899307251,0.4545,0.408,0.235,0.0,0.1985
D,91,MI without outcome,0.7181155176926272,0.0793274621740172,2955.8447828640915,0.23616544043404786,0.021648643876530777,171.87737257080823,0.7515780925750732,0.4545,0.408,0.235,0.0,0.1985
D,91,MI with outcome,0.6722557985252317,0.07919847921643532,2461.187302084462,0.23469558869650498,0.021651980432678273,173.75587262446297,0.7120418548583984,0.4545,0.408,0.235,0.0,0.1985
D,91,MI without auxiliary,0.5831286662367741,0.0823210377451747,518.1186398497981,0.3513231908635721,0.022344071935448538,95.39386101140364,0.5424954891204834,0.4545,0.408,0.235,0.0,0.1985
D,91,Missingness indicator,0.5711506926661324,0.09286221043823649,1000000.0,,,1000000.0,0.005287885665893555,0.4545,0.408,0.235,0.0,0.1985
D,91,MI delta=-0.25,0.6678646736620709,0.07645551496625275,2862.8667235886983,0.13269558869650497,0.02236958191731123,197.9613730098738,0.627185583114624,0.4545,0.408,0.235,0.0,0.1985
D,91,MI delta=-0.5,0.6404363981913714,0.0726095533335096,3215.010432564094,0.030695588696504978,0.02338999113786493,236.62968039450558,0.633901834487915,0.4545,0.408,0.235,0.0,0.1985
D,91,MI delta=-0.75,0.5987987398071024,0.06815549914132087,3614.564747884337,-0.07130441130349503,0.024675670760475596,293.1060993593065,0.6363117694854736,0.4545,0.408,0.235,0.0,0.1985
D,91,MI delta=-1.0,0.5507799026820775,0.06350722053456126,4160.52571682123,-0.173304411303495,0.026187579523607542,371.81801210777866,0.6450347900390625,0.4545,0.408,0.235,0.0,0.1985
D,92,Complete-case,0.612686998372716,0.10523332577793036,1000000.0,0.4197969241855752,0.025186554535812148,1000000.0,0.0060541629791259766,0.441,0.4155,0.2485,0.0,0.1945
D,92,Mean imputation,0.7071675246095929,0.09265802452803024,1000000.0,0.41979692418557524,0.014718923331299654,1000000.0,0.00673675537109375,0.441,0.4155,0.2485,0.0,0.1945
D,92,KNN (k=5),0.9531162185333296,0.08704468737250153,1000000.0,0.2954662825679904,0.01690664704427515,1000000.0,0.12898635864257812,0.441,0.4155,0.2485,0.0,0.1945
D,92,MissForest (single),0.9331645754471485,0.08587704936847171,1000000.0,0.2751148401834459,0.01693070301541624,1000000.0,1.874525785446167,0.441,0.4155,0.2485,0.0,0.1945
D,92,MI without outcome,0.7075571037135521,0.07758091959700447,900.3100481727234,0.2583822662944498,0.02300483773994749,137.9904567988949,0.5955524444580078,0.441,0.4155,0.2485,0.0,0.1945
D,92,MI with outcome,0.6957967991705158,0.0772868599196713,1071.1012365025765,0.2576905401975861,0.02301956930633272,138.09327004711662,0.5562536716461182,0.441,0.4155,0.2485,0.0,0.1945
D,92,MI without auxiliary,0.6910312074065403,0.07798837083235352,1242.5863928335928,0.3774595666435922,0.02372782835476882,78.48254805147249,0.5563075542449951,0.441,0.4155,0.2485,0.0,0.1945
D,92,Missingness indicator,0.6668403606537431,0.09132760081743363,1000000.0,,,1000000.0,0.005259037017822266,0.441,0.4155,0.2485,0.0,0.1945
D,92,MI delta=-0.25,0.6827068728913988,0.07477496695665907,1236.654075311543,0.1538155401975861,0.023689520467946933,154.8848064583623,0.6269478797912598,0.441,0.4155,0.2485,0.0,0.1945
D,92,MI delta=-0.5,0.6480064087691899,0.07117045587209642,1393.249714009058,0.049940540197586106,0.024651014512434722,181.6029622154068,0.6345534324645996,0.441,0.4155,0.2485,0.0,0.1945
D,92,MI delta=-0.75,0.6003084370369522,0.06692182951458416,1570.4410497285635,-0.0539344598024139,0.025871567028729184,220.3305288469065,0.6405572891235352,0.441,0.4155,0.2485,0.0,0.1945
D,92,MI delta=-1.0,0.5472765171054258,0.06241949525779148,1815.3567692033505,-0.15780945980241393,0.027316474371531847,273.83081728736084,0.6492757797241211,0.441,0.4155,0.2485,0.0,0.1945
D,93,Complete-case,0.7399604891302052,0.11739219040943899,1000000.0,0.4427645698720949,0.025273263645080424,1000000.0,0.0033042430877685547,0.4245,0.4365,0.2515,0.0,0.1855
D,93,Mean imputation,0.6972804258229948,0.09943499864317704,1000000.0,0.44276456987209484,0.014238724472080314,1000000.0,0.005662679672241211,0.4245,0.4365,0.2515,0.0,0.1855
D,93,KNN (k=5),0.9555150822350533,0.09201980301863445,1000000.0,0.302376399954773,0.0164207722993429,1000000.0,0.12544488906860352,0.4245,0.4365,0.2515,0.0,0.1855
D,93,MissForest (single),0.9512678207539569,0.09166142489278888,1000000.0,0.3025632762656704,0.01625265666507409,1000000.0,1.5784204006195068,0.4245,0.4365,0.2515,0.0,0.1855
D,93,MI without outcome,0.6863833150530787,0.08394677079116472,483.4406750256949,0.28590583300642874,0.021961352167663234,168.0220236169204,0.5181303024291992,0.4245,0.4365,0.2515,0.0,0.1855
D,93,MI with outcome,0.6953263228049507,0.08475206310238231,442.07308095674676,0.28617381572016487,0.02195507546742288,168.12990166975231,0.6436893939971924,0.4245,0.4365,0.2515,0.0,0.1855
D,93,MI without auxiliary,0.6513461296671951,0.09004028692399722,169.7479549386631,0.40735384537885827,0.022712770222429884,92.69494057121409,0.6434178352355957,0.4245,0.4365,0.2515,0.0,0.1855
D,93,Missingness indicator,0.6305753453664866,0.0962975016488439,1000000.0,,,1000000.0,0.0062983036041259766,0.4245,0.4365,0.2515,0.0,0.1855
D,93,MI delta=-0.25,0.6979151403096615,0.08156131338662222,557.4955239466485,0.1770488157201649,0.022622697319429008,189.53209429528977,0.7178523540496826,0.4245,0.4365,0.2515,0.0,0.1855
D,93,MI delta=-0.5,0.6745653781301295,0.07709784721747068,722.3337397227642,0.06792381572016493,0.023599326345154915,224.4417497783295,0.4821314811706543,0.4245,0.4365,0.2515,0.0,0.1855
D,93,MI delta=-0.75,0.6343037980882508,0.07199226146473439,949.8796597718454,-0.041201184279835074,0.024848554255652407,275.873334485688,0.58626389503479,0.4245,0.4365,0.2515,0.0,0.1855
D,93,MI delta=-1.0,0.5857227294987106,0.06674404993676171,1257.3087553000348,-0.15032618427983507,0.02633161157163451,347.86840181870383,0.685645580291748,0.4245,0.4365,0.2515,0.0,0.1855
D,94,Complete-case,0.6413273528661377,0.10403820870437291,1000000.0,0.4316324079585679,0.025806483816389347,1000000.0,0.00764918327331543,0.446,0.4145,0.2365,0.0,0.197
D,94,Mean imputation,0.7441422329259544,0.09194579075775679,1000000.0,0.4316324079585679,0.015107020502917366,1000000.0,0.00647425651550293,0.446,0.4145,0.2365,0.0,0.197
D,94,KNN (k=5),0.9790975651052939,0.08653127625634491,1000000.0,0.30832033555368776,0.01727304556482794,1000000.0,0.11562275886535645,0.446,0.4145,0.2365,0.0,0.197
D,94,MissForest (single),0.9705858300890522,0.08566700247926522,1000000.0,0.2824723531959884,0.017277306509990587,1000000.0,1.794156551361084,0.446,0.4145,0.2365,0.0,0.197
D,94,MI without outcome,0.7155569739436264,0.07981448167210808,353.63100964182206,0.27173323886679646,0.021404351778279027,699.6889522069042,0.5352494716644287,0.446,0.4145,0.2365,0.0,0.197
D,94,MI with outcome,0.7297200501488564,0.08055642098513727,330.072866992556,0.272179681304093,0.021396973766478335,696.8361340416072,0.784926176071167,0.446,0.4145,0.2365,0.0,0.197
D,94,MI without auxiliary,0.6819717268761252,0.08025294313852968,349.40595349122026,0.39053386975831295,0.021441023617763816,365.74508798417037,0.5322487354278564,0.446,0.4145,0.2365,0.0,0.197
D,94,Missingness indicator,0.6802829376029536,0.08859150570520903,1000000.0,,,1000000.0,0.005143165588378906,0.446,0.4145,0.2365,0.0,0.197
D,94,MI delta=-0.25,0.735140342752141,0.07830916282613717,357.82162923921544,0.16855468130409296,0.022108141116420007,794.2005032243844,0.6281561851501465,0.446,0.4145,0.2365,0.0,0.197
D,94,MI delta=-0.5,0.7155831338677773,0.07456854302479643,421.2339724748792,0.06492968130409295,0.023127581328520535,951.1348903958888,0.6436512470245361,0.446,0.4145,0.2365,0.0,0.197
D,94,MI delta=-0.75,0.6788854623038472,0.07002196981008693,522.9643862549324,-0.03869531869590705,0.02441671210082828,1181.5986212612859,0.6276895999908447,0.446,0.4145,0.2365,0.0,0.197
D,94,MI delta=-1.0,0.6328476990762487,0.06522008208323395,669.3817835827872,-0.14232031869590706,0.025935349211949087,1504.1447973998338,0.6424093246459961,0.446,0.4145,0.2365,0.0,0.197
D,95,Complete-case,0.6814904889385343,0.1093544011213937,1000000.0,0.45032267659708564,0.02555995901508096,1000000.0,0.0035419464111328125,0.4395,0.435,0.241,0.0,0.195
D,95,Mean imputation,0.6097759808227257,0.09355240843534764,1000000.0,0.45032267659708564,0.014438595539630396,1000000.0,0.006333827972412109,0.4395,0.435,0.241,0.0,0.195
D,95,KNN (k=5),0.7802360135406077,0.08532430589416817,1000000.0,0.32003050846050507,0.016563563659525694,1000000.0,0.11330628395080566,0.4395,0.435,0.241,0.0,0.195
D,95,MissForest (single),0.8143674818615477,0.08664605959278715,1000000.0,0.31927386056553503,0.016361260812956226,1000000.0,1.554619550704956,0.4395,0.435,0.241,0.0,0.195
D,95,MI without outcome,0.6380978622433279,0.09127019958253085,74.97239090984938,0.3087080013425243,0.02436140386783737,73.03125607974214,0.5168030261993408,0.4395,0.435,0.241,0.0,0.195
D,95,MI with outcome,0.6184780669394245,0.09195473976217695,70.13652658848201,0.3083140024168461,0.024390010770662694,72.80943263472045,0.617358922958374,0.4395,0.435,0.241,0.0,0.195
D,95,MI without auxiliary,0.6012713551810642,0.09926449161340889,46.509796231477885,0.41025748952729496,0.02578357146691677,46.01105943777518,0.4409596920013428,0.4395,0.435,0.241,0.0,0.195
D,95,Missingness indicator,0.5690840630875764,0.09114999260448862,1000000.0,,,1000000.0,0.0034372806549072266,0.4395,0.435,0.241,0.0,0.195
D,95,MI delta=-0.25,0.6213429843723693,0.08963534675588453,70.67122567028555,0.19956400241684608,0.024952468733699627,79.76158190987226,0.47576165199279785,0.4395,0.435,0.241,0.0,0.195
D,95,MI delta=-0.5,0.601617994826458,0.08539193283197344,73.8471088113211,0.09081400241684608,0.02580208108332307,91.19239486141488,0.6875627040863037,0.4395,0.435,0.241,0.0,0.195
D,95,MI delta=-0.75,0.566469800272722,0.07991331053017463,79.95187089773643,-0.017935997583153927,0.02691166480107473,107.92000022894916,0.6719388961791992,0.4395,0.435,0.241,0.0,0.195
D,95,MI delta=-1.0,0.5232419006008452,0.07388461584020722,89.40710639930947,-0.1266859975831539,0.02825060421143832,131.05410879614502,0.8963994979858398,0.4395,0.435,0.241,0.0,0.195
D,96,Complete-case,0.6728512171626568,0.10958665573784593,1000000.0,0.4475709827873796,0.02641270976240793,1000000.0,0.0036492347717285156,0.4235,0.4335,0.251,0.0,0.183
D,96,Mean imputation,0.7132468204526238,0.09536170775313567,1000000.0,0.44757098278737956,0.01495993589689749,1000000.0,0.006059885025024414,0.4235,0.4335,0.251,0.0,0.183
D,96,KNN (k=5),0.979341855332863,0.08638904116695384,1000000.0,0.30537938535394743,0.017661998676414607,1000000.0,0.12299656867980957,0.4235,0.4335,0.251,0.0,0.183
D,96,MissForest (single),0.9415201458543307,0.08479940400483384,1000000.0,0.28279575975433563,0.017775898789833496,1000000.0,1.505974531173706,0.4235,0.4335,0.251,0.0,0.183
D,96,MI without outcome,0.7319905714547639,0.08967909138377522,98.4015751481219,0.27655618479095406,0.022627008642096075,228.0055935425585,0.40752339363098145,0.4235,0.4335,0.251,0.0,0.183
D,96,MI with outcome,0.7361092186199933,0.08959743129474475,101.54444871065958,0.27675402826327095,0.02262972721832845,227.2081327142622,0.768967866897583,0.4235,0.4335,0.251,0.0,0.183
D,96,MI without auxiliary,0.6447898403976293,0.09849802814395975,49.04947813655505,0.4143506309225751,0.02341892098238516,110.70844075088876,0.6637413501739502,0.4235,0.4335,0.251,0.0,0.183
D,96,Missingness indicator,0.6740621910121743,0.0940581478373174,1000000.0,,,1000000.0,0.008493423461914062,0.4235,0.4335,0.251,0.0,0.183
D,96,MI delta=-0.25,0.7178233748814271,0.08568505061822786,115.66395334981823,0.16837902826327097,0.023323523553408852,256.3794676863918,0.8430788516998291,0.4235,0.4335,0.251,0.0,0.183
D,96,MI delta=-0.5,0.6779581546087878,0.08041022514878757,136.5310127920653,0.06000402826327098,0.024315123594907746,302.83950142797113,0.7555942535400391,0.4235,0.4335,0.251,0.0,0.183
D,96,MI delta=-0.75,0.625561241226635,0.07452109661542886,165.57655471620214,-0.04837097173672902,0.025569904329966118,370.3590907207786,0.6920959949493408,0.4235,0.4335,0.251,0.0,0.183
D,96,MI delta=-1.0,0.5684645370017946,0.06858210702344399,204.66607054901735,-0.15674597173672902,0.027051267381961244,463.9349225475177,0.6049575805664062,0.4235,0.4335,0.251,0.0,0.183
D,97,Complete-case,0.7642926661949999,0.11546412907194578,1000000.0,0.4346075250730277,0.025187235318634284,1000000.0,0.007451534271240234,0.4375,0.4205,0.25,0.0,0.191
D,97,Mean imputation,0.7075351889872353,0.09700975373332021,1000000.0,0.4346075250730278,0.01459335349402072,1000000.0,0.007327079772949219,0.4375,0.4205,0.25,0.0,0.191
D,97,KNN (k=5),1.004015355377742,0.0896417485128253,1000000.0,0.29322915545738987,0.017076399168650842,1000000.0,0.16768312454223633,0.4375,0.4205,0.25,0.0,0.191
D,97,MissForest (single),0.9857597191071709,0.08902825634135779,1000000.0,0.28402225344931353,0.017007176588844854,1000000.0,1.7958118915557861,0.4375,0.4205,0.25,0.0,0.191
D,97,MI without outcome,0.7387232582269562,0.08312299493732767,568.8370519889461,0.2808973404686575,0.022122084553936255,178.5993613563374,0.6014626026153564,0.4375,0.4205,0.25,0.0,0.191
D,97,MI with outcome,0.7602468070406992,0.08323853244414177,679.6963584812595,0.28113730250920377,0.022121373661443212,178.03533542390073,0.7558639049530029,0.4375,0.4205,0.25,0.0,0.191
D,97,MI without auxiliary,0.6873968750229308,0.08462054798372888,425.65936100306874,0.38939922315346,0.022981251909971023,93.3780560434532,0.6637845039367676,0.4375,0.4205,0.25,0.0,0.191
D,97,Missingness indicator,0.6528386169941915,0.09419157877573099,1000000.0,,,1000000.0,0.005677938461303711,0.4375,0.4205,0.25,0.0,0.191
D,97,MI delta=-0.25,0.7551328280398996,0.08065754330336897,728.6168113916667,0.1760123025092038,0.022786379600804256,200.4283506863518,0.6320445537567139,0.4375,0.4205,0.25,0.0,0.191
D,97,MI delta=-0.5,0.7230030089077911,0.07656892517088836,834.6067677903773,0.07088730250920379,0.023755433507542903,236.76073587317595,0.6363511085510254,0.4375,0.4205,0.25,0.0,0.191
D,97,MI delta=-0.75,0.6740439435312973,0.07163694972770183,1018.2479325511952,-0.03423769749079623,0.024993194076132486,290.09810155425674,0.6605970859527588,0.4375,0.4205,0.25,0.0,0.191
D,97,MI delta=-1.0,0.6175643978476799,0.0664435682585395,1305.0779052594223,-0.13936269749079622,0.02646198182864889,364.5417784111386,0.582970380783081,0.4375,0.4205,0.25,0.0,0.191
D,98,Complete-case,0.7081922679535017,0.11492874672131452,1000000.0,0.4220136733447863,0.02552802341184006,1000000.0,0.007938623428344727,0.431,0.431,0.257,0.0,0.198
D,98,Mean imputation,0.7071885308024575,0.0968316095971378,1000000.0,0.4220136733447863,0.01452269304005298,1000000.0,0.008300542831420898,0.431,0.431,0.257,0.0,0.198
D,98,KNN (k=5),1.0118850351098794,0.09017633645543137,1000000.0,0.286394475520691,0.016751672285867013,1000000.0,0.19082427024841309,0.431,0.431,0.257,0.0,0.198
D,98,MissForest (single),1.0363930242328097,0.09021227993069596,1000000.0,0.2703435550302612,0.016738364433815312,1000000.0,2.0587031841278076,0.431,0.431,0.257,0.0,0.198
D,98,MI without outcome,0.7269058532654833,0.08225848363862961,410.490995221645,0.25735559007805253,0.020856450404193524,708.1522557360331,0.7041900157928467,0.431,0.431,0.257,0.0,0.198
D,98,MI with outcome,0.7548401576903121,0.08321402537358545,386.48543352012564,0.2577785930794215,0.020857224230020063,696.885666505344,0.9123284816741943,0.431,0.431,0.257,0.0,0.198
D,98,MI without auxiliary,0.6410261194929585,0.08498602203429284,211.2391070469456,0.37244157567465175,0.020925767873628546,374.5544761338622,0.7940311431884766,0.431,0.431,0.257,0.0,0.198
D,98,Missingness indicator,0.6483391785122082,0.0930758567177376,1000000.0,,,1000000.0,0.007337093353271484,0.431,0.431,0.257,0.0,0.198
D,98,MI delta=-0.25,0.7586614709862965,0.08092698397357476,398.75891301509864,0.15002859307942154,0.021588549797032758,799.8883480393953,0.8248381614685059,0.431,0.431,0.257,0.0,0.198
D,98,MI delta=-0.5,0.7341922127186133,0.07701617483691875,439.1914342209048,0.04227859307942155,0.022637187704065986,966.9975625240088,0.574530839920044,0.431,0.431,0.257,0.0,0.198
D,98,MI delta=-0.75,0.6909745927461447,0.07215930097708091,510.82834461075754,-0.06547140692057844,0.02396151408012014,1213.9268535302506,0.5628736019134521,0.431,0.431,0.257,0.0,0.198
D,98,MI delta=-1.0,0.638314667947796,0.0669611855478468,618.4638218373179,-0.17322140692057847,0.02551864322269116,1561.5856582728613,0.5650544166564941,0.431,0.431,0.257,0.0,0.198
D,99,Complete-case,0.6199181212710821,0.10909129333204919,1000000.0,0.4267179568395134,0.02619409059980824,1000000.0,0.0072705745697021484,0.4415,0.4325,0.2305,0.0,0.192
D,99,Mean imputation,0.6698638825419397,0.09449689032265592,1000000.0,0.4267179568395135,0.014862312492386094,1000000.0,0.006833076477050781,0.4415,0.4325,0.2305,0.0,0.192
D,99,KNN (k=5),0.8699800189217872,0.0861084467874405,1000000.0,0.2782603811632436,0.017235583454670196,1000000.0,0.1685037612915039,0.4415,0.4325,0.2305,0.0,0.192
D,99,MissForest (single),0.9353158063431586,0.08741455097933558,1000000.0,0.2728650704425319,0.01690771302839715,1000000.0,1.753519058227539,0.4415,0.4325,0.2305,0.0,0.192
D,99,MI without outcome,0.6897072014687831,0.0779740814765586,1041.3984818370466,0.24772528700948854,0.021427247112270058,675.5872180012374,0.6310350894927979,0.4415,0.4325,0.2305,0.0,0.192
D,99,MI with outcome,0.6848224924654934,0.07811022017683181,1046.3639255013645,0.24747698121840617,0.021437879515259772,674.275947534851,0.723175048828125,0.4415,0.4325,0.2305,0.0,0.192
D,99,MI without auxiliary,0.5968092450497778,0.08069301941208792,371.222244488093,0.37794715598219203,0.021380450143144304,339.00957752918674,0.6205792427062988,0.4415,0.4325,0.2305,0.0,0.192
D,99,Missingness indicator,0.6193992903964166,0.09102084162128658,1000000.0,,,1000000.0,0.00636601448059082,0.4415,0.4325,0.2305,0.0,0.192
D,99,MI delta=-0.25,0.6858571073632462,0.07628961098888995,904.2015130913212,0.13935198121840614,0.022196827858028793,774.9506035544306,0.7064127922058105,0.4415,0.4325,0.2305,0.0,0.192
D,99,MI delta=-0.5,0.6634021007075999,0.07314848489892518,820.272852027302,0.031226981218406148,0.023262922519242852,934.9049553095113,0.7350404262542725,0.4415,0.4325,0.2305,0.0,0.192
D,99,MI delta=-0.75,0.6253377634450674,0.06913191129480349,796.4299092388742,-0.07689801878159384,0.02459625722834257,1168.3863375017997,0.7388033866882324,0.4415,0.4325,0.2305,0.0,0.192
D,99,MI delta=-1.0,0.5792785845952869,0.06469262112308503,825.7530724747136,-0.18502301878159383,0.02615599517277935,1494.153990472437,0.7138864994049072,0.4415,0.4325,0.2305,0.0,0.192
D,100,Complete-case,0.7761797915367047,0.12202316057625358,1000000.0,0.4260407727431025,0.02461473823747029,1000000.0,0.007110595703125,0.413,0.4275,0.266,0.0,0.187
D,100,Mean imputation,0.742703939293153,0.10253777442965473,1000000.0,0.4260407727431025,0.014089305378951717,1000000.0,0.006865739822387695,0.413,0.4275,0.266,0.0,0.187
D,100,KNN (k=5),0.964414034169816,0.09483893534870196,1000000.0,0.30322612331507687,0.016335941606479013,1000000.0,0.12523102760314941,0.413,0.4275,0.266,0.0,0.187
D,100,MissForest (single),0.9829707912309321,0.09346970348041586,1000000.0,0.27608658077055886,0.016484822656889404,1000000.0,1.6988558769226074,0.413,0.4275,0.266,0.0,0.187
D,100,MI without outcome,0.7661943074055879,0.09634369517503376,117.05424982111828,0.26710953227303846,0.021453588310860746,197.6168366612351,0.5067391395568848,0.413,0.4275,0.266,0.0,0.187
D,100,MI with outcome,0.7490510213769755,0.0961769147448039,117.46443365865188,0.266884043010217,0.021470125893128657,197.6089137246123,0.6706526279449463,0.413,0.4275,0.266,0.0,0.187
D,100,MI without auxiliary,0.6759218850687015,0.10107908119125095,76.76003920654479,0.3762471485265385,0.022076355108297176,105.87795346106343,0.6438355445861816,0.413,0.4275,0.266,0.0,0.187
D,100,Missingness indicator,0.659272328252056,0.09872080452974304,1000000.0,,,1000000.0,0.006218433380126953,0.413,0.4275,0.266,0.0,0.187
D,100,MI delta=-0.25,0.7562952665848848,0.09232821376189947,131.6867993485184,0.160009043010217,0.02216774856368078,224.5714350509801,0.8286392688751221,0.413,0.4275,0.266,0.0,0.187
D,100,MI delta=-0.5,0.7336599085862708,0.08670878731098547,155.52923792382154,0.05313404301021703,0.023176625797159723,268.32985883993854,0.6313550472259521,0.413,0.4275,0.266,0.0,0.187
D,100,MI delta=-0.75,0.6915947454709681,0.08029256494302867,190.72138393123552,-0.053740956989782984,0.02445827113153728,332.79070446160216,0.6361269950866699,0.413,0.4275,0.266,0.0,0.187
D,100,MI delta=-1.0,0.639896597106966,0.0737914206225254,239.9271806925685,-0.16061595698978298,0.025972335408839,423.1673753889222,0.6101779937744141,0.413,0.4275,0.266,0.0,0.187
D,101,Complete-case,0.6421721574693334,0.11850420260012468,1000000.0,0.45640073017936017,0.024483865042597676,1000000.0,0.00748133659362793,0.425,0.428,0.269,0.0,0.1955
D,101,Mean imputation,0.5515044928280022,0.09748855048069983,1000000.0,0.45640073017936017,0.014002149474941862,1000000.0,0.006772279739379883,0.425,0.428,0.269,0.0,0.1955
D,101,KNN (k=5),0.7766137134512971,0.08827579680459434,1000000.0,0.33589464489724685,0.016165644892084698,1000000.0,0.12350606918334961,0.425,0.428,0.269,0.0,0.1955
D,101,MissForest (single),0.7926637025284091,0.08831832491998942,1000000.0,0.32271457483102745,0.016131187987321403,1000000.0,1.9054489135742188,0.425,0.428,0.269,0.0,0.1955
D,101,MI without outcome,0.5882091614441501,0.08621284518576691,168.7559494213462,0.3134583779154612,0.022034752527052556,129.15471073417385,0.6260809898376465,0.425,0.428,0.269,0.0,0.1955
D,101,MI with outcome,0.5692234691003041,0.08673760125434364,157.86074467091746,0.3134116774256143,0.02204356212794259,129.18462636478392,0.7736835479736328,0.425,0.428,0.269,0.0,0.1955
D,101,MI without auxiliary,0.48578627789101797,0.09081960197859927,98.32090072985196,0.41806766737985024,0.022710304993984794,79.4539357431498,0.6567976474761963,0.425,0.428,0.269,0.0,0.1955
D,101,Missingness indicator,0.5018262598062235,0.09368637617617519,1000000.0,,,1000000.0,0.006493330001831055,0.425,0.428,0.269,0.0,0.1955
D,101,MI delta=-0.25,0.5808266215657645,0.08367850942679678,175.6945071173761,0.20641167742561434,0.022672243422906337,144.56451848699655,0.7761204242706299,0.425,0.428,0.269,0.0,0.1955
D,101,MI delta=-0.5,0.5689548710497376,0.07903965037255911,206.21248613634114,0.09941167742561434,0.023610405898538436,170.0190339516829,0.8008143901824951,0.425,0.428,0.269,0.0,0.1955
D,101,MI delta=-0.75,0.5407693370290653,0.07358404485898733,251.93098404823462,-0.00758832257438565,0.02482298462891038,207.73024069198704,0.7696805000305176,0.425,0.428,0.269,0.0,0.1955
D,101,MI delta=-1.0,0.5036624800157179,0.06792567053568863,316.6917448431632,-0.11458832257438567,0.02627201018969936,260.6495301692905,0.7806069850921631,0.425,0.428,0.269,0.0,0.1955
D,102,Complete-case,0.5515167887940916,0.10633132775721826,1000000.0,0.44977750648318177,0.02538146834833726,1000000.0,0.004025936126708984,0.4295,0.417,0.26,0.0,0.204
D,102,Mean imputation,0.5008435422788703,0.09233193563648825,1000000.0,0.4497775064831817,0.014794748468479507,1000000.0,0.0066640377044677734,0.4295,0.417,0.26,0.0,0.204
D,102,KNN (k=5),0.6258120166488329,0.0843203589084492,1000000.0,0.3390681491034193,0.016819541756146365,1000000.0,0.12415742874145508,0.4295,0.417,0.26,0.0,0.204
D,102,MissForest (single),0.7203972766401207,0.08425355780156907,1000000.0,0.3061722217293738,0.016977874362110998,1000000.0,1.7830727100372314,0.4295,0.417,0.26,0.0,0.204
D,102,MI without outcome,0.5578105301519576,0.08075871527743417,264.45087284411875,0.3129685313103495,0.02092344509347777,602.5595452587088,0.6159296035766602,0.4295,0.417,0.26,0.0,0.204
D,102,MI with outcome,0.5067847699817368,0.08099570700374302,225.9737200076526,0.31231287588293744,0.02093905915426849,610.0537391587079,0.6297509670257568,0.4295,0.417,0.26,0.0,0.204
D,102,MI without auxiliary,0.47150305149640126,0.08254666607071352,185.3005463092638,0.4181510287408353,0.021209930992851362,329.0533821323349,0.4889340400695801,0.4295,0.417,0.26,0.0,0.204
D,102,Missingness indicator,0.45484749982984785,0.08861418180827019,1000000.0,,,1000000.0,0.0048406124114990234,0.4295,0.417,0.26,0.0,0.204
D,102,MI delta=-0.25,0.5238300947259505,0.07883889647305516,229.82214929515675,0.20806287588293743,0.021589134076703924,689.4143707664465,0.5949826240539551,0.4295,0.417,0.26,0.0,0.204
D,102,MI delta=-0.5,0.5199020079705143,0.07515889694790018,248.61983366489278,0.10381287588293742,0.022559682192289446,821.9991097094417,0.738783597946167,0.4295,0.417,0.26,0.0,0.204
D,102,MI delta=-0.75,0.5005060170378102,0.07057210828680338,282.7929548845341,-0.000437124117062589,0.023811548659664377,1020.2110104711976,0.5570917129516602,0.4295,0.417,0.26,0.0,0.204
D,102,MI delta=-1.0,0.47178037380082716,0.06563152297662384,334.01332780237914,-0.1046871241170626,0.025303013200907255,1300.853549722181,0.5370182991027832,0.4295,0.417,0.26,0.0,0.204
D,103,Complete-case,0.6769241815388406,0.11193226747345839,1000000.0,0.4113017398238053,0.02554737475129451,1000000.0,0.003042459487915039,0.429,0.424,0.2475,0.0,0.1935
D,103,Mean imputation,0.583080285163568,0.09448668185112152,1000000.0,0.4113017398238054,0.014712578230862885,1000000.0,0.00547480583190918,0.429,0.424,0.2475,0.0,0.1935
D,103,KNN (k=5),0.8181999816801473,0.0881060385488503,1000000.0,0.2692661948111877,0.016925865392025834,1000000.0,0.10568428039550781,0.429,0.424,0.2475,0.0,0.1935
D,103,MissForest (single),0.8489742589080181,0.08767197616481859,1000000.0,0.24480683558602126,0.016973814478557458,1000000.0,1.6889233589172363,0.429,0.424,0.2475,0.0,0.1935
D,103,MI without outcome,0.6459807725508815,0.08451416758696771,176.84481765969258,0.22872202448917323,0.023153993401817903,138.83817913237417,0.5637063980102539,0.429,0.424,0.2475,0.0,0.1935
D,103,MI with outcome,0.631993795410646,0.08504138060520919,168.52588298052993,0.22864517932764045,0.023161283788068702,138.9131831071412,0.7292063236236572,0.429,0.424,0.2475,0.0,0.1935
D,103,MI without auxiliary,0.5384393335784332,0.08932811369858963,96.6895021328088,0.3556221484063543,0.023967494487749784,77.51348827837735,0.6130523681640625,0.429,0.424,0.2475,0.0,0.1935
D,103,Missingness indicator,0.53087000373933,0.09030760849397484,1000000.0,,,1000000.0,0.006020545959472656,0.429,0.424,0.2475,0.0,0.1935
D,103,MI delta=-0.25,0.6409934239120139,0.08134896816702641,211.58394844539407,0.12264517932764045,0.023882976933019422,157.0531994688677,0.641535758972168,0.429,0.424,0.2475,0.0,0.1935
D,103,MI delta=-0.5,0.6264584861678089,0.07641698442234232,280.94960910228684,0.016645179327640456,0.024892162290020736,185.32902744713388,0.6563880443572998,0.429,0.424,0.2475,0.0,0.1935
D,103,MI delta=-0.75,0.595794874706312,0.07098479090003965,385.74986089344407,-0.08935482067235954,0.02615558325826881,225.9178715199448,0.6428229808807373,0.429,0.424,0.2475,0.0,0.1935
D,103,MI delta=-1.0,0.556339704215835,0.06556099385686487,538.3638299159776,-0.19535482067235957,0.02763839654367891,281.6724205591464,0.6195590496063232,0.429,0.424,0.2475,0.0,0.1935
D,104,Complete-case,0.5764820824477423,0.1089109177183743,1000000.0,0.4071572888201618,0.025557282501230294,1000000.0,0.00602269172668457,0.4395,0.4295,0.241,0.0,0.1895
D,104,Mean imputation,0.6583950843812048,0.09753365776117072,1000000.0,0.40715728882016183,0.01457768382239612,1000000.0,0.007437467575073242,0.4395,0.4295,0.241,0.0,0.1895
D,104,KNN (k=5),0.9137341308355014,0.09013380049308099,1000000.0,0.2731800353854728,0.016939333397674738,1000000.0,0.17555022239685059,0.4395,0.4295,0.241,0.0,0.1895
D,104,MissForest (single),0.9220257554383671,0.08941794785666607,1000000.0,0.24877683029961278,0.016953564332473775,1000000.0,1.9060301780700684,0.4395,0.4295,0.241,0.0,0.1895
D,104,MI without outcome,0.6443834749571873,0.0822272943967297,369.87357659330746,0.2405267832959789,0.02041814921931535,2038.109663694966,0.60103440284729,0.4395,0.4295,0.241,0.0,0.1895
D,104,MI with outcome,0.6509648869211074,0.08335338458622625,320.2890155863398,0.24076281179537246,0.020418470459880714,2034.573931957761,0.764815092086792,0.4395,0.4295,0.241,0.0,0.1895
D,104,MI without auxiliary,0.5999572083702225,0.08587036851720614,195.24816184573638,0.35864648240951624,0.020386569655744726,936.2215066545893,0.719104528427124,0.4395,0.4295,0.241,0.0,0.1895
D,104,Missingness indicator,0.6086522614115308,0.09438785476029961,1000000.0,,,1000000.0,0.006729602813720703,0.4395,0.4295,0.241,0.0,0.1895
D,104,MI delta=-0.25,0.6498959509958993,0.08028529499280809,382.83255431775905,0.13338781179537249,0.021173540807842988,2352.6353176684916,0.7390308380126953,0.4395,0.4295,0.241,0.0,0.1895
D,104,MI delta=-0.5,0.625622514657941,0.07585137635900455,484.576541079817,0.02601281179537245,0.022249623483262714,2868.6087288363638,0.7948400974273682,0.4395,0.4295,0.241,0.0,0.1895
D,104,MI delta=-0.75,0.5863632928343715,0.07075941352910596,633.8137455634914,-0.08136218820462754,0.02360285322450893,3632.776455020777,0.7400472164154053,0.4395,0.4295,0.241,0.0,0.1895
D,104,MI delta=-1.0,0.5398909969472039,0.06553943309627089,841.3211001793649,-0.18873718820462754,0.025188601309196586,4711.908633713132,0.718886137008667,0.4395,0.4295,0.241,0.0,0.1895
D,105,Complete-case,0.45652072909232166,0.10844872935896009,1000000.0,0.3878573141437897,0.02593096021301651,1000000.0,0.007043600082397461,0.428,0.441,0.2375,0.0,0.188
D,105,Mean imputation,0.46436109672433346,0.09808413452239842,1000000.0,0.38785731414378966,0.014492546158290385,1000000.0,0.009171009063720703,0.428,0.441,0.2375,0.0,0.188
D,105,KNN (k=5),0.7237520337267085,0.0913978678388018,1000000.0,0.26276758698302416,0.01648388732643211,1000000.0,0.21022820472717285,0.428,0.441,0.2375,0.0,0.188
D,105,MissForest (single),0.7209390264811625,0.08993091905462547,1000000.0,0.2391281926466761,0.016811659870227168,1000000.0,1.599341869354248,0.428,0.441,0.2375,0.0,0.188
D,105,MI without outcome,0.5301919264718045,0.08040297446058424,657.6528917831586,0.23055629138096898,0.02185822210173511,263.3345943319999,0.385789155960083,0.428,0.441,0.2375,0.0,0.188
D,105,MI with outcome,0.5098256273836308,0.08072187994810917,638.5492381790593,0.23066748398991596,0.02186189219963465,264.6488202028075,0.6297159194946289,0.428,0.441,0.2375,0.0,0.188
D,105,MI without auxiliary,0.43339412461285154,0.08187394894148135,433.4613016386671,0.3425033114964786,0.022397481700501935,145.97710142399052,0.6401269435882568,0.428,0.441,0.2375,0.0,0.188
D,105,Missingness indicator,0.4153349521799283,0.093704290621388,1000000.0,,,1000000.0,0.007417440414428711,0.428,0.441,0.2375,0.0,0.188
D,105,MI delta=-0.25,0.5263646698153917,0.07835712604458538,702.9709087045051,0.12041748398991599,0.02253060520675525,298.5454104496765,0.639225959777832,0.428,0.441,0.2375,0.0,0.188
D,105,MI delta=-0.5,0.521090263918403,0.07457930337008525,820.2038073654323,0.010167483989915986,0.023510192608513954,353.95146713579044,0.6123809814453125,0.428,0.441,0.2375,0.0,0.188
D,105,MI delta=-0.75,0.49994031118796356,0.0699797723638813,1007.5296332874735,-0.10008251601008403,0.024763789836547992,435.699846391356,0.6194939613342285,0.428,0.441,0.2375,0.0,0.188
D,105,MI delta=-1.0,0.4694795800886851,0.06508572573136873,1286.8834346247536,-0.21033251601008404,0.026252172533345643,550.2752347339798,0.7264184951782227,0.428,0.441,0.2375,0.0,0.188
D,106,Complete-case,0.6940466676714884,0.10971940038415999,1000000.0,0.4141870018390919,0.02515099222451596,1000000.0,0.004029512405395508,0.4325,0.4285,0.251,0.0,0.188
D,106,Mean imputation,0.7420768731858297,0.09774076168392395,1000000.0,0.41418700183909185,0.014371096155627797,1000000.0,0.006698131561279297,0.4325,0.4285,0.251,0.0,0.188
D,106,KNN (k=5),0.9994155042801991,0.0912932023940178,1000000.0,0.27489752535924333,0.016465686800865794,1000000.0,0.13205599784851074,0.4325,0.4285,0.251,0.0,0.188
D,106,MissForest (single),0.9606192435014802,0.09073891293965333,1000000.0,0.26514947528195215,0.016438761915836923,1000000.0,1.9540107250213623,0.4325,0.4285,0.251,0.0,0.188
D,106,MI without outcome,0.6960611212087172,0.08875584813321177,137.37288878652615,0.2542822719221904,0.021868958145017638,198.30611300273173,0.6505084037780762,0.4325,0.4285,0.251,0.0,0.188
D,106,MI with outcome,0.7229774582608608,0.08931908210759372,141.08530027563174,0.25526542926571605,0.021849607390023684,198.22674348324077,0.8223638534545898,0.4325,0.4285,0.251,0.0,0.188
D,106,MI without auxiliary,0.6953919605535073,0.09532798926249411,78.82281546075225,0.36486369362584686,0.022301011963518937,121.41901694423447,0.6579234600067139,0.4325,0.4285,0.251,0.0,0.188
D,106,Missingness indicator,0.6879196398795882,0.09501611938984197,1000000.0,,,1000000.0,0.007200002670288086,0.4325,0.4285,0.251,0.0,0.188
D,106,MI delta=-0.25,0.7215584149505576,0.08606798945165942,159.92501125568563,0.14814042926571605,0.022533956418957928,224.25260461738225,0.7959671020507812,0.4325,0.4285,0.251,0.0,0.188
D,106,MI delta=-0.5,0.69424457485763,0.0812989878075798,187.31838060093543,0.04101542926571604,0.023525861974224998,266.4218713756368,0.81557297706604,0.4325,0.4285,0.251,0.0,0.188
D,106,MI delta=-0.75,0.6501119524511545,0.07573608406049755,225.10692544883605,-0.06610957073428396,0.024788431017604744,328.385408722211,0.8630175590515137,0.4325,0.4285,0.251,0.0,0.188
D,106,MI delta=-1.0,0.5978657755498956,0.0699674966439591,276.0916834471326,-0.17323457073428394,0.026282686010837716,415.017760618102,0.908785343170166,0.4325,0.4285,0.251,0.0,0.188
D,107,Complete-case,0.5613928910636324,0.11044908904608075,1000000.0,0.419514070490897,0.024752758712922374,1000000.0,0.004984855651855469,0.432,0.428,0.253,0.0,0.2015
D,107,Mean imputation,0.5091550639856632,0.09609340959571717,1000000.0,0.419514070490897,0.014155927865657605,1000000.0,0.007890939712524414,0.432,0.428,0.253,0.0,0.2015
D,107,KNN (k=5),0.7038451311043643,0.08723690035517077,1000000.0,0.2979642409188557,0.016348393547958584,1000000.0,0.1908721923828125,0.432,0.428,0.253,0.0,0.2015
D,107,MissForest (single),0.7388934088599239,0.08692719119720894,1000000.0,0.2775977514064929,0.016504439186277007,1000000.0,1.8164904117584229,0.432,0.428,0.253,0.0,0.2015
D,107,MI without outcome,0.5881252928013699,0.08052361559144282,525.4409644183052,0.26858152018100967,0.020514993146647217,519.7168665618796,0.48555421829223633,0.432,0.428,0.253,0.0,0.2015
D,107,MI with outcome,0.556299697127747,0.08020790935834249,546.7143326376801,0.2676858139476453,0.020525607656552897,522.1968552083522,0.6807217597961426,0.432,0.428,0.253,0.0,0.2015
D,107,MI without auxiliary,0.4949712664997432,0.08234761225412485,352.74346047100255,0.3801232577789332,0.020563439872717942,278.17889971344266,0.4675321578979492,0.432,0.428,0.253,0.0,0.2015
D,107,Missingness indicator,0.4767156623439557,0.09349255379699703,1000000.0,,,1000000.0,0.0064544677734375,0.432,0.428,0.253,0.0,0.2015
D,107,MI delta=-0.25,0.5542458901545612,0.07751933435993592,586.8431709715644,0.16068581394764525,0.021229159160714023,597.5597427785989,0.5629041194915771,0.432,0.428,0.253,0.0,0.2015
D,107,MI delta=-0.5,0.5317576036140199,0.07346126763497945,667.9594783960292,0.05368581394764523,0.022256740147610934,721.9321465430901,0.6205365657806396,0.432,0.428,0.253,0.0,0.2015
D,107,MI delta=-0.75,0.49638686221277084,0.06866798952776618,795.6098666693766,-0.05331418605235476,0.02356600135052166,907.3895058896645,0.7901077270507812,0.432,0.428,0.253,0.0,0.2015
D,107,MI delta=-1.0,0.45513499858150136,0.06365694538764462,980.8644259793451,-0.16031418605235476,0.02511292519071533,1170.1441642083846,0.6112921237945557,0.432,0.428,0.253,0.0,0.2015
D,108,Complete-case,0.629462403726085,0.11491883983721067,1000000.0,0.4546583220725913,0.02543485681174251,1000000.0,0.006708860397338867,0.423,0.4375,0.2415,0.0,0.189
D,108,Mean imputation,0.6400425463655269,0.09745426295227629,1000000.0,0.4546583220725912,0.01430432335668732,1000000.0,0.008704423904418945,0.423,0.4375,0.2415,0.0,0.189
D,108,KNN (k=5),0.9016370553191587,0.08929051819715328,1000000.0,0.325991945316061,0.016471265052006107,1000000.0,0.1781005859375,0.423,0.4375,0.2415,0.0,0.189
D,108,MissForest (single),0.8178744496084158,0.08841926791454831,1000000.0,0.303981711230526,0.0163379287882315,1000000.0,1.920926809310913,0.423,0.4375,0.2415,0.0,0.189
D,108,MI without outcome,0.6133601807468878,0.08146480732643091,323.3156207075661,0.2930787587151775,0.022705746764211825,130.81034865909172,0.6512842178344727,0.423,0.4375,0.2415,0.0,0.189
D,108,MI with outcome,0.6134720509411986,0.0821384148879422,304.7905368996321,0.2930354522323705,0.022703649607297573,131.17252226750918,0.7218141555786133,0.423,0.4375,0.2415,0.0,0.189
D,108,MI without auxiliary,0.5890909294461093,0.08549122504183282,185.52794613020106,0.4095003289529764,0.023369460651502704,81.06492728512184,0.6326339244842529,0.423,0.4375,0.2415,0.0,0.189
D,108,Missingness indicator,0.6054583233344552,0.09530353574996236,1000000.0,,,1000000.0,0.007022857666015625,0.423,0.4375,0.2415,0.0,0.189
D,108,MI delta=-0.25,0.6036151277176978,0.07919632516752954,340.5656115287218,0.18366045223237043,0.023364279748818915,147.11933647522682,0.7459969520568848,0.423,0.4375,0.2415,0.0,0.189
D,108,MI delta=-0.5,0.5739346009860211,0.07502937719676753,388.9929502418693,0.07428545223237046,0.024325130719546433,172.8545828575372,0.730170488357544,0.423,0.4375,0.2415,0.0,0.189
D,108,MI delta=-0.75,0.5321918274313082,0.07020588526710056,451.25293255353574,-0.035089547767629535,0.025552357122520016,210.46701499651306,0.7492706775665283,0.423,0.4375,0.2415,0.0,0.189
D,108,MI delta=-1.0,0.4853831029710431,0.0651863338620711,529.6472098643014,-0.14446454776762957,0.02700967378852257,262.7468531171758,0.7374389171600342,0.423,0.4375,0.2415,0.0,0.189
D,109,Complete-case,0.5090341753114073,0.10693911206281774,1000000.0,0.43519275485517134,0.025856517362702707,1000000.0,0.0036499500274658203,0.4305,0.435,0.24,0.0,0.1985
D,109,Mean imputation,0.5485766915730654,0.09396584806500594,1000000.0,0.4351927548551713,0.014606118736075471,1000000.0,0.005861759185791016,0.4305,0.435,0.24,0.0,0.1985
D,109,KNN (k=5),0.7946150882996489,0.08605829654249829,1000000.0,0.2921446552033136,0.016911987106457384,1000000.0,0.13060641288757324,0.4305,0.435,0.24,0.0,0.1985
D,109,MissForest (single),0.777379671355306,0.08529423851266205,1000000.0,0.26845120117311927,0.017079239931144963,1000000.0,1.6743156909942627,0.4305,0.435,0.24,0.0,0.1985
D,109,MI without outcome,0.5805967657864268,0.08632576349642905,109.14401440557666,0.26152483113844643,0.022864776341933866,151.93976895778547,0.564232349395752,0.4305,0.435,0.24,0.0,0.1985
D,109,MI with outcome,0.5608265856600619,0.08695978091152408,105.08283598478539,0.26114615314959894,0.022873189349968275,152.5827185470689,0.6467843055725098,0.4305,0.435,0.24,0.0,0.1985
D,109,MI without auxiliary,0.5147811723591852,0.093214636713246,65.33698913978986,0.392777629971948,0.02369473826574447,84.01353174166003,0.5891468524932861,0.4305,0.435,0.24,0.0,0.1985
D,109,Missingness indicator,0.5058414334827731,0.09045849027060582,1000000.0,,,1000000.0,0.005827426910400391,0.4305,0.435,0.24,0.0,0.1985
D,109,MI delta=-0.25,0.5669761127399141,0.08248919239929864,133.79605401859294,0.15239615314959892,0.02356827279683871,171.99248570944658,0.6897742748260498,0.4305,0.435,0.24,0.0,0.1985
D,109,MI delta=-0.5,0.5530334758698252,0.07694266147293005,180.302462588311,0.043646153149598924,0.024558354912815692,202.7661865063476,0.7468829154968262,0.4305,0.435,0.24,0.0,0.1985
D,109,MI delta=-0.75,0.5253160251604999,0.07109314835329227,250.81582034044564,-0.06510384685040108,0.025809508543022178,247.3531169124184,0.6531448364257812,0.4305,0.435,0.24,0.0,0.1985
D,109,MI delta=-1.0,0.4900841830964783,0.06541005115702907,353.42976461521926,-0.17385384685040106,0.027285844100041267,308.9925591760443,0.7708034515380859,0.4305,0.435,0.24,0.0,0.1985
D,110,Complete-case,0.4292434701761716,0.10634836110350182,1000000.0,0.4378726800162505,0.02529763161453112,1000000.0,0.003962993621826172,0.424,0.4295,0.2465,0.0,0.2
D,110,Mean imputation,0.4848417212548156,0.09349087779218437,1000000.0,0.43787268001625057,0.014429580888121983,1000000.0,0.004334211349487305,0.424,0.4295,0.2465,0.0,0.2
D,110,KNN (k=5),0.7375217665038046,0.08565310331222299,1000000.0,0.31287663884825445,0.016402220853137733,1000000.0,0.09706258773803711,0.424,0.4295,0.2465,0.0,0.2
D,110,MissForest (single),0.7273640467674858,0.0857892383976474,1000000.0,0.2910245810520909,0.016305089059752996,1000000.0,1.4083867073059082,0.424,0.4295,0.2465,0.0,0.2
D,110,MI without outcome,0.5347006650341266,0.08599710203822995,112.65542382097135,0.2800013897957151,0.023846263090383603,78.70195348205678,0.45217227935791016,0.424,0.4295,0.2465,0.0,0.2
D,110,MI with outcome,0.5326833464953472,0.08656332601730408,109.42114858445888,0.28009827970352036,0.02385221295584915,78.54231883794358,0.7651448249816895,0.424,0.4295,0.2465,0.0,0.2
D,110,MI without auxiliary,0.43382698195737524,0.09167886405338208,65.36748931081718,0.3976172928695779,0.024905994352319664,52.06512064340646,0.7832760810852051,0.424,0.4295,0.2465,0.0,0.2
D,110,Missingness indicator,0.4488475773682214,0.09024549638164228,1000000.0,,,1000000.0,0.010040044784545898,0.424,0.4295,0.2465,0.0,0.2
D,110,MI delta=-0.25,0.5372267479180179,0.08256542939354095,131.011496992532,0.17272327970352028,0.024476578679295796,87.09472569462672,0.7860074043273926,0.424,0.4295,0.2465,0.0,0.2
D,110,MI delta=-0.5,0.5221018663728404,0.07742072039106031,161.86708819242708,0.0653482797035203,0.025388969360364548,100.82524648554065,0.7094435691833496,0.424,0.4295,0.2465,0.0,0.2
D,110,MI delta=-0.75,0.493711491933566,0.0717904519895629,204.49524480864378,-0.0420267202964797,0.026559718501981425,120.74881504349246,0.7420792579650879,0.424,0.4295,0.2465,0.0,0.2
D,110,MI delta=-1.0,0.4583364548507687,0.06615725458521887,262.22440022459705,-0.1494017202964797,0.027956386551424198,148.22216541384554,0.763575553894043,0.424,0.4295,0.2465,0.0,0.2
D,111,Complete-case,0.8236780250659514,0.11489082137842674,1000000.0,0.47567538920153807,0.025221711133079694,1000000.0,0.004178762435913086,0.429,0.4105,0.2675,0.0,0.1815
D,111,Mean imputation,0.8857205864132426,0.09661845393558066,1000000.0,0.4756753892015381,0.014865608814441158,1000000.0,0.011215925216674805,0.429,0.4105,0.2675,0.0,0.1815
D,111,KNN (k=5),1.1196115517387237,0.09047796414012622,1000000.0,0.34288828917358394,0.017006020898508653,1000000.0,0.11878371238708496,0.429,0.4105,0.2675,0.0,0.1815
D,111,MissForest (single),1.134164422602303,0.09083883458151575,1000000.0,0.32005298981417696,0.01692446530464035,1000000.0,1.665839433670044,0.429,0.4105,0.2675,0.0,0.1815
D,111,MI without outcome,0.8315634024048355,0.08810986057340994,198.89871371155127,0.32147029976706304,0.02099458606599417,596.530557755402,0.6050872802734375,0.429,0.4105,0.2675,0.0,0.1815
D,111,MI with outcome,0.8604331087425965,0.0899042075203078,175.50891243137048,0.3219945632753153,0.020981047924174042,595.1997446684377,0.6825613975524902,0.429,0.4105,0.2675,0.0,0.1815
D,111,MI without auxiliary,0.8366853399982143,0.09409185255642061,108.45907867994418,0.43932668779032297,0.021256034848070905,297.4569096743721,0.494645357131958,0.429,0.4105,0.2675,0.0,0.1815
D,111,Missingness indicator,0.80054578177515,0.09285366417329988,1000000.0,,,1000000.0,0.004910945892333984,0.429,0.4105,0.2675,0.0,0.1815
D,111,MI delta=-0.25,0.8672715216633968,0.08772553193612281,176.37121848728336,0.2193695632753153,0.02168940700911554,679.7430051657398,0.6098217964172363,0.429,0.4105,0.2675,0.0,0.1815
D,111,MI delta=-0.5,0.8437891978224945,0.08379247073059383,186.47021167705807,0.11674456327531528,0.022710973254251383,817.1410277857963,0.610438346862793,0.429,0.4105,0.2675,0.0,0.1815
D,111,MI delta=-0.75,0.7998374919544359,0.07880099594841306,206.32614799574125,0.014119563275315276,0.024005794326396317,1020.0427107289266,0.6221709251403809,0.429,0.4105,0.2675,0.0,0.1815
D,111,MI delta=-1.0,0.7449538061689542,0.07338929410337376,236.78615798647576,-0.08850543672468472,0.025532331301015784,1305.3167696393468,0.6714344024658203,0.429,0.4105,0.2675,0.0,0.1815
D,112,Complete-case,0.8000628801519093,0.1273136485321582,1000000.0,0.45008112972998193,0.02487023159496477,1000000.0,0.0036640167236328125,0.417,0.4515,0.2445,0.0,0.168
D,112,Mean imputation,0.75767402878793,0.10695206978377644,1000000.0,0.45008112972998204,0.013638513108934854,1000000.0,0.006197214126586914,0.417,0.4515,0.2445,0.0,0.168
D,112,KNN (k=5),1.0536298925215526,0.09843314758812874,1000000.0,0.321016556091748,0.016185508256356902,1000000.0,0.12877178192138672,0.417,0.4515,0.2445,0.0,0.168
D,112,MissForest (single),0.9930333073632116,0.09762639705879075,1000000.0,0.31059816181377914,0.016047847633297762,1000000.0,1.7038228511810303,0.417,0.4515,0.2445,0.0,0.168
D,112,MI without outcome,0.7471424472904937,0.09285829965447873,234.23102618437133,0.29508619283762216,0.02071163591458919,276.4248383148503,0.4020826816558838,0.417,0.4515,0.2445,0.0,0.168
D,112,MI with outcome,0.7363888554175586,0.09302854964716703,231.8431685174548,0.2945936786572851,0.020719350506459254,277.73607774248677,0.7188498973846436,0.417,0.4515,0.2445,0.0,0.168
D,112,MI without auxiliary,0.694341915129425,0.09678454496979166,147.33492789525945,0.40887560194259287,0.02109374329168021,151.16381681470972,0.64762282371521,0.417,0.4515,0.2445,0.0,0.168
D,112,Missingness indicator,0.7161156395727984,0.10587839699446526,1000000.0,,,1000000.0,0.006924152374267578,0.417,0.4515,0.2445,0.0,0.168
D,112,MI delta=-0.25,0.7163966964860903,0.0895759461584795,242.1987208211935,0.18171867865728514,0.02140948929093128,316.63066930729565,0.8354887962341309,0.417,0.4515,0.2445,0.0,0.168
D,112,MI delta=-0.5,0.6715883272084022,0.08433955730613729,269.571175437778,0.06884367865728513,0.022426027406255183,381.1861764326519,0.6647779941558838,0.417,0.4515,0.2445,0.0,0.168
D,112,MI delta=-0.75,0.6133903070763725,0.07822035608233706,316.1356846072199,-0.044031321342714876,0.02372705009039968,477.6422515909387,0.6553385257720947,0.417,0.4515,0.2445,0.0,0.168
D,112,MI delta=-1.0,0.5512393747156523,0.07193205019239209,385.52550620056525,-0.15690632134271484,0.025268653189222043,614.4069612906037,0.652841329574585,0.417,0.4515,0.2445,0.0,0.168
D,113,Complete-case,0.4729589510302956,0.09936778480663129,1000000.0,0.45082127056690147,0.026011385377797534,1000000.0,0.003845691680908203,0.4405,0.413,0.2395,0.0,0.1905
D,113,Mean imputation,0.6045459268839748,0.08922305692217299,1000000.0,0.45082127056690147,0.015265995961241764,1000000.0,0.007796525955200195,0.4405,0.413,0.2395,0.0,0.1905
D,113,KNN (k=5),0.8194419916041623,0.08214812179009232,1000000.0,0.32795414428860287,0.017517705551355046,1000000.0,0.1346585750579834,0.4405,0.413,0.2395,0.0,0.1905
D,113,MissForest (single),0.8943620081151179,0.08351384559989364,1000000.0,0.3160627115254803,0.01743600938992204,1000000.0,1.8241417407989502,0.4405,0.413,0.2395,0.0,0.1905
D,113,MI without outcome,0.6302712384343848,0.08362930169584551,130.006153659302,0.302139905237433,0.021434307130233494,714.4282215211542,0.4662361145019531,0.4405,0.413,0.2395,0.0,0.1905
D,113,MI with outcome,0.6054960917319244,0.08330215928249814,132.35599969934037,0.301263729847558,0.021441894277371552,725.8337582083942,0.6297307014465332,0.4405,0.413,0.2395,0.0,0.1905
D,113,MI without auxiliary,0.5590094700865602,0.08967109770508194,69.0849133129509,0.41169629195242774,0.021669233739511566,391.16438324114483,0.5186986923217773,0.4405,0.413,0.2395,0.0,0.1905
D,113,Missingness indicator,0.5626941469585546,0.08625706810992434,1000000.0,,,1000000.0,0.0057525634765625,0.4405,0.413,0.2395,0.0,0.1905
D,113,MI delta=-0.25,0.6077158543324679,0.07983665602669023,158.99542724154637,0.198013729847558,0.022119971455814423,822.0965217200445,0.6423511505126953,0.4405,0.413,0.2395,0.0,0.1905
D,113,MI delta=-0.5,0.5897814173565042,0.07528667078074612,197.47817393390562,0.09476372984755799,0.023108244448004692,979.1570923594511,0.6620392799377441,0.4405,0.413,0.2395,0.0,0.1905
D,113,MI delta=-0.75,0.5581480956518868,0.07027412092987823,248.94633979061408,-0.008486270152442018,0.024369002913333652,1210.976182118564,0.6334254741668701,0.4405,0.413,0.2395,0.0,0.1905
D,113,MI delta=-1.0,0.519126836191964,0.06521638353724138,315.5284779227327,-0.11173627015244203,0.025862427607825558,1536.2493565952122,0.6383578777313232,0.4405,0.413,0.2395,0.0,0.1905
D,114,Complete-case,0.6925180678096146,0.11232360244071135,1000000.0,0.4078246344752655,0.026291528104863297,1000000.0,0.002730131149291992,0.423,0.437,0.2495,0.0,0.17
D,114,Mean imputation,0.6669186220020524,0.09888563279224724,1000000.0,0.4078246344752655,0.014799256257677015,1000000.0,0.003926277160644531,0.423,0.437,0.2495,0.0,0.17
D,114,KNN (k=5),0.921248906907617,0.0896363914237791,1000000.0,0.2594604055274813,0.017594789898104247,1000000.0,0.12224102020263672,0.423,0.437,0.2495,0.0,0.17
D,114,MissForest (single),0.899681507251314,0.08893314590539125,1000000.0,0.24100178407415732,0.017458630447349945,1000000.0,1.900071144104004,0.423,0.437,0.2495,0.0,0.17
D,114,MI without outcome,0.6947689665582631,0.08382744398224697,344.88724571546686,0.24096811231910462,0.022858391276877908,175.1890544016101,0.49991416931152344,0.423,0.437,0.2495,0.0,0.17
D,114,MI with outcome,0.6976643473284687,0.08422501749170543,346.70774077451307,0.24113478051633308,0.02285387629068314,175.4407054086563,0.5505905151367188,0.423,0.437,0.2495,0.0,0.17
D,114,MI without auxiliary,0.6225925897572389,0.09089173314597779,122.29358284983311,0.37380375611589545,0.023644662513064553,91.1979480500382,0.5935337543487549,0.423,0.437,0.2495,0.0,0.17
D,114,Missingness indicator,0.6146801581307525,0.09649864420664152,1000000.0,,,1000000.0,0.004666566848754883,0.423,0.437,0.2495,0.0,0.17
D,114,MI delta=-0.25,0.6892778498451121,0.08075098625541069,454.83739847831845,0.13188478051633307,0.023525843449892038,197.00247711631357,0.6059763431549072,0.423,0.437,0.2495,0.0,0.17
D,114,MI delta=-0.5,0.6586275463857636,0.07631614578229753,589.6081166132146,0.022634780516333074,0.024495215621886557,231.53462285982152,0.6638922691345215,0.423,0.437,0.2495,0.0,0.17
D,114,MI delta=-0.75,0.6141038611439067,0.07142234772678538,748.4999807847518,-0.08661521948366693,0.025728398638693178,281.8005916727248,0.590003490447998,0.423,0.437,0.2495,0.0,0.17
D,114,MI delta=-1.0,0.5633046015044606,0.0664306628460884,938.8776767728067,-0.19586521948366695,0.027189520673877476,351.4771384143308,0.6136026382446289,0.423,0.437,0.2495,0.0,0.17
D,115,Complete-case,0.8289041408983903,0.11088016138978152,1000000.0,0.45004433642759695,0.026414756274355952,1000000.0,0.00593876838684082,0.4365,0.4345,0.2415,0.0,0.19
D,115,Mean imputation,0.732746002803308,0.09391491299482002,1000000.0,0.45004433642759695,0.014934673658972653,1000000.0,0.005460262298583984,0.4365,0.4345,0.2415,0.0,0.19
D,115,KNN (k=5),0.9682586248317343,0.08770270541228568,1000000.0,0.29796762918744424,0.017087077892308847,1000000.0,0.10797715187072754,0.4365,0.4345,0.2415,0.0,0.19
D,115,MissForest (single),0.9803375290811475,0.08681570331946159,1000000.0,0.28224251498203157,0.017165820405859063,1000000.0,2.0517466068267822,0.4365,0.4345,0.2415,0.0,0.19
D,115,MI without outcome,0.7093875255385841,0.09957985573367527,43.57149147231537,0.27056980001973235,0.02261815441512456,225.2068181163638,0.6546139717102051,0.4365,0.4345,0.2415,0.0,0.19
D,115,MI with outcome,0.7256469524829797,0.10116253431333466,42.03463073573372,0.2711547127459371,0.022590101573233105,228.7417016680871,0.7455604076385498,0.4365,0.4345,0.2415,0.0,0.19
D,115,MI without auxiliary,0.7141899429849209,0.11152606427868739,30.500625456831408,0.4039060128619506,0.023168542897438825,124.20406221626126,0.6523587703704834,0.4365,0.4345,0.2415,0.0,0.19
D,115,Missingness indicator,0.6790598463446944,0.09101025217219211,1000000.0,,,1000000.0,0.006627798080444336,0.4365,0.4345,0.2415,0.0,0.19
D,115,MI delta=-0.25,0.720561747775613,0.09695418548590558,44.66119499563786,0.16252971274593714,0.023308756552977292,259.26807110745193,1.0190231800079346,0.4365,0.4345,0.2415,0.0,0.19
D,115,MI delta=-0.5,0.6918611040041315,0.09067860786634681,49.63609962890669,0.053904712745937146,0.024323817888003477,307.4677613001296,0.6680159568786621,0.4365,0.4345,0.2415,0.0,0.19
D,115,MI delta=-0.75,0.6481268881663782,0.08344158991669107,57.20339046279876,-0.05472028725406286,0.02560005161903735,377.25584477823065,0.6777622699737549,0.4365,0.4345,0.2415,0.0,0.19
D,115,MI delta=-1.0,0.5972516732370913,0.07610138072126862,67.7521142911761,-0.1633452872540629,0.02710058506364427,473.79151639283094,0.76812744140625,0.4365,0.4345,0.2415,0.0,0.19
D,116,Complete-case,0.7353384294693084,0.10975757324084387,1000000.0,0.4277143986147892,0.024778426783333023,1000000.0,0.003475666046142578,0.445,0.405,0.247,0.0,0.2
D,116,Mean imputation,0.7608183164622035,0.09709092918338887,1000000.0,0.42771439861478916,0.014740653651625793,1000000.0,0.00594329833984375,0.445,0.405,0.247,0.0,0.2
D,116,KNN (k=5),0.9648955704503711,0.08983199910412946,1000000.0,0.2930076892339363,0.017087285653678147,1000000.0,0.09780454635620117,0.445,0.405,0.247,0.0,0.2
D,116,MissForest (single),0.9331367454928765,0.08888332337562108,1000000.0,0.2775653403136774,0.01711772141969399,1000000.0,1.8435606956481934,0.445,0.405,0.247,0.0,0.2
D,116,MI without outcome,0.7254043142207414,0.08540688650471735,250.05011122699918,0.2748527194179665,0.02444205662659392,66.37372993120799,0.6420938968658447,0.445,0.405,0.247,0.0,0.2
D,116,MI with outcome,0.7044782573816701,0.08558738647602548,229.93031557973944,0.2744761841220938,0.024473979045131437,66.34252120923969,0.633366584777832,0.445,0.405,0.247,0.0,0.2
D,116,MI without auxiliary,0.6913353220869327,0.08811042514381977,171.9893554067654,0.38258434492442134,0.026521112957289573,37.6589164681445,0.5067901611328125,0.445,0.405,0.247,0.0,0.2
D,116,Missingness indicator,0.7050874594532224,0.09392869570281531,1000000.0,,,1000000.0,0.005348920822143555,0.445,0.405,0.247,0.0,0.2
D,116,MI delta=-0.25,0.7093655363536948,0.08236837022802666,282.0701601684421,0.17322618412209376,0.02508616099304265,73.23361234751633,0.583773136138916,0.445,0.405,0.247,0.0,0.2
D,116,MI delta=-0.5,0.6875016220477466,0.07787958311579128,347.4014110979759,0.07197618412209378,0.02597544548553585,84.18324351386488,0.6201825141906738,0.445,0.405,0.247,0.0,0.2
D,116,MI delta=-0.75,0.6478739514360359,0.07275469490138341,424.44240573946786,-0.029273815877906218,0.027114581588346568,99.95056766546178,0.6948585510253906,0.445,0.405,0.247,0.0,0.2
D,116,MI delta=-1.0,0.5992435250284439,0.06746224490018697,517.0975637875185,-0.1305238158779062,0.028473597823001368,121.54665813940514,0.7266521453857422,0.445,0.405,0.247,0.0,0.2
D,117,Complete-case,0.519602564691433,0.1095635234877087,1000000.0,0.43599167283636375,0.026050360259911757,1000000.0,0.004694938659667969,0.431,0.441,0.2415,0.0,0.2015
D,117,Mean imputation,0.53876849655865,0.09338533195936936,1000000.0,0.4359916728363638,0.014559277612764746,1000000.0,0.007852315902709961,0.431,0.441,0.2415,0.0,0.2015
D,117,KNN (k=5),0.7578464334851281,0.08593143223402179,1000000.0,0.30138820065201,0.016989842422098708,1000000.0,0.11882948875427246,0.431,0.441,0.2415,0.0,0.2015
D,117,MissForest (single),0.7961396039862193,0.08635411022991121,1000000.0,0.29166157375772833,0.016948868498090255,1000000.0,1.8675124645233154,0.431,0.441,0.2415,0.0,0.2015
D,117,MI without outcome,0.5611179630307881,0.08327051143036113,145.28635661586725,0.2742365888548384,0.02084188077841634,1153.0143626522386,0.5684309005737305,0.431,0.441,0.2415,0.0,0.2015
D,117,MI with outcome,0.5290287658306199,0.0835633495631501,137.75546386600533,0.2726669967593849,0.020852660816721758,1193.568985614366,0.6805241107940674,0.431,0.441,0.2415,0.0,0.2015
D,117,MI without auxiliary,0.5342998111811937,0.08995541888477661,79.6410703874284,0.39235600808348986,0.02085007498787324,521.125657415488,0.5597131252288818,0.431,0.441,0.2415,0.0,0.2015
D,117,Missingness indicator,0.5164358354078458,0.09221372277136677,1000000.0,,,1000000.0,0.0038077831268310547,0.431,0.441,0.2415,0.0,0.2015
D,117,MI delta=-0.25,0.5183267447699562,0.08040695955529059,150.88722866497503,0.16241699675938487,0.02157260014870762,1367.135573339021,0.5649044513702393,0.431,0.441,0.2415,0.0,0.2015
D,117,MI delta=-0.5,0.49087815462840867,0.07577430558130853,174.8553021625857,0.05216699675938483,0.022612736152162867,1650.4944567662214,0.615835428237915,0.431,0.441,0.2415,0.0,0.2015
D,117,MI delta=-0.75,0.4534218504995023,0.07042564705619424,210.71503046518214,-0.058083003240615175,0.023931354756285383,2070.47860739913,0.7537074089050293,0.431,0.441,0.2415,0.0,0.2015
D,117,MI delta=-1.0,0.4119998087911362,0.06494882292717792,260.075629511409,-0.1683330032406152,0.02548526613020883,2662.9211124195504,0.746729850769043,0.431,0.441,0.2415,0.0,0.2015
D,118,Complete-case,0.4058050271929858,0.1079478931804185,1000000.0,0.45687618130390756,0.02519372719907252,1000000.0,0.004202604293823242,0.4255,0.43,0.2775,0.0,0.1935
D,118,Mean imputation,0.5973822359691148,0.09637392555064497,1000000.0,0.45687618130390756,0.014357714567262989,1000000.0,0.007150888442993164,0.4255,0.43,0.2775,0.0,0.1935
D,118,KNN (k=5),0.8982489546657154,0.090725870071487,1000000.0,0.31334937477397906,0.016641710431244294,1000000.0,0.17104673385620117,0.4255,0.43,0.2775,0.0,0.1935
D,118,MissForest (single),0.8990385547099654,0.08996985888078086,1000000.0,0.2918196639828073,0.016664752909456022,1000000.0,1.9701206684112549,0.4255,0.43,0.2775,0.0,0.1935
D,118,MI without outcome,0.682749651214644,0.08645684455241628,195.8015624955778,0.2889200547393455,0.022010134010664685,177.28085672282057,0.6495513916015625,0.4255,0.43,0.2775,0.0,0.1935
D,118,MI with outcome,0.6440691507514179,0.08641113788197156,191.38910598231422,0.28794854482584453,0.02202297427310357,178.94254757828742,0.7277371883392334,0.4255,0.43,0.2775,0.0,0.1935
D,118,MI without auxiliary,0.5448914952256818,0.09246322130177591,85.67023299245274,0.41538340376370736,0.022646564975274206,98.08621265676415,0.6279551982879639,0.4255,0.43,0.2775,0.0,0.1935
D,118,Missingness indicator,0.5500419717196992,0.09229389980698949,1000000.0,,,1000000.0,0.0066356658935546875,0.4255,0.43,0.2775,0.0,0.1935
D,118,MI delta=-0.25,0.6555596212563816,0.08381648556154522,202.42034940840244,0.18044854482584455,0.022732330121445186,203.13536901281748,0.7701084613800049,0.4255,0.43,0.2775,0.0,0.1935
D,118,MI delta=-0.5,0.6418429391640021,0.07968489370098557,221.16590462844795,0.07294854482584455,0.023745161251790853,241.83002623442388,0.6994705200195312,0.4255,0.43,0.2775,0.0,0.1935
D,118,MI delta=-0.75,0.6105987164593236,0.07462863011380573,250.23768458178503,-0.03455145517415546,0.025024646774796613,298.31943963101486,0.6979739665985107,0.4255,0.43,0.2775,0.0,0.1935
D,118,MI delta=-1.0,0.5697099855444219,0.06921778040050566,292.6213181801491,-0.14205145517415546,0.026532237424305747,376.9686462410252,0.6350781917572021,0.4255,0.43,0.2775,0.0,0.1935
D,119,Complete-case,0.6088734832153517,0.1072342511010932,1000000.0,0.4683950473916265,0.025760942221590106,1000000.0,0.003561735153198242,0.4435,0.413,0.2425,0.0,0.186
D,119,Mean imputation,0.6561702072891368,0.09457229310852161,1000000.0,0.46839504739162646,0.015119011702016315,1000000.0,0.0056307315826416016,0.4435,0.413,0.2425,0.0,0.186
D,119,KNN (k=5),0.8036017617629448,0.08687041573637763,1000000.0,0.3387615748521059,0.017431156996450908,1000000.0,0.11326885223388672,0.4435,0.413,0.2425,0.0,0.186
D,119,MissForest (single),0.8658142904765147,0.08650253861326006,1000000.0,0.3099805209898655,0.01755402114246938,1000000.0,1.771320104598999,0.4435,0.413,0.2425,0.0,0.186
D,119,MI without outcome,0.6579560599124376,0.08255483491847841,331.10785167349263,0.30432509057474527,0.02253115336315146,202.3415440009271,0.5587506294250488,0.4435,0.413,0.2425,0.0,0.186
D,119,MI with outcome,0.6337642580806084,0.08306179672238868,294.5194374483518,0.3037178214390383,0.022557556079069317,202.54950483509353,0.6544222831726074,0.4435,0.413,0.2425,0.0,0.186
D,119,MI without auxiliary,0.5985615206558556,0.08481652980331723,216.4649692838065,0.4186041837461588,0.023255329715543147,110.85630703960136,0.6076323986053467,0.4435,0.413,0.2425,0.0,0.186
D,119,Missingness indicator,0.5925846311398615,0.09029762177455944,1000000.0,,,1000000.0,0.0089263916015625,0.4435,0.413,0.2425,0.0,0.186
D,119,MI delta=-0.25,0.6461816838861492,0.08130438732377379,263.5353740466176,0.20046782143903824,0.02325084013609586,228.6217808939249,0.7474625110626221,0.4435,0.413,0.2425,0.0,0.186
D,119,MI delta=-0.5,0.6351622868307538,0.07812800691058706,246.8237360164035,0.09721782143903829,0.024238797723213187,270.0270679478649,0.7436370849609375,0.4435,0.413,0.2425,0.0,0.186
D,119,MI delta=-0.75,0.6076629953659599,0.07397912877932218,244.000188008199,-0.006032178560961721,0.025487184629888658,330.10375379019933,0.7321772575378418,0.4435,0.413,0.2425,0.0,0.186
D,119,MI delta=-1.0,0.570711073868568,0.06931743613396282,254.24448237008895,-0.10928217856096172,0.026959847234505056,413.2688872644658,0.8409831523895264,0.4435,0.413,0.2425,0.0,0.186
D,120,Complete-case,0.3560726969888251,0.10148247088101989,1000000.0,0.4241115066417028,0.025549287268556375,1000000.0,0.0029799938201904297,0.4465,0.426,0.226,0.0,0.201
D,120,Mean imputation,0.48640927468828904,0.09084893732048957,1000000.0,0.4241115066417028,0.014662568279150407,1000000.0,0.00523686408996582,0.4465,0.426,0.226,0.0,0.201
D,120,KNN (k=5),0.7142003299933101,0.08337690147393363,1000000.0,0.28368721341659175,0.016713125492905215,1000000.0,0.10244607925415039,0.4465,0.426,0.226,0.0,0.201
D,120,MissForest (single),0.6921509645318562,0.08309400921441432,1000000.0,0.27290696877893234,0.01684982521253376,1000000.0,1.9610168933868408,0.4465,0.426,0.226,0.0,0.201
D,120,MI without outcome,0.5165800204759182,0.07629872192750561,579.7743067148897,0.2640952326924116,0.021321223463610057,373.26185865441767,0.5992953777313232,0.4465,0.426,0.226,0.0,0.201
D,120,MI with outcome,0.46965817992028613,0.07592850638558288,615.553472523922,0.2628818595344462,0.02136261597268519,368.20608266429264,0.6735095977783203,0.4465,0.426,0.226,0.0,0.201
D,120,MI without auxiliary,0.3968514520073635,0.07777128111872997,310.76933232689686,0.38365546250850613,0.02175492926022356,210.51783126700172,0.5616888999938965,0.4465,0.426,0.226,0.0,0.201
D,120,Missingness indicator,0.4503060166642567,0.0877357185203315,1000000.0,,,1000000.0,0.005691051483154297,0.4465,0.426,0.226,0.0,0.201
D,120,MI delta=-0.25,0.4781294711592281,0.07336109999507363,690.8829797249538,0.15638185953444614,0.02207157871945961,419.5723088136645,0.6504979133605957,0.4465,0.426,0.226,0.0,0.201
D,120,MI delta=-0.5,0.4686309554033154,0.06968651843337856,805.7335238068495,0.04988185953444617,0.0230919511592195,502.70794153887243,0.5884675979614258,0.4465,0.426,0.226,0.0,0.201
D,120,MI delta=-0.75,0.4466134541472436,0.06541138314384999,963.680801050393,-0.05661814046555384,0.024384671921267555,625.0876122855631,0.635312557220459,0.4465,0.426,0.226,0.0,0.201
D,120,MI delta=-1.0,0.41760141879326634,0.06094997905029323,1168.0728273720604,-0.16311814046555384,0.02590900685617896,796.6660108337246,0.8333818912506104,0.4465,0.426,0.226,0.0,0.201
D,121,Complete-case,0.6419399303126202,0.11649366327308915,1000000.0,0.41569899959845336,0.025329255560203448,1000000.0,0.006927967071533203,0.4205,0.4345,0.2565,0.0,0.1765
D,121,Mean imputation,0.6075138410730936,0.09796272830507635,1000000.0,0.41569899959845336,0.014320940987958459,1000000.0,0.007307529449462891,0.4205,0.4345,0.2565,0.0,0.1765
D,121,KNN (k=5),0.8247887647043008,0.09018831212717325,1000000.0,0.30260623688918825,0.01660600069136977,1000000.0,0.17869925498962402,0.4205,0.4345,0.2565,0.0,0.1765
D,121,MissForest (single),0.8287292580702316,0.08993364090400448,1000000.0,0.281684328239547,0.01657906319465411,1000000.0,2.0185935497283936,0.4205,0.4345,0.2565,0.0,0.1765
D,121,MI without outcome,0.5911315113098016,0.08246119970393663,439.1053358462963,0.265622322166153,0.021890459125508344,204.03689524893525,0.6387100219726562,0.4205,0.4345,0.2565,0.0,0.1765
D,121,MI with outcome,0.5646697850023881,0.08271758184149643,381.0137901193371,0.2650609894551671,0.021921467130809804,202.61877706655753,0.6523900032043457,0.4205,0.4345,0.2565,0.0,0.1765
D,121,MI without auxiliary,0.5357818500567583,0.08394494150427441,284.14490444725834,0.3785554456451852,0.0225986171849435,112.15532943974858,0.5976026058197021,0.4205,0.4345,0.2565,0.0,0.1765
D,121,Missingness indicator,0.5608075594989727,0.09501779017618123,1000000.0,,,1000000.0,0.006392478942871094,0.4205,0.4345,0.2565,0.0,0.1765
D,121,MI delta=-0.25,0.5679727073010478,0.07990094077072923,440.23914873950747,0.15643598945516707,0.022572994799654095,227.8022184917852,0.6921963691711426,0.4205,0.4345,0.2565,0.0,0.1765
D,121,MI delta=-0.5,0.5503542718922343,0.07571009210087445,537.7206856803145,0.047810989455167055,0.023534952919627223,269.1872951142517,0.6781845092773438,0.4205,0.4345,0.2565,0.0,0.1765
D,121,MI delta=-0.75,0.5187749703556759,0.0708216534051389,676.2868146764864,-0.06081401054483295,0.02477120233817389,330.36160713257016,0.6388654708862305,0.4205,0.4345,0.2565,0.0,0.1765
D,121,MI delta=-1.0,0.4800594212081684,0.06575082667120827,862.6321392288168,-0.16943901054483296,0.026243007893041848,416.15552740765924,0.6224923133850098,0.4205,0.4345,0.2565,0.0,0.1765
D,122,Complete-case,0.5589113011005574,0.11144298028186889,1000000.0,0.38096723766847906,0.02491960653329144,1000000.0,0.003212451934814453,0.439,0.4095,0.2675,0.0,0.1885
D,122,Mean imputation,0.5383784052909281,0.09549614784205411,1000000.0,0.380967237668479,0.014712475015573554,1000000.0,0.005799055099487305,0.439,0.4095,0.2675,0.0,0.1885
D,122,KNN (k=5),0.8092476332610952,0.08960486328739396,1000000.0,0.266419324816333,0.017036118774365637,1000000.0,0.12137198448181152,0.439,0.4095,0.2675,0.0,0.1885
D,122,MissForest (single),0.7896248788681384,0.08876551622298103,1000000.0,0.25513394431439074,0.01694938956154786,1000000.0,1.9983549118041992,0.439,0.4095,0.2675,0.0,0.1885
D,122,MI without outcome,0.5851976116939777,0.0793747328231986,906.5108979149403,0.25166204984052293,0.0250722955237979,58.55783975251494,0.6018221378326416,0.439,0.4095,0.2675,0.0,0.1885
D,122,MI with outcome,0.5862827163632144,0.08026438954407322,808.3623849638732,0.25179099695106105,0.025078737307302347,58.47239537824268,0.6852426528930664,0.439,0.4095,0.2675,0.0,0.1885
D,122,MI without auxiliary,0.506970116964438,0.08146255459608942,503.4773111947815,0.3463610267098504,0.026483121342919445,39.44428349180357,0.6426632404327393,0.439,0.4095,0.2675,0.0,0.1885
D,122,Missingness indicator,0.5065204953899942,0.09258747754420898,1000000.0,,,1000000.0,0.005640506744384766,0.439,0.4095,0.2675,0.0,0.1885
D,122,MI delta=-0.25,0.5902751521614596,0.07811527578505378,911.9876299502521,0.14941599695106103,0.025604346933881722,63.53061108681344,0.6664211750030518,0.439,0.4095,0.2675,0.0,0.1885
D,122,MI delta=-0.5,0.5725809914009116,0.07473883223808915,987.0290032811862,0.04704099695106102,0.026407248410281848,71.88211109887564,0.6775786876678467,0.439,0.4095,0.2675,0.0,0.1885
D,122,MI delta=-0.75,0.5400097534417689,0.07059281528330603,1041.3623604357222,-0.055334003048938984,0.02746313210476807,84.08692752506869,0.8659806251525879,0.439,0.4095,0.2675,0.0,0.1885
D,122,MI delta=-1.0,0.499570739454614,0.06608472677911469,1099.4145864302122,-0.157709003048939,0.02874413246412922,100.90787079774799,0.7684242725372314,0.439,0.4095,0.2675,0.0,0.1885
D,123,Complete-case,0.5767746929173747,0.11304342271305369,1000000.0,0.47603950336469675,0.02524122842979677,1000000.0,0.0064165592193603516,0.4215,0.4175,0.261,0.0,0.192
D,123,Mean imputation,0.682339327813808,0.09420704377585144,1000000.0,0.47603950336469675,0.014700379452889486,1000000.0,0.007074117660522461,0.4215,0.4175,0.261,0.0,0.192
D,123,KNN (k=5),0.9397140063205622,0.08692675701618635,1000000.0,0.3246777233993048,0.017130004726061084,1000000.0,0.17565703392028809,0.4215,0.4175,0.261,0.0,0.192
D,123,MissForest (single),0.834365709138699,0.08411494073541825,1000000.0,0.31043950314755286,0.017191884285860465,1000000.0,2.03080677986145,0.4215,0.4175,0.261,0.0,0.192
D,123,MI without outcome,0.641233672800925,0.08947453927385382,88.26450704442814,0.30129535989836714,0.021136345067763917,545.2874174477831,0.5665876865386963,0.4215,0.4175,0.261,0.0,0.192
D,123,MI with outcome,0.6436293204268286,0.0908181593953459,84.1617989893884,0.3015029721889323,0.021138642235062063,542.6721783112724,0.7401692867279053,0.4215,0.4175,0.261,0.0,0.192
D,123,MI without auxiliary,0.6143633930636063,0.09723926712575437,57.02402777715841,0.43329090052952024,0.021353711130236038,260.11621458658385,0.6346719264984131,0.4215,0.4175,0.261,0.0,0.192
D,123,Missingness indicator,0.6174928243610939,0.08999600789110278,1000000.0,,,1000000.0,0.005650043487548828,0.4215,0.4175,0.261,0.0,0.192
D,123,MI delta=-0.25,0.6532069565787755,0.08770394098074208,87.9070770385014,0.1971279721889323,0.021906058504070083,625.8729407328558,0.712409257888794,0.4215,0.4175,0.261,0.0,0.192
D,123,MI delta=-0.5,0.639294836879551,0.08285028378707633,97.14475145159504,0.0927529721889323,0.022980770565997646,758.0320185854741,0.8205852508544922,0.4215,0.4175,0.261,0.0,0.192
D,123,MI delta=-0.75,0.6092634596372326,0.07708809500100619,112.27786764692361,-0.011622027811067696,0.0243220773251751,951.1124402038182,0.6071183681488037,0.4215,0.4175,0.261,0.0,0.192
D,123,MI delta=-1.0,0.5703060284745491,0.07109321949960057,134.19343639966306,-0.11599702781106769,0.025888574468248743,1220.8484351791853,0.668389081954956,0.4215,0.4175,0.261,0.0,0.192
D,124,Complete-case,0.47745906731764265,0.11353356753596976,1000000.0,0.42622793941675163,0.026463913327801063,1000000.0,0.0042307376861572266,0.421,0.433,0.249,0.0,0.1735
D,124,Mean imputation,0.46107114469295657,0.09386500890570842,1000000.0,0.4262279394167516,0.015002172431381758,1000000.0,0.007098197937011719,0.421,0.433,0.249,0.0,0.1735
D,124,KNN (k=5),0.6504291906675979,0.08535397907472933,1000000.0,0.30040567058402096,0.01744416384223648,1000000.0,0.16742277145385742,0.421,0.433,0.249,0.0,0.1735
D,124,MissForest (single),0.6776027242582819,0.08474950864407825,1000000.0,0.26518123596681203,0.01758032729172899,1000000.0,1.8824329376220703,0.421,0.433,0.249,0.0,0.1735
D,124,MI without outcome,0.5351467719895469,0.08086395318291772,312.35322024032376,0.2602774615460684,0.022268917495768516,353.54115245413675,0.5925889015197754,0.421,0.433,0.249,0.0,0.1735
D,124,MI with outcome,0.46640753918238065,0.0801219666760622,313.978728442815,0.25634584934253546,0.022280221273808156,359.5951829676693,0.715648889541626,0.421,0.433,0.249,0.0,0.1735
D,124,MI without auxiliary,0.4317788152933059,0.08207974623497027,207.75543978720347,0.37937363129485924,0.02278072749773947,179.43200855018466,0.6523001194000244,0.421,0.433,0.249,0.0,0.1735
D,124,Missingness indicator,0.4543026369602618,0.09376820389315514,1000000.0,,,1000000.0,0.005706310272216797,0.421,0.433,0.249,0.0,0.1735
D,124,MI delta=-0.25,0.44631974935841623,0.07679293898480054,398.38895566384946,0.14809584934253542,0.022982104983499774,407.0943580534833,0.6416940689086914,0.421,0.433,0.249,0.0,0.1735
D,124,MI delta=-0.5,0.41407330102124507,0.07244626299811595,527.7106371109537,0.03984584934253541,0.02398537372008481,482.9718574985038,0.6636061668395996,0.421,0.433,0.249,0.0,0.1735
D,124,MI delta=-0.75,0.3754875703991049,0.06764979026918093,711.2544662371056,-0.0684041506574646,0.025254133702592996,593.5615611048974,0.6348876953125,0.421,0.433,0.249,0.0,0.1735
D,124,MI delta=-1.0,0.33540798878161954,0.06280314615071837,958.9439215695415,-0.1766541506574646,0.026750635491545428,747.2609389158479,0.654151201248169,0.421,0.433,0.249,0.0,0.1735
D,125,Complete-case,0.6686156610748709,0.1137408221833606,1000000.0,0.4017713099376087,0.02567438240035089,1000000.0,0.0036652088165283203,0.4395,0.437,0.23,0.0,0.1745
D,125,Mean imputation,0.728748533903999,0.10049107704258108,1000000.0,0.4017713099376087,0.014451870689482739,1000000.0,0.0054302215576171875,0.4395,0.437,0.23,0.0,0.1745
D,125,KNN (k=5),0.9606160632369721,0.09212357657369707,1000000.0,0.28884570064716086,0.016617908751525315,1000000.0,0.11941242218017578,0.4395,0.437,0.23,0.0,0.1745
D,125,MissForest (single),0.9354958087664496,0.09165776834901451,1000000.0,0.2760123628462846,0.016485775547415354,1000000.0,1.9677796363830566,0.4395,0.437,0.23,0.0,0.1745
D,125,MI without outcome,0.6837672587856305,0.08732526236049216,221.1948347639651,0.2628400673854841,0.021867581821237984,187.3701444369213,0.6340532302856445,0.4395,0.437,0.23,0.0,0.1745
D,125,MI with outcome,0.6825872919010905,0.08842177554884628,192.4823410477928,0.26300357812214353,0.021873201705164366,186.8545916838309,0.7661941051483154,0.4395,0.437,0.23,0.0,0.1745
D,125,MI without auxiliary,0.6407959753697853,0.09063676999856436,136.23157295233383,0.3654723720487102,0.02284458365550876,102.55672099535761,0.5941545963287354,0.4395,0.437,0.23,0.0,0.1745
D,125,Missingness indicator,0.660757202075842,0.0969823413844923,1000000.0,,,1000000.0,0.0062754154205322266,0.4395,0.437,0.23,0.0,0.1745
D,125,MI delta=-0.25,0.6874223563635578,0.08569803993830855,202.35258625594778,0.15375357812214357,0.0224871206840659,208.73234191158366,0.6644959449768066,0.4395,0.437,0.23,0.0,0.1745
D,125,MI delta=-0.5,0.6668408829685408,0.08144694342541318,217.79333687840176,0.04450357812214356,0.02341556897236518,245.39923445372713,0.6301236152648926,0.4395,0.437,0.23,0.0,0.1745
D,125,MI delta=-0.75,0.629323041740762,0.07631262520744138,240.33046856662028,-0.06474642187785642,0.024622992786303314,300.06662564363825,0.6308398246765137,0.4395,0.437,0.23,0.0,0.1745
D,125,MI delta=-1.0,0.5831152090554458,0.07085454522424678,271.8486393352969,-0.1739964218778564,0.026070659888541497,377.105128729,0.6164710521697998,0.4395,0.437,0.23,0.0,0.1745
D,126,Complete-case,0.609202458859961,0.11068278204134081,1000000.0,0.4343569586557223,0.025974141196221327,1000000.0,0.008071184158325195,0.4325,0.427,0.2435,0.0,0.191
D,126,Mean imputation,0.5391569342632836,0.09383152803003388,1000000.0,0.43435695865572227,0.014880408520211197,1000000.0,0.008080720901489258,0.4325,0.427,0.2435,0.0,0.191
D,126,KNN (k=5),0.7804344586723353,0.08727169916238012,1000000.0,0.30575658405537776,0.01715050213398888,1000000.0,0.20496702194213867,0.4325,0.427,0.2435,0.0,0.191
D,126,MissForest (single),0.7819988936352128,0.0869071021677713,1000000.0,0.28128485238814055,0.01729135531309004,1000000.0,2.0981688499450684,0.4325,0.427,0.2435,0.0,0.191
D,126,MI without outcome,0.585167753115556,0.08764867926671754,102.47791505449212,0.2612411350842705,0.02453242377350077,84.43389312803781,0.68239426612854,0.4325,0.427,0.2435,0.0,0.191
D,126,MI with outcome,0.5513184600734731,0.08816637593252502,95.6240067666862,0.26074473377147717,0.0245448165728227,84.98066419040235,0.7515299320220947,0.4325,0.427,0.2435,0.0,0.191
D,126,MI without auxiliary,0.47834087664231806,0.09508982638861796,54.885845469229295,0.3870249162688045,0.02597765707656637,49.034773893719446,0.6908161640167236,0.4325,0.427,0.2435,0.0,0.191
D,126,Missingness indicator,0.48722196303256815,0.0897470814221338,1000000.0,,,1000000.0,0.0074274539947509766,0.4325,0.427,0.2435,0.0,0.191
D,126,MI delta=-0.25,0.5654836211034041,0.08508808993849472,103.57144831366593,0.15399473377147715,0.025198813596104253,94.40637744211809,0.6417303085327148,0.4325,0.427,0.2435,0.0,0.191
D,126,MI delta=-0.5,0.558134368673334,0.08049073524701465,116.3879149389496,0.047244733771477136,0.02613067125051617,109.16495045974246,0.6289913654327393,0.4325,0.427,0.2435,0.0,0.191
D,126,MI delta=-0.75,0.5352925420021274,0.07505288645488326,135.21725492515802,-0.059505266228522855,0.027311963324659454,130.2844667840633,0.6048040390014648,0.4325,0.427,0.2435,0.0,0.191
D,126,MI delta=-1.0,0.5033675660873562,0.06935764115569892,161.669844252827,-0.16625526622852288,0.028711918929012398,159.12185525628985,0.6344482898712158,0.4325,0.427,0.2435,0.0,0.191
D,127,Complete-case,0.6355013489677633,0.11258107604253101,1000000.0,0.4800230001385787,0.02576148287476463,1000000.0,0.008022785186767578,0.4255,0.435,0.25,0.0,0.1795
D,127,Mean imputation,0.7478821019874365,0.10037529763188524,1000000.0,0.4800230001385787,0.014552434591556923,1000000.0,0.007262229919433594,0.4255,0.435,0.25,0.0,0.1795
D,127,KNN (k=5),1.0398789790032896,0.09522711902898283,1000000.0,0.3297020735551317,0.01671092393797923,1000000.0,0.18260431289672852,0.4255,0.435,0.25,0.0,0.1795
D,127,MissForest (single),1.0072080673420487,0.09414279339492443,1000000.0,0.3316887891776125,0.016576459863126752,1000000.0,1.8491294384002686,0.4255,0.435,0.25,0.0,0.1795
D,127,MI without outcome,0.7594826215494067,0.08185129599177636,2799.7622493945837,0.3090137517512689,0.023462388547101524,98.46711171890333,0.6215801239013672,0.4255,0.435,0.25,0.0,0.1795
D,127,MI with outcome,0.7723370629610053,0.0826576139190123,2542.193870967266,0.3092631267000073,0.02346277829484898,98.23809950304556,0.7910494804382324,0.4255,0.435,0.25,0.0,0.1795
D,127,MI without auxiliary,0.6682163677579104,0.08378039588964362,698.706408487504,0.42213380101917625,0.024568944287186117,61.55464124326381,0.7326750755310059,0.4255,0.435,0.25,0.0,0.1795
D,127,Missingness indicator,0.6523095447869206,0.09447397126599051,1000000.0,,,1000000.0,0.006405353546142578,0.4255,0.435,0.25,0.0,0.1795
D,127,MI delta=-0.25,0.8023791115562403,0.0808241913560007,3143.612308734833,0.20051312670000726,0.024131269636944574,109.9215627455523,0.8311936855316162,0.4255,0.435,0.25,0.0,0.1795
D,127,MI delta=-0.5,0.7991357982284786,0.07757631530108228,3666.40179826605,0.09176312670000725,0.025089898466903286,128.4570132081382,0.7193031311035156,0.4255,0.435,0.25,0.0,0.1795
D,127,MI delta=-0.75,0.7711744847471171,0.07343197466976314,4042.603114755563,-0.01698687329999274,0.02630696595350771,155.2548784345884,0.9756431579589844,0.4255,0.435,0.25,0.0,0.1795
D,127,MI delta=-1.0,0.7282826375941669,0.06886421512202054,4387.619734751241,-0.12573687329999275,0.027748487023429174,192.18497783573088,0.6526377201080322,0.4255,0.435,0.25,0.0,0.1795
D,128,Complete-case,0.663213572426929,0.12547184219573262,1000000.0,0.4415349441238193,0.024413584937938253,1000000.0,0.005041360855102539,0.4435,0.419,0.243,0.0,0.178
D,128,Mean imputation,0.6591759337675697,0.10175407644492099,1000000.0,0.4415349441238193,0.014181734015813163,1000000.0,0.008665800094604492,0.4435,0.419,0.243,0.0,0.178
D,128,KNN (k=5),0.9661417075136568,0.09613264256358843,1000000.0,0.3383187252598361,0.01614733838446548,1000000.0,0.22950053215026855,0.4435,0.419,0.243,0.0,0.178
D,128,MissForest (single),0.9551196276509922,0.09415677940224146,1000000.0,0.2973528803003554,0.016611778675047952,1000000.0,1.9110524654388428,0.4435,0.419,0.243,0.0,0.178
D,128,MI without outcome,0.6716888495811576,0.09398040929806895,128.88248923837057,0.3006454849992991,0.021369267387680746,218.92485693513385,0.5644333362579346,0.4435,0.419,0.243,0.0,0.178
D,128,MI with outcome,0.6808538937659997,0.09520745890199571,119.08895106215333,0.3007186642792338,0.02137704811489223,217.84577451656742,0.7337551116943359,0.4435,0.419,0.243,0.0,0.178
D,128,MI without auxiliary,0.6201516849177129,0.09876368412070756,91.36861843745784,0.40483335373216045,0.02156654071447317,128.68001475005386,0.5028982162475586,0.4435,0.419,0.243,0.0,0.178
D,128,Missingness indicator,0.6273755776844645,0.1001015428004279,1000000.0,,,1000000.0,0.0052280426025390625,0.4435,0.419,0.243,0.0,0.178
D,128,MI delta=-0.25,0.6692135532071122,0.0912503896795309,138.15852098080444,0.19596866427923385,0.022023924651144947,245.43531471324692,0.5623013973236084,0.4435,0.419,0.243,0.0,0.178
D,128,MI delta=-0.5,0.6334719447754991,0.0855460004410457,169.07420367359185,0.09121866427923385,0.022985884293335115,291.20784225085566,0.5371317863464355,0.4435,0.419,0.243,0.0,0.178
D,128,MI delta=-0.75,0.5834592103031232,0.07909736714963342,213.60121037235032,-0.013531335720766141,0.024225421466473118,359.28870757787945,0.6458165645599365,0.4435,0.419,0.243,0.0,0.178
D,128,MI delta=-1.0,0.5279690519270247,0.07260221827861768,274.7495287896247,-0.11828133572076616,0.02570240771764993,455.2536491511485,0.8079841136932373,0.4435,0.419,0.243,0.0,0.178
D,129,Complete-case,0.5511445151531479,0.10874510873252358,1000000.0,0.43904090012274327,0.025976661607995256,1000000.0,0.005366802215576172,0.4145,0.4505,0.2515,0.0,0.205
D,129,Mean imputation,0.6663395243608022,0.09615024650835945,1000000.0,0.4390409001227432,0.014271248168359358,1000000.0,0.008018732070922852,0.4145,0.4505,0.2515,0.0,0.205
D,129,KNN (k=5),0.9307040190828935,0.08702752248848045,1000000.0,0.2975584149896387,0.0167456392187791,1000000.0,0.268765926361084,0.4145,0.4505,0.2515,0.0,0.205
D,129,MissForest (single),0.9494228592794115,0.08819306115078668,1000000.0,0.3041998444643151,0.016345517375962106,1000000.0,1.9025297164916992,0.4145,0.4505,0.2515,0.0,0.205
D,129,MI without outcome,0.6878684008705545,0.08057149128229617,296.9261629094727,0.2753170751038084,0.020599578195380237,1165.6770181054314,0.6488492488861084,0.4145,0.4505,0.2515,0.0,0.205
D,129,MI with outcome,0.6752703180991855,0.08118966151820514,276.5379976972335,0.2752174457350904,0.020605567181280576,1170.842190545532,0.7184250354766846,0.4145,0.4505,0.2515,0.0,0.205
D,129,MI without auxiliary,0.6064938426941792,0.08340704486163247,187.05044727745076,0.40164073095384917,0.020589288975447477,547.5212790781516,0.66166090965271,0.4145,0.4505,0.2515,0.0,0.205
D,129,Missingness indicator,0.6081119218269407,0.0928176088715794,1000000.0,,,1000000.0,0.006992340087890625,0.4145,0.4505,0.2515,0.0,0.205
D,129,MI delta=-0.25,0.679393319987365,0.07843007284262278,319.9881321080485,0.16259244573509038,0.02132711194111182,1343.6565217025327,0.7365131378173828,0.4145,0.4505,0.2515,0.0,0.205
D,129,MI delta=-0.5,0.6588271128706439,0.07423604655479867,396.3262983098155,0.04996744573509038,0.022373681141237098,1627.4582203195523,0.739142656326294,0.4145,0.4505,0.2515,0.0,0.205
D,129,MI delta=-0.75,0.6215660930457954,0.06927748843205744,517.3302388449399,-0.06265755426490963,0.02370225961897663,2049.8357998492174,0.7851910591125488,0.4145,0.4505,0.2515,0.0,0.205
D,129,MI delta=-1.0,0.5755972049903446,0.0641162223723311,699.44827166547,-0.17528255426490963,0.02526840346075666,2647.715276496911,0.8661177158355713,0.4145,0.4505,0.2515,0.0,0.205
D,130,Complete-case,0.35805892087672425,0.10507343387768617,1000000.0,0.4627924640226018,0.025951830634886673,1000000.0,0.0040454864501953125,0.4255,0.435,0.235,0.0,0.1885
D,130,Mean imputation,0.3829761461931701,0.09307612960099337,1000000.0,0.4627924640226018,0.014659960363357072,1000000.0,0.006108283996582031,0.4255,0.435,0.235,0.0,0.1885
D,130,KNN (k=5),0.6315526002439019,0.08413268840825422,1000000.0,0.3009136047030745,0.017364487316858586,1000000.0,0.11618161201477051,0.4255,0.435,0.235,0.0,0.1885
D,130,MissForest (single),0.6054521873811431,0.08339457420027283,1000000.0,0.28150353345983603,0.017405212271589306,1000000.0,1.973327398300171,0.4255,0.435,0.235,0.0,0.1885
D,130,MI without outcome,0.4879738446626253,0.08000592679232647,274.9985470984613,0.2830105185698171,0.023648026555188332,111.83638741576422,0.6772594451904297,0.4255,0.435,0.235,0.0,0.1885
D,130,MI with outcome,0.4123768695601238,0.07943707693493969,275.95557292998683,0.28245066493466514,0.023668399337597793,113.37618483876132,0.8412892818450928,0.4255,0.435,0.235,0.0,0.1885
D,130,MI without auxiliary,0.3192480098896923,0.08199581559075604,180.86853607015436,0.42132839618712126,0.0248622273319711,62.46879804128095,0.7844762802124023,0.4255,0.435,0.235,0.0,0.1885
D,130,Missingness indicator,0.34093645421815016,0.08764052372861936,1000000.0,,,1000000.0,0.010117530822753906,0.4255,0.435,0.235,0.0,0.1885
D,130,MI delta=-0.25,0.4399709470660027,0.07654636112339314,323.74112256379044,0.17370066493466518,0.024359052942216162,127.20022610607971,0.8185210227966309,0.4255,0.435,0.235,0.0,0.1885
D,130,MI delta=-0.5,0.44869332109100546,0.07247738799699065,404.8441411636483,0.06495066493466518,0.025335793160867995,148.86215624391886,0.6135668754577637,0.4255,0.435,0.235,0.0,0.1885
D,130,MI delta=-0.75,0.44253168855028857,0.06785577431269223,523.0955162978138,-0.04379933506533483,0.026567084743151365,179.9790231379091,0.6163082122802734,0.4255,0.435,0.235,0.0,0.1885
D,130,MI delta=-1.0,0.42639277307554846,0.06313313041580222,682.709866730256,-0.1525493350653348,0.028019389540462732,222.67987163533525,0.6911988258361816,0.4255,0.435,0.235,0.0,0.1885
D,131,Complete-case,0.5381753417628186,0.10905100601585556,1000000.0,0.4514269835222409,0.0259708362018186,1000000.0,0.004541873931884766,0.442,0.435,0.2245,0.0,0.1905
D,131,Mean imputation,0.5589588272189506,0.09483718991147407,1000000.0,0.45142698352224103,0.014670696440585112,1000000.0,0.006928682327270508,0.442,0.435,0.2245,0.0,0.1905
D,131,KNN (k=5),0.8528666144739123,0.08790144291946711,1000000.0,0.30972437367070055,0.017004623870969276,1000000.0,0.11286711692810059,0.442,0.435,0.2245,0.0,0.1905
D,131,MissForest (single),0.8352330510569426,0.08722547181983306,1000000.0,0.294680505961723,0.016991379439861613,1000000.0,1.9996592998504639,0.442,0.435,0.2245,0.0,0.1905
D,131,MI without outcome,0.6184854093465993,0.086707278339948,127.97436626109878,0.27791827421562987,0.022339702760941327,253.57305254811607,0.6716890335083008,0.442,0.435,0.2245,0.0,0.1905
D,131,MI with outcome,0.6176190808870079,0.08651272787005493,137.8609449457589,0.2780590822558554,0.022342122848829096,253.28152150971772,0.732588529586792,0.442,0.435,0.2245,0.0,0.1905
D,131,MI without auxiliary,0.5412291820495354,0.09216305780169298,79.66469491179592,0.3971851651507435,0.022764978766094728,140.12397992567284,0.6399044990539551,0.442,0.435,0.2245,0.0,0.1905
D,131,Missingness indicator,0.505953269716988,0.09089056425810356,1000000.0,,,1000000.0,0.006228923797607422,0.442,0.435,0.2245,0.0,0.1905
D,131,MI delta=-0.25,0.6266944495228286,0.08303701596290415,163.9456270301303,0.16930908225585534,0.02305114380209027,286.9958948536857,0.7546896934509277,0.442,0.435,0.2245,0.0,0.1905
D,131,MI delta=-0.5,0.6125021937588299,0.07824963165168225,202.51759920531308,0.06055908225585536,0.024060520143754652,340.6636627357008,0.6749212741851807,0.442,0.435,0.2245,0.0,0.1905
D,131,MI delta=-0.75,0.5821658292582157,0.07282926040503238,257.11882890332834,-0.04819091774414464,0.025334376850483363,418.74214196630487,0.6896862983703613,0.442,0.435,0.2245,0.0,0.1905
D,131,MI delta=-1.0,0.5429472860240927,0.06730339393193424,332.5731936566216,-0.15694091774414462,0.026835075796939667,527.1291944650785,0.6883745193481445,0.442,0.435,0.2245,0.0,0.1905
D,132,Complete-case,0.6010952086763304,0.11040412122877262,1000000.0,0.4581447299175598,0.026119113580715312,1000000.0,0.007643222808837891,0.4255,0.4315,0.2645,0.0,0.2
D,132,Mean imputation,0.5785367020993589,0.09472329003221584,1000000.0,0.4581447299175598,0.014845896794111347,1000000.0,0.0062351226806640625,0.4255,0.4315,0.2645,0.0,0.2
D,132,KNN (k=5),0.8141699463467383,0.08639766036916494,1000000.0,0.2988941044975882,0.01739249700045833,1000000.0,0.11747598648071289,0.4255,0.4315,0.2645,0.0,0.2
D,132,MissForest (single),0.8310426489321778,0.08687504100298406,1000000.0,0.292815934504272,0.017263046905631334,1000000.0,1.7421393394470215,0.4255,0.4315,0.2645,0.0,0.2
D,132,MI without outcome,0.6199575480002258,0.08108513849216681,325.51161876717265,0.2797248612434454,0.021925242334120885,363.6382352099383,0.7553112506866455,0.4255,0.4315,0.2645,0.0,0.2
D,132,MI with outcome,0.578096220599164,0.08064087920232074,319.2468936520647,0.27928105593289243,0.021949405593197756,364.5467668221186,0.7090990543365479,0.4255,0.4315,0.2645,0.0,0.2
D,132,MI without auxiliary,0.5145733416323968,0.08652064264305209,118.4132771757666,0.4055728885283293,0.022411264406465892,175.33953843354792,0.5793795585632324,0.4255,0.4315,0.2645,0.0,0.2
D,132,Missingness indicator,0.5297765827165217,0.09083787160573936,1000000.0,,,1000000.0,0.007005453109741211,0.4255,0.4315,0.2645,0.0,0.2
D,132,MI delta=-0.25,0.5889411790238955,0.0774422599233514,415.0352263995683,0.17140605593289243,0.022690963497757267,416.36474064573355,0.7816393375396729,0.4255,0.4315,0.2645,0.0,0.2
D,132,MI delta=-0.5,0.577372793029722,0.07310918803340545,560.42035159679,0.06353105593289243,0.02373441903850699,498.3983762872872,0.7670629024505615,0.4255,0.4315,0.2645,0.0,0.2
D,132,MI delta=-0.75,0.5501669110005862,0.06827091560629392,757.6669687352905,-0.044343944067107566,0.025042062091836046,617.6501456472744,0.7455160617828369,0.4255,0.4315,0.2645,0.0,0.2
D,132,MI delta=-1.0,0.514260869973566,0.06336245809985024,1007.0074439258508,-0.15221894406710756,0.026574922475979854,783.3398510823516,0.7511498928070068,0.4255,0.4315,0.2645,0.0,0.2
D,133,Complete-case,0.7625122272694584,0.11243315789075714,1000000.0,0.3764147479575009,0.026860863095454893,1000000.0,0.005861520767211914,0.431,0.4365,0.25,0.0,0.1715
D,133,Mean imputation,0.7748184157086839,0.09741538993517873,1000000.0,0.3764147479575009,0.015133163412114417,1000000.0,0.00821995735168457,0.431,0.4365,0.25,0.0,0.1715
D,133,KNN (k=5),0.9958436592995056,0.08947017478806582,1000000.0,0.24631111951851373,0.017482652158720767,1000000.0,0.19728398323059082,0.431,0.4365,0.25,0.0,0.1715
D,133,MissForest (single),0.9919240944706388,0.08927594937316954,1000000.0,0.23070517506282595,0.017564337269994137,1000000.0,1.9781367778778076,0.431,0.4365,0.25,0.0,0.1715
D,133,MI without outcome,0.6865398208733077,0.08634293825064526,177.07125162232484,0.214533929546129,0.02224852129151817,378.05967398309895,0.6367783546447754,0.431,0.4365,0.25,0.0,0.1715
D,133,MI with outcome,0.6917728451885055,0.08768787717208361,153.2897035124712,0.21467324886754335,0.0222522791920212,377.1783082881333,0.671471118927002,0.431,0.4365,0.25,0.0,0.1715
D,133,MI without auxiliary,0.6999745086603928,0.0955714029223971,72.4974382829764,0.3270421923426353,0.022792372466990517,197.86881330436347,0.5142772197723389,0.431,0.4365,0.25,0.0,0.1715
D,133,Missingness indicator,0.7244670472905629,0.096124369345064,1000000.0,,,1000000.0,0.0048694610595703125,0.431,0.4365,0.25,0.0,0.1715
D,133,MI delta=-0.25,0.6823407325167963,0.08442737918600003,171.39634253631283,0.10554824886754335,0.022927080028781705,425.0535962377704,0.5770609378814697,0.431,0.4365,0.25,0.0,0.1715
D,133,MI delta=-0.5,0.6510799272554169,0.07974758969083444,200.49811062459443,-0.0035767511324566502,0.023906458181107006,502.4694504390153,0.7155869007110596,0.431,0.4365,0.25,0.0,0.1715
D,133,MI delta=-0.75,0.6062534317968405,0.07435919205673627,242.6070617601443,-0.11270175113245666,0.025154863577372698,615.9373960977134,0.8680548667907715,0.431,0.4365,0.25,0.0,0.1715
D,133,MI delta=-1.0,0.5553718917217412,0.06881123996681648,301.0317244500627,-0.22182675113245662,0.02663449370909462,774.1524460316849,0.7928252220153809,0.431,0.4365,0.25,0.0,0.1715
D,134,Complete-case,0.640101715815464,0.10825923427611867,1000000.0,0.4537209216175952,0.025441753837778674,1000000.0,0.004317522048950195,0.4525,0.4075,0.247,0.0,0.192
D,134,Mean imputation,0.6647697508905013,0.09495778602203431,1000000.0,0.4537209216175952,0.015071645750537627,1000000.0,0.007035493850708008,0.4525,0.4075,0.247,0.0,0.192
D,134,KNN (k=5),0.8622153482472064,0.08789464863116375,1000000.0,0.3234505638122436,0.01726859432173187,1000000.0,0.16780877113342285,0.4525,0.4075,0.247,0.0,0.192
D,134,MissForest (single),0.8559981403367618,0.08639271506985599,1000000.0,0.30366198836785974,0.017496598271009724,1000000.0,1.9164278507232666,0.4525,0.4075,0.247,0.0,0.192
D,134,MI without outcome,0.6569426510522347,0.08603964032709914,170.82716687548856,0.2899308562939295,0.023445330799091234,119.04489293419203,0.6186764240264893,0.4525,0.4075,0.247,0.0,0.192
D,134,MI with outcome,0.6435257581243705,0.08647102315685028,161.8320472269052,0.2896105172433325,0.02345829217449131,119.11749262738763,0.7410385608673096,0.4525,0.4075,0.247,0.0,0.192
D,134,MI without auxiliary,0.6285317704486942,0.09043871278566798,108.49778208272669,0.39744116661501433,0.02449261121217709,67.76469137918154,0.60146164894104,0.4525,0.4075,0.247,0.0,0.192
D,134,Missingness indicator,0.6253768577459984,0.09220777434460872,1000000.0,,,1000000.0,0.006410360336303711,0.4525,0.4075,0.247,0.0,0.192
D,134,MI delta=-0.25,0.6401619983473027,0.08332177969959804,179.93148299642357,0.18773551724333243,0.024128020588770487,133.31430644889267,0.6803123950958252,0.4525,0.4075,0.247,0.0,0.192
D,134,MI delta=-0.5,0.6151058066731522,0.07866665054860815,212.02292324802372,0.08586051724333246,0.025082445386905506,155.69314080816406,0.680640697479248,0.4525,0.4075,0.247,0.0,0.192
D,134,MI delta=-0.75,0.5761859127661728,0.07327974167563527,260.8739546831247,-0.016014482756667545,0.026290578900220053,187.92760318335718,0.6817772388458252,0.4525,0.4075,0.247,0.0,0.192
D,134,MI delta=-1.0,0.5306497951727293,0.06775151516118175,330.6245351433764,-0.11788948275666755,0.027719267567829557,232.2292828756012,0.676344633102417,0.4525,0.4075,0.247,0.0,0.192
D,135,Complete-case,0.6517256035238155,0.11016673367282498,1000000.0,0.4714146128096757,0.025781116523286223,1000000.0,0.003557920455932617,0.4235,0.438,0.252,0.0,0.1935
D,135,Mean imputation,0.5905135788537643,0.09538077667924101,1000000.0,0.47141461280967584,0.014486162766256814,1000000.0,0.006350278854370117,0.4235,0.438,0.252,0.0,0.1935
D,135,KNN (k=5),0.7940752110936029,0.08592172190125491,1000000.0,0.32785813090749305,0.016871322342390804,1000000.0,0.1203763484954834,0.4235,0.438,0.252,0.0,0.1935
D,135,MissForest (single),0.8140786879777542,0.08602110587332666,1000000.0,0.3123053757130821,0.016811504751618148,1000000.0,1.87742018699646,0.4235,0.438,0.252,0.0,0.1935
D,135,MI without outcome,0.6181063162347037,0.08386468899473265,160.40591231072875,0.31192853119224534,0.020707521201513684,1266.685249822191,0.5993740558624268,0.4235,0.438,0.252,0.0,0.1935
D,135,MI with outcome,0.5816183635995635,0.08359248409049226,160.15266884947914,0.31070943086710023,0.020737196888611323,1259.4629028367567,0.692533016204834,0.4235,0.438,0.252,0.0,0.1935
D,135,MI without auxiliary,0.508603756908554,0.08756735182304194,100.65757570472556,0.4355057560313206,0.020571935129519155,637.0920908254128,0.7565634250640869,0.4235,0.438,0.252,0.0,0.1935
D,135,Missingness indicator,0.5396785680081715,0.0922841368947485,1000000.0,,,1000000.0,0.006999492645263672,0.4235,0.438,0.252,0.0,0.1935
D,135,MI delta=-0.25,0.587134177995181,0.08072979070030863,179.71485197256183,0.20120943086710025,0.021455021117634525,1443.1150669132198,0.7672147750854492,0.4235,0.438,0.252,0.0,0.1935
D,135,MI delta=-0.5,0.5713571123557926,0.07650568277518541,208.33023390689192,0.09170943086710023,0.02249437649152266,1743.7371270702765,0.7305374145507812,0.4235,0.438,0.252,0.0,0.1935
D,135,MI delta=-0.75,0.540873764420348,0.07151784721090448,248.23995153668224,-0.01779056913289976,0.02381319933460649,2190.0607661433028,0.7432403564453125,0.4235,0.438,0.252,0.0,0.1935
D,135,MI delta=-1.0,0.5024375615287312,0.0662805388988656,302.66955533926125,-0.12729056913289977,0.02536794034958593,2820.4993690770716,0.623772382736206,0.4235,0.438,0.252,0.0,0.1935
D,136,Complete-case,0.6261375755525068,0.11327509594998757,1000000.0,0.43353214386714506,0.025885711598363354,1000000.0,0.008492231369018555,0.425,0.4355,0.247,0.0,0.193
D,136,Mean imputation,0.5837075368566885,0.09374002127365194,1000000.0,0.4335321438671451,0.014609664208459851,1000000.0,0.007904291152954102,0.425,0.4355,0.247,0.0,0.193
D,136,KNN (k=5),0.8421846940036801,0.08816867493456623,1000000.0,0.3170909490124927,0.016619457907187142,1000000.0,0.21607255935668945,0.425,0.4355,0.247,0.0,0.193
D,136,MissForest (single),0.8424389324973055,0.08733315895163209,1000000.0,0.28514708858789867,0.016654557390686362,1000000.0,2.027411460876465,0.425,0.4355,0.247,0.0,0.193
D,136,MI without outcome,0.6370125294643532,0.07978643386352041,563.5858670451113,0.2745195504534975,0.021154208298602258,521.0649918990756,0.7212026119232178,0.425,0.4355,0.247,0.0,0.193
D,136,MI with outcome,0.6198835212652158,0.08060131508884741,464.58911648395815,0.2739062285312052,0.021151906438219962,528.780160195203,0.9477882385253906,0.425,0.4355,0.247,0.0,0.193
D,136,MI without auxiliary,0.5710146592526838,0.08438486180425266,202.47600172233354,0.3888564450054527,0.02137162042432386,286.02958611797084,0.6295673847198486,0.425,0.4355,0.247,0.0,0.193
D,136,Missingness indicator,0.5539227527200324,0.09179005755068881,1000000.0,,,1000000.0,0.006804227828979492,0.425,0.4355,0.247,0.0,0.193
D,136,MI delta=-0.25,0.6133001155120292,0.0777148895818165,583.840001445084,0.1650312285312053,0.021854701047290565,602.6380725106521,0.7415084838867188,0.425,0.4355,0.247,0.0,0.193
D,136,MI delta=-0.5,0.5861468115781944,0.07362931066653534,770.0112550487567,0.05615622853120528,0.02287412163279785,723.1939585822295,0.7263002395629883,0.425,0.4355,0.247,0.0,0.193
D,136,MI delta=-0.75,0.545894925625355,0.06893209600418285,1039.4690964257284,-0.05271877146879471,0.024170138472668565,901.5579326895078,0.7136218547821045,0.425,0.4355,0.247,0.0,0.193
D,136,MI delta=-1.0,0.4996072188275333,0.06407608685391428,1411.5715535381014,-0.16159377146879472,0.02570094196355983,1152.5857573061014,0.6669142246246338,0.425,0.4355,0.247,0.0,0.193
D,137,Complete-case,0.5790968875723486,0.10093517142800937,1000000.0,0.45181446630030425,0.02677477700416295,1000000.0,0.008983612060546875,0.4485,0.428,0.228,0.0,0.1955
D,137,Mean imputation,0.5724238868685162,0.09060572628643505,1000000.0,0.45181446630030414,0.015312305843797827,1000000.0,0.00785064697265625,0.4485,0.428,0.228,0.0,0.1955
D,137,KNN (k=5),0.7839141399209959,0.08348594151812158,1000000.0,0.2962187135260514,0.017547183479360292,1000000.0,0.19597220420837402,0.4485,0.428,0.228,0.0,0.1955
D,137,MissForest (single),0.7972905457449992,0.08291927972909517,1000000.0,0.2737557650749911,0.017725959783620304,1000000.0,1.8778553009033203,0.4485,0.428,0.228,0.0,0.1955
D,137,MI without outcome,0.6122321812511418,0.0771889763428703,501.50865292290604,0.2670724285331994,0.025580225560214605,71.97266795817801,0.6017673015594482,0.4485,0.428,0.228,0.0,0.1955
D,137,MI with outcome,0.5754520856984859,0.07719346083725993,430.02851434996256,0.2659408512908136,0.025595218168402014,72.39555703035191,0.6276602745056152,0.4485,0.428,0.228,0.0,0.1955
D,137,MI without auxiliary,0.5316171730047823,0.07875561476752735,327.67793917986234,0.39079304353063665,0.027063942039838425,45.91965653379225,0.518179178237915,0.4485,0.428,0.228,0.0,0.1955
D,137,Missingness indicator,0.5288469752579625,0.08691785106335854,1000000.0,,,1000000.0,0.0048406124114990234,0.4485,0.428,0.228,0.0,0.1955
D,137,MI delta=-0.25,0.5854747185459754,0.0756018338601356,371.99891981570556,0.15894085129081365,0.02625571830687203,80.16267262109723,0.5725545883178711,0.4485,0.428,0.228,0.0,0.1955
D,137,MI delta=-0.5,0.5746915892308155,0.0726266823113659,346.8327696318098,0.05194085129081365,0.02718306364004426,92.10223700745357,0.644946813583374,0.4485,0.428,0.228,0.0,0.1955
D,137,MI delta=-0.75,0.549163622928899,0.06870910788008237,347.3535455084284,-0.05505914870918636,0.02835108125336213,108.98207630500782,0.6410140991210938,0.4485,0.428,0.228,0.0,0.1955
D,137,MI delta=-1.0,0.5151502072096298,0.06431659278100274,369.3476588338258,-0.1620591487091864,0.029731419776693316,131.80720962213778,0.6601407527923584,0.4485,0.428,0.228,0.0,0.1955
D,138,Complete-case,0.6294301723076335,0.11415141391686301,1000000.0,0.42736158634251903,0.02479865497102075,1000000.0,0.006949186325073242,0.4225,0.4345,0.25,0.0,0.191
D,138,Mean imputation,0.6252234642166079,0.0982068853971126,1000000.0,0.4273615863425191,0.01402094402563951,1000000.0,0.0067708492279052734,0.4225,0.4345,0.25,0.0,0.191
D,138,KNN (k=5),0.8817246503650485,0.0897154110744596,1000000.0,0.28746749191007576,0.01637356601198448,1000000.0,0.15360164642333984,0.4225,0.4345,0.25,0.0,0.191
D,138,MissForest (single),0.8880013196307311,0.09168371058389696,1000000.0,0.28642834613403434,0.016112553750365678,1000000.0,1.9150736331939697,0.4225,0.4345,0.25,0.0,0.191
D,138,MI without outcome,0.6792237016384968,0.08866320691221447,177.3625790833963,0.2617251868614859,0.021938175555617227,155.7064212324649,0.5884244441986084,0.4225,0.4345,0.25,0.0,0.191
D,138,MI with outcome,0.6443608950499673,0.08885450736605122,164.63142229541373,0.26068531906007897,0.021959818447311538,156.25829219431222,0.8182470798492432,0.4225,0.4345,0.25,0.0,0.191
D,138,MI without auxiliary,0.5703213953755306,0.0956906948864972,80.7430935981797,0.3858521804506331,0.02251285774947605,89.72599533997837,0.6104104518890381,0.4225,0.4345,0.25,0.0,0.191
D,138,Missingness indicator,0.5636320731823239,0.09496493168172873,1000000.0,,,1000000.0,0.006246805191040039,0.4225,0.4345,0.25,0.0,0.191
D,138,MI delta=-0.25,0.6492828735933962,0.08522313181724027,191.6138890174612,0.152060319060079,0.02266035176627683,177.1718343390638,0.7158246040344238,0.4225,0.4345,0.25,0.0,0.191
D,138,MI delta=-0.5,0.6294005253771242,0.08028678881190429,227.06342102841643,0.04343531906007901,0.023666727694164853,210.8050195974978,0.7104294300079346,0.4225,0.4345,0.25,0.0,0.191
D,138,MI delta=-0.75,0.5932174158707375,0.07471617844425865,272.3336804850122,-0.06518968093992099,0.024941952589440878,260.04582752303645,0.7471861839294434,0.4225,0.4345,0.25,0.0,0.191
D,138,MI delta=-1.0,0.5488582485816386,0.0690226804223072,330.44179971279715,-0.17381468093992097,0.02644716506251486,328.733978191281,0.9230198860168457,0.4225,0.4345,0.25,0.0,0.191
D,139,Complete-case,0.41530390751489304,0.10857456960525431,1000000.0,0.42682852674822186,0.025507684082563428,1000000.0,0.0063745975494384766,0.4365,0.4335,0.2325,0.0,0.2
D,139,Mean imputation,0.45331898206903826,0.09176843742961142,1000000.0,0.42682852674822197,0.014447336989882294,1000000.0,0.007884979248046875,0.4365,0.4335,0.2325,0.0,0.2
D,139,KNN (k=5),0.6608685620770256,0.08288893474327526,1000000.0,0.29622655296287353,0.016569891783294294,1000000.0,0.11757206916809082,0.4365,0.4335,0.2325,0.0,0.2
D,139,MissForest (single),0.6592493215751962,0.08324252977148398,1000000.0,0.28598980969667864,0.016638897352313463,1000000.0,1.8181993961334229,0.4365,0.4335,0.2325,0.0,0.2
D,139,MI without outcome,0.49832551957046844,0.07776928586027049,418.80839924954466,0.2715643144836529,0.021756050267671845,230.46355861030332,1.055962085723877,0.4365,0.4335,0.2325,0.0,0.2
D,139,MI with outcome,0.45474956630947616,0.07799254139587118,363.3478574867131,0.2712188446673639,0.021747227527712756,236.27961958373905,0.868934154510498,0.4365,0.4335,0.2325,0.0,0.2
D,139,MI without auxiliary,0.39058176675712547,0.08220932783687653,160.98291597796396,0.3873703799117708,0.022326131499958903,128.21803863343393,0.7232615947723389,0.4365,0.4335,0.2325,0.0,0.2
D,139,Missingness indicator,0.4169160554881187,0.08845545891955808,1000000.0,,,1000000.0,0.007356882095336914,0.4365,0.4335,0.2325,0.0,0.2
D,139,MI delta=-0.25,0.4667060048102677,0.07533290785829724,414.007367894807,0.16284384466736387,0.022420287570615864,266.9164774893424,0.7944340705871582,0.4365,0.4335,0.2325,0.0,0.2
D,139,MI delta=-0.5,0.4609272585611374,0.07150489656338417,493.7478667764578,0.05446884466736388,0.02340412296743625,316.94226338843316,0.8102445602416992,0.4365,0.4335,0.2325,0.0,0.2
D,139,MI delta=-0.75,0.44232243112345193,0.06704980132348692,608.2740992547411,-0.05390615533263611,0.024661568006098082,390.74498604298014,0.5801606178283691,0.4365,0.4335,0.2325,0.0,0.2
D,139,MI delta=-1.0,0.41613846829047996,0.06240578009817985,765.7170293282711,-0.16228115533263612,0.026153186969902608,494.2072866069691,0.6462469100952148,0.4365,0.4335,0.2325,0.0,0.2
D,140,Complete-case,0.7339487181609748,0.11700062007841988,1000000.0,0.3891507391774602,0.025315195918156057,1000000.0,0.007539272308349609,0.419,0.434,0.2695,0.0,0.1875
D,140,Mean imputation,0.7548300689573317,0.10026584094542046,1000000.0,0.3891507391774603,0.014325652553303056,1000000.0,0.009951591491699219,0.419,0.434,0.2695,0.0,0.1875
D,140,KNN (k=5),1.0238559002587053,0.094193687566445,1000000.0,0.24888907464961438,0.0164650506768597,1000000.0,0.17140555381774902,0.419,0.434,0.2695,0.0,0.1875
D,140,MissForest (single),0.953335309334102,0.09312333213427931,1000000.0,0.24216059893461364,0.016360085543436178,1000000.0,1.9857912063598633,0.419,0.434,0.2695,0.0,0.1875
D,140,MI without outcome,0.6742415464950839,0.08377001252345226,657.3959035503638,0.2409496057411784,0.02341695949762796,84.70407969540214,0.5609052181243896,0.419,0.434,0.2695,0.0,0.1875
D,140,MI with outcome,0.7152551475481517,0.085230366107451,626.2406324887814,0.24202528132964543,0.02339807138426274,84.57794011548695,0.5918941497802734,0.419,0.434,0.2695,0.0,0.1875
D,140,MI without auxiliary,0.6971849604912047,0.08806084115425152,272.85752972398336,0.34891837036135187,0.02464278985519341,55.26529211370092,0.5214574337005615,0.419,0.434,0.2695,0.0,0.1875
D,140,Missingness indicator,0.7140757797779503,0.09900277997440042,1000000.0,,,1000000.0,0.004609584808349609,0.419,0.434,0.2695,0.0,0.1875
D,140,MI delta=-0.25,0.7040126496919188,0.08233642289665931,724.9673040005928,0.13352528132964545,0.023999554708981238,93.61589477539829,0.5410804748535156,0.419,0.434,0.2695,0.0,0.1875
D,140,MI delta=-0.5,0.6680833984663314,0.07822986607244302,786.9904321303508,0.02502528132964544,0.024896745533720264,108.41944484365234,0.6295101642608643,0.419,0.434,0.2695,0.0,0.1875
D,140,MI delta=-0.75,0.6173094562106397,0.07337711111286817,841.7444377520737,-0.08347471867035455,0.026059118947642186,130.1295027461574,0.603912353515625,0.419,0.434,0.2695,0.0,0.1875
D,140,MI delta=-1.0,0.5605590731231654,0.06821697640779807,921.1723547605418,-0.19197471867035457,0.02745301172365276,160.286460748467,0.5601861476898193,0.419,0.434,0.2695,0.0,0.1875
D,141,Complete-case,0.5259360233276544,0.10101880864592075,1000000.0,0.44452331999078754,0.026668777401797947,1000000.0,0.003875732421875,0.4425,0.4295,0.234,0.0,0.2045
D,141,Mean imputation,0.6433141551622537,0.09076933858184578,1000000.0,0.44452331999078765,0.015211672245457174,1000000.0,0.005768537521362305,0.4425,0.4295,0.234,0.0,0.2045
D,141,KNN (k=5),0.833498203021662,0.0828805652388101,1000000.0,0.28617092892884755,0.017568162245017324,1000000.0,0.11510968208312988,0.4425,0.4295,0.234,0.0,0.2045
D,141,MissForest (single),0.8274773375307108,0.0833805124875415,1000000.0,0.2824293145704929,0.017646239808468554,1000000.0,1.7945284843444824,0.4425,0.4295,0.234,0.0,0.2045
D,141,MI without outcome,0.6271414733936398,0.07848962146950539,309.9454647508342,0.2826501054633146,0.02077134601911663,4072.8153344216876,0.5210487842559814,0.4425,0.4295,0.234,0.0,0.2045
D,141,MI with outcome,0.6190557756066306,0.07921448890894718,273.13657460917085,0.28274927202577754,0.020777699012295446,4091.3391293001546,0.6743948459625244,0.4425,0.4295,0.234,0.0,0.2045
D,141,MI without auxiliary,0.5874620553517594,0.08081590630190341,193.2714573129166,0.3969896813276286,0.020708974559366395,2044.7927485065547,0.5904128551483154,0.4425,0.4295,0.234,0.0,0.2045
D,141,Missingness indicator,0.5902071919202341,0.08687545356049935,1000000.0,,,1000000.0,0.005433559417724609,0.4425,0.4295,0.234,0.0,0.2045
D,141,MI delta=-0.25,0.6336211613855371,0.07677229331442052,312.78853305196253,0.17537427202577754,0.021504844856731375,4694.84146347509,0.6920034885406494,0.4425,0.4295,0.234,0.0,0.2045
D,141,MI delta=-0.5,0.6249702477461773,0.07303212946048471,376.6340128997565,0.06799927202577755,0.022550519922250604,5676.778042300936,0.714543342590332,0.4425,0.4295,0.234,0.0,0.2045
D,141,MI delta=-0.75,0.5993764497152576,0.06857113420921054,469.23422792596307,-0.03937572797422246,0.023872904423231568,7130.117942174032,0.6778762340545654,0.4425,0.4295,0.234,0.0,0.2045
D,141,MI delta=-1.0,0.5636638160630364,0.06387355130318592,595.5480548958947,-0.14675072797422245,0.025428865543371572,9178.75162878507,0.6886849403381348,0.4425,0.4295,0.234,0.0,0.2045
D,142,Complete-case,0.4979218475500056,0.10452588147301166,1000000.0,0.4476862327983182,0.02535812428612081,1000000.0,0.006077766418457031,0.4415,0.416,0.238,0.0,0.1915
D,142,Mean imputation,0.45532879726119574,0.09089640002826149,1000000.0,0.4476862327983182,0.014806505783786623,1000000.0,0.005898237228393555,0.4415,0.416,0.238,0.0,0.1915
D,142,KNN (k=5),0.704494362630855,0.08578467467571933,1000000.0,0.3308441823781819,0.01665255332135701,1000000.0,0.10899972915649414,0.4415,0.416,0.238,0.0,0.1915
D,142,MissForest (single),0.7011026851709793,0.08514772111453218,1000000.0,0.3131898406144953,0.016819360358396904,1000000.0,1.7442259788513184,0.4415,0.416,0.238,0.0,0.1915
D,142,MI without outcome,0.521013961840827,0.07797057302220614,576.7091366568341,0.2972516014533639,0.020835910739534395,942.1532104037676,0.5469052791595459,0.4415,0.416,0.238,0.0,0.1915
D,142,MI with outcome,0.4929794973980667,0.07900241991097276,413.14050766680737,0.2966418439059356,0.020852829425481948,949.9601572179607,0.51300048828125,0.4415,0.416,0.238,0.0,0.1915
D,142,MI without auxiliary,0.4453933091822891,0.08577453691414393,131.13049696058556,0.4065235867369358,0.020864279758126072,501.32976964257784,0.5178773403167725,0.4415,0.416,0.238,0.0,0.1915
D,142,Missingness indicator,0.41793673937452414,0.08767820285403578,1000000.0,,,1000000.0,0.004618644714355469,0.4415,0.416,0.238,0.0,0.1915
D,142,MI delta=-0.25,0.5049399720078951,0.07655933422552759,469.67335981270537,0.1926418439059356,0.021552257549541078,1083.9680976152022,0.5783662796020508,0.4415,0.416,0.238,0.0,0.1915
D,142,MI delta=-0.5,0.49830745253567,0.07294161417414959,553.748413810829,0.08864184390593559,0.022568799518653045,1303.4046389632745,0.6511285305023193,0.4415,0.416,0.238,0.0,0.1915
D,142,MI delta=-0.75,0.47812288425582067,0.06863398047318515,675.6423679416939,-0.015358156094064403,0.02386196164908611,1628.8084030357545,0.6309349536895752,0.4415,0.416,0.238,0.0,0.1915
D,142,MI delta=-1.0,0.4498446711070434,0.06406687766604628,847.6497985595411,-0.11935815609406439,0.025389511841893652,2087.6747147466644,0.6429901123046875,0.4415,0.416,0.238,0.0,0.1915
D,143,Complete-case,0.798492377858773,0.11377496116841289,1000000.0,0.46903042823443647,0.026114834531103664,1000000.0,0.0049817562103271484,0.43,0.433,0.259,0.0,0.1845
D,143,Mean imputation,0.8084335823113832,0.09885441692405782,1000000.0,0.46903042823443647,0.014804282563948884,1000000.0,0.007354736328125,0.43,0.433,0.259,0.0,0.1845
D,143,KNN (k=5),0.9828580384320429,0.09066292780897986,1000000.0,0.3100694006934258,0.017261176000950288,1000000.0,0.17345237731933594,0.43,0.433,0.259,0.0,0.1845
D,143,MissForest (single),1.0159287184811874,0.09046649683993427,1000000.0,0.29965518803841085,0.017065851978726745,1000000.0,1.7389626502990723,0.43,0.433,0.259,0.0,0.1845
D,143,MI without outcome,0.7447314389659536,0.0891817769098683,129.6507360817916,0.2770473517005001,0.02350602503883951,131.44438567539538,0.5084810256958008,0.43,0.433,0.259,0.0,0.1845
D,143,MI with outcome,0.7291940166712937,0.0903078252626371,117.00218201683434,0.27586107157654144,0.023539175327154174,131.28054765172018,0.6856896877288818,0.43,0.433,0.259,0.0,0.1845
D,143,MI without auxiliary,0.741292542898622,0.0965122354566136,75.50891742548909,0.4154835145525085,0.024562720982972294,71.34608717466656,0.6435916423797607,0.43,0.433,0.259,0.0,0.1845
D,143,Missingness indicator,0.7558078958602623,0.09669720604063411,1000000.0,,,1000000.0,0.006956815719604492,0.43,0.433,0.259,0.0,0.1845
D,143,MI delta=-0.25,0.7179043149623313,0.08740383560713956,119.28100292630677,0.16761107157654143,0.024272706604212196,148.42540090490849,0.6772077083587646,0.43,0.433,0.259,0.0,0.1845
D,143,MI delta=-0.5,0.6848717378931063,0.0829920551118738,125.84520932555223,0.059361071576541455,0.025290075331295615,174.91856143159418,0.7519149780273438,0.43,0.433,0.259,0.0,0.1845
D,143,MI delta=-0.75,0.6384331137070252,0.07768040652446827,137.5056944754752,-0.048888928423458544,0.02655868310341886,212.74607333483908,0.7453932762145996,0.43,0.433,0.259,0.0,0.1845
D,143,MI delta=-1.0,0.5860387887923599,0.07203145836664782,154.9458051653709,-0.15713892842345856,0.028044455774177964,264.498657096702,0.7148046493530273,0.43,0.433,0.259,0.0,0.1845
D,144,Complete-case,0.4836523588771003,0.10207559486657174,1000000.0,0.40079308179200834,0.02596239122099111,1000000.0,0.008198022842407227,0.434,0.432,0.2335,0.0,0.2005
D,144,Mean imputation,0.48860779827725476,0.09029006118198624,1000000.0,0.40079308179200834,0.014743832605711481,1000000.0,0.008677005767822266,0.434,0.432,0.2335,0.0,0.2005
D,144,KNN (k=5),0.6745434042431862,0.0819543359576847,1000000.0,0.28038756087215155,0.016886118878784738,1000000.0,0.16180133819580078,0.434,0.432,0.2335,0.0,0.2005
D,144,MissForest (single),0.6793879472050319,0.08054371247444583,1000000.0,0.26608645270145614,0.017057548656158526,1000000.0,2.0125155448913574,0.434,0.432,0.2335,0.0,0.2005
D,144,MI without outcome,0.5268640182538683,0.08021397658493383,154.18450619999186,0.25008701197273153,0.021954180520152067,295.1169694807804,0.6438589096069336,0.434,0.432,0.2335,0.0,0.2005
D,144,MI with outcome,0.4762111114133788,0.07918881091413398,167.35290272192452,0.24855487426368095,0.021981395216658674,298.62512059538636,0.7373769283294678,0.434,0.432,0.2335,0.0,0.2005
D,144,MI without auxiliary,0.4232145223328426,0.08416881998631329,91.91662845317116,0.3649199347610738,0.02250077197926919,158.79176293923774,0.5928211212158203,0.434,0.432,0.2335,0.0,0.2005
D,144,Missingness indicator,0.4555893257407304,0.08747971515420733,1000000.0,,,1000000.0,0.006901264190673828,0.434,0.432,0.2335,0.0,0.2005
D,144,MI delta=-0.25,0.4813756007324247,0.07665500735599744,181.91714446875162,0.14055487426368096,0.022638069956995466,335.9409219132024,0.46639466285705566,0.434,0.432,0.2335,0.0,0.2005
D,144,MI delta=-0.5,0.469945333387577,0.07289028950219663,204.46654453807292,0.03255487426368094,0.023603524290254082,397.0203170864459,0.4727516174316406,0.434,0.432,0.2335,0.0,0.2005
D,144,MI delta=-0.75,0.4467805006007476,0.06842177862508204,235.53700608016007,-0.07544512573631906,0.0248417829130545,487.120456561544,0.7269110679626465,0.434,0.432,0.2335,0.0,0.2005
D,144,MI delta=-1.0,0.4169662015940353,0.06369778008461915,276.1253980424514,-0.18344512573631905,0.02631436241891405,613.305311962658,0.6277337074279785,0.434,0.432,0.2335,0.0,0.2005
D,145,Complete-case,0.5926836434454812,0.1083888917296709,1000000.0,0.42241036746411187,0.026254968252112876,1000000.0,0.003505229949951172,0.442,0.419,0.2505,0.0,0.1825
D,145,Mean imputation,0.5809668786567038,0.09152519937750624,1000000.0,0.42241036746411187,0.01525138472254736,1000000.0,0.006046295166015625,0.442,0.419,0.2505,0.0,0.1825
D,145,KNN (k=5),0.7697965978217218,0.08522290027314523,1000000.0,0.28665778918933815,0.017318581136221558,1000000.0,0.11992001533508301,0.442,0.419,0.2505,0.0,0.1825
D,145,MissForest (single),0.7966975470993474,0.0851738572773366,1000000.0,0.27035779209036764,0.017249325644229683,1000000.0,1.9154694080352783,0.442,0.419,0.2505,0.0,0.1825
D,145,MI without outcome,0.6330081166602365,0.08715905546310468,112.44421179534271,0.2598674305890126,0.024874921279439046,81.45873866873858,0.5626678466796875,0.442,0.419,0.2505,0.0,0.1825
D,145,MI with outcome,0.6181300688682453,0.08858263357544363,96.9494627940995,0.25955103263347323,0.0248888350291169,81.253645136549,0.5145595073699951,0.442,0.419,0.2505,0.0,0.1825
D,145,MI without auxiliary,0.5547773881602087,0.09407360321650768,60.28201232015986,0.37892951681777054,0.02658660381240283,47.54505939135077,0.47900390625,0.442,0.419,0.2505,0.0,0.1825
D,145,Missingness indicator,0.544717802471707,0.0893050720409352,1000000.0,,,1000000.0,0.005724668502807617,0.442,0.419,0.2505,0.0,0.1825
D,145,MI delta=-0.25,0.6133209431856759,0.08573426878249031,101.4298136136943,0.15480103263347325,0.025509459724853457,89.66637635828296,0.616182804107666,0.442,0.419,0.2505,0.0,0.1825
D,145,MI delta=-0.5,0.5892861821370644,0.08134182574269133,110.47672783322339,0.05005103263347325,0.02640517961642434,102.93926924865598,0.842400074005127,0.442,0.419,0.2505,0.0,0.1825
D,145,MI delta=-0.75,0.5527400670853586,0.07607351540654689,124.57807906885371,-0.054698967366526755,0.02754917484193909,121.9716666063803,0.721745491027832,0.442,0.419,0.2505,0.0,0.1825
D,145,MI delta=-1.0,0.5100216654763433,0.07050858939012508,144.42579646773518,-0.15944896736652672,0.028911988986270298,147.9573198868143,0.5867273807525635,0.442,0.419,0.2505,0.0,0.1825
D,146,Complete-case,0.46811485299978023,0.10380397426294825,1000000.0,0.42800180245219754,0.026491042665380184,1000000.0,0.005421638488769531,0.423,0.428,0.2495,0.0,0.1965
D,146,Mean imputation,0.43380688534346556,0.09018967468373497,1000000.0,0.4280018024521975,0.015150040179618664,1000000.0,0.006655216217041016,0.423,0.428,0.2495,0.0,0.1965
D,146,KNN (k=5),0.5536392703392422,0.08016568734750926,1000000.0,0.2925329695443947,0.01735999039043222,1000000.0,0.11742639541625977,0.423,0.428,0.2495,0.0,0.1965
D,146,MissForest (single),0.6179028687598446,0.08047297426370811,1000000.0,0.27046883467981686,0.017473019721728704,1000000.0,1.8978371620178223,0.423,0.428,0.2495,0.0,0.1965
D,146,MI without outcome,0.5017129565346281,0.07792280858016111,222.92518146950877,0.25759746255125726,0.02234832216380286,325.66767812698583,0.6974513530731201,0.423,0.428,0.2495,0.0,0.1965
D,146,MI with outcome,0.43472774615381626,0.0778170882920198,199.16082519014475,0.25708215608938206,0.022383337037889202,328.6598333048472,0.6765592098236084,0.423,0.428,0.2495,0.0,0.1965
D,146,MI without auxiliary,0.40582214379945514,0.08333124987759757,103.38685525795835,0.38705699792246145,0.022962552672934667,159.68294925148936,0.533299446105957,0.423,0.428,0.2495,0.0,0.1965
D,146,Missingness indicator,0.395042070576252,0.08561777503709733,1000000.0,,,1000000.0,0.007519245147705078,0.423,0.428,0.2495,0.0,0.1965
D,146,MI delta=-0.25,0.45455360858444915,0.0751707983207741,219.58978740499722,0.15008215608938202,0.02308943135751412,372.13476445461816,0.6649782657623291,0.423,0.428,0.2495,0.0,0.1965
D,146,MI delta=-0.5,0.45662895466527065,0.07135348067220058,253.5618340764754,0.04308215608938204,0.0240943677692969,441.27511213941676,0.5718228816986084,0.423,0.428,0.2495,0.0,0.1965
D,146,MI delta=-0.75,0.44514504738030436,0.06690502876075029,303.03127418669044,-0.06391784391061797,0.025362648330134487,541.783399412495,0.5738747119903564,0.423,0.428,0.2495,0.0,0.1965
D,146,MI delta=-1.0,0.4249147048263925,0.06226522313371561,370.84787911534164,-0.17091784391061798,0.02685699083592907,681.2032289776122,0.6043961048126221,0.423,0.428,0.2495,0.0,0.1965
D,147,Complete-case,0.5792213099291814,0.1080649773128622,1000000.0,0.4092059947489382,0.024746172150591564,1000000.0,0.003757953643798828,0.4325,0.421,0.2405,0.0,0.1845
D,147,Mean imputation,0.6201189345260367,0.0977329227340227,1000000.0,0.40920599474893815,0.014325427600650132,1000000.0,0.006684303283691406,0.4325,0.421,0.2405,0.0,0.1845
D,147,KNN (k=5),0.8070403518523287,0.08913028515575987,1000000.0,0.27973334953931434,0.016471920780236213,1000000.0,0.12185382843017578,0.4325,0.421,0.2405,0.0,0.1845
D,147,MissForest (single),0.8559990785516762,0.08975557779188961,1000000.0,0.27383585955671824,0.016244422938315115,1000000.0,1.965923547744751,0.4325,0.421,0.2405,0.0,0.1845
D,147,MI without outcome,0.6364481997142765,0.0871524209084919,196.33177060245174,0.2636801465642481,0.022814073577526652,102.78050073153793,0.5874829292297363,0.4325,0.421,0.2405,0.0,0.1845
D,147,MI with outcome,0.6189804016431315,0.08709126762672917,197.89628125347673,0.2636103644610249,0.022818981709246015,103.113061100685,0.6473562717437744,0.4325,0.421,0.2405,0.0,0.1845
D,147,MI without auxiliary,0.5497573135626252,0.09020454220642689,119.21145223430423,0.37558931338593815,0.023993273524147346,61.5664370715471,0.5723273754119873,0.4325,0.421,0.2405,0.0,0.1845
D,147,Missingness indicator,0.5603163445756089,0.09350147529360645,1000000.0,,,1000000.0,0.005935192108154297,0.4325,0.421,0.2405,0.0,0.1845
D,147,MI delta=-0.25,0.6340547639009786,0.0851489427329097,188.14759388804032,0.158360364461025,0.023439554515303707,114.79581411617731,0.6058535575866699,0.4325,0.421,0.2405,0.0,0.1845
D,147,MI delta=-0.5,0.6237559233483101,0.08138198722987275,190.88134075900047,0.05311036446102502,0.024359024288429,133.89618177284802,0.5983588695526123,0.4325,0.421,0.2405,0.0,0.1845
D,147,MI delta=-0.75,0.5955380656248381,0.07645550520520691,205.83893708262173,-0.05213963553897499,0.025545135965033404,161.94275123469004,0.4872453212738037,0.4325,0.421,0.2405,0.0,0.1845
D,147,MI delta=-1.0,0.5571987011639885,0.07102872810306375,233.3977619206676,-0.157389635538975,0.026962723108751505,200.9942558576292,0.6357200145721436,0.4325,0.421,0.2405,0.0,0.1845
D,148,Complete-case,0.7002237760544546,0.10838935217876608,1000000.0,0.5008218644906034,0.025890621987430938,1000000.0,0.00856471061706543,0.4595,0.411,0.2265,0.0,0.194
D,148,Mean imputation,0.6705304996232354,0.09267448043147265,1000000.0,0.5008218644906034,0.015246914526079819,1000000.0,0.011080026626586914,0.4595,0.411,0.2265,0.0,0.194
D,148,KNN (k=5),0.8672734603760588,0.08547765853532245,1000000.0,0.35941685143369834,0.017672422199178597,1000000.0,0.17202448844909668,0.4595,0.411,0.2265,0.0,0.194
D,148,MissForest (single),0.8693664475035091,0.08532967671340308,1000000.0,0.3422647649879692,0.017669945634134987,1000000.0,1.8119618892669678,0.4595,0.411,0.2265,0.0,0.194
D,148,MI without outcome,0.6434515053991202,0.08509878501866432,136.27261801113244,0.32941701204410523,0.023997196504659177,117.43944852884484,0.5973532199859619,0.4595,0.411,0.2265,0.0,0.194
D,148,MI with outcome,0.6349708532559896,0.08722225162073859,110.73718656892248,0.3288159195525929,0.024000738062644612,118.25375302685013,0.7574999332427979,0.4595,0.411,0.2265,0.0,0.194
D,148,MI without auxiliary,0.6431860971797143,0.09361230306220993,71.87872938330312,0.45176401811687805,0.025090898564034177,64.91340611300286,0.6631569862365723,0.4595,0.411,0.2265,0.0,0.194
D,148,Missingness indicator,0.6293923016987998,0.09077010052118523,1000000.0,,,1000000.0,0.005449771881103516,0.4595,0.411,0.2265,0.0,0.194
D,148,MI delta=-0.25,0.6288262812426477,0.08414309107763626,118.51724839122362,0.22606591955259286,0.024676805432291993,132.15155917394304,0.7468461990356445,0.4595,0.411,0.2265,0.0,0.194
D,148,MI delta=-0.5,0.602790834354643,0.07965018002474576,131.74142848043053,0.12331591955259284,0.02563184603940652,153.828245669922,0.6773548126220703,0.4595,0.411,0.2265,0.0,0.194
D,148,MI delta=-0.75,0.5640809957846781,0.0743933171682642,151.18989838136838,0.02056591955259285,0.02683609216494851,184.83901393370226,0.5832028388977051,0.4595,0.411,0.2265,0.0,0.194
D,148,MI delta=-1.0,0.5193472319451112,0.06891093700148815,177.94345956609376,-0.08218408044740715,0.028257700901462384,227.22904325435755,0.6075067520141602,0.4595,0.411,0.2265,0.0,0.194
D,149,Complete-case,0.5378435841541198,0.10848921907555274,1000000.0,0.4607443275166624,0.026153787833331534,1000000.0,0.0063436031341552734,0.4195,0.4315,0.2535,0.0,0.186
D,149,Mean imputation,0.6196673573113607,0.09542714739662397,1000000.0,0.4607443275166624,0.014865605364012184,1000000.0,0.008532047271728516,0.4195,0.4315,0.2535,0.0,0.186
D,149,KNN (k=5),0.8826447358143279,0.08657660743818853,1000000.0,0.30824658381223285,0.017452809205574012,1000000.0,0.197981595993042,0.4195,0.4315,0.2535,0.0,0.186
D,149,MissForest (single),0.8749012711160775,0.08626725450811093,1000000.0,0.29434879262137464,0.01743836986562211,1000000.0,1.9034397602081299,0.4195,0.4315,0.2535,0.0,0.186
D,149,MI without outcome,0.6772696429160564,0.07793861584837809,1714.021449844429,0.29272728257905223,0.02106275810048508,1155.1937592634033,0.6392052173614502,0.4195,0.4315,0.2535,0.0,0.186
D,149,MI with outcome,0.6749402037826838,0.07834760331293684,1450.2888501656037,0.292924867775339,0.021065852377128172,1147.1934646166503,0.7149455547332764,0.4195,0.4315,0.2535,0.0,0.186
D,149,MI without auxiliary,0.5413384042034953,0.07919287288970477,705.098836192621,0.4293074162752257,0.02098324538411593,598.0971315368542,0.619448184967041,0.4195,0.4315,0.2535,0.0,0.186
D,149,Missingness indicator,0.5489608132229283,0.09073634002982986,1000000.0,,,1000000.0,0.007341623306274414,0.4195,0.4315,0.2535,0.0,0.186
D,149,MI delta=-0.25,0.6865947733488857,0.07610400870666305,1628.7725654560454,0.18504986777533894,0.021801447446566185,1316.018006961519,0.729642391204834,0.4195,0.4315,0.2535,0.0,0.186
D,149,MI delta=-0.5,0.6731373083731161,0.0726124879499469,1945.1792803746712,0.07717486777533895,0.02285115947239563,1588.3766094822026,0.7386734485626221,0.4195,0.4315,0.2535,0.0,0.186
D,149,MI delta=-0.75,0.6421560248564112,0.06841949374359758,2403.612572057196,-0.03070013222466104,0.024174103329334975,1989.399547602754,0.7398052215576172,0.4195,0.4315,0.2535,0.0,0.186
D,149,MI delta=-1.0,0.6013104780383514,0.06397096503090721,3021.608035218283,-0.13857513222466103,0.025728164691615887,2552.4412036071617,0.7170555591583252,0.4195,0.4315,0.2535,0.0,0.186
D,150,Complete-case,0.7037080165736692,0.11643549537742033,1000000.0,0.3991344105018148,0.02468361245809703,1000000.0,0.0075910091400146484,0.4495,0.407,0.2505,0.0,0.185
D,150,Mean imputation,0.7552868476806781,0.09994718685525801,1000000.0,0.39913441050181486,0.014634869157951263,1000000.0,0.007353305816650391,0.4495,0.407,0.2505,0.0,0.185
D,150,KNN (k=5),0.979155690430532,0.09226699149657273,1000000.0,0.2693992140977434,0.016962296208036822,1000000.0,0.17139959335327148,0.4495,0.407,0.2505,0.0,0.185
D,150,MissForest (single),0.9767332564507263,0.09264915811653356,1000000.0,0.26339730950705154,0.01685426991410928,1000000.0,1.9498157501220703,0.4495,0.407,0.2505,0.0,0.185
D,150,MI without outcome,0.719307904122233,0.08714795147567753,279.6148129001047,0.2524249272307949,0.020423800366287877,965.5298309446533,0.5047879219055176,0.4495,0.407,0.2505,0.0,0.185
D,150,MI with outcome,0.7190043862349151,0.08758345913446478,266.9306589231086,0.2525370626021972,0.020428103121002284,964.111528003968,0.5254037380218506,0.4495,0.407,0.2505,0.0,0.185
D,150,MI without auxiliary,0.6623195554123746,0.09002948131974127,172.38300736505306,0.3500765855424217,0.020453840848400042,468.47205496087787,0.4620249271392822,0.4495,0.407,0.2505,0.0,0.185
D,150,Missingness indicator,0.6838293871116851,0.09627365502185031,1000000.0,,,1000000.0,0.0033903121948242188,0.4495,0.407,0.2505,0.0,0.185
D,150,MI delta=-0.25,0.727254252454798,0.08487269627441439,298.5312459361911,0.1507870626021972,0.021132849255571046,1104.1989513839198,0.6538295745849609,0.4495,0.407,0.2505,0.0,0.185
D,150,MI delta=-0.5,0.7077904650268321,0.08046886325343038,358.94479652946785,0.049037062602197194,0.022158050945126517,1334.5699322057994,0.43796539306640625,0.4495,0.407,0.2505,0.0,0.185
D,150,MI delta=-0.75,0.6696184242354358,0.07519166010633375,453.4531490392534,-0.052712937397802806,0.023461737131054476,1677.4738862365643,0.45609045028686523,0.4495,0.407,0.2505,0.0,0.185
D,150,MI delta=-1.0,0.6216398486611068,0.06968906863336932,590.0839221166273,-0.1544629373978028,0.025000379601484546,2162.726101478907,0.5341377258300781,0.4495,0.407,0.2505,0.0,0.185
D,151,Complete-case,0.40799907840101374,0.11067772915823415,1000000.0,0.41339800249624853,0.02622259584467599,1000000.0,0.00740504264831543,0.421,0.429,0.255,0.0,0.184
D,151,Mean imputation,0.5515819406708579,0.09743859881892242,1000000.0,0.41339800249624853,0.014970288182579726,1000000.0,0.008081912994384766,0.421,0.429,0.255,0.0,0.184
D,151,KNN (k=5),0.8383190477585317,0.09018714314201272,1000000.0,0.2801019314478573,0.017225674196100348,1000000.0,0.1907503604888916,0.421,0.429,0.255,0.0,0.184
D,151,MissForest (single),0.796227672685869,0.0886045605719147,1000000.0,0.24881734404548594,0.017455310179982576,1000000.0,1.9804363250732422,0.421,0.429,0.255,0.0,0.184
D,151,MI without outcome,0.5927909129933283,0.08185234984826392,486.26859623222515,0.25506367487358717,0.022993900504918306,165.2732530039273,0.6441397666931152,0.421,0.429,0.255,0.0,0.184
D,151,MI with outcome,0.5597713842518737,0.08190856599911703,464.3417572016443,0.25523151376073877,0.023030799925183826,162.94997530738203,0.821995735168457,0.421,0.429,0.255,0.0,0.184
D,151,MI without auxiliary,0.48168913630798976,0.08563806153218684,171.96557793439973,0.36741342005528665,0.024351295550906038,82.82573036314948,0.691615104675293,0.421,0.429,0.255,0.0,0.184
D,151,Missingness indicator,0.5019194409038733,0.09378025499696573,1000000.0,,,1000000.0,0.006824970245361328,0.421,0.429,0.255,0.0,0.184
D,151,MI delta=-0.25,0.5679584641312787,0.07975686633230879,464.0102029799048,0.1479815137607388,0.023678388973712723,182.06514500432695,0.744873046875,0.421,0.429,0.255,0.0,0.184
D,151,MI delta=-0.5,0.5551232249062815,0.07627831603436784,471.6073537195275,0.040731513760738795,0.024621780193259415,212.8609561181387,0.7606222629547119,0.421,0.429,0.255,0.0,0.184
D,151,MI delta=-0.75,0.5275885256241277,0.07196557662906079,491.4738853603585,-0.0665184862392612,0.025828581294335004,257.76290463513317,0.7875869274139404,0.421,0.429,0.255,0.0,0.184
D,151,MI delta=-1.0,0.4918904611022801,0.06726531969160768,528.6717615960437,-0.17376848623926117,0.027263836116165157,320.011848974785,0.7628512382507324,0.421,0.429,0.255,0.0,0.184
D,152,Complete-case,0.6419727581055071,0.10670092520874003,1000000.0,0.44993964854891694,0.026011274847051444,1000000.0,0.007939577102661133,0.433,0.4235,0.244,0.0,0.1995
D,152,Mean imputation,0.6162948349265617,0.09112036029994329,1000000.0,0.4499396485489169,0.014992744374757705,1000000.0,0.007910966873168945,0.433,0.4235,0.244,0.0,0.1995
D,152,KNN (k=5),0.7981997384746435,0.08220731375119317,1000000.0,0.29958138520586863,0.017585564853045188,1000000.0,0.18457698822021484,0.433,0.4235,0.244,0.0,0.1995
D,152,MissForest (single),0.8404140660047666,0.08231293627583273,1000000.0,0.2818607646685284,0.017606448210005482,1000000.0,2.0246918201446533,0.433,0.4235,0.244,0.0,0.1995
D,152,MI without outcome,0.6545936289142699,0.08572683731830384,102.72598894539138,0.2757700033064321,0.021423551352310995,812.4193727612954,0.6223022937774658,0.433,0.4235,0.244,0.0,0.1995
D,152,MI with outcome,0.6170907499244426,0.08506632915300813,105.02622011110817,0.2747763570336487,0.02145516891251961,811.0492318530527,0.7159276008605957,0.433,0.4235,0.244,0.0,0.1995
D,152,MI without auxiliary,0.5724721880967033,0.08778444475078138,86.75960169446246,0.40269457789752805,0.02161248941169984,323.5264055677642,0.6534631252288818,0.433,0.4235,0.244,0.0,0.1995
D,152,Missingness indicator,0.5679931414507072,0.08804615743115494,1000000.0,,,1000000.0,0.006932497024536133,0.433,0.4235,0.244,0.0,0.1995
D,152,MI delta=-0.25,0.6178488376350324,0.08188887516579794,114.82609800257748,0.16890135703364872,0.022208461121339375,931.0935761616653,0.7664997577667236,0.433,0.4235,0.244,0.0,0.1995
D,152,MI delta=-0.5,0.5983923449740967,0.07736470815466921,130.70721695630186,0.06302635703364871,0.023267446905499572,1121.7973029775271,0.7164504528045654,0.433,0.4235,0.244,0.0,0.1995
D,152,MI delta=-0.75,0.5654230727702659,0.0721418852053236,153.80071675775758,-0.04284864296635128,0.0245926674728738,1400.045066495379,0.7585909366607666,0.433,0.4235,0.244,0.0,0.1995
D,152,MI delta=-1.0,0.5253637781323202,0.06674282953918584,185.80643816214737,-0.14872364296635127,0.026143667859949437,1788.0741925954035,0.7784285545349121,0.433,0.4235,0.244,0.0,0.1995
D,153,Complete-case,0.5507055157671343,0.10947945492892051,1000000.0,0.4413224069664285,0.02665263370510775,1000000.0,0.003959178924560547,0.417,0.4455,0.254,0.0,0.2085
D,153,Mean imputation,0.5588736518179646,0.09356291854702227,1000000.0,0.4413224069664284,0.014775915168968867,1000000.0,0.005889177322387695,0.417,0.4455,0.254,0.0,0.2085
D,153,KNN (k=5),0.8012340137821853,0.0851101445621556,1000000.0,0.2992975850233592,0.017379685266332188,1000000.0,0.12193560600280762,0.417,0.4455,0.254,0.0,0.2085
D,153,MissForest (single),0.8436422493030379,0.08419307823900558,1000000.0,0.26994874146009673,0.01762920174269821,1000000.0,1.8130347728729248,0.417,0.4455,0.254,0.0,0.2085
D,153,MI without outcome,0.6210051756894658,0.07998178613473488,239.31182466930213,0.27105566239087786,0.02214539549397355,339.61010219131856,0.7156412601470947,0.417,0.4455,0.254,0.0,0.2085
D,153,MI with outcome,0.5723132413139235,0.07919049370676537,257.0204108878975,0.2702790700160868,0.022167481440203543,343.49430308915004,0.8426332473754883,0.417,0.4455,0.254,0.0,0.2085
D,153,MI without auxiliary,0.4735350777328501,0.08165060019814654,158.63936641549736,0.40047314174201887,0.022682548735312214,165.08920253197837,0.6747961044311523,0.417,0.4455,0.254,0.0,0.2085
D,153,Missingness indicator,0.5018091507447977,0.0894470193088635,1000000.0,,,1000000.0,0.0067729949951171875,0.417,0.4455,0.254,0.0,0.2085
D,153,MI delta=-0.25,0.5838367974583962,0.0767996158097775,268.840420569164,0.1589040700160868,0.022865771773913884,388.86385948299284,0.7700622081756592,0.417,0.4455,0.254,0.0,0.2085
D,153,MI delta=-0.5,0.5734300375850931,0.07299050276580589,298.4447929417734,0.04752907001608683,0.02386916184427354,461.7456378694817,0.7953391075134277,0.417,0.4455,0.254,0.0,0.2085
D,153,MI delta=-0.75,0.5475255763551342,0.06839309476013054,344.6760977622382,-0.06384592998391317,0.025141148311005782,568.3221262432174,0.7807199954986572,0.417,0.4455,0.254,0.0,0.2085
D,153,MI delta=-1.0,0.5128139953449838,0.06353051708805682,408.1944913666936,-0.17522092998391317,0.02664328944706926,716.812377854836,0.7722587585449219,0.417,0.4455,0.254,0.0,0.2085
D,154,Complete-case,0.49338774585117806,0.11444460831818723,1000000.0,0.4348038170588009,0.025932585299133275,1000000.0,0.003536701202392578,0.406,0.449,0.263,0.0,0.1755
D,154,Mean imputation,0.5978399640719883,0.0973139427502102,1000000.0,0.43480381705880083,0.01428594181406257,1000000.0,0.006086587905883789,0.406,0.449,0.263,0.0,0.1755
D,154,KNN (k=5),0.7736815777796495,0.08729366514883163,1000000.0,0.27691153173499816,0.016583383885964455,1000000.0,0.12093782424926758,0.406,0.449,0.263,0.0,0.1755
D,154,MissForest (single),0.8000874872957472,0.08784456279820141,1000000.0,0.2704352963713164,0.016514689754117323,1000000.0,1.8064038753509521,0.406,0.449,0.263,0.0,0.1755
D,154,MI without outcome,0.634236854415217,0.08145341263762947,601.7331426686181,0.25824501570849856,0.02257501060684078,143.4332596829732,0.5275800228118896,0.406,0.449,0.263,0.0,0.1755
D,154,MI with outcome,0.5858494159595734,0.08094597320766567,617.4725126891714,0.25637997015445835,0.022586450707650484,145.2659568252092,0.620736837387085,0.406,0.449,0.263,0.0,0.1755
D,154,MI without auxiliary,0.5316743985753887,0.08550404083076045,210.80811808672593,0.3952609169388609,0.023558524584301452,81.19198278201488,0.4717423915863037,0.406,0.449,0.263,0.0,0.1755
D,154,Missingness indicator,0.5517271471489058,0.09420259382986736,1000000.0,,,1000000.0,0.006739139556884766,0.406,0.449,0.263,0.0,0.1755
D,154,MI delta=-0.25,0.5848060007198874,0.07875032579194749,545.1607128636379,0.14412997015445836,0.023291050252475638,164.2586231313092,0.7443346977233887,0.406,0.449,0.263,0.0,0.1755
D,154,MI delta=-0.5,0.5633754949337624,0.07522538795431415,505.4941889952647,0.03187997015445835,0.024295441151455942,194.47825347435935,0.7097010612487793,0.406,0.449,0.263,0.0,0.1755
D,154,MI delta=-0.75,0.5288598982647983,0.07083747442447139,500.36826567143237,-0.08037002984554165,0.02556431247287252,238.40115637177092,0.610933780670166,0.406,0.449,0.263,0.0,0.1755
D,154,MI delta=-1.0,0.4880441580737667,0.06605305665755283,528.1313270259772,-0.19262002984554166,0.02706048514464893,299.30515866652235,0.7381000518798828,0.406,0.449,0.263,0.0,0.1755
D,155,Complete-case,0.8493927241427832,0.11853559761130357,1000000.0,0.4524628159729638,0.024794752705800855,1000000.0,0.008172988891601562,0.4345,0.426,0.246,0.0,0.1835
D,155,Mean imputation,0.8113181780116718,0.09839398953418868,1000000.0,0.4524628159729639,0.014229545845722388,1000000.0,0.007839679718017578,0.4345,0.426,0.246,0.0,0.1835
D,155,KNN (k=5),1.1027372023623407,0.09220185321029728,1000000.0,0.32544487711182063,0.016359638870935684,1000000.0,0.20104146003723145,0.4345,0.426,0.246,0.0,0.1835
D,155,MissForest (single),1.0759721021270539,0.0916469641499476,1000000.0,0.3125122070239455,0.016263698104816503,1000000.0,1.9642112255096436,0.4345,0.426,0.246,0.0,0.1835
D,155,MI without outcome,0.8206693534002711,0.08712757270840181,308.4145878019408,0.29406691482492553,0.021657195832988165,180.34035221062382,0.49552392959594727,0.4345,0.426,0.246,0.0,0.1835
D,155,MI with outcome,0.8675028408037223,0.08787314921981969,357.09385053600516,0.29540134733657786,0.02163650183199972,180.69785849263903,0.6015551090240479,0.4345,0.426,0.246,0.0,0.1835
D,155,MI without auxiliary,0.774424575990244,0.08709026391678436,340.6314619756566,0.41144326113937335,0.022348087736592588,102.3260001199118,0.5636959075927734,0.4345,0.426,0.246,0.0,0.1835
D,155,Missingness indicator,0.766362106384717,0.09662819265917887,1000000.0,,,1000000.0,0.006563663482666016,0.4345,0.426,0.246,0.0,0.1835
D,155,MI delta=-0.25,0.8474303049974197,0.085130976604021,365.0812185497107,0.1889013473365778,0.022323373505633553,204.7595306599735,0.7145733833312988,0.4345,0.426,0.246,0.0,0.1835
D,155,MI delta=-0.5,0.7997610213953089,0.0807863574172093,392.1921435174473,0.08240134733657781,0.023319909798614463,243.84411986621132,0.7724175453186035,0.4345,0.426,0.246,0.0,0.1835
D,155,MI delta=-0.75,0.7362361914595964,0.07554955829594502,441.23141387989295,-0.02409865266342219,0.024588488700133786,301.3923100529423,0.7645235061645508,0.4345,0.426,0.246,0.0,0.1835
D,155,MI delta=-1.0,0.6669375994151163,0.07001307291882615,518.0171632423495,-0.1305986526634222,0.02608945678421262,382.00141260759256,0.7493166923522949,0.4345,0.426,0.246,0.0,0.1835
D,156,Complete-case,0.5030037205622166,0.10243208943333439,1000000.0,0.40724394026182015,0.026583474224974812,1000000.0,0.004572153091430664,0.4405,0.432,0.2495,0.0,0.195
D,156,Mean imputation,0.533645634942487,0.09023737603332022,1000000.0,0.4072439402618201,0.015096540635069903,1000000.0,0.007733583450317383,0.4405,0.432,0.2495,0.0,0.195
D,156,KNN (k=5),0.7163834040615198,0.08074053696926768,1000000.0,0.23103709744104042,0.017714318085157037,1000000.0,0.1851363182067871,0.4405,0.432,0.2495,0.0,0.195
D,156,MissForest (single),0.7961560914503779,0.08115196739040519,1000000.0,0.22540163590302822,0.017773247893059695,1000000.0,1.8981411457061768,0.4405,0.432,0.2495,0.0,0.195
D,156,MI without outcome,0.6204789158272869,0.07868492686506988,259.6453675421909,0.21212659550694615,0.0234977331956639,160.7807049552642,0.6296372413635254,0.4405,0.432,0.2495,0.0,0.195
D,156,MI with outcome,0.553031664360463,0.07693929078343391,315.6075796065937,0.20883011545385538,0.02353800357786922,162.4661485262592,0.7307827472686768,0.4405,0.432,0.2495,0.0,0.195
D,156,MI without auxiliary,0.4894758845068437,0.08166790394790903,145.97021281416133,0.3509555933184836,0.024517271518289932,80.9189195587038,0.6018021106719971,0.4405,0.432,0.2495,0.0,0.195
D,156,Missingness indicator,0.49494895047937426,0.08749608519833485,1000000.0,,,1000000.0,0.005583286285400391,0.4405,0.432,0.2495,0.0,0.195
D,156,MI delta=-0.25,0.5493691390537198,0.07393721106443718,366.4263138840657,0.10083011545385541,0.024287822172876058,184.178395339687,0.5956988334655762,0.4405,0.432,0.2495,0.0,0.195
D,156,MI delta=-0.5,0.5290883628545683,0.06990420845082419,449.68237550907827,-0.0071698845461446005,0.025320005355580665,217.54021818643926,0.6478421688079834,0.4405,0.432,0.2495,0.0,0.195
D,156,MI delta=-0.75,0.49809818325533495,0.06538437690489428,572.7584411071987,-0.1151698845461446,0.02660170498949147,265.0466249720888,0.771679162979126,0.4405,0.432,0.2495,0.0,0.195
D,156,MI delta=-1.0,0.4618003064460544,0.060783856775647044,746.1572100706597,-0.2231698845461446,0.028098797435569284,329.94026654832817,0.7729496955871582,0.4405,0.432,0.2495,0.0,0.195
D,157,Complete-case,0.5074342329709527,0.10921125663471135,1000000.0,0.43648872388141136,0.025090842886563536,1000000.0,0.0025718212127685547,0.4455,0.4325,0.223,0.0,0.177
D,157,Mean imputation,0.5459109354710364,0.09768691359792127,1000000.0,0.4364887238814114,0.01423633877483038,1000000.0,0.0038156509399414062,0.4455,0.4325,0.223,0.0,0.177
D,157,KNN (k=5),0.697144104283925,0.08881475952422814,1000000.0,0.31040930742088063,0.016277278726702066,1000000.0,0.0810389518737793,0.4455,0.4325,0.223,0.0,0.177
D,157,MissForest (single),0.7470073507884043,0.08927877610941602,1000000.0,0.2955721537931426,0.01615681071069031,1000000.0,1.8647606372833252,0.4455,0.4325,0.223,0.0,0.177
D,157,MI without outcome,0.5735371856678316,0.08755824829040734,148.5340647706176,0.27242141320290403,0.021172694012122666,315.30756928643035,0.5503835678100586,0.4455,0.4325,0.223,0.0,0.177
D,157,MI with outcome,0.5380495442979031,0.08686053284837608,160.75370882206613,0.2721001611358874,0.02119271887361642,316.26377582960004,0.5650994777679443,0.4455,0.4325,0.223,0.0,0.177
D,157,MI without auxiliary,0.47611363151668773,0.09096553173815479,101.78904737949696,0.39044557586145734,0.021702260016318673,154.63214641878068,0.5153937339782715,0.4455,0.4325,0.223,0.0,0.177
D,157,Missingness indicator,0.5016896687751051,0.09347007963216312,1000000.0,,,1000000.0,0.005242824554443359,0.4455,0.4325,0.223,0.0,0.177
D,157,MI delta=-0.25,0.5509335553900797,0.08407656980567979,171.23774568209927,0.16397516113588737,0.02191208757529698,361.44128945255665,0.5702755451202393,0.4455,0.4325,0.223,0.0,0.177
D,157,MI delta=-0.5,0.5426082068710503,0.07976898455698062,191.73667306410002,0.055850161135887345,0.02294549495844437,434.60274425402315,0.6301772594451904,0.4455,0.4325,0.223,0.0,0.177
D,157,MI delta=-0.75,0.5191586661397287,0.07463355680313707,222.5995727892991,-0.05227483886411266,0.024252830849153917,542.4409828851078,0.6407778263092041,0.4455,0.4325,0.223,0.0,0.177
D,157,MI delta=-1.0,0.4869830696441045,0.06923776958859666,265.1390020654119,-0.16039983886411263,0.025792475217328654,693.8647593701061,0.6561987400054932,0.4455,0.4325,0.223,0.0,0.177
D,158,Complete-case,0.5908666800933172,0.11211069455268778,1000000.0,0.41212907809760185,0.02515819910670528,1000000.0,0.004285573959350586,0.4525,0.4115,0.2375,0.0,0.1865
D,158,Mean imputation,0.5343945385530628,0.09645446746201518,1000000.0,0.4121290780976018,0.014803010503359007,1000000.0,0.007764101028442383,0.4525,0.4115,0.2375,0.0,0.1865
D,158,KNN (k=5),0.7536961502878804,0.08964427962516756,1000000.0,0.27409567515529426,0.017144998935100977,1000000.0,0.11264324188232422,0.4525,0.4115,0.2375,0.0,0.1865
D,158,MissForest (single),0.870309750028416,0.09017580661012353,1000000.0,0.25214143290348456,0.017306202396455802,1000000.0,1.88319993019104,0.4525,0.4115,0.2375,0.0,0.1865
D,158,MI without outcome,0.6493344987296372,0.08407321270563323,520.2482195225105,0.26314575974522797,0.020940176362556077,656.0106298127143,0.6619946956634521,0.4525,0.4115,0.2375,0.0,0.1865
D,158,MI with outcome,0.6010725132518573,0.08418187676266913,443.92164396710075,0.2613872013633173,0.020945181308225917,675.7158771266256,0.7654328346252441,0.4525,0.4115,0.2375,0.0,0.1865
D,158,MI without auxiliary,0.5272200903941395,0.08623082798508486,252.51598972092495,0.37378624634730107,0.021200270408623854,331.2105327474886,0.6955733299255371,0.4525,0.4115,0.2375,0.0,0.1865
D,158,Missingness indicator,0.49645684120102823,0.09435889197516731,1000000.0,,,1000000.0,0.0043833255767822266,0.4525,0.4115,0.2375,0.0,0.1865
D,158,MI delta=-0.25,0.6003726525716089,0.08125262817039777,538.9902997662524,0.1585122013633173,0.021643963155970745,770.5037753122506,0.7748463153839111,0.4525,0.4115,0.2375,0.0,0.1865
D,158,MI delta=-0.5,0.57789258389466,0.07704545629809206,670.3049112412805,0.055637201363317304,0.022657553223208667,925.2938219805884,0.7914731502532959,0.4525,0.4115,0.2375,0.0,0.1865
D,158,MI delta=-0.75,0.5412353694443888,0.0721503048957238,847.032697139475,-0.0472377986366827,0.023946009081494128,1154.4103149165458,0.8047606945037842,0.4525,0.4115,0.2375,0.0,0.1865
D,158,MI delta=-1.0,0.497699819353401,0.06704666014192198,1082.139313025032,-0.15011279863668273,0.025467646921190353,1477.0082058703842,0.8247289657592773,0.4525,0.4115,0.2375,0.0,0.1865
D,159,Complete-case,0.7772006699632465,0.11573926610294284,1000000.0,0.4217326884277311,0.024812011839526953,1000000.0,0.0023622512817382812,0.446,0.4225,0.2425,0.0,0.1905
D,159,Mean imputation,0.6726405584076683,0.0967609148919761,1000000.0,0.4217326884277311,0.01432631451758274,1000000.0,0.004205226898193359,0.446,0.4225,0.2425,0.0,0.1905
D,159,KNN (k=5),0.9784625841138581,0.09023380588535947,1000000.0,0.2984392460640002,0.016518399592918415,1000000.0,0.09876632690429688,0.446,0.4225,0.2425,0.0,0.1905
D,159,MissForest (single),1.0384571862049692,0.09108679940008868,1000000.0,0.28291564623917514,0.016417437669195966,1000000.0,1.8132615089416504,0.446,0.4225,0.2425,0.0,0.1905
D,159,MI without outcome,0.7281430685622402,0.08537726295271855,271.61857742292204,0.2649930965256583,0.021542951530412375,214.85490855011042,0.6467955112457275,0.446,0.4225,0.2425,0.0,0.1905
D,159,MI with outcome,0.7270182214048123,0.08615225655648104,260.720250403301,0.2639730619187374,0.021571462069886287,212.37761977845656,0.7360577583312988,0.446,0.4225,0.2425,0.0,0.1905
D,159,MI without auxiliary,0.6465802192040553,0.08727814024489113,209.05025598199566,0.3892255254253258,0.022101667532419066,120.1091994284072,0.6173586845397949,0.446,0.4225,0.2425,0.0,0.1905
D,159,Missingness indicator,0.6404159226495905,0.09518749504732871,1000000.0,,,1000000.0,0.00693511962890625,0.446,0.4225,0.2425,0.0,0.1905
D,159,MI delta=-0.25,0.7058086050484264,0.08300268197942669,271.01620098689335,0.15834806191873732,0.022265321351303245,241.0495320741995,0.7451956272125244,0.446,0.4225,0.2425,0.0,0.1905
D,159,MI delta=-0.5,0.6625408112953863,0.0783274822351853,301.3853759197621,0.05272306191873731,0.023268397708373807,287.512238060235,0.7600150108337402,0.446,0.4225,0.2425,0.0,0.1905
D,159,MI delta=-0.75,0.6072708273726077,0.07286745608466498,355.1441919257623,-0.05290193808126269,0.024542806826997346,355.866689973317,0.7557616233825684,0.446,0.4225,0.2425,0.0,0.1905
D,159,MI delta=-1.0,0.5482823795297415,0.06722931794727299,437.45782647240526,-0.15852693808126267,0.02604875505611654,451.583754713205,0.7031924724578857,0.446,0.4225,0.2425,0.0,0.1905
D,160,Complete-case,0.4133182028879285,0.10655952717444266,1000000.0,0.445151608205645,0.025722833424407086,1000000.0,0.003801107406616211,0.409,0.4505,0.2475,0.0,0.1905
D,160,Mean imputation,0.42103921246236337,0.0953895029032292,1000000.0,0.445151608205645,0.014131798186110841,1000000.0,0.00670313835144043,0.409,0.4505,0.2475,0.0,0.1905
D,160,KNN (k=5),0.6373883722646138,0.0854033435533814,1000000.0,0.32224359030110217,0.01647886334792372,1000000.0,0.1323854923248291,0.409,0.4505,0.2475,0.0,0.1905
D,160,MissForest (single),0.7347898265192757,0.08573619592999449,1000000.0,0.29497803453555665,0.016745970362347543,1000000.0,1.8084545135498047,0.409,0.4505,0.2475,0.0,0.1905
D,160,MI without outcome,0.5536296183520465,0.08282246416993182,214.61369166887323,0.27687725609393915,0.021054599252450564,480.04695687395383,0.5543603897094727,0.409,0.4505,0.2475,0.0,0.1905
D,160,MI with outcome,0.49106322792930657,0.08335478546472289,169.11470778292045,0.2763607918476606,0.021082501760677646,485.7854640330789,0.678947925567627,0.409,0.4505,0.2475,0.0,0.1905
D,160,MI without auxiliary,0.3804613174953331,0.08745555129945708,106.09187600193117,0.3972332212458852,0.021184273642043387,243.28966957975518,0.6110107898712158,0.409,0.4505,0.2475,0.0,0.1905
D,160,Missingness indicator,0.378219264994244,0.0904181087104879,1000000.0,,,1000000.0,0.005573749542236328,0.409,0.4505,0.2475,0.0,0.1905
D,160,MI delta=-0.25,0.5109692079414051,0.08054164552278267,183.00766366337092,0.16373579184766063,0.02180391978733309,555.768895379301,0.46946263313293457,0.409,0.4505,0.2475,0.0,0.1905
D,160,MI delta=-0.5,0.5091993384403954,0.07622839721266046,208.76648731964946,0.05111079184766064,0.02284358892272671,669.5966613591866,0.4403245449066162,0.409,0.4505,0.2475,0.0,0.1905
D,160,MI delta=-0.75,0.4914720072018737,0.07110397235581256,248.27129018106834,-0.06151420815233936,0.024160459242803668,837.8700657108732,0.6598608493804932,0.409,0.4505,0.2475,0.0,0.1905
D,160,MI delta=-1.0,0.4641569567720582,0.0657544194656031,304.0456136137972,-0.17413920815233935,0.02571197436896705,1074.7257148867832,0.708707332611084,0.409,0.4505,0.2475,0.0,0.1905
D,161,Complete-case,0.5866869911257102,0.11318652205571927,1000000.0,0.42637999389805153,0.024894290888836133,1000000.0,0.007046222686767578,0.4505,0.4115,0.232,0.0,0.171
D,161,Mean imputation,0.5950892179515603,0.09887813928372831,1000000.0,0.42637999389805165,0.01464772768265828,1000000.0,0.006938457489013672,0.4505,0.4115,0.232,0.0,0.171
D,161,KNN (k=5),0.8411816046452196,0.09050347534078776,1000000.0,0.2942465896793815,0.016772840531229693,1000000.0,0.17426109313964844,0.4505,0.4115,0.232,0.0,0.171
D,161,MissForest (single),0.796202811801114,0.08950252814096533,1000000.0,0.28268244360882894,0.016864952884697037,1000000.0,1.957254409790039,0.4505,0.4115,0.232,0.0,0.171
D,161,MI without outcome,0.6184578274838743,0.08931962164749309,186.83769710168787,0.278749756611923,0.021591221712309008,220.49121754819538,0.6178758144378662,0.4505,0.4115,0.232,0.0,0.171
D,161,MI with outcome,0.6055265328719746,0.08936886910051799,181.88730017710955,0.2788973424625805,0.02159539312740497,220.25707049633874,0.734309196472168,0.4505,0.4115,0.232,0.0,0.171
D,161,MI without auxiliary,0.5532519065595076,0.09284535086487578,115.42827571059026,0.38176934655663153,0.02221662343572231,130.825737042504,0.6473321914672852,0.4505,0.4115,0.232,0.0,0.171
D,161,Missingness indicator,0.5380938071049309,0.09410297843979581,1000000.0,,,1000000.0,0.006453514099121094,0.4505,0.4115,0.232,0.0,0.171
D,161,MI delta=-0.25,0.6205203192296421,0.08561303932958741,227.5888339572035,0.17602234246258053,0.02226301354244176,248.78328770971217,0.7596251964569092,0.4505,0.4115,0.232,0.0,0.171
D,161,MI delta=-0.5,0.6109007154946837,0.08057875004338848,298.7571285694077,0.07314734246258053,0.0232393114260658,295.3781896509606,0.7586519718170166,0.4505,0.4115,0.232,0.0,0.171
D,161,MI delta=-0.75,0.5840345822732468,0.07502715195330885,401.8910416365047,-0.02972765753741946,0.0244873942065576,364.12935487941564,0.7111072540283203,0.4505,0.4115,0.232,0.0,0.171
D,161,MI delta=-1.0,0.5474177696196788,0.0694670443842606,545.3988023903764,-0.13260265753741945,0.02596810371205377,460.5177231210526,0.7182421684265137,0.4505,0.4115,0.232,0.0,0.171
D,162,Complete-case,0.5008989774825506,0.110023642677808,1000000.0,0.45151357358075567,0.02671534977599454,1000000.0,0.004048824310302734,0.4185,0.4415,0.246,0.0,0.177
D,162,Mean imputation,0.582469486704149,0.09521357464962214,1000000.0,0.45151357358075567,0.014917572376348356,1000000.0,0.0049746036529541016,0.4185,0.4415,0.246,0.0,0.177
D,162,KNN (k=5),0.8338144357604091,0.08752423908336628,1000000.0,0.30590263092848224,0.01753624937939128,1000000.0,0.11222529411315918,0.4185,0.4415,0.246,0.0,0.177
D,162,MissForest (single),0.8216365315606066,0.08645417231859855,1000000.0,0.28218237092241394,0.01764226508681836,1000000.0,1.4058761596679688,0.4185,0.4415,0.246,0.0,0.177
D,162,MI without outcome,0.6227567799382338,0.08629621365226059,149.91835815211937,0.26841054186497765,0.022023301844722166,479.5100909951532,0.4782443046569824,0.4185,0.4415,0.246,0.0,0.177
D,162,MI with outcome,0.5890118771645019,0.08682227674508747,136.22622925679406,0.26774149225943783,0.022044906444213284,479.29298122166085,0.4553048610687256,0.4185,0.4415,0.246,0.0,0.177
D,162,MI without auxiliary,0.5182023679979223,0.09376400317547746,68.89001322972703,0.40119139511814694,0.022283110350810827,226.54689986772212,0.5118627548217773,0.4185,0.4415,0.246,0.0,0.177
D,162,Missingness indicator,0.5268485417660761,0.09209591701571618,1000000.0,,,1000000.0,0.005921125411987305,0.4185,0.4415,0.246,0.0,0.177
D,162,MI delta=-0.25,0.5924846962533716,0.0830014345633384,168.09678766860432,0.15736649225943783,0.02278945638639132,547.3988641979406,0.4782111644744873,0.4185,0.4415,0.246,0.0,0.177
D,162,MI delta=-0.5,0.575839016897002,0.078005780670618,217.27456749389648,0.046991492259437814,0.02383609790684582,655.1016169932775,0.4792635440826416,0.4185,0.4415,0.246,0.0,0.177
D,162,MI delta=-0.75,0.5454950865476683,0.07253241803804601,288.73093809958044,-0.06338350774056219,0.02514713946449257,811.5632831340624,0.789548397064209,0.4185,0.4415,0.246,0.0,0.177
D,162,MI delta=-1.0,0.5077863861155387,0.06706939670913671,388.2863084490982,-0.17375850774056217,0.02668363734300352,1028.8407256357866,0.7730751037597656,0.4185,0.4415,0.246,0.0,0.177
D,163,Complete-case,0.6188352288928731,0.11842760812233333,1000000.0,0.461516288700767,0.02428423821013663,1000000.0,0.003550291061401367,0.436,0.4215,0.251,0.0,0.181
D,163,Mean imputation,0.6978421399762094,0.10078515452302673,1000000.0,0.461516288700767,0.0140458713395118,1000000.0,0.007100582122802734,0.436,0.4215,0.251,0.0,0.181
D,163,KNN (k=5),0.9008108590272005,0.09297908101016406,1000000.0,0.3421168114638328,0.01600507364003265,1000000.0,0.10658407211303711,0.436,0.4215,0.251,0.0,0.181
D,163,MissForest (single),0.8932308959202827,0.09289978024945476,1000000.0,0.3323796314475013,0.015982299805115837,1000000.0,1.8010737895965576,0.436,0.4215,0.251,0.0,0.181
D,163,MI without outcome,0.6860062653979889,0.09264025616166603,129.71390225342887,0.3145451615311049,0.01943905470180293,2223.7867303085673,0.5525434017181396,0.436,0.4215,0.251,0.0,0.181
D,163,MI with outcome,0.689054264616048,0.0940919064636993,117.04205814659127,0.3144685799050903,0.019458701711689216,2156.5546575667554,0.5842065811157227,0.436,0.4215,0.251,0.0,0.181
D,163,MI without auxiliary,0.6691807315915844,0.10068063827696827,73.09646513319777,0.4279685644295254,0.01913100602273795,1351.7925230268731,0.5057342052459717,0.436,0.4215,0.251,0.0,0.181
D,163,Missingness indicator,0.6329232930394777,0.09693348401634155,1000000.0,,,1000000.0,0.005099058151245117,0.436,0.4215,0.251,0.0,0.181
D,163,MI delta=-0.25,0.6969260264609829,0.09086936104248132,125.63019559687932,0.20909357990509028,0.020187675137423488,2498.3326092223233,0.6649739742279053,0.436,0.4215,0.251,0.0,0.181
D,163,MI delta=-0.5,0.6772713779826494,0.08584462689366705,140.78634594781985,0.10371857990509033,0.021253020155270978,3068.9346689908766,0.6786761283874512,0.436,0.4215,0.251,0.0,0.181
D,163,MI delta=-0.75,0.639340159173206,0.07985832788189481,163.64972867774787,-0.00165642009490968,0.02260723307048256,3929.114399613729,0.5841732025146484,0.436,0.4215,0.251,0.0,0.181
D,163,MI delta=-1.0,0.5921098299796318,0.0736139490044524,195.79152281977747,-0.1070314200949097,0.024201871654945303,5160.607640036976,0.5821857452392578,0.436,0.4215,0.251,0.0,0.181
D,164,Complete-case,0.6317605268088332,0.11668225499537602,1000000.0,0.4297583860283875,0.025866873762433944,1000000.0,0.003669261932373047,0.4125,0.444,0.2505,0.0,0.19
D,164,Mean imputation,0.7244016368836109,0.1019565884965985,1000000.0,0.4297583860283875,0.014379108865645952,1000000.0,0.0060214996337890625,0.4125,0.444,0.2505,0.0,0.19
D,164,KNN (k=5),1.0611376390936282,0.09494548272549998,1000000.0,0.2960610917999509,0.01706125276103925,1000000.0,0.11514854431152344,0.4125,0.444,0.2505,0.0,0.19
D,164,MissForest (single),1.0550109862990933,0.09468140317250248,1000000.0,0.2840452931392543,0.016907625408816695,1000000.0,1.8305554389953613,0.4125,0.444,0.2505,0.0,0.19
D,164,MI without outcome,0.79982961781495,0.08418208383354475,994.3728963689402,0.2777798664911925,0.021175037308646748,453.0487587884459,0.5748112201690674,0.4125,0.444,0.2505,0.0,0.19
D,164,MI with outcome,0.7664808950789209,0.0848994519132374,672.9357537504791,0.27745591067197845,0.02119502208204529,448.09770284854585,0.6506140232086182,0.4125,0.444,0.2505,0.0,0.19
D,164,MI without auxiliary,0.6264426623725137,0.08499146316491898,445.3923195233169,0.3914472652421998,0.02156948655586614,217.13948806821156,0.5772106647491455,0.4125,0.444,0.2505,0.0,0.19
D,164,Missingness indicator,0.6583707919777995,0.09859993816181636,1000000.0,,,1000000.0,0.006024599075317383,0.4125,0.444,0.2505,0.0,0.19
D,164,MI delta=-0.25,0.7660180824086757,0.08198794488681609,837.2173032875984,0.1664559106719785,0.02186613716754091,507.6045385982199,0.6624224185943604,0.4125,0.444,0.2505,0.0,0.19
D,164,MI delta=-0.5,0.735472927981063,0.07754663933494087,1085.7723985594916,0.055455910671978484,0.02285746413231835,606.1071564150767,0.584256649017334,0.4125,0.444,0.2505,0.0,0.19
D,164,MI delta=-0.75,0.6858890866846764,0.07232006305680728,1425.9031929119956,-0.05554408932802152,0.024129568932119483,752.7235049407698,0.5698785781860352,0.4125,0.444,0.2505,0.0,0.19
D,164,MI delta=-1.0,0.6277086168279913,0.06689683573863353,1864.088245644208,-0.1665440893280215,0.02564069510560841,959.7462017027432,0.6037940979003906,0.4125,0.444,0.2505,0.0,0.19
D,165,Complete-case,0.6800817829167928,0.11281444620992641,1000000.0,0.4537499022040679,0.026536673925984466,1000000.0,0.004109382629394531,0.4095,0.44,0.2445,0.0,0.2075
D,165,Mean imputation,0.7008428157616466,0.09391441264488373,1000000.0,0.453749902204068,0.01485761661713808,1000000.0,0.007416486740112305,0.4095,0.44,0.2445,0.0,0.2075
D,165,KNN (k=5),0.9748485354938671,0.08745336678102388,1000000.0,0.309191607704339,0.017230896800573145,1000000.0,0.1351933479309082,0.4095,0.44,0.2445,0.0,0.2075
D,165,MissForest (single),0.9918555921585986,0.08736269378748115,1000000.0,0.28986706448615673,0.01724139743524623,1000000.0,1.8622052669525146,0.4095,0.44,0.2445,0.0,0.2075
D,165,MI without outcome,0.6920318093680052,0.08361576913350752,147.35767042308356,0.2875207067802785,0.02181218111104589,451.79290622244645,0.6426074504852295,0.4095,0.44,0.2445,0.0,0.2075
D,165,MI with outcome,0.7251150976347313,0.08370760600477456,172.21500285095325,0.28848438044867875,0.02179843472378514,451.2156491087507,0.7431349754333496,0.4095,0.44,0.2445,0.0,0.2075
D,165,MI without auxiliary,0.6429464685714076,0.08731841858187367,97.98845179078589,0.4071932745128006,0.022060325332996705,254.29426360003544,0.6442873477935791,0.4095,0.44,0.2445,0.0,0.2075
D,165,Missingness indicator,0.6536279014606472,0.09175714908624472,1000000.0,,,1000000.0,0.006655216217041016,0.4095,0.44,0.2445,0.0,0.2075
D,165,MI delta=-0.25,0.7182151453500402,0.08038263154531043,208.0833536656074,0.17848438044867876,0.022494985124523848,511.7121831646515,0.8070876598358154,0.4095,0.44,0.2445,0.0,0.2075
D,165,MI delta=-0.5,0.6869887897747081,0.0758057975318042,255.82845420286498,0.06848438044867874,0.023500737412896266,609.5493541063804,0.7518599033355713,0.4095,0.44,0.2445,0.0,0.2075
D,165,MI delta=-0.75,0.6402815439327856,0.07063176638759411,314.4558260198471,-0.04151561955132124,0.024778068245914196,753.2735097471268,0.5671956539154053,0.4095,0.44,0.2445,0.0,0.2075
D,165,MI delta=-1.0,0.586474794721158,0.06535083411743813,383.43601391785097,-0.15151561955132126,0.02628741860473155,954.27749018439,0.5792219638824463,0.4095,0.44,0.2445,0.0,0.2075
D,166,Complete-case,0.8064440877253594,0.11548008031787599,1000000.0,0.471750593391954,0.025603826224659267,1000000.0,0.007802248001098633,0.441,0.427,0.2455,0.0,0.1895
D,166,Mean imputation,0.7385143313392074,0.09672876231589966,1000000.0,0.4717505933919541,0.0146682575960915,1000000.0,0.007613182067871094,0.441,0.427,0.2455,0.0,0.1895
D,166,KNN (k=5),0.8758337884745392,0.08787064370995486,1000000.0,0.33705558122617363,0.0168313354654692,1000000.0,0.17259860038757324,0.441,0.427,0.2455,0.0,0.1895
D,166,MissForest (single),0.8825372050988871,0.08760799933018307,1000000.0,0.3230603624336632,0.016943274091961693,1000000.0,1.9916200637817383,0.441,0.427,0.2455,0.0,0.1895
D,166,MI without outcome,0.7095644770569728,0.08054378850924888,778.9002162752913,0.3042522005462588,0.022813701308351874,134.80728197446695,0.6003897190093994,0.441,0.427,0.2455,0.0,0.1895
D,166,MI with outcome,0.6923229601121659,0.08056610564923765,762.3818624170985,0.30411393203612375,0.022820504172656877,135.22443911797006,0.7708334922790527,0.441,0.427,0.2455,0.0,0.1895
D,166,MI without auxiliary,0.6640746409460211,0.08621257929379186,202.68650813185454,0.424988317152639,0.023865205515157237,73.8102292478275,0.5068612098693848,0.441,0.427,0.2455,0.0,0.1895
D,166,Missingness indicator,0.6765229091796817,0.09356096092884386,1000000.0,,,1000000.0,0.005356788635253906,0.441,0.427,0.2455,0.0,0.1895
D,166,MI delta=-0.25,0.6953052905813202,0.07784138323749525,921.4577485980453,0.1973639320361237,0.023504279803105155,152.17455571297756,0.572298526763916,0.441,0.427,0.2455,0.0,0.1895
D,166,MI delta=-0.5,0.6738916478835656,0.07410614052494456,1062.1280792684502,0.09061393203612371,0.02448318841010522,179.15385075280054,0.614438533782959,0.441,0.427,0.2455,0.0,0.1895
D,166,MI delta=-0.75,0.6362388518954487,0.0697760980715087,1191.4865954723152,-0.01613606796387628,0.02572355822355086,218.3124071085237,0.667931079864502,0.441,0.427,0.2455,0.0,0.1895
D,166,MI delta=-1.0,0.5901631162436101,0.06520357154584411,1336.7507592850804,-0.12288606796387627,0.027189629786552053,272.50057669898786,0.6396768093109131,0.441,0.427,0.2455,0.0,0.1895
D,167,Complete-case,0.38109601370359464,0.1076601325945781,1000000.0,0.44409891399596185,0.024607209773859495,1000000.0,0.004382610321044922,0.444,0.417,0.238,0.0,0.1895
D,167,Mean imputation,0.4863075938815845,0.0954897642876751,1000000.0,0.44409891399596196,0.014343436483619004,1000000.0,0.00652623176574707,0.444,0.417,0.238,0.0,0.1895
D,167,KNN (k=5),0.72294600526324,0.0854810307647295,1000000.0,0.2928979998759267,0.016749567136068445,1000000.0,0.11777067184448242,0.444,0.417,0.238,0.0,0.1895
D,167,MissForest (single),0.7513655866584144,0.08667021079527813,1000000.0,0.2801050033995741,0.016603416036391493,1000000.0,1.7861852645874023,0.444,0.417,0.238,0.0,0.1895
D,167,MI without outcome,0.601154720831591,0.09276083098609353,75.56877586960942,0.2684834364123624,0.0237832245971747,82.36605918314505,0.6617751121520996,0.444,0.417,0.238,0.0,0.1895
D,167,MI with outcome,0.5793732406915189,0.09414018541113438,68.63713472708857,0.2677905423228354,0.023798925990549315,82.10641888506697,0.7479686737060547,0.444,0.417,0.238,0.0,0.1895
D,167,MI without auxiliary,0.4547102755834489,0.10293070259775837,42.32884177171194,0.4030365127244786,0.024801317112113953,49.389932585165035,0.6314733028411865,0.444,0.417,0.238,0.0,0.1895
D,167,Missingness indicator,0.45237437486638193,0.09244789232180484,1000000.0,,,1000000.0,0.0066530704498291016,0.444,0.417,0.238,0.0,0.1895
D,167,MI delta=-0.25,0.5743975177136831,0.09048482915400015,72.31007506601718,0.1635405423228355,0.024488766764266985,92.04820767291939,0.7175478935241699,0.444,0.417,0.238,0.0,0.1895
D,167,MI delta=-0.5,0.5505137809390916,0.08512110625228797,79.41322546629223,0.05929054232283548,0.02546001876442652,107.54310079863454,0.6564109325408936,0.444,0.417,0.238,0.0,0.1895
D,167,MI delta=-0.75,0.5148461565398845,0.07889687154559488,90.31901058724111,-0.04495945767716451,0.026681968665270814,129.72364886371497,0.6485531330108643,0.444,0.417,0.238,0.0,0.1895
D,167,MI delta=-1.0,0.4738095163717314,0.07250203666789973,105.54716534627,-0.14920945767716454,0.028121955599554174,160.0772996790221,0.6458005905151367,0.444,0.417,0.238,0.0,0.1895
D,168,Complete-case,0.6453767307744757,0.10711371652570065,1000000.0,0.39976620847884226,0.02564694188728404,1000000.0,0.007399559020996094,0.442,0.4295,0.2275,0.0,0.198
D,168,Mean imputation,0.6401497382268262,0.09640428763657509,1000000.0,0.39976620847884226,0.01462882486924016,1000000.0,0.007446765899658203,0.442,0.4295,0.2275,0.0,0.198
D,168,KNN (k=5),0.8430148612878182,0.08975456600519723,1000000.0,0.28380699393328107,0.016411381036113285,1000000.0,0.17847800254821777,0.442,0.4295,0.2275,0.0,0.198
D,168,MissForest (single),0.9158443971180585,0.09065497683958927,1000000.0,0.27020836944654786,0.01644978840859131,1000000.0,1.9553146362304688,0.442,0.4295,0.2275,0.0,0.198
D,168,MI without outcome,0.7027637279898358,0.0836013849068077,302.79132324968003,0.2531988158252075,0.023022092690764596,116.5831749620836,0.6523160934448242,0.442,0.4295,0.2275,0.0,0.198
D,168,MI with outcome,0.6833551661282324,0.08386811843458997,283.13728045702555,0.25313815090951497,0.023029245494504285,116.57123371595245,0.7020597457885742,0.442,0.4295,0.2275,0.0,0.198
D,168,MI without auxiliary,0.5739036774024828,0.08761107055747841,123.91367753567184,0.3535968122132876,0.02417565609148656,69.33969378521357,0.6119136810302734,0.442,0.4295,0.2275,0.0,0.198
D,168,Missingness indicator,0.5792272846275861,0.09280660533872707,1000000.0,,,1000000.0,0.006509542465209961,0.442,0.4295,0.2275,0.0,0.198
D,168,MI delta=-0.25,0.6925225508690945,0.08060089346110137,378.49997623662915,0.145763150909515,0.023641709891497806,129.47564707963724,0.7269139289855957,0.442,0.4295,0.2275,0.0,0.198
D,168,MI delta=-0.5,0.6750235019234936,0.07610804709435118,520.8164833655402,0.03838815090951499,0.024552734379831034,150.6163147050827,0.7256357669830322,0.442,0.4295,0.2275,0.0,0.198
D,168,MI delta=-0.75,0.6391612713852751,0.07104087620277152,714.9008909479859,-0.06898684909048501,0.025730625815252164,181.66612460428092,0.7314584255218506,0.442,0.4295,0.2275,0.0,0.198
D,168,MI delta=-1.0,0.5934565339084641,0.06587233701457042,962.84785219141,-0.17636184909048502,0.027140660724228844,224.88175374819266,0.7170894145965576,0.442,0.4295,0.2275,0.0,0.198
D,169,Complete-case,0.4211778239540375,0.10979308260656312,1000000.0,0.45358672619354906,0.025456235074198235,1000000.0,0.0034101009368896484,0.434,0.424,0.2475,0.0,0.188
D,169,Mean imputation,0.3940230634003804,0.0924281200037708,1000000.0,0.4535867261935491,0.014660091443384005,1000000.0,0.00616455078125,0.434,0.424,0.2475,0.0,0.188
D,169,KNN (k=5),0.5497024819266545,0.08331915849990928,1000000.0,0.32117388309174627,0.01686909863482065,1000000.0,0.10627317428588867,0.434,0.424,0.2475,0.0,0.188
D,169,MissForest (single),0.571966324610762,0.08416200396905149,1000000.0,0.30653822163560135,0.016745769175578653,1000000.0,1.9295058250427246,0.434,0.424,0.2475,0.0,0.188
D,169,MI without outcome,0.49114092090911693,0.08577343358991184,115.88741206826715,0.2858338498365189,0.021310440243878452,428.4125446566023,0.6114563941955566,0.434,0.424,0.2475,0.0,0.188
D,169,MI with outcome,0.42627753533624835,0.08687381926052157,97.36758290298542,0.2828565133176369,0.021345524933077686,430.9761166279659,0.7146003246307373,0.434,0.424,0.2475,0.0,0.188
D,169,MI without auxiliary,0.3618649245548033,0.09277090955475085,62.47297164982818,0.4134205921937554,0.021500661752046582,220.10923300878568,0.6401731967926025,0.434,0.424,0.2475,0.0,0.188
D,169,Missingness indicator,0.3711616273968896,0.08989999648203831,1000000.0,,,1000000.0,0.006100177764892578,0.434,0.424,0.2475,0.0,0.188
D,169,MI delta=-0.25,0.42557699220223827,0.08319320921917599,107.61280454568958,0.17685651331763688,0.022087659494758983,494.111133542784,0.6963827610015869,0.434,0.424,0.2475,0.0,0.188
D,169,MI delta=-0.5,0.4104713762392718,0.07818677771541023,124.08178771117203,0.07085651331763688,0.023138055343137648,595.0223345087218,0.7405500411987305,0.434,0.424,0.2475,0.0,0.188
D,169,MI delta=-0.75,0.3860110075373093,0.0725703671270901,147.75909373488915,-0.035143486682363126,0.024457026474731015,742.7462369716534,0.7568814754486084,0.434,0.424,0.2475,0.0,0.188
D,169,MI delta=-1.0,0.35692628541443366,0.06688267799364907,180.1431984379397,-0.14114348668236312,0.02600373663009214,949.2243722702101,0.7450284957885742,0.434,0.424,0.2475,0.0,0.188
D,170,Complete-case,0.5326344297494703,0.11142682553545247,1000000.0,0.4545701614753968,0.024995767225637868,1000000.0,0.007359504699707031,0.432,0.432,0.2435,0.0,0.187
D,170,Mean imputation,0.7135983214389338,0.1002910623593016,1000000.0,0.45457016147539686,0.014194894633902881,1000000.0,0.007939815521240234,0.432,0.432,0.2435,0.0,0.187
D,170,KNN (k=5),0.9582746591411155,0.09043397326627758,1000000.0,0.3067221401259779,0.016471342443651005,1000000.0,0.18999981880187988,0.432,0.432,0.2435,0.0,0.187
D,170,MissForest (single),0.9544154399828697,0.09026954139501722,1000000.0,0.29074306785695464,0.01651631395088949,1000000.0,1.8879148960113525,0.432,0.432,0.2435,0.0,0.187
D,170,MI without outcome,0.7228669006445981,0.08776402360176383,211.6539133178687,0.2719794641044898,0.021978116301338037,180.08599130349683,0.5966658592224121,0.432,0.432,0.2435,0.0,0.187
D,170,MI with outcome,0.7058039134805958,0.08799541241076592,200.81978421919004,0.2715664259428482,0.0219847444814566,181.3055850416513,0.7172138690948486,0.432,0.432,0.2435,0.0,0.187
D,170,MI without auxiliary,0.6359312158574207,0.09027134342064888,158.75778433032656,0.4092189638288909,0.02249968541342797,98.37632426595002,0.6428806781768799,0.432,0.432,0.2435,0.0,0.187
D,170,Missingness indicator,0.6426828209893402,0.09598377889777661,1000000.0,,,1000000.0,0.007104158401489258,0.432,0.432,0.2435,0.0,0.187
D,170,MI delta=-0.25,0.7090191897507225,0.08432620725426619,234.9169124213439,0.16356642594284823,0.022737641831193107,207.44700895496666,0.7422549724578857,0.432,0.432,0.2435,0.0,0.187
D,170,MI delta=-0.5,0.686403947064488,0.0792829490001232,289.6457687078761,0.055566425942848205,0.02379107803375515,248.64628730013865,0.6532468795776367,0.432,0.432,0.2435,0.0,0.187
D,170,MI delta=-0.75,0.6471672481277408,0.0736567604803323,368.13281022156633,-0.05243357405715179,0.025107252016275075,308.4055752772639,0.7176826000213623,0.432,0.432,0.2435,0.0,0.187
D,170,MI delta=-1.0,0.5997446647842135,0.06800668157689525,473.915606267802,-0.1604335740571518,0.02664726037410205,391.32334306119105,0.8763072490692139,0.432,0.432,0.2435,0.0,0.187
D,171,Complete-case,0.7104025920324285,0.10910864540221832,1000000.0,0.4266672902809961,0.026152807394265495,1000000.0,0.00736236572265625,0.4305,0.4185,0.253,0.0,0.188
D,171,Mean imputation,0.7222970097838881,0.09181616708859851,1000000.0,0.4266672902809961,0.01520511964704242,1000000.0,0.008038759231567383,0.4305,0.4185,0.253,0.0,0.188
D,171,KNN (k=5),0.9423059790001246,0.08539185789274771,1000000.0,0.29153486781081267,0.017354537131608873,1000000.0,0.21187663078308105,0.4305,0.4185,0.253,0.0,0.188
D,171,MissForest (single),0.9047015321429007,0.08414982609234781,1000000.0,0.27769291758564635,0.017572021752960406,1000000.0,2.0585777759552,0.4305,0.4185,0.253,0.0,0.188
D,171,MI without outcome,0.7177401392531755,0.07917283099643933,512.1983190058246,0.27195624645359917,0.021878585046917434,426.33002184304996,0.6990761756896973,0.4305,0.4185,0.253,0.0,0.188
D,171,MI with outcome,0.7257713562508427,0.07950530450937286,512.0480524930533,0.27223711195970063,0.021875385499140938,425.6951215393094,0.7947442531585693,0.4305,0.4185,0.253,0.0,0.188
D,171,MI without auxiliary,0.688950666227486,0.08188279170680748,263.2917098414573,0.38649321991215996,0.022489197810502768,197.35153036748977,0.7793889045715332,0.4305,0.4185,0.253,0.0,0.188
D,171,Missingness indicator,0.6690194127608137,0.08958967687740668,1000000.0,,,1000000.0,0.006628990173339844,0.4305,0.4185,0.253,0.0,0.188
D,171,MI delta=-0.25,0.7232439298763202,0.07706786469808508,606.48702357696,0.16761211195970063,0.02255222256725437,480.8761173360962,0.7698948383331299,0.4305,0.4185,0.253,0.0,0.188
D,171,MI delta=-0.5,0.6969980115657132,0.07338759039422073,747.5639118719832,0.06298711195970062,0.023534877582409127,570.3265471898795,0.7278916835784912,0.4305,0.4185,0.253,0.0,0.188
D,171,MI delta=-0.75,0.6550348779450454,0.06904369231180926,931.311301887564,-0.04163788804029937,0.0247870056889501,701.7332879100802,0.7855513095855713,0.4305,0.4185,0.253,0.0,0.188
D,171,MI delta=-1.0,0.6051003087021407,0.06447726342661995,1159.3365058743766,-0.14626288804029935,0.026270102918301633,885.3661417096833,0.7534327507019043,0.4305,0.4185,0.253,0.0,0.188
D,172,Complete-case,0.3355446126756453,0.11249462083846813,1000000.0,0.43585769026886295,0.02474101670637916,1000000.0,0.006375789642333984,0.4375,0.4095,0.251,0.0,0.1965
D,172,Mean imputation,0.4807339100811282,0.09627471287523937,1000000.0,0.43585769026886295,0.014607036016648254,1000000.0,0.007013082504272461,0.4375,0.4095,0.251,0.0,0.1965
D,172,KNN (k=5),0.8293471836246153,0.09103351675598313,1000000.0,0.3089694298601789,0.016749987188202854,1000000.0,0.1289682388305664,0.4375,0.4095,0.251,0.0,0.1965
D,172,MissForest (single),0.7607986986336713,0.08915637488189739,1000000.0,0.28876037566024204,0.01697381008735774,1000000.0,1.8380441665649414,0.4375,0.4095,0.251,0.0,0.1965
D,172,MI without outcome,0.5859256709270741,0.09221856653805831,94.21042050843222,0.2795722371917352,0.021837627249374655,194.77639383589235,0.5007002353668213,0.4375,0.4095,0.251,0.0,0.1965
D,172,MI with outcome,0.5433012843371786,0.09276322554753394,90.30836802073372,0.27876093649005174,0.021838793011150107,196.24275174664115,0.6232991218566895,0.4375,0.4095,0.251,0.0,0.1965
D,172,MI without auxiliary,0.4532787573562073,0.10123002698362714,50.17412514995979,0.39473811890823596,0.02268224723553276,104.2714387343907,0.547889232635498,0.4375,0.4095,0.251,0.0,0.1965
D,172,Missingness indicator,0.43926337082056,0.092635043858674,1000000.0,,,1000000.0,0.0054743289947509766,0.4375,0.4095,0.251,0.0,0.1965
D,172,MI delta=-0.25,0.549875176586512,0.08888928586521654,98.36487561019624,0.17638593649005174,0.02253211540935014,222.37551395519526,0.6832082271575928,0.4375,0.4095,0.251,0.0,0.1965
D,172,MI delta=-0.5,0.5353288475469941,0.08342007432939307,111.7796659283593,0.07401093649005175,0.023528285937707918,264.3870960341667,0.7088601589202881,0.4375,0.4095,0.251,0.0,0.1965
D,172,MI delta=-0.75,0.5068324312103171,0.07723538109973765,130.98368669290318,-0.028364063509948256,0.024790823367179023,325.86888973581415,0.6358780860900879,0.4375,0.4095,0.251,0.0,0.1965
D,172,MI delta=-1.0,0.47117348664311426,0.07098063104564609,156.86096540619678,-0.1307390635099483,0.02628136748703631,411.59579809095794,0.634223461151123,0.4375,0.4095,0.251,0.0,0.1965
D,173,Complete-case,0.43487465646708934,0.10370308169137665,1000000.0,0.46002604831242766,0.02540350194433498,1000000.0,0.014059305191040039,0.4405,0.422,0.2515,0.0,0.19
D,173,Mean imputation,0.4104336649431348,0.09142066954459559,1000000.0,0.4600260483124277,0.014680542468784802,1000000.0,0.03672027587890625,0.4405,0.422,0.2515,0.0,0.19
D,173,KNN (k=5),0.4781150390528511,0.08269466768496479,1000000.0,0.3236209660881577,0.016595568937078725,1000000.0,0.23406124114990234,0.4405,0.422,0.2515,0.0,0.19
D,173,MissForest (single),0.6332235576746615,0.0838229516485308,1000000.0,0.30889022774963293,0.016499342387791476,1000000.0,1.7432267665863037,0.4405,0.422,0.2515,0.0,0.19
D,173,MI without outcome,0.5209450530463097,0.08455130520235433,132.43585667720745,0.29968648984549257,0.02258994162958589,151.13852637497226,0.49808621406555176,0.4405,0.422,0.2515,0.0,0.19
D,173,MI with outcome,0.46529658038640964,0.08426745585757434,127.58545529951306,0.2974570297680729,0.022589232403182162,152.96603515526988,0.5708427429199219,0.4405,0.422,0.2515,0.0,0.19
D,173,MI without auxiliary,0.3940571442323485,0.08919461874614958,78.66570407514065,0.42633880097957927,0.023275252859676895,87.864229445916,0.5036687850952148,0.4405,0.422,0.2515,0.0,0.19
D,173,Missingness indicator,0.3840390274996139,0.08902739832287568,1000000.0,,,1000000.0,0.005563497543334961,0.4405,0.422,0.2515,0.0,0.19
D,173,MI delta=-0.25,0.46175368935924643,0.08048155187733068,147.11851218234926,0.19195702976807297,0.023268059294363472,172.19865824867654,0.579458475112915,0.4405,0.422,0.2515,0.0,0.19
D,173,MI delta=-0.5,0.4428223755316475,0.07554415486677143,176.34110486114412,0.08645702976807294,0.024244259573662965,202.9667120752974,0.6528120040893555,0.4405,0.422,0.2515,0.0,0.19
D,173,MI delta=-0.75,0.4142423852326568,0.07011185252137245,217.6505171996895,-0.019042970231927046,0.025483681786829315,247.76377504450278,0.661569356918335,0.4405,0.422,0.2515,0.0,0.19
D,173,MI delta=-1.0,0.38120671695103014,0.0646628210527692,274.4632374307336,-0.12454297023192704,0.026950033928321834,309.9034284550875,0.7469780445098877,0.4405,0.422,0.2515,0.0,0.19
D,174,Complete-case,0.6107733334308131,0.10853534112357933,1000000.0,0.4480966602372875,0.02605304295145105,1000000.0,0.0036635398864746094,0.425,0.4325,0.257,0.0,0.189
D,174,Mean imputation,0.6398288154112368,0.09475195307234216,1000000.0,0.44809666023728756,0.01478228321180415,1000000.0,0.006148576736450195,0.425,0.4325,0.257,0.0,0.189
D,174,KNN (k=5),0.9144162336610098,0.08641598575829312,1000000.0,0.289635868862488,0.017187327377058293,1000000.0,0.12747788429260254,0.425,0.4325,0.257,0.0,0.189
D,174,MissForest (single),0.8649179234886368,0.0850132689359067,1000000.0,0.2775400920387913,0.01722866973936735,1000000.0,1.8190605640411377,0.425,0.4325,0.257,0.0,0.189
D,174,MI without outcome,0.6806002983083059,0.08717833404289765,117.56889033830511,0.26653738736749105,0.021996683692592466,276.3695978113385,0.6109557151794434,0.425,0.4325,0.257,0.0,0.189
D,174,MI with outcome,0.6661957327719519,0.08720810648149771,118.01904064043465,0.26646903081554807,0.022004148470883868,275.6659725827871,0.6521549224853516,0.425,0.4325,0.257,0.0,0.189
D,174,MI without auxiliary,0.6005777202951654,0.09216794671313801,75.38127055588804,0.4008251413800646,0.02269800092185456,136.5376601237391,0.4838275909423828,0.425,0.4325,0.257,0.0,0.189
D,174,Missingness indicator,0.582828773150097,0.09104258281050362,1000000.0,,,1000000.0,0.0036139488220214844,0.425,0.4325,0.257,0.0,0.189
D,174,MI delta=-0.25,0.6671175210707367,0.0835032279526719,137.38841195064646,0.15834403081554807,0.022751655207320236,315.07713290582086,0.5411207675933838,0.425,0.4325,0.257,0.0,0.189
D,174,MI delta=-0.5,0.6453920955946144,0.07844794876099144,168.42604530171087,0.05021903081554806,0.02380002075095793,377.2890818687055,0.5036046504974365,0.425,0.4325,0.257,0.0,0.189
D,174,MI delta=-0.75,0.6087470013602491,0.07280871782767423,213.95942643701105,-0.05790596918445194,0.025111592326024224,467.5864350595186,0.7942445278167725,0.425,0.4325,0.257,0.0,0.189
D,174,MI delta=-1.0,0.5644962093518627,0.06714416125605505,277.52923869189505,-0.16603096918445193,0.026647533823602014,592.9157449957066,0.8446798324584961,0.425,0.4325,0.257,0.0,0.189
D,175,Complete-case,0.6137117814932972,0.11477113952146532,1000000.0,0.4605359589667271,0.02542051768446065,1000000.0,0.0070953369140625,0.425,0.4295,0.247,0.0,0.1785
D,175,Mean imputation,0.6881152422794385,0.09984678212380371,1000000.0,0.46053595896672717,0.014499674188281079,1000000.0,0.007808685302734375,0.425,0.4295,0.247,0.0,0.1785
D,175,KNN (k=5),0.9744052585926439,0.09136408449743443,1000000.0,0.32279715635624123,0.017009915997022826,1000000.0,0.1721336841583252,0.425,0.4295,0.247,0.0,0.1785
D,175,MissForest (single),0.9255717017275524,0.09058384812707032,1000000.0,0.31098451158931106,0.016780044406753823,1000000.0,1.8910958766937256,0.425,0.4295,0.247,0.0,0.1785
D,175,MI without outcome,0.6666012383451803,0.08836541108902553,184.2535683957962,0.3024534820082243,0.022407207676333845,147.20757894705844,0.646378755569458,0.425,0.4295,0.247,0.0,0.1785
D,175,MI with outcome,0.6741939916213803,0.08801810635268267,205.24393926785743,0.302800089227275,0.022410226803109178,146.68214652173174,0.7972254753112793,0.425,0.4295,0.247,0.0,0.1785
D,175,MI without auxiliary,0.639016395613502,0.09849867101693767,68.541857890376,0.4193023592875167,0.023029414273769068,95.89483366307512,0.6516244411468506,0.425,0.4295,0.247,0.0,0.1785
D,175,Missingness indicator,0.6400232312706534,0.09743782705662311,1000000.0,,,1000000.0,0.003633737564086914,0.425,0.4295,0.247,0.0,0.1785
D,175,MI delta=-0.25,0.6636605481784514,0.08458059382629235,226.2939267435134,0.19542508922727506,0.023073526131635637,164.83450411662068,0.5012876987457275,0.425,0.4295,0.247,0.0,0.1785
D,175,MI delta=-0.5,0.6309139962517656,0.07981822077498425,254.78781963606573,0.08805008922727506,0.0240391133637026,194.2075150763939,0.6405446529388428,0.425,0.4295,0.247,0.0,0.1785
D,175,MI delta=-0.75,0.5850511457401659,0.0743797625650244,293.9739241667326,-0.019324910772724947,0.025272363460187287,237.23331893056314,0.7515020370483398,0.425,0.4295,0.247,0.0,0.1785
D,175,MI delta=-1.0,0.5339202825277147,0.06878661408740634,347.4754487212217,-0.12669991077272497,0.02673626299242037,297.16322809899873,0.7634086608886719,0.425,0.4295,0.247,0.0,0.1785
D,176,Complete-case,0.6998114730417211,0.11468964932873942,1000000.0,0.41099007800293613,0.026433550244541696,1000000.0,0.0038983821868896484,0.411,0.452,0.253,0.0,0.179
D,176,Mean imputation,0.7361881047994563,0.09705887316240466,1000000.0,0.4109900780029362,0.01448259674025136,1000000.0,0.006963014602661133,0.411,0.452,0.253,0.0,0.179
D,176,KNN (k=5),0.914809950380377,0.08939746890094274,1000000.0,0.28511435730390183,0.016726010151245037,1000000.0,0.10239124298095703,0.411,0.452,0.253,0.0,0.179
D,176,MissForest (single),0.9936286684210893,0.09092823529776162,1000000.0,0.28063219898104613,0.016584591826752468,1000000.0,1.257035493850708,0.411,0.452,0.253,0.0,0.179
D,176,MI without outcome,0.7131371479922408,0.08348856428203337,308.27115603438796,0.25640885789881346,0.025084265248681122,63.52694266936333,0.46831655502319336,0.411,0.452,0.253,0.0,0.179
D,176,MI with outcome,0.7419946463457519,0.08637370780589279,205.89738427730242,0.2569296427280646,0.025088583128676123,63.23510159903536,0.5536112785339355,0.411,0.452,0.253,0.0,0.179
D,176,MI without auxiliary,0.6906424183213591,0.08789879583258939,151.22627039581312,0.3642012848188973,0.02671232589263116,42.053075836122304,0.48192930221557617,0.411,0.452,0.253,0.0,0.179
D,176,Missingness indicator,0.6781081147599232,0.09442192615454141,1000000.0,,,1000000.0,0.0032091140747070312,0.411,0.452,0.253,0.0,0.179
D,176,MI delta=-0.25,0.739328170600727,0.08477238637538491,182.8295798121417,0.14392964272806458,0.025657322807383236,69.16701484287728,0.47240519523620605,0.411,0.452,0.253,0.0,0.179
D,176,MI delta=-0.5,0.7109586511316894,0.08138760559235232,172.19649214274872,0.03092964272806457,0.02650751154394223,78.80059852789684,0.6323361396789551,0.411,0.452,0.253,0.0,0.179
D,176,MI delta=-0.75,0.6658549629221482,0.07675132131970963,172.81928934972265,-0.08207035727193543,0.02761316474499761,92.79368363290627,0.6555051803588867,0.411,0.452,0.253,0.0,0.179
D,176,MI delta=-1.0,0.612633936891106,0.07147204322954397,183.70686518807202,-0.19507035727193545,0.028945022207431684,112.03384152677012,0.6312217712402344,0.411,0.452,0.253,0.0,0.179
D,177,Complete-case,0.6424172720630669,0.11694249661045884,1000000.0,0.429494876308895,0.02541916515710081,1000000.0,0.004485130310058594,0.42,0.438,0.2445,0.0,0.1925
D,177,Mean imputation,0.633489620720589,0.09786706494722902,1000000.0,0.42949487630889494,0.014282785755827683,1000000.0,0.006972789764404297,0.42,0.438,0.2445,0.0,0.1925
D,177,KNN (k=5),0.9405190272424815,0.091264179837617,1000000.0,0.31170695416231015,0.01651970431317611,1000000.0,0.15353155136108398,0.42,0.438,0.2445,0.0,0.1925
D,177,MissForest (single),0.9246342014582971,0.09192624348855462,1000000.0,0.29400250981301945,0.016322171178760267,1000000.0,1.9112370014190674,0.42,0.438,0.2445,0.0,0.1925
D,177,MI without outcome,0.6777694193665454,0.08516776768194025,261.05859538586947,0.28263872661105277,0.020716147632687962,597.5448094651352,0.6193742752075195,0.42,0.438,0.2445,0.0,0.1925
D,177,MI with outcome,0.6747948209848037,0.08554943873652215,257.9292070833733,0.282579412630655,0.02072559568114395,590.56602226713,0.7281172275543213,0.42,0.438,0.2445,0.0,0.1925
D,177,MI without auxiliary,0.6406448795809204,0.0870510755448831,199.49298426307004,0.39272214838802216,0.021014626451745927,306.67935162845674,0.6265377998352051,0.42,0.438,0.2445,0.0,0.1925
D,177,Missingness indicator,0.606293457589738,0.09630021956513048,1000000.0,,,1000000.0,0.006505727767944336,0.42,0.438,0.2445,0.0,0.1925
D,177,MI delta=-0.25,0.6575602998817798,0.08255403374754451,277.4422688779651,0.17307941263065507,0.021398562757131888,671.0869432940708,0.7379217147827148,0.42,0.438,0.2445,0.0,0.1925
D,177,MI delta=-0.5,0.6176613802646463,0.07784669503914042,321.5802307512884,0.06357941263065506,0.02239730131124467,805.4213554817431,0.7533309459686279,0.42,0.438,0.2445,0.0,0.1925
D,177,MI delta=-0.75,0.565049019234481,0.07225733761455538,396.9549500240823,-0.04592058736934494,0.023680628585524593,1006.4988317508801,0.729684591293335,0.42,0.438,0.2445,0.0,0.1925
D,177,MI delta=-1.0,0.5083008069437509,0.06647194241406332,514.3314498385378,-0.15542058736934494,0.02520511219192563,1291.7988980217765,0.7343711853027344,0.42,0.438,0.2445,0.0,0.1925
D,178,Complete-case,0.41129776808946833,0.10577140373517521,1000000.0,0.42111327813522587,0.026007644378308065,1000000.0,0.004364967346191406,0.423,0.431,0.2485,0.0,0.189
D,178,Mean imputation,0.4272644823535323,0.09214717643815452,1000000.0,0.42111327813522587,0.014795545660062637,1000000.0,0.0074346065521240234,0.423,0.431,0.2485,0.0,0.189
D,178,KNN (k=5),0.5867518066067567,0.08482397170787001,1000000.0,0.31123684301442306,0.01669301687986156,1000000.0,0.1585826873779297,0.423,0.431,0.2485,0.0,0.189
D,178,MissForest (single),0.6272004441891933,0.08546077846226674,1000000.0,0.28874468837639317,0.01669709939367081,1000000.0,1.8848769664764404,0.423,0.431,0.2485,0.0,0.189
D,178,MI without outcome,0.5023009729672898,0.08040813967075366,301.73537277673864,0.28239455300491934,0.023742578619026858,91.99080948780606,0.6495945453643799,0.423,0.431,0.2485,0.0,0.189
D,178,MI with outcome,0.45927510127627286,0.07983023022569954,331.25138305744167,0.28157809302891434,0.02376059258684578,91.8341809202674,0.7244796752929688,0.423,0.431,0.2485,0.0,0.189
D,178,MI without auxiliary,0.3951572801132949,0.08398192953358415,142.67196261602626,0.38578894967959576,0.025152123966348337,57.070813246092385,0.5655517578125,0.423,0.431,0.2485,0.0,0.189
D,178,Missingness indicator,0.39978782192634016,0.08965202780662763,1000000.0,,,1000000.0,0.0052301883697509766,0.423,0.431,0.2485,0.0,0.189
D,178,MI delta=-0.25,0.46489322270033995,0.07747663661397236,350.36765749425535,0.1738280930289144,0.02433294314484891,101.00755333188285,0.6676342487335205,0.423,0.431,0.2485,0.0,0.189
D,178,MI delta=-0.5,0.4533000684229781,0.07382271297407836,383.61262188380215,0.0660780930289144,0.02519828544078654,116.16070813131527,0.6861238479614258,0.423,0.431,0.2485,0.0,0.189
D,178,MI delta=-0.75,0.42970945454250054,0.06939748864560569,432.26454966694666,-0.041671906971085595,0.026327745085228747,138.4299121353431,0.6733269691467285,0.423,0.431,0.2485,0.0,0.189
D,178,MI delta=-1.0,0.3995360060196527,0.06466673154166878,498.7457034614568,-0.1494219069710856,0.0276890201784524,169.35796913197325,0.6560142040252686,0.423,0.431,0.2485,0.0,0.189
D,179,Complete-case,0.6327563879029126,0.10408935625612613,1000000.0,0.44846183188183286,0.02615367592686038,1000000.0,0.007714271545410156,0.4415,0.4265,0.2375,0.0,0.193
D,179,Mean imputation,0.622508938403609,0.09263863980347847,1000000.0,0.44846183188183286,0.01499634285380438,1000000.0,0.007712602615356445,0.4415,0.4265,0.2375,0.0,0.193
D,179,KNN (k=5),0.8492455423100252,0.08635671284173876,1000000.0,0.3099571758995536,0.01696603179911611,1000000.0,0.17685508728027344,0.4415,0.4265,0.2375,0.0,0.193
D,179,MissForest (single),0.852271964229183,0.08544767783106506,1000000.0,0.2859353067449559,0.01709164301160817,1000000.0,2.077181100845337,0.4415,0.4265,0.2375,0.0,0.193
D,179,MI without outcome,0.6349805367762478,0.08100519937273526,236.29324279207566,0.2736670670840303,0.022987200625743866,166.56520901727933,0.7144033908843994,0.4415,0.4265,0.2375,0.0,0.193
D,179,MI with outcome,0.6102038659041987,0.08054869093400263,252.7372151745027,0.2733303265917883,0.02300819986349745,166.52487124206945,0.8405251502990723,0.4415,0.4265,0.2375,0.0,0.193
D,179,MI without auxiliary,0.5807202010841177,0.08172162338443144,226.61777224606246,0.3989497679161037,0.023663078104492582,97.05109341477667,0.5588722229003906,0.4415,0.4265,0.2375,0.0,0.193
D,179,Missingness indicator,0.5610789277354964,0.08821893123730268,1000000.0,,,1000000.0,0.0049817562103271484,0.4415,0.4265,0.2375,0.0,0.193
D,179,MI delta=-0.25,0.6246761484926135,0.07817068409521895,270.42159873261306,0.16670532659178838,0.023709635277437722,187.77943792356842,0.684373140335083,0.4415,0.4265,0.2375,0.0,0.193
D,179,MI delta=-0.5,0.6164264588323304,0.0744140278075636,306.13622137478524,0.06008032659178836,0.024702456474974998,221.2631609802162,0.6627380847930908,0.4415,0.4265,0.2375,0.0,0.193
D,179,MI delta=-0.75,0.5918010026491153,0.06989062120299827,360.5267160119433,-0.046544673408211654,0.02595324476217546,269.5970846878324,0.6498394012451172,0.4415,0.4265,0.2375,0.0,0.193
D,179,MI delta=-1.0,0.5574812223801286,0.0651038553619964,436.0776518068328,-0.15316967340821167,0.02742672926820077,336.2363168777943,0.6571013927459717,0.4415,0.4265,0.2375,0.0,0.193
D,180,Complete-case,0.6555800786897185,0.11166689983679018,1000000.0,0.483894223303117,0.02471530907341803,1000000.0,0.002972841262817383,0.435,0.42,0.2485,0.0,0.192
D,180,Mean imputation,0.6742143145873856,0.09519607091779418,1000000.0,0.48389422330311704,0.014332282621747275,1000000.0,0.005517482757568359,0.435,0.42,0.2485,0.0,0.192
D,180,KNN (k=5),0.8884520805883248,0.0877601222784603,1000000.0,0.3377189549483594,0.016348230394402297,1000000.0,0.11207866668701172,0.435,0.42,0.2485,0.0,0.192
D,180,MissForest (single),0.8601401130178659,0.0881826089213227,1000000.0,0.3421624255366113,0.015938359093287727,1000000.0,1.8246448040008545,0.435,0.42,0.2485,0.0,0.192
D,180,MI without outcome,0.6369227462238131,0.08250427545198903,314.87249038387546,0.32407229490995443,0.02084201663805165,399.8397018084862,0.5595805644989014,0.435,0.42,0.2485,0.0,0.192
D,180,MI with outcome,0.6379209475180824,0.08307482407951254,293.2861435918486,0.3243498513091955,0.020842464277273178,397.5644879752623,0.631183385848999,0.435,0.42,0.2485,0.0,0.192
D,180,MI without auxiliary,0.5866967259490379,0.08323258008296638,311.68819554857976,0.4430789150308055,0.020977232613733167,216.64599335869963,0.5768077373504639,0.435,0.42,0.2485,0.0,0.192
D,180,Missingness indicator,0.6050706455660059,0.09120355960925201,1000000.0,,,1000000.0,0.005599260330200195,0.435,0.42,0.2485,0.0,0.192
D,180,MI delta=-0.25,0.6529403623659396,0.08054405954598938,316.32465747267946,0.2193498513091956,0.02156780313328064,455.8636507284805,0.6503286361694336,0.435,0.42,0.2485,0.0,0.192
D,180,MI delta=-0.5,0.6424820570862069,0.0766553343027145,349.8308554446817,0.11434985130919559,0.022608948740501983,550.4689134359006,0.6637554168701172,0.435,0.42,0.2485,0.0,0.192
D,180,MI delta=-0.75,0.6141158633388539,0.07196455927293863,397.78506856150875,0.009349851309195575,0.023924707116566676,690.2363723197614,0.6478157043457031,0.435,0.42,0.2485,0.0,0.192
D,180,MI delta=-1.0,0.5756272162033833,0.06697021713914549,465.2030221513012,-0.09565014869080443,0.02547255924292846,886.9551203228724,0.6557531356811523,0.435,0.42,0.2485,0.0,0.192
D,181,Complete-case,0.37814384148678826,0.10204685845722514,1000000.0,0.4211508411575868,0.025669279075596498,1000000.0,0.004029989242553711,0.429,0.4185,0.2615,0.0,0.1875
D,181,Mean imputation,0.4510994950576526,0.09328072774839051,1000000.0,0.4211508411575868,0.014923998548750405,1000000.0,0.007487058639526367,0.429,0.4185,0.2615,0.0,0.1875
D,181,KNN (k=5),0.6555251958446823,0.085677817800769,1000000.0,0.2910573527177822,0.01722504500482026,1000000.0,0.09912276268005371,0.429,0.4185,0.2615,0.0,0.1875
D,181,MissForest (single),0.6461120501972095,0.08611299608417655,1000000.0,0.2853678910916002,0.017117058526254628,1000000.0,1.8502094745635986,0.429,0.4185,0.2615,0.0,0.1875
D,181,MI without outcome,0.5030404899022792,0.09067122656431939,82.78035257722918,0.27673573759316245,0.021607305736925122,348.2633403172962,0.5597004890441895,0.429,0.4185,0.2615,0.0,0.1875
D,181,MI with outcome,0.46410637818131456,0.09056549615054586,80.74518422942575,0.2762710389725299,0.021621593921296336,349.36098530555824,0.669858455657959,0.429,0.4185,0.2615,0.0,0.1875
D,181,MI without auxiliary,0.41017446698302795,0.09444756040530936,58.072608876857416,0.3779049742396218,0.022057984859615302,208.14576733098093,0.5245873928070068,0.429,0.4185,0.2615,0.0,0.1875
D,181,Missingness indicator,0.41021468340010747,0.08939799892361254,1000000.0,,,1000000.0,0.0060007572174072266,0.429,0.4185,0.2615,0.0,0.1875
D,181,MI delta=-0.25,0.4810668375722492,0.08703833523917368,90.25796130516629,0.17164603897252992,0.022274974640015852,393.5432344664568,0.8213560581207275,0.429,0.4185,0.2615,0.0,0.1875
D,181,MI delta=-0.5,0.47856026371932653,0.08184825517955382,106.6510654189565,0.06702103897252995,0.02323947363513886,466.2606089620142,0.7386300563812256,0.429,0.4185,0.2615,0.0,0.1875
D,181,MI delta=-0.75,0.4616075511525038,0.07588674601634694,131.37033341695198,-0.03760396102747006,0.024478342316675245,573.9203089359154,0.6764211654663086,0.429,0.4185,0.2615,0.0,0.1875
D,181,MI delta=-1.0,0.4358570500019122,0.06982602951669095,166.43762725752802,-0.14222896102747007,0.025952318170356346,725.1505911451694,0.546511173248291,0.429,0.4185,0.2615,0.0,0.1875
D,182,Complete-case,0.5825516035402214,0.10991205936218071,1000000.0,0.42403170258510653,0.025698864241271602,1000000.0,0.007750511169433594,0.4405,0.416,0.2455,0.0,0.177
D,182,Mean imputation,0.6094765160058367,0.09428280564789375,1000000.0,0.4240317025851066,0.015005462459752941,1000000.0,0.0072307586669921875,0.4405,0.416,0.2455,0.0,0.177
D,182,KNN (k=5),0.7737838174000635,0.08539910645412567,1000000.0,0.2806704212778281,0.017373148763699425,1000000.0,0.16772246360778809,0.4405,0.416,0.2455,0.0,0.177
D,182,MissForest (single),0.7115476581011648,0.0847817129938406,1000000.0,0.26402983597456375,0.017386873721055903,1000000.0,1.9131746292114258,0.4405,0.416,0.2455,0.0,0.177
D,182,MI without outcome,0.6013854193368106,0.07849684574405512,1895.7819483405954,0.25795378475554886,0.023160759359596213,118.60092038738968,0.6229445934295654,0.4405,0.416,0.2455,0.0,0.177
D,182,MI with outcome,0.5663726279809514,0.07838520529512095,1639.8318042679382,0.25733823678787704,0.0231747548485535,119.36368677210052,0.8469572067260742,0.4405,0.416,0.2455,0.0,0.177
D,182,MI without auxiliary,0.5720186267877688,0.07992422714388447,1396.3834114898495,0.3792680200490973,0.024414400119620955,68.95443772763088,0.6669437885284424,0.4405,0.416,0.2455,0.0,0.177
D,182,Missingness indicator,0.5590886110459604,0.09095379642992922,1000000.0,,,1000000.0,0.006519317626953125,0.4405,0.416,0.2455,0.0,0.177
D,182,MI delta=-0.25,0.5706809086282006,0.075556951776304,2079.625715377514,0.15333823678787703,0.02385402441740717,133.9856438035462,0.738903284072876,0.4405,0.416,0.2455,0.0,0.177
D,182,MI delta=-0.5,0.5553620952852047,0.07178923315227546,2652.3056061691573,0.04933823678787704,0.024822395035931963,157.10368111287505,0.7392654418945312,0.4405,0.416,0.2455,0.0,0.177
D,182,MI delta=-0.75,0.5269074554436003,0.06752690939216581,3400.795888309991,-0.05466176321212296,0.02604764299377894,190.49577720143617,0.7065227031707764,0.4405,0.416,0.2455,0.0,0.177
D,182,MI delta=-1.0,0.4914432901563803,0.0631207543520077,4392.435390990371,-0.15866176321212294,0.027495448924153995,236.51293042917226,0.7216503620147705,0.4405,0.416,0.2455,0.0,0.177
D,183,Complete-case,0.6084497395541778,0.1127084134390196,1000000.0,0.43723245116966775,0.02610762156679632,1000000.0,0.0045948028564453125,0.4335,0.4325,0.2585,0.0,0.188
D,183,Mean imputation,0.686550871976577,0.09786431990406873,1000000.0,0.4372324511696678,0.014813250671184825,1000000.0,0.006279706954956055,0.4335,0.4325,0.2585,0.0,0.188
D,183,KNN (k=5),0.8732100707475969,0.08905080104697387,1000000.0,0.29008978452678186,0.017237370823289015,1000000.0,0.09515905380249023,0.4335,0.4325,0.2585,0.0,0.188
D,183,MissForest (single),0.9002689968586188,0.0885502652570063,1000000.0,0.2792406771281155,0.017260650607300917,1000000.0,1.8501217365264893,0.4335,0.4325,0.2585,0.0,0.188
D,183,MI without outcome,0.6969212038603431,0.08422640852057123,266.8262100843292,0.2621231205076383,0.022430547495751726,248.31625609315756,0.7229146957397461,0.4335,0.4325,0.2585,0.0,0.188
D,183,MI with outcome,0.6821302060825319,0.08440378283392463,263.6287868336122,0.26212229402162,0.022446651567903406,248.3561535987008,0.8465063571929932,0.4335,0.4325,0.2585,0.0,0.188
D,183,MI without auxiliary,0.6089324663485389,0.08768584478543268,158.35198140138635,0.39308475075120025,0.022877005215837434,126.8893854229701,0.652134895324707,0.4335,0.4325,0.2585,0.0,0.188
D,183,Missingness indicator,0.6114987321615423,0.09328362735062358,1000000.0,,,1000000.0,0.006575584411621094,0.4335,0.4325,0.2585,0.0,0.188
D,183,MI delta=-0.25,0.6932763757395703,0.08138989663415011,312.74816355735976,0.15399729402162002,0.023159928808432026,281.4605581761879,0.7261240482330322,0.4335,0.4325,0.2585,0.0,0.188
D,183,MI delta=-0.5,0.6788860683148722,0.07703284202496904,387.6421227608099,0.045872294021620005,0.02417147795525926,333.95003108134057,0.7158052921295166,0.4335,0.4325,0.2585,0.0,0.188
D,183,MI delta=-0.75,0.6468104887744048,0.07200496092611176,493.6692854471835,-0.062252705978379994,0.025445752081647992,410.1378310633989,0.8700211048126221,0.4335,0.4325,0.2585,0.0,0.188
D,183,MI delta=-1.0,0.6049290310969936,0.06682541101914082,637.2844880653204,-0.17037770597838003,0.02694550351707992,515.719886132351,0.7384436130523682,0.4335,0.4325,0.2585,0.0,0.188
D,184,Complete-case,0.6278595834066864,0.10945166290152965,1000000.0,0.4605261347262079,0.025941559893963163,1000000.0,0.003185749053955078,0.4125,0.453,0.24,0.0,0.1895
D,184,Mean imputation,0.6158803003765105,0.09740902970126632,1000000.0,0.4605261347262079,0.014187093606169612,1000000.0,0.005376577377319336,0.4125,0.453,0.24,0.0,0.1895
D,184,KNN (k=5),0.9080497813717715,0.08929346873645899,1000000.0,0.3235730550942227,0.016551082128100292,1000000.0,0.12126398086547852,0.4125,0.453,0.24,0.0,0.1895
D,184,MissForest (single),0.8726321712581241,0.08766670178394446,1000000.0,0.2956183269495356,0.016674655933669198,1000000.0,2.0558340549468994,0.4125,0.453,0.24,0.0,0.1895
D,184,MI without outcome,0.6305684479141223,0.08361171606596102,247.45017719544185,0.2962420642211006,0.023440789474088584,94.9514672120879,0.5819141864776611,0.4125,0.453,0.24,0.0,0.1895
D,184,MI with outcome,0.603346752628309,0.08380127763039674,232.31353825796452,0.2955874600942969,0.0234486817767727,95.83018123722627,0.6745073795318604,0.4125,0.453,0.24,0.0,0.1895
D,184,MI without auxiliary,0.553439652500901,0.08662767676842974,152.11400387279363,0.41498410672061625,0.024532577151367484,58.91010495434189,0.5785958766937256,0.4125,0.453,0.24,0.0,0.1895
D,184,Missingness indicator,0.5577784039208451,0.09335234465193853,1000000.0,,,1000000.0,0.005290508270263672,0.4125,0.453,0.24,0.0,0.1895
D,184,MI delta=-0.25,0.6121702514044667,0.08124349000940188,239.00469630950784,0.18233746009429694,0.024086400033400922,106.68814349899715,0.6491446495056152,0.4125,0.453,0.24,0.0,0.1895
D,184,MI delta=-0.5,0.5973663404647296,0.0771319527009861,260.12419744916315,0.06908746009429695,0.025019259399752455,124.20136754480194,0.5739927291870117,0.4125,0.453,0.24,0.0,0.1895
D,184,MI delta=-0.75,0.5664269288818635,0.07214238805985845,296.3510768805733,-0.04416253990570305,0.02621577197218514,149.7197804239747,0.601569414138794,0.4125,0.453,0.24,0.0,0.1895
D,184,MI delta=-1.0,0.5268580031538398,0.06685372185477446,349.94040955370394,-0.15741253990570306,0.027641721077486033,185.0499190853848,0.4521932601928711,0.4125,0.453,0.24,0.0,0.1895
D,185,Complete-case,0.6024878013961833,0.11046329548322589,1000000.0,0.4141607892002388,0.025563368647190377,1000000.0,0.002805471420288086,0.4395,0.417,0.242,0.0,0.1825
D,185,Mean imputation,0.6637800422628704,0.09592483165817522,1000000.0,0.4141607892002388,0.014900777368420963,1000000.0,0.0038967132568359375,0.4395,0.417,0.242,0.0,0.1825
D,185,KNN (k=5),0.8631536543544872,0.08772778639381666,1000000.0,0.27744208128741515,0.017168399833438545,1000000.0,0.1416318416595459,0.4395,0.417,0.242,0.0,0.1825
D,185,MissForest (single),0.8904806843935088,0.08702826713958492,1000000.0,0.2542677399644237,0.01736488674670637,1000000.0,2.0640974044799805,0.4395,0.417,0.242,0.0,0.1825
D,185,MI without outcome,0.6708648357212564,0.08720952138274932,151.22930349709267,0.25099188020737506,0.022178842356405826,238.70828847529762,0.6335821151733398,0.4395,0.417,0.242,0.0,0.1825
D,185,MI with outcome,0.652834256342219,0.08743154282383128,143.71232186735062,0.25046948945657854,0.022194518207474687,238.73306452088426,0.7184445858001709,0.4395,0.417,0.242,0.0,0.1825
D,185,MI without auxiliary,0.5965940632565511,0.09249905541627425,85.16705555815281,0.3672442817597025,0.022716231420019408,132.1142963951205,0.6418802738189697,0.4395,0.417,0.242,0.0,0.1825
D,185,Missingness indicator,0.6122275508012899,0.09298799188009613,1000000.0,,,1000000.0,0.006927967071533203,0.4395,0.417,0.242,0.0,0.1825
D,185,MI delta=-0.25,0.6522399870597814,0.08479890142801311,148.4766685867396,0.14621948945657853,0.022892522788678142,270.2117972029486,0.7693607807159424,0.4395,0.417,0.242,0.0,0.1825
D,185,MI delta=-0.5,0.6298446356200003,0.08063756512223329,160.1329673013359,0.04196948945657855,0.023890177883758638,320.4846395726065,0.6461672782897949,0.4395,0.417,0.242,0.0,0.1825
D,185,MI delta=-0.75,0.5930583640776098,0.07557414578788015,179.5627049036443,-0.06228051054342145,0.025151851572486113,393.73999478710743,0.755424976348877,0.4395,0.417,0.242,0.0,0.1825
D,185,MI delta=-1.0,0.5489597972224842,0.07017042884702644,208.13765569895352,-0.16653051054342144,0.02664005845058103,495.5304865714183,0.7496471405029297,0.4395,0.417,0.242,0.0,0.1825
D,186,Complete-case,0.6102850692132932,0.11111104712421321,1000000.0,0.45909241570232157,0.026684865643503617,1000000.0,0.004753828048706055,0.4325,0.4405,0.239,0.0,0.194
D,186,Mean imputation,0.6451500142247714,0.09552684703342615,1000000.0,0.45909241570232157,0.014927241897088732,1000000.0,0.00815439224243164,0.4325,0.4405,0.239,0.0,0.194
D,186,KNN (k=5),1.0167767278904505,0.09075059833684658,1000000.0,0.3336049744457681,0.017100228990852267,1000000.0,0.1839766502380371,0.4325,0.4405,0.239,0.0,0.194
D,186,MissForest (single),1.017274128310225,0.09049156952133333,1000000.0,0.30875202604930274,0.01717995306082824,1000000.0,1.965651273727417,0.4325,0.4405,0.239,0.0,0.194
D,186,MI without outcome,0.6747865073964646,0.08255595696035083,216.42146060287098,0.2970425325694587,0.023611461058074205,134.42749333625792,0.6436252593994141,0.4325,0.4405,0.239,0.0,0.194
D,186,MI with outcome,0.6884630522008787,0.08279984392225229,233.13608555828844,0.2974183527155166,0.023608899660105702,134.3826029112641,0.7287285327911377,0.4325,0.4405,0.239,0.0,0.194
D,186,MI without auxiliary,0.6072478117679929,0.08171000732608205,268.87874379632115,0.41158767390388934,0.024352124092698713,83.86446179780917,0.6403443813323975,0.4325,0.4405,0.239,0.0,0.194
D,186,Missingness indicator,0.5936278766500473,0.09211187796280153,1000000.0,,,1000000.0,0.006445646286010742,0.4325,0.4405,0.239,0.0,0.194
D,186,MI delta=-0.25,0.6917817071737824,0.08021451037236121,259.1595276676829,0.1872933527155166,0.02424275841369729,149.40605475543526,0.748924732208252,0.4325,0.4405,0.239,0.0,0.194
D,186,MI delta=-0.5,0.6704946371279469,0.0762199997010064,297.66940091610365,0.07716835271551657,0.0251685114367912,173.56821019043863,0.7645950317382812,0.4325,0.4405,0.239,0.0,0.194
D,186,MI delta=-0.75,0.6324879023080575,0.07141034166054865,351.65148841227733,-0.03295664728448342,0.026355417668440313,208.69866727315602,0.7542905807495117,0.4325,0.4405,0.239,0.0,0.194
D,186,MI delta=-1.0,0.5856972278928257,0.06631134199782152,424.4832426325501,-0.14308164728448342,0.027770011759216624,257.2434455331366,0.7494266033172607,0.4325,0.4405,0.239,0.0,0.194
D,187,Complete-case,0.6283230205592396,0.11239564228844315,1000000.0,0.378148850433389,0.026229310151932275,1000000.0,0.006460905075073242,0.4365,0.4325,0.2455,0.0,0.185
D,187,Mean imputation,0.6638905463039804,0.09475431744103881,1000000.0,0.378148850433389,0.014882295777834188,1000000.0,0.006625175476074219,0.4365,0.4325,0.2455,0.0,0.185
D,187,KNN (k=5),0.7922183498408117,0.08514799245833034,1000000.0,0.24037834054724036,0.01729141170417694,1000000.0,0.12060928344726562,0.4365,0.4325,0.2455,0.0,0.185
D,187,MissForest (single),0.8054155555038591,0.08561820144287853,1000000.0,0.22667818411945287,0.01714975046784333,1000000.0,1.7398042678833008,0.4365,0.4325,0.2455,0.0,0.185
D,187,MI without outcome,0.6276414340266299,0.08407202061807853,183.24407943534484,0.22264557341470162,0.022680478876355232,175.54908758331263,0.5587773323059082,0.4365,0.4325,0.2455,0.0,0.185
D,187,MI with outcome,0.6272793658715059,0.0844332913991798,182.95961441841857,0.22289688829323362,0.022684558309012313,174.98589873017062,0.7259583473205566,0.4365,0.4325,0.2455,0.0,0.185
D,187,MI without auxiliary,0.6378983708415903,0.08852515198229416,111.38218836944048,0.33405642381540207,0.023626986922536116,101.4710790065005,0.6386337280273438,0.4365,0.4325,0.2455,0.0,0.185
D,187,Missingness indicator,0.6303848630091725,0.0935079303955606,1000000.0,,,1000000.0,0.006342411041259766,0.4365,0.4325,0.2455,0.0,0.185
D,187,MI delta=-0.25,0.616530310172706,0.08161588827543595,195.1949095200489,0.11477188829323363,0.023330249262783452,195.77591288100118,0.7412638664245605,0.4365,0.4325,0.2455,0.0,0.185
D,187,MI delta=-0.5,0.586121976883325,0.0773828303818184,218.00844211296788,0.006646888293233633,0.024276733387781014,229.53173399951473,0.769489049911499,0.4365,0.4325,0.2455,0.0,0.185
D,187,MI delta=-0.75,0.5436200888619014,0.07237713176090231,252.09767509605473,-0.10147811170676638,0.02549052658593697,278.9953540637851,0.8309078216552734,0.4365,0.4325,0.2455,0.0,0.185
D,187,MI delta=-1.0,0.4959213340218578,0.06712766343953455,299.0241438564758,-0.2096031117067664,0.026935515877823505,347.84273173841484,0.8219962120056152,0.4365,0.4325,0.2455,0.0,0.185
D,188,Complete-case,0.5266192113911092,0.110056806612988,1000000.0,0.4159522596739929,0.025154192904603582,1000000.0,0.004750728607177734,0.424,0.4335,0.2495,0.0,0.1815
D,188,Mean imputation,0.5508558607296331,0.09751676038572471,1000000.0,0.415952259673993,0.014247122570007643,1000000.0,0.010899543762207031,0.424,0.4335,0.2495,0.0,0.1815
D,188,KNN (k=5),0.7379001381294671,0.08776927051243649,1000000.0,0.27455783226136765,0.016549419804962662,1000000.0,0.19066286087036133,0.424,0.4335,0.2495,0.0,0.1815
D,188,MissForest (single),0.7874972286199814,0.08837819903360102,1000000.0,0.2610996650800806,0.016469776821367226,1000000.0,1.9234333038330078,0.424,0.4335,0.2495,0.0,0.1815
D,188,MI without outcome,0.6178642250322925,0.08353327663468567,340.24934873070947,0.23929998779065262,0.023764361516097975,78.75188170941803,0.6523303985595703,0.424,0.4335,0.2495,0.0,0.1815
D,188,MI with outcome,0.5687470099398485,0.08388507090851222,288.79084837363877,0.23798675753798046,0.02377685076982434,79.44631444735992,0.8197965621948242,0.424,0.4335,0.2495,0.0,0.1815
D,188,MI without auxiliary,0.4703966379899437,0.08686231162541548,173.74593373980716,0.3705432025758926,0.025131982259459177,47.54122494384482,0.7689049243927002,0.424,0.4335,0.2495,0.0,0.1815
D,188,Missingness indicator,0.4972195973868761,0.09337485237174054,1000000.0,,,1000000.0,0.0070836544036865234,0.424,0.4335,0.2495,0.0,0.1815
D,188,MI delta=-0.25,0.5780620817758775,0.0804477977916144,348.6837444048657,0.12961175753798046,0.024458817408375483,88.96071124451286,0.9017527103424072,0.424,0.4335,0.2495,0.0,0.1815
D,188,MI delta=-0.5,0.5654265096268039,0.0758881106634536,432.16745973237283,0.021236757537980475,0.025426072308179386,103.88995009368712,0.8336830139160156,0.424,0.4335,0.2495,0.0,0.1815
D,188,MI delta=-0.75,0.5379255558156879,0.070805919229159,543.9596425624393,-0.08713824246201954,0.026647567328820863,125.33913681674625,0.7411129474639893,0.424,0.4335,0.2495,0.0,0.1815
D,188,MI delta=-1.0,0.5024114938067389,0.0656446152818242,692.1590911760476,-0.19551324246201954,0.028090155278781836,154.76508353486892,0.43399858474731445,0.424,0.4335,0.2495,0.0,0.1815
D,189,Complete-case,0.6482503454624411,0.11283997301585173,1000000.0,0.45196808985408893,0.02477884277233778,1000000.0,0.009115457534790039,0.4315,0.428,0.2445,0.0,0.197
D,189,Mean imputation,0.6694064340685392,0.09887825594885281,1000000.0,0.45196808985408904,0.014170845154991313,1000000.0,0.006899595260620117,0.4315,0.428,0.2445,0.0,0.197
D,189,KNN (k=5),0.9033110353668166,0.0910253440789253,1000000.0,0.3137369953033848,0.016318251428262584,1000000.0,0.12935638427734375,0.4315,0.428,0.2445,0.0,0.197
D,189,MissForest (single),0.987731133024416,0.09183674467215347,1000000.0,0.2919898906966263,0.01656414219479906,1000000.0,1.8516855239868164,0.4315,0.428,0.2445,0.0,0.197
D,189,MI without outcome,0.713696063320646,0.08109809293167247,1034.6175570409735,0.2760529312313736,0.02346981623130515,86.26150567078375,0.611752986907959,0.4315,0.428,0.2445,0.0,0.197
D,189,MI with outcome,0.6859880432839236,0.080892186209218,1043.458529029739,0.2752012409243187,0.02345977779307602,87.53062953540717,0.6652193069458008,0.4315,0.428,0.2445,0.0,0.197
D,189,MI without auxiliary,0.5961959769567148,0.0851194031732018,295.99827606659454,0.39768937182248376,0.024731149530809172,50.21489323644163,0.5959172248840332,0.4315,0.428,0.2445,0.0,0.197
D,189,Missingness indicator,0.6151346347713236,0.09476321678717703,1000000.0,,,1000000.0,0.003507375717163086,0.4315,0.428,0.2445,0.0,0.197
D,189,MI delta=-0.25,0.6916034766589122,0.07839180119473722,1123.3870135393518,0.16820124092431876,0.024151724696454213,98.32344195931488,0.3932337760925293,0.4315,0.428,0.2445,0.0,0.197
D,189,MI delta=-0.5,0.6712272498262255,0.07466020041393738,1179.9475259202172,0.06120124092431872,0.025130839457791567,115.26367392232278,0.3971130847930908,0.4315,0.428,0.2445,0.0,0.197
D,189,MI delta=-0.75,0.6336571870672201,0.0701565394017329,1263.2523850983287,-0.045798759075681275,0.026365148059899722,139.63212046184677,0.4146451950073242,0.4315,0.428,0.2445,0.0,0.197
D,189,MI delta=-1.0,0.5873660721396115,0.06533677192650575,1403.8180170825856,-0.15279875907568127,0.0278207050039128,173.11591678611407,0.44960737228393555,0.4315,0.428,0.2445,0.0,0.197
D,190,Complete-case,0.5972317043390163,0.11527577948552784,1000000.0,0.4229070277686251,0.024304826074838245,1000000.0,0.0041882991790771484,0.4535,0.4235,0.238,0.0,0.1855
D,190,Mean imputation,0.5831671364313363,0.09988786516946245,1000000.0,0.4229070277686251,0.014009157434830697,1000000.0,0.007562875747680664,0.4535,0.4235,0.238,0.0,0.1855
D,190,KNN (k=5),0.7799697362854475,0.09175949872289701,1000000.0,0.2863188219605308,0.016175454853436518,1000000.0,0.12718653678894043,0.4535,0.4235,0.238,0.0,0.1855
D,190,MissForest (single),0.7811749270764856,0.09081295242034705,1000000.0,0.27434924188850845,0.016368973167292765,1000000.0,1.9525816440582275,0.4535,0.4235,0.238,0.0,0.1855
D,190,MI without outcome,0.5848563339047156,0.08578169549881286,305.81371509155974,0.264408466174187,0.021224918017724494,189.10371331400506,0.5872101783752441,0.4535,0.4235,0.238,0.0,0.1855
D,190,MI with outcome,0.554630183266468,0.08599804275842793,288.40488437305675,0.26391678836833343,0.02123224461758946,191.0168220769594,0.6351277828216553,0.4535,0.4235,0.238,0.0,0.1855
D,190,MI without auxiliary,0.5127198806274678,0.0886601770564761,204.33235407180578,0.37362965845002566,0.021779512839137174,110.18075405476287,0.5471827983856201,0.4535,0.4235,0.238,0.0,0.1855
D,190,Missingness indicator,0.5330342559220816,0.09611518794710179,1000000.0,,,1000000.0,0.0053331851959228516,0.4535,0.4235,0.238,0.0,0.1855
D,190,MI delta=-0.25,0.5661786532829762,0.08320530315671787,311.2517442619258,0.15804178836833338,0.021940090624807944,217.7918618872115,0.6283230781555176,0.4535,0.4235,0.238,0.0,0.1855
D,190,MI delta=-0.5,0.5546846324803847,0.0789127477294921,350.07474736251766,0.0521667883683334,0.022960701416927985,261.23332802892946,0.5356423854827881,0.4535,0.4235,0.238,0.0,0.1855
D,190,MI delta=-0.75,0.527298643631511,0.07378221652294192,407.9663171103887,-0.053708211631666614,0.02425462657512493,325.2867321790236,0.682422399520874,0.4535,0.4235,0.238,0.0,0.1855
D,190,MI delta=-1.0,0.4913008181255745,0.06838395572979807,488.83655831859784,-0.1595832116316666,0.02578074628184953,415.21202103023376,0.7418630123138428,0.4535,0.4235,0.238,0.0,0.1855
D,191,Complete-case,0.5598597417182579,0.11535615665446997,1000000.0,0.4613231739657783,0.02512563648953535,1000000.0,0.00820016860961914,0.438,0.4255,0.2395,0.0,0.179
D,191,Mean imputation,0.6013673221163645,0.09749523003553302,1000000.0,0.4613231739657782,0.01443200383888107,1000000.0,0.007936477661132812,0.438,0.4255,0.2395,0.0,0.179
D,191,KNN (k=5),0.8472375386919072,0.09114407490825192,1000000.0,0.3429674767218878,0.016504419079552912,1000000.0,0.16949200630187988,0.438,0.4255,0.2395,0.0,0.179
D,191,MissForest (single),0.8152119246458308,0.09001851618054856,1000000.0,0.3316372555914116,0.01642526060382688,1000000.0,1.953927993774414,0.438,0.4255,0.2395,0.0,0.179
D,191,MI without outcome,0.6391423019044841,0.080823172680769,1650.8472946713737,0.323324980182368,0.024375834730274867,62.188978415439,0.628976583480835,0.438,0.4255,0.2395,0.0,0.179
D,191,MI with outcome,0.6351812676752885,0.08118688823862455,1606.1290398835963,0.323291061046464,0.024376333135502984,62.20645312350455,0.40311169624328613,0.438,0.4255,0.2395,0.0,0.179
D,191,MI without auxiliary,0.5924923440436334,0.08118135311581347,1497.2061024400168,0.4226317461203199,0.026034021473101774,41.608032426786664,0.36284565925598145,0.438,0.4255,0.2395,0.0,0.179
D,191,Missingness indicator,0.567664075058183,0.09567226136275693,1000000.0,,,1000000.0,0.0038814544677734375,0.438,0.4255,0.2395,0.0,0.179
D,191,MI delta=-0.25,0.6251690468874332,0.07869663231707182,1635.3537286220503,0.21691606104646394,0.024933577217608065,68.09265972938927,0.40650463104248047,0.438,0.4255,0.2395,0.0,0.179
D,191,MI delta=-0.5,0.5935441631252105,0.07489451592432517,1707.7838097128217,0.11054106104646393,0.02577686328572491,77.78255526732512,0.4097111225128174,0.438,0.4255,0.2395,0.0,0.179
D,191,MI delta=-0.75,0.5489622164600976,0.07033948677254236,1850.6907717115314,0.004166061046463937,0.02687928274873805,91.9671306069553,0.7486822605133057,0.438,0.4255,0.2395,0.0,0.179
D,191,MI delta=-1.0,0.4991317047221667,0.06550493869244674,2092.8947341454445,-0.10220893895353607,0.028210472409610353,111.58437085292324,0.8400030136108398,0.438,0.4255,0.2395,0.0,0.179
D,192,Complete-case,0.49619606079606765,0.10867933648882329,1000000.0,0.39113114399123317,0.025483020704279134,1000000.0,0.004670143127441406,0.4385,0.413,0.2505,0.0,0.1765
D,192,Mean imputation,0.46440587134465094,0.09540418278114593,1000000.0,0.3911311439912331,0.014955900483632961,1000000.0,0.007634878158569336,0.4385,0.413,0.2505,0.0,0.1765
D,192,KNN (k=5),0.6846304742739711,0.08708269637123238,1000000.0,0.25462022771833054,0.017187850444143456,1000000.0,0.17438840866088867,0.4385,0.413,0.2505,0.0,0.1765
D,192,MissForest (single),0.6671973104263907,0.08645146846035343,1000000.0,0.24753875234357775,0.017187394593587504,1000000.0,1.7802093029022217,0.4385,0.413,0.2505,0.0,0.1765
D,192,MI without outcome,0.5393433692535888,0.09011661486378066,86.86181783451141,0.2367049571286962,0.024479934060669513,82.31905513240393,0.5825538635253906,0.4385,0.413,0.2505,0.0,0.1765
D,192,MI with outcome,0.47096356861658384,0.08922942008042241,89.35768292562186,0.2340073144735649,0.024510999412446152,83.51246420926506,0.6847085952758789,0.4385,0.413,0.2505,0.0,0.1765
D,192,MI without auxiliary,0.3850142490847586,0.09392006705326916,65.71315531811217,0.3586326624274505,0.025832232165295274,49.46259413389932,0.6606295108795166,0.4385,0.413,0.2505,0.0,0.1765
D,192,Missingness indicator,0.42242949400100677,0.09135290219064854,1000000.0,,,1000000.0,0.006862640380859375,0.4385,0.413,0.2505,0.0,0.1765
D,192,MI delta=-0.25,0.4816475319144833,0.08580639768976535,98.02290790175864,0.13075731447356492,0.025128436233405438,92.25057289897192,0.7521312236785889,0.4385,0.413,0.2505,0.0,0.1765
D,192,MI delta=-0.5,0.4751233360966357,0.08095878915159549,112.49307766721522,0.02750731447356492,0.02602397049134394,106.12102882230118,0.81829833984375,0.4385,0.413,0.2505,0.0,0.1765
D,192,MI delta=-0.75,0.45621875599398953,0.07543113045693908,133.25867347847182,-0.0757426855264351,0.027170117592513036,126.08786546367617,0.8163981437683105,0.4385,0.413,0.2505,0.0,0.1765
D,192,MI delta=-1.0,0.4299654852217089,0.06978295002016481,161.10985058646241,-0.17899268552643505,0.02853669667474254,153.43414461099326,0.769296407699585,0.4385,0.413,0.2505,0.0,0.1765
D,193,Complete-case,0.4942996058854811,0.10060384426586912,1000000.0,0.4372676878287497,0.026496007107052386,1000000.0,0.00672149658203125,0.4235,0.4345,0.2405,0.0,0.193
D,193,Mean imputation,0.670094547716399,0.09206691850300716,1000000.0,0.4372676878287497,0.014980612173726964,1000000.0,0.006459712982177734,0.4235,0.4345,0.2405,0.0,0.193
D,193,KNN (k=5),0.8365895303601597,0.08371124940262073,1000000.0,0.2892937481377074,0.017390770950471972,1000000.0,0.1744828224182129,0.4235,0.4345,0.2405,0.0,0.193
D,193,MissForest (single),0.8583846146381695,0.08423854790329975,1000000.0,0.27860308500996045,0.017213840549954267,1000000.0,1.7795665264129639,0.4235,0.4345,0.2405,0.0,0.193
D,193,MI without outcome,0.6612809113478758,0.07889577377759258,399.25216034027756,0.26371723678206976,0.025087747211197307,75.70525201309826,0.5945188999176025,0.4235,0.4345,0.2405,0.0,0.193
D,193,MI with outcome,0.6411391475972011,0.07863396707316182,410.44812257797014,0.26342599519287846,0.025109527842322413,75.76069230364459,0.7483232021331787,0.4235,0.4345,0.2405,0.0,0.193
D,193,MI without auxiliary,0.5865995422689849,0.07799020949547514,523.0968577141967,0.39233935757486516,0.026686116967355383,45.06269028536959,0.6619164943695068,0.4235,0.4345,0.2405,0.0,0.193
D,193,Missingness indicator,0.6044866791198136,0.08859247323211059,1000000.0,,,1000000.0,0.007022380828857422,0.4235,0.4345,0.2405,0.0,0.193
D,193,MI delta=-0.25,0.6505296490146204,0.0771368948024343,352.58409888958886,0.15480099519287843,0.025744122109048716,83.7147714692346,0.5109517574310303,0.4235,0.4345,0.2405,0.0,0.193
D,193,MI delta=-0.5,0.6372660024403678,0.07417221453133681,331.0093062431386,0.04617599519287845,0.026653251199669447,96.18127257000577,0.3894956111907959,0.4235,0.4345,0.2405,0.0,0.193
D,193,MI delta=-0.75,0.608007928580678,0.07019113018271665,337.3519980950462,-0.06244900480712155,0.027810003910563794,113.99713821687773,0.4158623218536377,0.4235,0.4345,0.2405,0.0,0.193
D,193,MI delta=-1.0,0.5696037511701858,0.06569233909765121,367.4669295566723,-0.17107400480712157,0.029184951210243424,138.26925908495852,0.38245177268981934,0.4235,0.4345,0.2405,0.0,0.193
D,194,Complete-case,0.4604815904980416,0.10689634407605159,1000000.0,0.4377723073424803,0.025579364620229014,1000000.0,0.004206180572509766,0.428,0.422,0.2545,0.0,0.2035
D,194,Mean imputation,0.5641683999573662,0.09209772802285127,1000000.0,0.4377723073424803,0.014782172530962596,1000000.0,0.00717473030090332,0.428,0.422,0.2545,0.0,0.2035
D,194,KNN (k=5),0.8623201618437698,0.08584576084866202,1000000.0,0.2992614129192597,0.016941952622372764,1000000.0,0.13595056533813477,0.428,0.422,0.2545,0.0,0.2035
D,194,MissForest (single),0.8049294065343634,0.08580065979202184,1000000.0,0.28597141196464837,0.016829300851315978,1000000.0,1.6251449584960938,0.428,0.422,0.2545,0.0,0.2035
D,194,MI without outcome,0.587947872860674,0.08460872079868105,122.4548699062734,0.2647366135771373,0.02176537841679777,314.8180824502803,0.4789998531341553,0.428,0.422,0.2545,0.0,0.2035
D,194,MI with outcome,0.5968130766933719,0.08504017158630492,124.01072621420772,0.26509339444509583,0.02175998850287923,315.45252777159703,0.6142747402191162,0.428,0.422,0.2545,0.0,0.2035
D,194,MI without auxiliary,0.5322854184746987,0.08823965194052447,88.72404865691436,0.3949635619098043,0.022053976451727523,179.5583957492546,0.5434136390686035,0.428,0.422,0.2545,0.0,0.2035
D,194,Missingness indicator,0.520507298309002,0.08868881393359845,1000000.0,,,1000000.0,0.00525975227355957,0.428,0.422,0.2545,0.0,0.2035
D,194,MI delta=-0.25,0.5996789156322866,0.08176907635480057,135.24813062433554,0.15959339444509582,0.02249639688807429,360.3721551596459,0.6222131252288818,0.428,0.422,0.2545,0.0,0.2035
D,194,MI delta=-0.5,0.5813750003307315,0.07703260420321022,155.7181138908161,0.05409339444509581,0.02353573925828919,431.72852269048906,0.3988535404205322,0.428,0.422,0.2545,0.0,0.2035
D,194,MI delta=-0.75,0.5491169064987208,0.07158284918277477,187.06498941215983,-0.05140660555490419,0.024840019084346233,535.6820158010669,0.3767130374908447,0.428,0.422,0.2545,0.0,0.2035
D,194,MI delta=-1.0,0.5097255735040644,0.06600787730277718,231.75912033122353,-0.15690660555490418,0.02636995354518641,680.3569482472612,0.39403557777404785,0.428,0.422,0.2545,0.0,0.2035
D,195,Complete-case,0.5004601779593211,0.11052261496017525,1000000.0,0.3995352163443676,0.024518463054601813,1000000.0,0.0034248828887939453,0.4345,0.4175,0.2505,0.0,0.191
D,195,Mean imputation,0.6161745221336727,0.09690276831435131,1000000.0,0.39953521634436767,0.014279444104979345,1000000.0,0.005853891372680664,0.4345,0.4175,0.2505,0.0,0.191
D,195,KNN (k=5),0.8320994065526595,0.08829958355448965,1000000.0,0.27077036437472574,0.016460168797389874,1000000.0,0.11572623252868652,0.4345,0.4175,0.2505,0.0,0.191
D,195,MissForest (single),0.8301754410982317,0.08821828249456813,1000000.0,0.26046862815395644,0.01631449733139196,1000000.0,1.6860177516937256,0.4345,0.4175,0.2505,0.0,0.191
D,195,MI without outcome,0.6057944726611544,0.08899305839624097,116.23022038615625,0.25578335154934195,0.02259908772940317,107.94046969127523,0.5200502872467041,0.4345,0.4175,0.2505,0.0,0.191
D,195,MI with outcome,0.5823297297315907,0.08819928142725222,126.12167955008313,0.2554578796224908,0.022613500349449804,108.33020954795722,0.6214582920074463,0.4345,0.4175,0.2505,0.0,0.191
D,195,MI without auxiliary,0.5073704067519887,0.09096904044672967,97.22975369918417,0.36094966504588727,0.02329521982949052,68.76968071779292,0.5642023086547852,0.4345,0.4175,0.2505,0.0,0.191
D,195,Missingness indicator,0.5595870369505462,0.09332232990077774,1000000.0,,,1000000.0,0.005707263946533203,0.4345,0.4175,0.2505,0.0,0.191
D,195,MI delta=-0.25,0.5925272725878764,0.08549084615675996,130.76909239649717,0.15108287962249073,0.023237163393677263,120.78440434472301,0.44368410110473633,0.4345,0.4175,0.2505,0.0,0.191
D,195,MI delta=-0.5,0.579856945726266,0.08097910742485523,144.90370234898484,0.04670787962249072,0.02416129839424681,141.1755507349348,0.3807215690612793,0.4345,0.4175,0.2505,0.0,0.191
D,195,MI delta=-0.75,0.5513595544580738,0.07548291330720715,169.32587019051357,-0.057667120377509276,0.02535306945102907,171.15933846950287,0.38545775413513184,0.4345,0.4175,0.2505,0.0,0.191
D,195,MI delta=-1.0,0.5141832795603941,0.06970000601630576,205.63368907876912,-0.16204212037750926,0.02677676481696517,212.96627339701726,0.7004625797271729,0.4345,0.4175,0.2505,0.0,0.191
D,196,Complete-case,0.534240848557401,0.10981986951875254,1000000.0,0.5103240576890034,0.025722204118821253,1000000.0,0.00319671630859375,0.428,0.4455,0.2365,0.0,0.198
D,196,Mean imputation,0.6420523375490143,0.09451130839035883,1000000.0,0.5103240576890034,0.014260095652226948,1000000.0,0.005660533905029297,0.428,0.4455,0.2365,0.0,0.198
D,196,KNN (k=5),0.940655124227286,0.08665163644106455,1000000.0,0.36925158654160134,0.0165277368404134,1000000.0,0.1265420913696289,0.428,0.4455,0.2365,0.0,0.198
D,196,MissForest (single),0.8951945405578629,0.08679429382355097,1000000.0,0.3551099441986652,0.016261168643558106,1000000.0,1.67991042137146,0.428,0.4455,0.2365,0.0,0.198
D,196,MI without outcome,0.7207177111069674,0.09996451299238436,43.92667249340472,0.33316369363701864,0.02067529741659597,1368.2782072387017,0.5439815521240234,0.428,0.4455,0.2365,0.0,0.198
D,196,MI with outcome,0.7014852375064979,0.10002559361582893,43.503633309379794,0.3322787999893365,0.02070198950753235,1330.1718265417758,0.6226203441619873,0.428,0.4455,0.2365,0.0,0.198
D,196,MI without auxiliary,0.6131182543064997,0.10745970440210603,32.48713082885577,0.45923753046367566,0.020523800968819665,627.3274483609212,0.43524622917175293,0.428,0.4455,0.2365,0.0,0.198
D,196,Missingness indicator,0.5936541358784644,0.09140228824900723,1000000.0,,,1000000.0,0.0036199092864990234,0.428,0.4455,0.2365,0.0,0.198
D,196,MI delta=-0.25,0.6989925753526159,0.09561873736034687,47.45705507013691,0.22090379998933649,0.0214706725980398,1539.012001751271,0.5497887134552002,0.428,0.4455,0.2365,0.0,0.198
D,196,MI delta=-0.5,0.6722137837641626,0.08928498608345288,53.79339243787498,0.10952879998933654,0.022557798584323618,1875.1942682934744,0.6265509128570557,0.428,0.4455,0.2365,0.0,0.198
D,196,MI delta=-0.75,0.6296794745865706,0.08210273524391189,62.736915267297555,-0.0018462000106634672,0.023919988608819748,2370.8456591647696,0.40804481506347656,0.428,0.4455,0.2365,0.0,0.198
D,196,MI delta=-1.0,0.5795569430433652,0.07487004435452564,74.68900041537199,-0.11322120001066346,0.025513222376596777,3068.461413291941,0.36560750007629395,0.428,0.4455,0.2365,0.0,0.198
D,197,Complete-case,0.5062575881192009,0.10666204557831095,1000000.0,0.4283762310703541,0.025150022887447443,1000000.0,0.004326581954956055,0.435,0.426,0.243,0.0,0.1965
D,197,Mean imputation,0.6327738713127451,0.0961848716445219,1000000.0,0.42837623107035416,0.014433433071271349,1000000.0,0.0076749324798583984,0.435,0.426,0.243,0.0,0.1965
D,197,KNN (k=5),0.9277172825108495,0.08909752671698067,1000000.0,0.32134646250327764,0.01642374552705505,1000000.0,0.17954206466674805,0.435,0.426,0.243,0.0,0.1965
D,197,MissForest (single),0.908943296853196,0.08810404022529102,1000000.0,0.301532890168533,0.016474123308237058,1000000.0,1.896176815032959,0.435,0.426,0.243,0.0,0.1965
D,197,MI without outcome,0.6792379659260247,0.08569366705981114,183.11378362541268,0.29371933623828483,0.019992536048803373,1412.0504965896,0.6411299705505371,0.435,0.426,0.243,0.0,0.1965
D,197,MI with outcome,0.6532955552711308,0.08499423866045329,200.88172061050633,0.2936068781932952,0.020001514691566358,1413.0820099716466,0.7327194213867188,0.435,0.426,0.243,0.0,0.1965
D,197,MI without auxiliary,0.6044355549820084,0.09061209151261387,100.23610776918585,0.3957971920752423,0.020090616132923237,663.6301704365892,0.6343274116516113,0.435,0.426,0.243,0.0,0.1965
D,197,Missingness indicator,0.5834036380584185,0.09292383547207696,1000000.0,,,1000000.0,0.0070378780364990234,0.435,0.426,0.243,0.0,0.1965
D,197,MI delta=-0.25,0.6570823364650344,0.08233777969647718,215.5243487617585,0.1871068781932952,0.020665305810269066,1610.212416240164,0.7361648082733154,0.435,0.426,0.243,0.0,0.1965
D,197,MI delta=-0.5,0.6356972687704882,0.07810260892397848,240.91695572531586,0.08060687819329518,0.021664245514315394,1944.8678640339344,0.5530211925506592,0.435,0.426,0.243,0.0,0.1965
D,197,MI delta=-0.75,0.5976084507565103,0.07301027341590388,276.4957945000547,-0.025893121806704812,0.022954620414520642,2451.2989961296785,0.3646681308746338,0.435,0.426,0.243,0.0,0.1965
D,197,MI delta=-1.0,0.5511425416150508,0.06764503219045956,322.84465569309714,-0.13239312180670482,0.024490407473999276,3176.1416972927495,0.36684083938598633,0.435,0.426,0.243,0.0,0.1965
D,198,Complete-case,0.6329128337960823,0.10512031283789441,1000000.0,0.42305489413433867,0.026295911622739903,1000000.0,0.0035190582275390625,0.433,0.43,0.25,0.0,0.194
D,198,Mean imputation,0.6688182236872797,0.0931931109062943,1000000.0,0.4230548941343386,0.014985841133469601,1000000.0,0.006916046142578125,0.433,0.43,0.25,0.0,0.194
D,198,KNN (k=5),0.8463463142105487,0.08422529881488447,1000000.0,0.28422932115078064,0.017304028903416428,1000000.0,0.11485171318054199,0.433,0.43,0.25,0.0,0.194
D,198,MissForest (single),0.8500880745507454,0.08440781536483749,1000000.0,0.2749897144970681,0.017303295675348242,1000000.0,1.9557247161865234,0.433,0.43,0.25,0.0,0.194
D,198,MI without outcome,0.6758793527658565,0.07709685488689356,1244.0602594965014,0.2624218900947491,0.02228078372627771,245.40667554334505,0.5931737422943115,0.433,0.43,0.25,0.0,0.194
D,198,MI with outcome,0.6584043027811981,0.07699297734301447,1207.4405458323636,0.2624877365045454,0.02228948170108277,245.22827803704953,0.7001047134399414,0.433,0.43,0.25,0.0,0.194
D,198,MI without auxiliary,0.5987458154070056,0.07841293143485967,635.4190574928464,0.3775226501968445,0.02313191725045217,127.36607288639517,0.3293929100036621,0.433,0.43,0.25,0.0,0.194
D,198,Missingness indicator,0.6056959533266283,0.08968001696414386,1000000.0,,,1000000.0,0.0032041072845458984,0.433,0.43,0.25,0.0,0.194
D,198,MI delta=-0.25,0.6680763002631182,0.07497196019323409,1280.6995562022921,0.1549877365045454,0.022964678687094637,276.3198994452471,0.4093506336212158,0.433,0.43,0.25,0.0,0.194
D,198,MI delta=-0.5,0.6537326185327974,0.07177639331747958,1360.0227015241398,0.04748773650454541,0.02394281422695955,326.4911790587795,0.37833738327026367,0.433,0.43,0.25,0.0,0.194
D,198,MI delta=-0.75,0.6224772829439345,0.06783637092774873,1465.8384196046889,-0.06001226349545459,0.02518862148309228,399.93394734642294,0.35906004905700684,0.433,0.43,0.25,0.0,0.194
D,198,MI delta=-1.0,0.5816714657448283,0.0635523380483109,1621.3267844200232,-0.16751226349545462,0.02666460883900048,502.24027638841295,0.36079978942871094,0.433,0.43,0.25,0.0,0.194
D,199,Complete-case,0.43354613505432055,0.10373110141777013,1000000.0,0.45430538779334967,0.025338483448292877,1000000.0,0.0023610591888427734,0.4355,0.418,0.251,0.0,0.1855
D,199,Mean imputation,0.4344941364439254,0.09259026918996692,1000000.0,0.45430538779334967,0.014744347932790405,1000000.0,0.004145383834838867,0.4355,0.418,0.251,0.0,0.1855
D,199,KNN (k=5),0.6312796865680362,0.08395452760703997,1000000.0,0.32153675205243853,0.01668362168338709,1000000.0,0.12183284759521484,0.4355,0.418,0.251,0.0,0.1855
D,199,MissForest (single),0.6773641012559062,0.08361144176137822,1000000.0,0.3028945451278591,0.0167060785408209,1000000.0,1.4883873462677002,0.4355,0.418,0.251,0.0,0.1855
D,199,MI without outcome,0.5234884473032264,0.07679246292199654,639.0530200814874,0.2757112018942566,0.021615712629498032,454.4330898021165,0.3498060703277588,0.4355,0.418,0.251,0.0,0.1855
D,199,MI with outcome,0.4936247420521217,0.07642194152285844,726.9835805814284,0.27520271416893766,0.02162789726914014,459.240664868035,0.39933252334594727,0.4355,0.418,0.251,0.0,0.1855
D,199,MI without auxiliary,0.4123846075869029,0.0823508411695903,189.35843610092783,0.4117329853997015,0.0216824782535856,234.05028904752,0.5591955184936523,0.4355,0.418,0.251,0.0,0.1855
D,199,Missingness indicator,0.39904882347577,0.08811078912390168,1000000.0,,,1000000.0,0.005475521087646484,0.4355,0.418,0.251,0.0,0.1855
D,199,MI delta=-0.25,0.5089956703437659,0.07386809412851501,897.4538492202455,0.17070271416893762,0.02239295857236155,527.7509836226749,0.6220388412475586,0.4355,0.418,0.251,0.0,0.1855
D,199,MI delta=-0.5,0.5058393878558772,0.07035046207814658,1140.6713118710825,0.06620271416893764,0.023459232790963375,635.6797316275131,0.45214104652404785,0.4355,0.418,0.251,0.0,0.1855
D,199,MI delta=-0.75,0.48896496887097446,0.06630730910813407,1468.7475838330145,-0.038297285831062365,0.02478787947436833,792.3930324978635,0.6014418601989746,0.4355,0.418,0.251,0.0,0.1855
D,199,MI delta=-1.0,0.46357350710127737,0.062084894759722495,1898.8006909546089,-0.14279728583106238,0.026339223426462277,1010.1712636116715,0.5014595985412598,0.4355,0.418,0.251,0.0,0.1855
